 
****************************************
Report : timing
        -path full
        -delay min
        -max_paths 100
Design : SYS_TOP
Version: O-2018.06-SP1
Date   : Mon Oct  5 18:35:48 2026
****************************************

Operating Conditions: scmetro_tsmc_cl013g_rvt_ff_1p32v_m40c   Library: scmetro_tsmc_cl013g_rvt_ff_1p32v_m40c
Wire Load Model Mode: top

  Startpoint: ALU_UNIT/ALU_OUT_reg[0]
              (rising edge-triggered flip-flop clocked by ALU_CLK)
  Endpoint: ALU_UNIT/ALU_OUT_reg[1]
            (rising edge-triggered flip-flop clocked by ALU_CLK)
  Path Group: ALU_CLK
  Path Type: min

  Des/Clust/Port     Wire Load Model       Library
  ------------------------------------------------
  SYS_TOP            tsmc13_wl30           scmetro_tsmc_cl013g_rvt_ss_1p08v_125c

  Point                                                   Incr       Path
  --------------------------------------------------------------------------
  clock ALU_CLK (rise edge)                               0.00       0.00
  clock network delay (ideal)                             0.00       0.00
  ALU_UNIT/ALU_OUT_reg[0]/CK (SDFFRHQX1M)                 0.00       0.00 r
  ALU_UNIT/ALU_OUT_reg[0]/Q (SDFFRHQX1M)                  0.61       0.61 f
  ALU_UNIT/ALU_OUT_reg[1]/SI (SDFFRQX2M)                  0.00       0.61 f
  data arrival time                                                  0.61

  clock ALU_CLK (rise edge)                               0.00       0.00
  clock network delay (ideal)                             0.00       0.00
  clock uncertainty                                       0.10       0.10
  ALU_UNIT/ALU_OUT_reg[1]/CK (SDFFRQX2M)                  0.00       0.10 r
  library hold time                                      -0.38      -0.28
  data required time                                                -0.28
  --------------------------------------------------------------------------
  data required time                                                -0.28
  data arrival time                                                 -0.61
  --------------------------------------------------------------------------
  slack (MET)                                                        0.89


  Startpoint: ALU_UNIT/ALU_OUT_reg[15]
              (rising edge-triggered flip-flop clocked by ALU_CLK)
  Endpoint: ALU_UNIT/OUT_VALID_reg
            (rising edge-triggered flip-flop clocked by ALU_CLK)
  Path Group: ALU_CLK
  Path Type: min

  Des/Clust/Port     Wire Load Model       Library
  ------------------------------------------------
  SYS_TOP            tsmc13_wl30           scmetro_tsmc_cl013g_rvt_ss_1p08v_125c

  Point                                                   Incr       Path
  --------------------------------------------------------------------------
  clock ALU_CLK (rise edge)                               0.00       0.00
  clock network delay (ideal)                             0.00       0.00
  ALU_UNIT/ALU_OUT_reg[15]/CK (SDFFRQX2M)                 0.00       0.00 r
  ALU_UNIT/ALU_OUT_reg[15]/Q (SDFFRQX2M)                  0.79       0.79 f
  ALU_UNIT/OUT_VALID_reg/SI (SDFFRQX4M)                   0.00       0.79 f
  data arrival time                                                  0.79

  clock ALU_CLK (rise edge)                               0.00       0.00
  clock network delay (ideal)                             0.00       0.00
  clock uncertainty                                       0.10       0.10
  ALU_UNIT/OUT_VALID_reg/CK (SDFFRQX4M)                   0.00       0.10 r
  library hold time                                      -0.38      -0.28
  data required time                                                -0.28
  --------------------------------------------------------------------------
  data required time                                                -0.28
  data arrival time                                                 -0.79
  --------------------------------------------------------------------------
  slack (MET)                                                        1.08


  Startpoint: ALU_UNIT/ALU_OUT_reg[4]
              (rising edge-triggered flip-flop clocked by ALU_CLK)
  Endpoint: ALU_UNIT/ALU_OUT_reg[5]
            (rising edge-triggered flip-flop clocked by ALU_CLK)
  Path Group: ALU_CLK
  Path Type: min

  Des/Clust/Port     Wire Load Model       Library
  ------------------------------------------------
  SYS_TOP            tsmc13_wl30           scmetro_tsmc_cl013g_rvt_ss_1p08v_125c

  Point                                                   Incr       Path
  --------------------------------------------------------------------------
  clock ALU_CLK (rise edge)                               0.00       0.00
  clock network delay (ideal)                             0.00       0.00
  ALU_UNIT/ALU_OUT_reg[4]/CK (SDFFRQX2M)                  0.00       0.00 r
  ALU_UNIT/ALU_OUT_reg[4]/Q (SDFFRQX2M)                   0.79       0.79 f
  ALU_UNIT/ALU_OUT_reg[5]/SI (SDFFRQX2M)                  0.00       0.79 f
  data arrival time                                                  0.79

  clock ALU_CLK (rise edge)                               0.00       0.00
  clock network delay (ideal)                             0.00       0.00
  clock uncertainty                                       0.10       0.10
  ALU_UNIT/ALU_OUT_reg[5]/CK (SDFFRQX2M)                  0.00       0.10 r
  library hold time                                      -0.39      -0.29
  data required time                                                -0.29
  --------------------------------------------------------------------------
  data required time                                                -0.29
  data arrival time                                                 -0.79
  --------------------------------------------------------------------------
  slack (MET)                                                        1.08


  Startpoint: ALU_UNIT/ALU_OUT_reg[3]
              (rising edge-triggered flip-flop clocked by ALU_CLK)
  Endpoint: ALU_UNIT/ALU_OUT_reg[4]
            (rising edge-triggered flip-flop clocked by ALU_CLK)
  Path Group: ALU_CLK
  Path Type: min

  Des/Clust/Port     Wire Load Model       Library
  ------------------------------------------------
  SYS_TOP            tsmc13_wl30           scmetro_tsmc_cl013g_rvt_ss_1p08v_125c

  Point                                                   Incr       Path
  --------------------------------------------------------------------------
  clock ALU_CLK (rise edge)                               0.00       0.00
  clock network delay (ideal)                             0.00       0.00
  ALU_UNIT/ALU_OUT_reg[3]/CK (SDFFRQX2M)                  0.00       0.00 r
  ALU_UNIT/ALU_OUT_reg[3]/Q (SDFFRQX2M)                   0.79       0.79 f
  ALU_UNIT/ALU_OUT_reg[4]/SI (SDFFRQX2M)                  0.00       0.79 f
  data arrival time                                                  0.79

  clock ALU_CLK (rise edge)                               0.00       0.00
  clock network delay (ideal)                             0.00       0.00
  clock uncertainty                                       0.10       0.10
  ALU_UNIT/ALU_OUT_reg[4]/CK (SDFFRQX2M)                  0.00       0.10 r
  library hold time                                      -0.39      -0.29
  data required time                                                -0.29
  --------------------------------------------------------------------------
  data required time                                                -0.29
  data arrival time                                                 -0.79
  --------------------------------------------------------------------------
  slack (MET)                                                        1.08


  Startpoint: ALU_UNIT/ALU_OUT_reg[2]
              (rising edge-triggered flip-flop clocked by ALU_CLK)
  Endpoint: ALU_UNIT/ALU_OUT_reg[3]
            (rising edge-triggered flip-flop clocked by ALU_CLK)
  Path Group: ALU_CLK
  Path Type: min

  Des/Clust/Port     Wire Load Model       Library
  ------------------------------------------------
  SYS_TOP            tsmc13_wl30           scmetro_tsmc_cl013g_rvt_ss_1p08v_125c

  Point                                                   Incr       Path
  --------------------------------------------------------------------------
  clock ALU_CLK (rise edge)                               0.00       0.00
  clock network delay (ideal)                             0.00       0.00
  ALU_UNIT/ALU_OUT_reg[2]/CK (SDFFRQX2M)                  0.00       0.00 r
  ALU_UNIT/ALU_OUT_reg[2]/Q (SDFFRQX2M)                   0.79       0.79 f
  ALU_UNIT/ALU_OUT_reg[3]/SI (SDFFRQX2M)                  0.00       0.79 f
  data arrival time                                                  0.79

  clock ALU_CLK (rise edge)                               0.00       0.00
  clock network delay (ideal)                             0.00       0.00
  clock uncertainty                                       0.10       0.10
  ALU_UNIT/ALU_OUT_reg[3]/CK (SDFFRQX2M)                  0.00       0.10 r
  library hold time                                      -0.39      -0.29
  data required time                                                -0.29
  --------------------------------------------------------------------------
  data required time                                                -0.29
  data arrival time                                                 -0.79
  --------------------------------------------------------------------------
  slack (MET)                                                        1.08


  Startpoint: ALU_UNIT/ALU_OUT_reg[5]
              (rising edge-triggered flip-flop clocked by ALU_CLK)
  Endpoint: ALU_UNIT/ALU_OUT_reg[6]
            (rising edge-triggered flip-flop clocked by ALU_CLK)
  Path Group: ALU_CLK
  Path Type: min

  Des/Clust/Port     Wire Load Model       Library
  ------------------------------------------------
  SYS_TOP            tsmc13_wl30           scmetro_tsmc_cl013g_rvt_ss_1p08v_125c

  Point                                                   Incr       Path
  --------------------------------------------------------------------------
  clock ALU_CLK (rise edge)                               0.00       0.00
  clock network delay (ideal)                             0.00       0.00
  ALU_UNIT/ALU_OUT_reg[5]/CK (SDFFRQX2M)                  0.00       0.00 r
  ALU_UNIT/ALU_OUT_reg[5]/Q (SDFFRQX2M)                   0.79       0.79 f
  ALU_UNIT/ALU_OUT_reg[6]/SI (SDFFRQX2M)                  0.00       0.79 f
  data arrival time                                                  0.79

  clock ALU_CLK (rise edge)                               0.00       0.00
  clock network delay (ideal)                             0.00       0.00
  clock uncertainty                                       0.10       0.10
  ALU_UNIT/ALU_OUT_reg[6]/CK (SDFFRQX2M)                  0.00       0.10 r
  library hold time                                      -0.39      -0.29
  data required time                                                -0.29
  --------------------------------------------------------------------------
  data required time                                                -0.29
  data arrival time                                                 -0.79
  --------------------------------------------------------------------------
  slack (MET)                                                        1.08


  Startpoint: ALU_UNIT/ALU_OUT_reg[1]
              (rising edge-triggered flip-flop clocked by ALU_CLK)
  Endpoint: ALU_UNIT/ALU_OUT_reg[2]
            (rising edge-triggered flip-flop clocked by ALU_CLK)
  Path Group: ALU_CLK
  Path Type: min

  Des/Clust/Port     Wire Load Model       Library
  ------------------------------------------------
  SYS_TOP            tsmc13_wl30           scmetro_tsmc_cl013g_rvt_ss_1p08v_125c

  Point                                                   Incr       Path
  --------------------------------------------------------------------------
  clock ALU_CLK (rise edge)                               0.00       0.00
  clock network delay (ideal)                             0.00       0.00
  ALU_UNIT/ALU_OUT_reg[1]/CK (SDFFRQX2M)                  0.00       0.00 r
  ALU_UNIT/ALU_OUT_reg[1]/Q (SDFFRQX2M)                   0.80       0.80 f
  ALU_UNIT/ALU_OUT_reg[2]/SI (SDFFRQX2M)                  0.00       0.80 f
  data arrival time                                                  0.80

  clock ALU_CLK (rise edge)                               0.00       0.00
  clock network delay (ideal)                             0.00       0.00
  clock uncertainty                                       0.10       0.10
  ALU_UNIT/ALU_OUT_reg[2]/CK (SDFFRQX2M)                  0.00       0.10 r
  library hold time                                      -0.39      -0.29
  data required time                                                -0.29
  --------------------------------------------------------------------------
  data required time                                                -0.29
  data arrival time                                                 -0.80
  --------------------------------------------------------------------------
  slack (MET)                                                        1.09


  Startpoint: ALU_UNIT/ALU_OUT_reg[14]
              (rising edge-triggered flip-flop clocked by ALU_CLK)
  Endpoint: ALU_UNIT/ALU_OUT_reg[15]
            (rising edge-triggered flip-flop clocked by ALU_CLK)
  Path Group: ALU_CLK
  Path Type: min

  Des/Clust/Port     Wire Load Model       Library
  ------------------------------------------------
  SYS_TOP            tsmc13_wl30           scmetro_tsmc_cl013g_rvt_ss_1p08v_125c

  Point                                                   Incr       Path
  --------------------------------------------------------------------------
  clock ALU_CLK (rise edge)                               0.00       0.00
  clock network delay (ideal)                             0.00       0.00
  ALU_UNIT/ALU_OUT_reg[14]/CK (SDFFRQX2M)                 0.00       0.00 r
  ALU_UNIT/ALU_OUT_reg[14]/Q (SDFFRQX2M)                  0.80       0.80 f
  ALU_UNIT/ALU_OUT_reg[15]/SI (SDFFRQX2M)                 0.00       0.80 f
  data arrival time                                                  0.80

  clock ALU_CLK (rise edge)                               0.00       0.00
  clock network delay (ideal)                             0.00       0.00
  clock uncertainty                                       0.10       0.10
  ALU_UNIT/ALU_OUT_reg[15]/CK (SDFFRQX2M)                 0.00       0.10 r
  library hold time                                      -0.39      -0.29
  data required time                                                -0.29
  --------------------------------------------------------------------------
  data required time                                                -0.29
  data arrival time                                                 -0.80
  --------------------------------------------------------------------------
  slack (MET)                                                        1.09


  Startpoint: ALU_UNIT/ALU_OUT_reg[13]
              (rising edge-triggered flip-flop clocked by ALU_CLK)
  Endpoint: ALU_UNIT/ALU_OUT_reg[14]
            (rising edge-triggered flip-flop clocked by ALU_CLK)
  Path Group: ALU_CLK
  Path Type: min

  Des/Clust/Port     Wire Load Model       Library
  ------------------------------------------------
  SYS_TOP            tsmc13_wl30           scmetro_tsmc_cl013g_rvt_ss_1p08v_125c

  Point                                                   Incr       Path
  --------------------------------------------------------------------------
  clock ALU_CLK (rise edge)                               0.00       0.00
  clock network delay (ideal)                             0.00       0.00
  ALU_UNIT/ALU_OUT_reg[13]/CK (SDFFRQX2M)                 0.00       0.00 r
  ALU_UNIT/ALU_OUT_reg[13]/Q (SDFFRQX2M)                  0.80       0.80 f
  ALU_UNIT/ALU_OUT_reg[14]/SI (SDFFRQX2M)                 0.00       0.80 f
  data arrival time                                                  0.80

  clock ALU_CLK (rise edge)                               0.00       0.00
  clock network delay (ideal)                             0.00       0.00
  clock uncertainty                                       0.10       0.10
  ALU_UNIT/ALU_OUT_reg[14]/CK (SDFFRQX2M)                 0.00       0.10 r
  library hold time                                      -0.39      -0.29
  data required time                                                -0.29
  --------------------------------------------------------------------------
  data required time                                                -0.29
  data arrival time                                                 -0.80
  --------------------------------------------------------------------------
  slack (MET)                                                        1.09


  Startpoint: ALU_UNIT/ALU_OUT_reg[12]
              (rising edge-triggered flip-flop clocked by ALU_CLK)
  Endpoint: ALU_UNIT/ALU_OUT_reg[13]
            (rising edge-triggered flip-flop clocked by ALU_CLK)
  Path Group: ALU_CLK
  Path Type: min

  Des/Clust/Port     Wire Load Model       Library
  ------------------------------------------------
  SYS_TOP            tsmc13_wl30           scmetro_tsmc_cl013g_rvt_ss_1p08v_125c

  Point                                                   Incr       Path
  --------------------------------------------------------------------------
  clock ALU_CLK (rise edge)                               0.00       0.00
  clock network delay (ideal)                             0.00       0.00
  ALU_UNIT/ALU_OUT_reg[12]/CK (SDFFRQX2M)                 0.00       0.00 r
  ALU_UNIT/ALU_OUT_reg[12]/Q (SDFFRQX2M)                  0.80       0.80 f
  ALU_UNIT/ALU_OUT_reg[13]/SI (SDFFRQX2M)                 0.00       0.80 f
  data arrival time                                                  0.80

  clock ALU_CLK (rise edge)                               0.00       0.00
  clock network delay (ideal)                             0.00       0.00
  clock uncertainty                                       0.10       0.10
  ALU_UNIT/ALU_OUT_reg[13]/CK (SDFFRQX2M)                 0.00       0.10 r
  library hold time                                      -0.39      -0.29
  data required time                                                -0.29
  --------------------------------------------------------------------------
  data required time                                                -0.29
  data arrival time                                                 -0.80
  --------------------------------------------------------------------------
  slack (MET)                                                        1.09


  Startpoint: ALU_UNIT/ALU_OUT_reg[11]
              (rising edge-triggered flip-flop clocked by ALU_CLK)
  Endpoint: ALU_UNIT/ALU_OUT_reg[12]
            (rising edge-triggered flip-flop clocked by ALU_CLK)
  Path Group: ALU_CLK
  Path Type: min

  Des/Clust/Port     Wire Load Model       Library
  ------------------------------------------------
  SYS_TOP            tsmc13_wl30           scmetro_tsmc_cl013g_rvt_ss_1p08v_125c

  Point                                                   Incr       Path
  --------------------------------------------------------------------------
  clock ALU_CLK (rise edge)                               0.00       0.00
  clock network delay (ideal)                             0.00       0.00
  ALU_UNIT/ALU_OUT_reg[11]/CK (SDFFRQX2M)                 0.00       0.00 r
  ALU_UNIT/ALU_OUT_reg[11]/Q (SDFFRQX2M)                  0.80       0.80 f
  ALU_UNIT/ALU_OUT_reg[12]/SI (SDFFRQX2M)                 0.00       0.80 f
  data arrival time                                                  0.80

  clock ALU_CLK (rise edge)                               0.00       0.00
  clock network delay (ideal)                             0.00       0.00
  clock uncertainty                                       0.10       0.10
  ALU_UNIT/ALU_OUT_reg[12]/CK (SDFFRQX2M)                 0.00       0.10 r
  library hold time                                      -0.39      -0.29
  data required time                                                -0.29
  --------------------------------------------------------------------------
  data required time                                                -0.29
  data arrival time                                                 -0.80
  --------------------------------------------------------------------------
  slack (MET)                                                        1.09


  Startpoint: ALU_UNIT/ALU_OUT_reg[10]
              (rising edge-triggered flip-flop clocked by ALU_CLK)
  Endpoint: ALU_UNIT/ALU_OUT_reg[11]
            (rising edge-triggered flip-flop clocked by ALU_CLK)
  Path Group: ALU_CLK
  Path Type: min

  Des/Clust/Port     Wire Load Model       Library
  ------------------------------------------------
  SYS_TOP            tsmc13_wl30           scmetro_tsmc_cl013g_rvt_ss_1p08v_125c

  Point                                                   Incr       Path
  --------------------------------------------------------------------------
  clock ALU_CLK (rise edge)                               0.00       0.00
  clock network delay (ideal)                             0.00       0.00
  ALU_UNIT/ALU_OUT_reg[10]/CK (SDFFRQX2M)                 0.00       0.00 r
  ALU_UNIT/ALU_OUT_reg[10]/Q (SDFFRQX2M)                  0.80       0.80 f
  ALU_UNIT/ALU_OUT_reg[11]/SI (SDFFRQX2M)                 0.00       0.80 f
  data arrival time                                                  0.80

  clock ALU_CLK (rise edge)                               0.00       0.00
  clock network delay (ideal)                             0.00       0.00
  clock uncertainty                                       0.10       0.10
  ALU_UNIT/ALU_OUT_reg[11]/CK (SDFFRQX2M)                 0.00       0.10 r
  library hold time                                      -0.39      -0.29
  data required time                                                -0.29
  --------------------------------------------------------------------------
  data required time                                                -0.29
  data arrival time                                                 -0.80
  --------------------------------------------------------------------------
  slack (MET)                                                        1.09


  Startpoint: ALU_UNIT/ALU_OUT_reg[9]
              (rising edge-triggered flip-flop clocked by ALU_CLK)
  Endpoint: ALU_UNIT/ALU_OUT_reg[10]
            (rising edge-triggered flip-flop clocked by ALU_CLK)
  Path Group: ALU_CLK
  Path Type: min

  Des/Clust/Port     Wire Load Model       Library
  ------------------------------------------------
  SYS_TOP            tsmc13_wl30           scmetro_tsmc_cl013g_rvt_ss_1p08v_125c

  Point                                                   Incr       Path
  --------------------------------------------------------------------------
  clock ALU_CLK (rise edge)                               0.00       0.00
  clock network delay (ideal)                             0.00       0.00
  ALU_UNIT/ALU_OUT_reg[9]/CK (SDFFRQX2M)                  0.00       0.00 r
  ALU_UNIT/ALU_OUT_reg[9]/Q (SDFFRQX2M)                   0.80       0.80 f
  ALU_UNIT/ALU_OUT_reg[10]/SI (SDFFRQX2M)                 0.00       0.80 f
  data arrival time                                                  0.80

  clock ALU_CLK (rise edge)                               0.00       0.00
  clock network delay (ideal)                             0.00       0.00
  clock uncertainty                                       0.10       0.10
  ALU_UNIT/ALU_OUT_reg[10]/CK (SDFFRQX2M)                 0.00       0.10 r
  library hold time                                      -0.39      -0.29
  data required time                                                -0.29
  --------------------------------------------------------------------------
  data required time                                                -0.29
  data arrival time                                                 -0.80
  --------------------------------------------------------------------------
  slack (MET)                                                        1.09


  Startpoint: ALU_UNIT/ALU_OUT_reg[8]
              (rising edge-triggered flip-flop clocked by ALU_CLK)
  Endpoint: ALU_UNIT/ALU_OUT_reg[9]
            (rising edge-triggered flip-flop clocked by ALU_CLK)
  Path Group: ALU_CLK
  Path Type: min

  Des/Clust/Port     Wire Load Model       Library
  ------------------------------------------------
  SYS_TOP            tsmc13_wl30           scmetro_tsmc_cl013g_rvt_ss_1p08v_125c

  Point                                                   Incr       Path
  --------------------------------------------------------------------------
  clock ALU_CLK (rise edge)                               0.00       0.00
  clock network delay (ideal)                             0.00       0.00
  ALU_UNIT/ALU_OUT_reg[8]/CK (SDFFRQX2M)                  0.00       0.00 r
  ALU_UNIT/ALU_OUT_reg[8]/Q (SDFFRQX2M)                   0.80       0.80 f
  ALU_UNIT/ALU_OUT_reg[9]/SI (SDFFRQX2M)                  0.00       0.80 f
  data arrival time                                                  0.80

  clock ALU_CLK (rise edge)                               0.00       0.00
  clock network delay (ideal)                             0.00       0.00
  clock uncertainty                                       0.10       0.10
  ALU_UNIT/ALU_OUT_reg[9]/CK (SDFFRQX2M)                  0.00       0.10 r
  library hold time                                      -0.39      -0.29
  data required time                                                -0.29
  --------------------------------------------------------------------------
  data required time                                                -0.29
  data arrival time                                                 -0.80
  --------------------------------------------------------------------------
  slack (MET)                                                        1.09


  Startpoint: ALU_UNIT/ALU_OUT_reg[6]
              (rising edge-triggered flip-flop clocked by ALU_CLK)
  Endpoint: ALU_UNIT/ALU_OUT_reg[7]
            (rising edge-triggered flip-flop clocked by ALU_CLK)
  Path Group: ALU_CLK
  Path Type: min

  Des/Clust/Port     Wire Load Model       Library
  ------------------------------------------------
  SYS_TOP            tsmc13_wl30           scmetro_tsmc_cl013g_rvt_ss_1p08v_125c

  Point                                                   Incr       Path
  --------------------------------------------------------------------------
  clock ALU_CLK (rise edge)                               0.00       0.00
  clock network delay (ideal)                             0.00       0.00
  ALU_UNIT/ALU_OUT_reg[6]/CK (SDFFRQX2M)                  0.00       0.00 r
  ALU_UNIT/ALU_OUT_reg[6]/Q (SDFFRQX2M)                   0.80       0.80 f
  ALU_UNIT/ALU_OUT_reg[7]/SI (SDFFRQX2M)                  0.00       0.80 f
  data arrival time                                                  0.80

  clock ALU_CLK (rise edge)                               0.00       0.00
  clock network delay (ideal)                             0.00       0.00
  clock uncertainty                                       0.10       0.10
  ALU_UNIT/ALU_OUT_reg[7]/CK (SDFFRQX2M)                  0.00       0.10 r
  library hold time                                      -0.39      -0.29
  data required time                                                -0.29
  --------------------------------------------------------------------------
  data required time                                                -0.29
  data arrival time                                                 -0.80
  --------------------------------------------------------------------------
  slack (MET)                                                        1.09


  Startpoint: ALU_UNIT/ALU_OUT_reg[7]
              (rising edge-triggered flip-flop clocked by ALU_CLK)
  Endpoint: ALU_UNIT/ALU_OUT_reg[8]
            (rising edge-triggered flip-flop clocked by ALU_CLK)
  Path Group: ALU_CLK
  Path Type: min

  Des/Clust/Port     Wire Load Model       Library
  ------------------------------------------------
  SYS_TOP            tsmc13_wl30           scmetro_tsmc_cl013g_rvt_ss_1p08v_125c

  Point                                                   Incr       Path
  --------------------------------------------------------------------------
  clock ALU_CLK (rise edge)                               0.00       0.00
  clock network delay (ideal)                             0.00       0.00
  ALU_UNIT/ALU_OUT_reg[7]/CK (SDFFRQX2M)                  0.00       0.00 r
  ALU_UNIT/ALU_OUT_reg[7]/Q (SDFFRQX2M)                   0.80       0.80 f
  ALU_UNIT/ALU_OUT_reg[8]/SI (SDFFRQX2M)                  0.00       0.80 f
  data arrival time                                                  0.80

  clock ALU_CLK (rise edge)                               0.00       0.00
  clock network delay (ideal)                             0.00       0.00
  clock uncertainty                                       0.10       0.10
  ALU_UNIT/ALU_OUT_reg[8]/CK (SDFFRQX2M)                  0.00       0.10 r
  library hold time                                      -0.39      -0.29
  data required time                                                -0.29
  --------------------------------------------------------------------------
  data required time                                                -0.29
  data arrival time                                                 -0.80
  --------------------------------------------------------------------------
  slack (MET)                                                        1.09


  Startpoint: ALU_UNIT/ALU_OUT_reg[15]
              (rising edge-triggered flip-flop clocked by ALU_CLK)
  Endpoint: ALU_UNIT/OUT_VALID_reg
            (rising edge-triggered flip-flop clocked by ALU_CLK)
  Path Group: ALU_CLK
  Path Type: min

  Des/Clust/Port     Wire Load Model       Library
  ------------------------------------------------
  SYS_TOP            tsmc13_wl30           scmetro_tsmc_cl013g_rvt_ss_1p08v_125c

  Point                                                   Incr       Path
  --------------------------------------------------------------------------
  clock ALU_CLK (rise edge)                               0.00       0.00
  clock network delay (ideal)                             0.00       0.00
  ALU_UNIT/ALU_OUT_reg[15]/CK (SDFFRQX2M)                 0.00       0.00 r
  ALU_UNIT/ALU_OUT_reg[15]/Q (SDFFRQX2M)                  0.79       0.79 f
  ALU_UNIT/U229/Y (CLKMX2X2M)                             0.51       1.31 f
  ALU_UNIT/OUT_VALID_reg/D (SDFFRQX4M)                    0.00       1.31 f
  data arrival time                                                  1.31

  clock ALU_CLK (rise edge)                               0.00       0.00
  clock network delay (ideal)                             0.00       0.00
  clock uncertainty                                       0.10       0.10
  ALU_UNIT/OUT_VALID_reg/CK (SDFFRQX4M)                   0.00       0.10 r
  library hold time                                      -0.27      -0.17
  data required time                                                -0.17
  --------------------------------------------------------------------------
  data required time                                                -0.17
  data arrival time                                                 -1.31
  --------------------------------------------------------------------------
  slack (MET)                                                        1.47


  Startpoint: ALU_UNIT/ALU_OUT_reg[4]
              (rising edge-triggered flip-flop clocked by ALU_CLK)
  Endpoint: ALU_UNIT/ALU_OUT_reg[5]
            (rising edge-triggered flip-flop clocked by ALU_CLK)
  Path Group: ALU_CLK
  Path Type: min

  Des/Clust/Port     Wire Load Model       Library
  ------------------------------------------------
  SYS_TOP            tsmc13_wl30           scmetro_tsmc_cl013g_rvt_ss_1p08v_125c

  Point                                                   Incr       Path
  --------------------------------------------------------------------------
  clock ALU_CLK (rise edge)                               0.00       0.00
  clock network delay (ideal)                             0.00       0.00
  ALU_UNIT/ALU_OUT_reg[4]/CK (SDFFRQX2M)                  0.00       0.00 r
  ALU_UNIT/ALU_OUT_reg[4]/Q (SDFFRQX2M)                   0.79       0.79 f
  ALU_UNIT/U254/Y (CLKMX2X2M)                             0.51       1.31 f
  ALU_UNIT/ALU_OUT_reg[5]/D (SDFFRQX2M)                   0.00       1.31 f
  data arrival time                                                  1.31

  clock ALU_CLK (rise edge)                               0.00       0.00
  clock network delay (ideal)                             0.00       0.00
  clock uncertainty                                       0.10       0.10
  ALU_UNIT/ALU_OUT_reg[5]/CK (SDFFRQX2M)                  0.00       0.10 r
  library hold time                                      -0.27      -0.17
  data required time                                                -0.17
  --------------------------------------------------------------------------
  data required time                                                -0.17
  data arrival time                                                 -1.31
  --------------------------------------------------------------------------
  slack (MET)                                                        1.48


  Startpoint: ALU_UNIT/ALU_OUT_reg[3]
              (rising edge-triggered flip-flop clocked by ALU_CLK)
  Endpoint: ALU_UNIT/ALU_OUT_reg[4]
            (rising edge-triggered flip-flop clocked by ALU_CLK)
  Path Group: ALU_CLK
  Path Type: min

  Des/Clust/Port     Wire Load Model       Library
  ------------------------------------------------
  SYS_TOP            tsmc13_wl30           scmetro_tsmc_cl013g_rvt_ss_1p08v_125c

  Point                                                   Incr       Path
  --------------------------------------------------------------------------
  clock ALU_CLK (rise edge)                               0.00       0.00
  clock network delay (ideal)                             0.00       0.00
  ALU_UNIT/ALU_OUT_reg[3]/CK (SDFFRQX2M)                  0.00       0.00 r
  ALU_UNIT/ALU_OUT_reg[3]/Q (SDFFRQX2M)                   0.79       0.79 f
  ALU_UNIT/U252/Y (CLKMX2X2M)                             0.51       1.31 f
  ALU_UNIT/ALU_OUT_reg[4]/D (SDFFRQX2M)                   0.00       1.31 f
  data arrival time                                                  1.31

  clock ALU_CLK (rise edge)                               0.00       0.00
  clock network delay (ideal)                             0.00       0.00
  clock uncertainty                                       0.10       0.10
  ALU_UNIT/ALU_OUT_reg[4]/CK (SDFFRQX2M)                  0.00       0.10 r
  library hold time                                      -0.27      -0.17
  data required time                                                -0.17
  --------------------------------------------------------------------------
  data required time                                                -0.17
  data arrival time                                                 -1.31
  --------------------------------------------------------------------------
  slack (MET)                                                        1.48


  Startpoint: ALU_UNIT/ALU_OUT_reg[2]
              (rising edge-triggered flip-flop clocked by ALU_CLK)
  Endpoint: ALU_UNIT/ALU_OUT_reg[3]
            (rising edge-triggered flip-flop clocked by ALU_CLK)
  Path Group: ALU_CLK
  Path Type: min

  Des/Clust/Port     Wire Load Model       Library
  ------------------------------------------------
  SYS_TOP            tsmc13_wl30           scmetro_tsmc_cl013g_rvt_ss_1p08v_125c

  Point                                                   Incr       Path
  --------------------------------------------------------------------------
  clock ALU_CLK (rise edge)                               0.00       0.00
  clock network delay (ideal)                             0.00       0.00
  ALU_UNIT/ALU_OUT_reg[2]/CK (SDFFRQX2M)                  0.00       0.00 r
  ALU_UNIT/ALU_OUT_reg[2]/Q (SDFFRQX2M)                   0.79       0.79 f
  ALU_UNIT/U250/Y (CLKMX2X2M)                             0.51       1.31 f
  ALU_UNIT/ALU_OUT_reg[3]/D (SDFFRQX2M)                   0.00       1.31 f
  data arrival time                                                  1.31

  clock ALU_CLK (rise edge)                               0.00       0.00
  clock network delay (ideal)                             0.00       0.00
  clock uncertainty                                       0.10       0.10
  ALU_UNIT/ALU_OUT_reg[3]/CK (SDFFRQX2M)                  0.00       0.10 r
  library hold time                                      -0.27      -0.17
  data required time                                                -0.17
  --------------------------------------------------------------------------
  data required time                                                -0.17
  data arrival time                                                 -1.31
  --------------------------------------------------------------------------
  slack (MET)                                                        1.48


  Startpoint: ALU_UNIT/ALU_OUT_reg[5]
              (rising edge-triggered flip-flop clocked by ALU_CLK)
  Endpoint: ALU_UNIT/ALU_OUT_reg[6]
            (rising edge-triggered flip-flop clocked by ALU_CLK)
  Path Group: ALU_CLK
  Path Type: min

  Des/Clust/Port     Wire Load Model       Library
  ------------------------------------------------
  SYS_TOP            tsmc13_wl30           scmetro_tsmc_cl013g_rvt_ss_1p08v_125c

  Point                                                   Incr       Path
  --------------------------------------------------------------------------
  clock ALU_CLK (rise edge)                               0.00       0.00
  clock network delay (ideal)                             0.00       0.00
  ALU_UNIT/ALU_OUT_reg[5]/CK (SDFFRQX2M)                  0.00       0.00 r
  ALU_UNIT/ALU_OUT_reg[5]/Q (SDFFRQX2M)                   0.79       0.79 f
  ALU_UNIT/U256/Y (CLKMX2X2M)                             0.51       1.31 f
  ALU_UNIT/ALU_OUT_reg[6]/D (SDFFRQX2M)                   0.00       1.31 f
  data arrival time                                                  1.31

  clock ALU_CLK (rise edge)                               0.00       0.00
  clock network delay (ideal)                             0.00       0.00
  clock uncertainty                                       0.10       0.10
  ALU_UNIT/ALU_OUT_reg[6]/CK (SDFFRQX2M)                  0.00       0.10 r
  library hold time                                      -0.27      -0.17
  data required time                                                -0.17
  --------------------------------------------------------------------------
  data required time                                                -0.17
  data arrival time                                                 -1.31
  --------------------------------------------------------------------------
  slack (MET)                                                        1.48


  Startpoint: ALU_UNIT/ALU_OUT_reg[1]
              (rising edge-triggered flip-flop clocked by ALU_CLK)
  Endpoint: ALU_UNIT/ALU_OUT_reg[2]
            (rising edge-triggered flip-flop clocked by ALU_CLK)
  Path Group: ALU_CLK
  Path Type: min

  Des/Clust/Port     Wire Load Model       Library
  ------------------------------------------------
  SYS_TOP            tsmc13_wl30           scmetro_tsmc_cl013g_rvt_ss_1p08v_125c

  Point                                                   Incr       Path
  --------------------------------------------------------------------------
  clock ALU_CLK (rise edge)                               0.00       0.00
  clock network delay (ideal)                             0.00       0.00
  ALU_UNIT/ALU_OUT_reg[1]/CK (SDFFRQX2M)                  0.00       0.00 r
  ALU_UNIT/ALU_OUT_reg[1]/Q (SDFFRQX2M)                   0.80       0.80 f
  ALU_UNIT/U248/Y (CLKMX2X2M)                             0.51       1.31 f
  ALU_UNIT/ALU_OUT_reg[2]/D (SDFFRQX2M)                   0.00       1.31 f
  data arrival time                                                  1.31

  clock ALU_CLK (rise edge)                               0.00       0.00
  clock network delay (ideal)                             0.00       0.00
  clock uncertainty                                       0.10       0.10
  ALU_UNIT/ALU_OUT_reg[2]/CK (SDFFRQX2M)                  0.00       0.10 r
  library hold time                                      -0.27      -0.17
  data required time                                                -0.17
  --------------------------------------------------------------------------
  data required time                                                -0.17
  data arrival time                                                 -1.31
  --------------------------------------------------------------------------
  slack (MET)                                                        1.48


  Startpoint: ALU_UNIT/ALU_OUT_reg[6]
              (rising edge-triggered flip-flop clocked by ALU_CLK)
  Endpoint: ALU_UNIT/ALU_OUT_reg[7]
            (rising edge-triggered flip-flop clocked by ALU_CLK)
  Path Group: ALU_CLK
  Path Type: min

  Des/Clust/Port     Wire Load Model       Library
  ------------------------------------------------
  SYS_TOP            tsmc13_wl30           scmetro_tsmc_cl013g_rvt_ss_1p08v_125c

  Point                                                   Incr       Path
  --------------------------------------------------------------------------
  clock ALU_CLK (rise edge)                               0.00       0.00
  clock network delay (ideal)                             0.00       0.00
  ALU_UNIT/ALU_OUT_reg[6]/CK (SDFFRQX2M)                  0.00       0.00 r
  ALU_UNIT/ALU_OUT_reg[6]/Q (SDFFRQX2M)                   0.80       0.80 f
  ALU_UNIT/U258/Y (CLKMX2X2M)                             0.51       1.31 f
  ALU_UNIT/ALU_OUT_reg[7]/D (SDFFRQX2M)                   0.00       1.31 f
  data arrival time                                                  1.31

  clock ALU_CLK (rise edge)                               0.00       0.00
  clock network delay (ideal)                             0.00       0.00
  clock uncertainty                                       0.10       0.10
  ALU_UNIT/ALU_OUT_reg[7]/CK (SDFFRQX2M)                  0.00       0.10 r
  library hold time                                      -0.27      -0.17
  data required time                                                -0.17
  --------------------------------------------------------------------------
  data required time                                                -0.17
  data arrival time                                                 -1.31
  --------------------------------------------------------------------------
  slack (MET)                                                        1.48


  Startpoint: ALU_UNIT/ALU_OUT_reg[14]
              (rising edge-triggered flip-flop clocked by ALU_CLK)
  Endpoint: ALU_UNIT/ALU_OUT_reg[15]
            (rising edge-triggered flip-flop clocked by ALU_CLK)
  Path Group: ALU_CLK
  Path Type: min

  Des/Clust/Port     Wire Load Model       Library
  ------------------------------------------------
  SYS_TOP            tsmc13_wl30           scmetro_tsmc_cl013g_rvt_ss_1p08v_125c

  Point                                                   Incr       Path
  --------------------------------------------------------------------------
  clock ALU_CLK (rise edge)                               0.00       0.00
  clock network delay (ideal)                             0.00       0.00
  ALU_UNIT/ALU_OUT_reg[14]/CK (SDFFRQX2M)                 0.00       0.00 r
  ALU_UNIT/ALU_OUT_reg[14]/Q (SDFFRQX2M)                  0.80       0.80 f
  ALU_UNIT/U245/Y (CLKMX2X2M)                             0.51       1.31 f
  ALU_UNIT/ALU_OUT_reg[15]/D (SDFFRQX2M)                  0.00       1.31 f
  data arrival time                                                  1.31

  clock ALU_CLK (rise edge)                               0.00       0.00
  clock network delay (ideal)                             0.00       0.00
  clock uncertainty                                       0.10       0.10
  ALU_UNIT/ALU_OUT_reg[15]/CK (SDFFRQX2M)                 0.00       0.10 r
  library hold time                                      -0.27      -0.17
  data required time                                                -0.17
  --------------------------------------------------------------------------
  data required time                                                -0.17
  data arrival time                                                 -1.31
  --------------------------------------------------------------------------
  slack (MET)                                                        1.48


  Startpoint: ALU_UNIT/ALU_OUT_reg[13]
              (rising edge-triggered flip-flop clocked by ALU_CLK)
  Endpoint: ALU_UNIT/ALU_OUT_reg[14]
            (rising edge-triggered flip-flop clocked by ALU_CLK)
  Path Group: ALU_CLK
  Path Type: min

  Des/Clust/Port     Wire Load Model       Library
  ------------------------------------------------
  SYS_TOP            tsmc13_wl30           scmetro_tsmc_cl013g_rvt_ss_1p08v_125c

  Point                                                   Incr       Path
  --------------------------------------------------------------------------
  clock ALU_CLK (rise edge)                               0.00       0.00
  clock network delay (ideal)                             0.00       0.00
  ALU_UNIT/ALU_OUT_reg[13]/CK (SDFFRQX2M)                 0.00       0.00 r
  ALU_UNIT/ALU_OUT_reg[13]/Q (SDFFRQX2M)                  0.80       0.80 f
  ALU_UNIT/U243/Y (CLKMX2X2M)                             0.51       1.31 f
  ALU_UNIT/ALU_OUT_reg[14]/D (SDFFRQX2M)                  0.00       1.31 f
  data arrival time                                                  1.31

  clock ALU_CLK (rise edge)                               0.00       0.00
  clock network delay (ideal)                             0.00       0.00
  clock uncertainty                                       0.10       0.10
  ALU_UNIT/ALU_OUT_reg[14]/CK (SDFFRQX2M)                 0.00       0.10 r
  library hold time                                      -0.27      -0.17
  data required time                                                -0.17
  --------------------------------------------------------------------------
  data required time                                                -0.17
  data arrival time                                                 -1.31
  --------------------------------------------------------------------------
  slack (MET)                                                        1.48


  Startpoint: ALU_UNIT/ALU_OUT_reg[12]
              (rising edge-triggered flip-flop clocked by ALU_CLK)
  Endpoint: ALU_UNIT/ALU_OUT_reg[13]
            (rising edge-triggered flip-flop clocked by ALU_CLK)
  Path Group: ALU_CLK
  Path Type: min

  Des/Clust/Port     Wire Load Model       Library
  ------------------------------------------------
  SYS_TOP            tsmc13_wl30           scmetro_tsmc_cl013g_rvt_ss_1p08v_125c

  Point                                                   Incr       Path
  --------------------------------------------------------------------------
  clock ALU_CLK (rise edge)                               0.00       0.00
  clock network delay (ideal)                             0.00       0.00
  ALU_UNIT/ALU_OUT_reg[12]/CK (SDFFRQX2M)                 0.00       0.00 r
  ALU_UNIT/ALU_OUT_reg[12]/Q (SDFFRQX2M)                  0.80       0.80 f
  ALU_UNIT/U241/Y (CLKMX2X2M)                             0.51       1.31 f
  ALU_UNIT/ALU_OUT_reg[13]/D (SDFFRQX2M)                  0.00       1.31 f
  data arrival time                                                  1.31

  clock ALU_CLK (rise edge)                               0.00       0.00
  clock network delay (ideal)                             0.00       0.00
  clock uncertainty                                       0.10       0.10
  ALU_UNIT/ALU_OUT_reg[13]/CK (SDFFRQX2M)                 0.00       0.10 r
  library hold time                                      -0.27      -0.17
  data required time                                                -0.17
  --------------------------------------------------------------------------
  data required time                                                -0.17
  data arrival time                                                 -1.31
  --------------------------------------------------------------------------
  slack (MET)                                                        1.48


  Startpoint: ALU_UNIT/ALU_OUT_reg[11]
              (rising edge-triggered flip-flop clocked by ALU_CLK)
  Endpoint: ALU_UNIT/ALU_OUT_reg[12]
            (rising edge-triggered flip-flop clocked by ALU_CLK)
  Path Group: ALU_CLK
  Path Type: min

  Des/Clust/Port     Wire Load Model       Library
  ------------------------------------------------
  SYS_TOP            tsmc13_wl30           scmetro_tsmc_cl013g_rvt_ss_1p08v_125c

  Point                                                   Incr       Path
  --------------------------------------------------------------------------
  clock ALU_CLK (rise edge)                               0.00       0.00
  clock network delay (ideal)                             0.00       0.00
  ALU_UNIT/ALU_OUT_reg[11]/CK (SDFFRQX2M)                 0.00       0.00 r
  ALU_UNIT/ALU_OUT_reg[11]/Q (SDFFRQX2M)                  0.80       0.80 f
  ALU_UNIT/U239/Y (CLKMX2X2M)                             0.51       1.31 f
  ALU_UNIT/ALU_OUT_reg[12]/D (SDFFRQX2M)                  0.00       1.31 f
  data arrival time                                                  1.31

  clock ALU_CLK (rise edge)                               0.00       0.00
  clock network delay (ideal)                             0.00       0.00
  clock uncertainty                                       0.10       0.10
  ALU_UNIT/ALU_OUT_reg[12]/CK (SDFFRQX2M)                 0.00       0.10 r
  library hold time                                      -0.27      -0.17
  data required time                                                -0.17
  --------------------------------------------------------------------------
  data required time                                                -0.17
  data arrival time                                                 -1.31
  --------------------------------------------------------------------------
  slack (MET)                                                        1.48


  Startpoint: ALU_UNIT/ALU_OUT_reg[10]
              (rising edge-triggered flip-flop clocked by ALU_CLK)
  Endpoint: ALU_UNIT/ALU_OUT_reg[11]
            (rising edge-triggered flip-flop clocked by ALU_CLK)
  Path Group: ALU_CLK
  Path Type: min

  Des/Clust/Port     Wire Load Model       Library
  ------------------------------------------------
  SYS_TOP            tsmc13_wl30           scmetro_tsmc_cl013g_rvt_ss_1p08v_125c

  Point                                                   Incr       Path
  --------------------------------------------------------------------------
  clock ALU_CLK (rise edge)                               0.00       0.00
  clock network delay (ideal)                             0.00       0.00
  ALU_UNIT/ALU_OUT_reg[10]/CK (SDFFRQX2M)                 0.00       0.00 r
  ALU_UNIT/ALU_OUT_reg[10]/Q (SDFFRQX2M)                  0.80       0.80 f
  ALU_UNIT/U237/Y (CLKMX2X2M)                             0.51       1.31 f
  ALU_UNIT/ALU_OUT_reg[11]/D (SDFFRQX2M)                  0.00       1.31 f
  data arrival time                                                  1.31

  clock ALU_CLK (rise edge)                               0.00       0.00
  clock network delay (ideal)                             0.00       0.00
  clock uncertainty                                       0.10       0.10
  ALU_UNIT/ALU_OUT_reg[11]/CK (SDFFRQX2M)                 0.00       0.10 r
  library hold time                                      -0.27      -0.17
  data required time                                                -0.17
  --------------------------------------------------------------------------
  data required time                                                -0.17
  data arrival time                                                 -1.31
  --------------------------------------------------------------------------
  slack (MET)                                                        1.48


  Startpoint: ALU_UNIT/ALU_OUT_reg[9]
              (rising edge-triggered flip-flop clocked by ALU_CLK)
  Endpoint: ALU_UNIT/ALU_OUT_reg[10]
            (rising edge-triggered flip-flop clocked by ALU_CLK)
  Path Group: ALU_CLK
  Path Type: min

  Des/Clust/Port     Wire Load Model       Library
  ------------------------------------------------
  SYS_TOP            tsmc13_wl30           scmetro_tsmc_cl013g_rvt_ss_1p08v_125c

  Point                                                   Incr       Path
  --------------------------------------------------------------------------
  clock ALU_CLK (rise edge)                               0.00       0.00
  clock network delay (ideal)                             0.00       0.00
  ALU_UNIT/ALU_OUT_reg[9]/CK (SDFFRQX2M)                  0.00       0.00 r
  ALU_UNIT/ALU_OUT_reg[9]/Q (SDFFRQX2M)                   0.80       0.80 f
  ALU_UNIT/U235/Y (CLKMX2X2M)                             0.51       1.31 f
  ALU_UNIT/ALU_OUT_reg[10]/D (SDFFRQX2M)                  0.00       1.31 f
  data arrival time                                                  1.31

  clock ALU_CLK (rise edge)                               0.00       0.00
  clock network delay (ideal)                             0.00       0.00
  clock uncertainty                                       0.10       0.10
  ALU_UNIT/ALU_OUT_reg[10]/CK (SDFFRQX2M)                 0.00       0.10 r
  library hold time                                      -0.27      -0.17
  data required time                                                -0.17
  --------------------------------------------------------------------------
  data required time                                                -0.17
  data arrival time                                                 -1.31
  --------------------------------------------------------------------------
  slack (MET)                                                        1.48


  Startpoint: ALU_UNIT/ALU_OUT_reg[8]
              (rising edge-triggered flip-flop clocked by ALU_CLK)
  Endpoint: ALU_UNIT/ALU_OUT_reg[9]
            (rising edge-triggered flip-flop clocked by ALU_CLK)
  Path Group: ALU_CLK
  Path Type: min

  Des/Clust/Port     Wire Load Model       Library
  ------------------------------------------------
  SYS_TOP            tsmc13_wl30           scmetro_tsmc_cl013g_rvt_ss_1p08v_125c

  Point                                                   Incr       Path
  --------------------------------------------------------------------------
  clock ALU_CLK (rise edge)                               0.00       0.00
  clock network delay (ideal)                             0.00       0.00
  ALU_UNIT/ALU_OUT_reg[8]/CK (SDFFRQX2M)                  0.00       0.00 r
  ALU_UNIT/ALU_OUT_reg[8]/Q (SDFFRQX2M)                   0.80       0.80 f
  ALU_UNIT/U233/Y (CLKMX2X2M)                             0.51       1.31 f
  ALU_UNIT/ALU_OUT_reg[9]/D (SDFFRQX2M)                   0.00       1.31 f
  data arrival time                                                  1.31

  clock ALU_CLK (rise edge)                               0.00       0.00
  clock network delay (ideal)                             0.00       0.00
  clock uncertainty                                       0.10       0.10
  ALU_UNIT/ALU_OUT_reg[9]/CK (SDFFRQX2M)                  0.00       0.10 r
  library hold time                                      -0.27      -0.17
  data required time                                                -0.17
  --------------------------------------------------------------------------
  data required time                                                -0.17
  data arrival time                                                 -1.31
  --------------------------------------------------------------------------
  slack (MET)                                                        1.48


  Startpoint: ALU_UNIT/ALU_OUT_reg[7]
              (rising edge-triggered flip-flop clocked by ALU_CLK)
  Endpoint: ALU_UNIT/ALU_OUT_reg[8]
            (rising edge-triggered flip-flop clocked by ALU_CLK)
  Path Group: ALU_CLK
  Path Type: min

  Des/Clust/Port     Wire Load Model       Library
  ------------------------------------------------
  SYS_TOP            tsmc13_wl30           scmetro_tsmc_cl013g_rvt_ss_1p08v_125c

  Point                                                   Incr       Path
  --------------------------------------------------------------------------
  clock ALU_CLK (rise edge)                               0.00       0.00
  clock network delay (ideal)                             0.00       0.00
  ALU_UNIT/ALU_OUT_reg[7]/CK (SDFFRQX2M)                  0.00       0.00 r
  ALU_UNIT/ALU_OUT_reg[7]/Q (SDFFRQX2M)                   0.80       0.80 f
  ALU_UNIT/U231/Y (CLKMX2X2M)                             0.51       1.31 f
  ALU_UNIT/ALU_OUT_reg[8]/D (SDFFRQX2M)                   0.00       1.31 f
  data arrival time                                                  1.31

  clock ALU_CLK (rise edge)                               0.00       0.00
  clock network delay (ideal)                             0.00       0.00
  clock uncertainty                                       0.10       0.10
  ALU_UNIT/ALU_OUT_reg[8]/CK (SDFFRQX2M)                  0.00       0.10 r
  library hold time                                      -0.27      -0.17
  data required time                                                -0.17
  --------------------------------------------------------------------------
  data required time                                                -0.17
  data arrival time                                                 -1.31
  --------------------------------------------------------------------------
  slack (MET)                                                        1.48


  Startpoint: REG_FILE_UNIT/regfile_reg[1][7]
              (rising edge-triggered flip-flop clocked by REF_CLK)
  Endpoint: ALU_UNIT/ALU_OUT_reg[0]
            (rising edge-triggered flip-flop clocked by ALU_CLK)
  Path Group: ALU_CLK
  Path Type: min

  Des/Clust/Port     Wire Load Model       Library
  ------------------------------------------------
  SYS_TOP            tsmc13_wl30           scmetro_tsmc_cl013g_rvt_ss_1p08v_125c

  Point                                                   Incr       Path
  --------------------------------------------------------------------------
  clock REF_CLK (rise edge)                               0.00       0.00
  clock network delay (ideal)                             0.00       0.00
  REG_FILE_UNIT/regfile_reg[1][7]/CK (SDFFRHQX4M)         0.00       0.00 r
  REG_FILE_UNIT/regfile_reg[1][7]/Q (SDFFRHQX4M)          0.41       0.41 f
  REG_FILE_UNIT/U4/Y (CLKINVX24M)                         0.11       0.52 r
  REG_FILE_UNIT/U2/Y (CLKINVX40M)                         0.12       0.64 f
  REG_FILE_UNIT/REG1[7] (Register_File_DEPTH16_DATA_WIDTH8_ADDRESS_WIDTH4_test_1_test_1_test_1)
                                                          0.00       0.64 f
  ALU_UNIT/B[7] (ALU_OPERAND_WIDTH8_OUT_WIDTH16_test_1_test_1_test_1)
                                                          0.00       0.64 f
  ALU_UNIT/div_58/b[7] (ALU_OPERAND_WIDTH8_OUT_WIDTH16_DW_div_uns_0)
                                                          0.00       0.64 f
  ALU_UNIT/div_58/U39/Y (OAI21X8M)                        0.23       0.87 r
  ALU_UNIT/div_58/quotient[0] (ALU_OPERAND_WIDTH8_OUT_WIDTH16_DW_div_uns_0)
                                                          0.00       0.87 r
  ALU_UNIT/U5/Y (AND2X12M)                                0.17       1.04 r
  ALU_UNIT/U260/Y (NOR2X12M)                              0.07       1.11 f
  ALU_UNIT/U29/Y (NAND3X12M)                              0.11       1.22 r
  ALU_UNIT/U4/Y (CLKAND2X16M)                             0.18       1.40 r
  ALU_UNIT/U53/Y (NAND2BX12M)                             0.16       1.57 r
  ALU_UNIT/U3/Y (CLKINVX32M)                              0.08       1.64 f
  ALU_UNIT/U60/Y (MXI2X12M)                               0.13       1.77 r
  ALU_UNIT/ALU_OUT_reg[0]/D (SDFFRHQX1M)                  0.00       1.77 r
  data arrival time                                                  1.77

  clock ALU_CLK (rise edge)                               0.00       0.00
  clock network delay (ideal)                             0.00       0.00
  clock uncertainty                                       0.10       0.10
  ALU_UNIT/ALU_OUT_reg[0]/CK (SDFFRHQX1M)                 0.00       0.10 r
  library hold time                                      -0.18      -0.08
  data required time                                                -0.08
  --------------------------------------------------------------------------
  data required time                                                -0.08
  data arrival time                                                 -1.77
  --------------------------------------------------------------------------
  slack (MET)                                                        1.84


  Startpoint: ALU_UNIT/ALU_OUT_reg[0]
              (rising edge-triggered flip-flop clocked by ALU_CLK)
  Endpoint: ALU_UNIT/ALU_OUT_reg[1]
            (rising edge-triggered flip-flop clocked by ALU_CLK)
  Path Group: ALU_CLK
  Path Type: min

  Des/Clust/Port     Wire Load Model       Library
  ------------------------------------------------
  SYS_TOP            tsmc13_wl30           scmetro_tsmc_cl013g_rvt_ss_1p08v_125c

  Point                                                   Incr       Path
  --------------------------------------------------------------------------
  clock ALU_CLK (rise edge)                               0.00       0.00
  clock network delay (ideal)                             0.00       0.00
  ALU_UNIT/ALU_OUT_reg[0]/CK (SDFFRHQX1M)                 0.00       0.00 r
  ALU_UNIT/ALU_OUT_reg[0]/Q (SDFFRHQX1M)                  0.61       0.61 f
  ALU_UNIT/U42/Y (INVXLM)                                 0.61       1.22 r
  ALU_UNIT/U43/Y (INVX2M)                                 0.49       1.72 f
  ALU_UNIT/U51/Y (MX2XLM)                                 0.73       2.45 f
  ALU_UNIT/ALU_OUT_reg[1]/D (SDFFRQX2M)                   0.00       2.45 f
  data arrival time                                                  2.45

  clock ALU_CLK (rise edge)                               0.00       0.00
  clock network delay (ideal)                             0.00       0.00
  clock uncertainty                                       0.10       0.10
  ALU_UNIT/ALU_OUT_reg[1]/CK (SDFFRQX2M)                  0.00       0.10 r
  library hold time                                      -0.30      -0.20
  data required time                                                -0.20
  --------------------------------------------------------------------------
  data required time                                                -0.20
  data arrival time                                                 -2.45
  --------------------------------------------------------------------------
  slack (MET)                                                        2.66


  Startpoint: SE (input port clocked by DFTCLK)
  Endpoint: SO[2] (output port clocked by DFTCLK)
  Path Group: DFTCLK
  Path Type: min

  Des/Clust/Port     Wire Load Model       Library
  ------------------------------------------------
  SYS_TOP            tsmc13_wl30           scmetro_tsmc_cl013g_rvt_ss_1p08v_125c

  Point                                    Incr       Path
  -----------------------------------------------------------
  clock DFTCLK (rise edge)                 0.00       0.00
  clock network delay (ideal)              0.00       0.00
  input external delay                    20.00      20.00 f
  SE (in)                                  0.28      20.28 f
  U26/Y (MX2X8M)                           0.77      21.05 f
  SO[2] (out)                              0.00      21.05 f
  data arrival time                                  21.05

  clock DFTCLK (rise edge)                 0.00       0.00
  clock network delay (ideal)              0.00       0.00
  clock uncertainty                        0.10       0.10
  output external delay                  -20.00     -19.90
  data required time                                -19.90
  -----------------------------------------------------------
  data required time                                -19.90
  data arrival time                                 -21.05
  -----------------------------------------------------------
  slack (MET)                                        40.95


  Startpoint: SE (input port clocked by DFTCLK)
  Endpoint: SO[0] (output port clocked by DFTCLK)
  Path Group: DFTCLK
  Path Type: min

  Des/Clust/Port     Wire Load Model       Library
  ------------------------------------------------
  SYS_TOP            tsmc13_wl30           scmetro_tsmc_cl013g_rvt_ss_1p08v_125c

  Point                                    Incr       Path
  -----------------------------------------------------------
  clock DFTCLK (rise edge)                 0.00       0.00
  clock network delay (ideal)              0.00       0.00
  input external delay                    20.00      20.00 f
  SE (in)                                  0.28      20.28 f
  U95/Y (AO22X1M)                          0.57      20.86 f
  U96/Y (MX2X8M)                           0.74      21.59 f
  SO[0] (out)                              0.00      21.59 f
  data arrival time                                  21.59

  clock DFTCLK (rise edge)                 0.00       0.00
  clock network delay (ideal)              0.00       0.00
  clock uncertainty                        0.10       0.10
  output external delay                  -20.00     -19.90
  data required time                                -19.90
  -----------------------------------------------------------
  data required time                                -19.90
  data arrival time                                 -21.59
  -----------------------------------------------------------
  slack (MET)                                        41.49


  Startpoint: SE (input port clocked by DFTCLK)
  Endpoint: SO[1] (output port clocked by DFTCLK)
  Path Group: DFTCLK
  Path Type: min

  Des/Clust/Port     Wire Load Model       Library
  ------------------------------------------------
  SYS_TOP            tsmc13_wl30           scmetro_tsmc_cl013g_rvt_ss_1p08v_125c

  Point                                    Incr       Path
  -----------------------------------------------------------
  clock DFTCLK (rise edge)                 0.00       0.00
  clock network delay (ideal)              0.00       0.00
  input external delay                    20.00      20.00 r
  SE (in)                                  0.52      20.52 r
  U92/Y (INVXLM)                           0.52      21.04 f
  U83/Y (INVXLM)                           0.59      21.63 r
  U69/Y (DLY1X1M)                          0.88      22.51 r
  U84/Y (INVXLM)                           0.55      23.05 f
  U93/Y (INVXLM)                           0.63      23.68 r
  U14/Y (INVX2M)                           0.66      24.34 f
  U19/Y (BUFX2M)                           0.66      25.00 f
  U5/Y (AO22X8M)                           0.37      25.37 f
  U28/Y (MX2X8M)                           0.66      26.03 f
  SO[1] (out)                              0.00      26.03 f
  data arrival time                                  26.03

  clock DFTCLK (rise edge)                 0.00       0.00
  clock network delay (ideal)              0.00       0.00
  clock uncertainty                        0.10       0.10
  output external delay                  -20.00     -19.90
  data required time                                -19.90
  -----------------------------------------------------------
  data required time                                -19.90
  data arrival time                                 -26.03
  -----------------------------------------------------------
  slack (MET)                                        45.93


  Startpoint: SE (input port clocked by DFTCLK)
  Endpoint: SO[3] (output port clocked by DFTCLK)
  Path Group: DFTCLK
  Path Type: min

  Des/Clust/Port     Wire Load Model       Library
  ------------------------------------------------
  SYS_TOP            tsmc13_wl30           scmetro_tsmc_cl013g_rvt_ss_1p08v_125c

  Point                                    Incr       Path
  -----------------------------------------------------------
  clock DFTCLK (rise edge)                 0.00       0.00
  clock network delay (ideal)              0.00       0.00
  input external delay                    20.00      20.00 r
  SE (in)                                  0.52      20.52 r
  U92/Y (INVXLM)                           0.52      21.04 f
  U83/Y (INVXLM)                           0.59      21.63 r
  U69/Y (DLY1X1M)                          0.88      22.51 r
  U84/Y (INVXLM)                           0.55      23.05 f
  U93/Y (INVXLM)                           0.63      23.68 r
  U14/Y (INVX2M)                           0.66      24.34 f
  U19/Y (BUFX2M)                           0.66      25.00 f
  U86/Y (INVXLM)                           0.61      25.61 r
  U80/Y (DLY1X1M)                          0.90      26.52 r
  U29/Y (CLKMX2X2M)                        0.47      26.98 r
  U10/Y (CLKBUFX8M)                        0.95      27.94 r
  SO[3] (out)                              0.00      27.94 r
  data arrival time                                  27.94

  clock DFTCLK (rise edge)                 0.00       0.00
  clock network delay (ideal)              0.00       0.00
  clock uncertainty                        0.10       0.10
  output external delay                  -20.00     -19.90
  data required time                                -19.90
  -----------------------------------------------------------
  data required time                                -19.90
  data arrival time                                 -27.94
  -----------------------------------------------------------
  slack (MET)                                        47.84


  Startpoint: REG_FILE_UNIT/regfile_reg[1][6]
              (rising edge-triggered flip-flop clocked by REF_CLK)
  Endpoint: REG_FILE_UNIT/regfile_reg[1][7]
            (rising edge-triggered flip-flop clocked by REF_CLK)
  Path Group: REF_CLK
  Path Type: min

  Des/Clust/Port     Wire Load Model       Library
  ------------------------------------------------
  SYS_TOP            tsmc13_wl30           scmetro_tsmc_cl013g_rvt_ss_1p08v_125c

  Point                                                   Incr       Path
  --------------------------------------------------------------------------
  clock REF_CLK (rise edge)                               0.00       0.00
  clock network delay (ideal)                             0.00       0.00
  REG_FILE_UNIT/regfile_reg[1][6]/CK (SDFFRHQX8M)         0.00       0.00 r
  REG_FILE_UNIT/regfile_reg[1][6]/Q (SDFFRHQX8M)          0.47       0.47 r
  REG_FILE_UNIT/regfile_reg[1][7]/SI (SDFFRHQX4M)         0.00       0.47 r
  data arrival time                                                  0.47

  clock REF_CLK (rise edge)                               0.00       0.00
  clock network delay (ideal)                             0.00       0.00
  clock uncertainty                                       0.10       0.10
  REG_FILE_UNIT/regfile_reg[1][7]/CK (SDFFRHQX4M)         0.00       0.10 r
  library hold time                                      -0.16      -0.06
  data required time                                                -0.06
  --------------------------------------------------------------------------
  data required time                                                -0.06
  data arrival time                                                 -0.47
  --------------------------------------------------------------------------
  slack (MET)                                                        0.53


  Startpoint: REG_FILE_UNIT/regfile_reg[1][4]
              (rising edge-triggered flip-flop clocked by REF_CLK)
  Endpoint: REG_FILE_UNIT/regfile_reg[1][5]
            (rising edge-triggered flip-flop clocked by REF_CLK)
  Path Group: REF_CLK
  Path Type: min

  Des/Clust/Port     Wire Load Model       Library
  ------------------------------------------------
  SYS_TOP            tsmc13_wl30           scmetro_tsmc_cl013g_rvt_ss_1p08v_125c

  Point                                                   Incr       Path
  --------------------------------------------------------------------------
  clock REF_CLK (rise edge)                               0.00       0.00
  clock network delay (ideal)                             0.00       0.00
  REG_FILE_UNIT/regfile_reg[1][4]/CK (SDFFRHQX4M)         0.00       0.00 r
  REG_FILE_UNIT/regfile_reg[1][4]/Q (SDFFRHQX4M)          0.50       0.50 r
  REG_FILE_UNIT/regfile_reg[1][5]/SI (SDFFRHQX8M)         0.00       0.50 r
  data arrival time                                                  0.50

  clock REF_CLK (rise edge)                               0.00       0.00
  clock network delay (ideal)                             0.00       0.00
  clock uncertainty                                       0.10       0.10
  REG_FILE_UNIT/regfile_reg[1][5]/CK (SDFFRHQX8M)         0.00       0.10 r
  library hold time                                      -0.17      -0.07
  data required time                                                -0.07
  --------------------------------------------------------------------------
  data required time                                                -0.07
  data arrival time                                                 -0.50
  --------------------------------------------------------------------------
  slack (MET)                                                        0.58


  Startpoint: REG_FILE_UNIT/regfile_reg[1][5]
              (rising edge-triggered flip-flop clocked by REF_CLK)
  Endpoint: REG_FILE_UNIT/regfile_reg[1][6]
            (rising edge-triggered flip-flop clocked by REF_CLK)
  Path Group: REF_CLK
  Path Type: min

  Des/Clust/Port     Wire Load Model       Library
  ------------------------------------------------
  SYS_TOP            tsmc13_wl30           scmetro_tsmc_cl013g_rvt_ss_1p08v_125c

  Point                                                   Incr       Path
  --------------------------------------------------------------------------
  clock REF_CLK (rise edge)                               0.00       0.00
  clock network delay (ideal)                             0.00       0.00
  REG_FILE_UNIT/regfile_reg[1][5]/CK (SDFFRHQX8M)         0.00       0.00 r
  REG_FILE_UNIT/regfile_reg[1][5]/Q (SDFFRHQX8M)          0.56       0.56 r
  REG_FILE_UNIT/regfile_reg[1][6]/SI (SDFFRHQX8M)         0.00       0.56 r
  data arrival time                                                  0.56

  clock REF_CLK (rise edge)                               0.00       0.00
  clock network delay (ideal)                             0.00       0.00
  clock uncertainty                                       0.10       0.10
  REG_FILE_UNIT/regfile_reg[1][6]/CK (SDFFRHQX8M)         0.00       0.10 r
  library hold time                                      -0.17      -0.07
  data required time                                                -0.07
  --------------------------------------------------------------------------
  data required time                                                -0.07
  data arrival time                                                 -0.56
  --------------------------------------------------------------------------
  slack (MET)                                                        0.63


  Startpoint: REG_FILE_UNIT/regfile_reg[1][7]
              (rising edge-triggered flip-flop clocked by REF_CLK)
  Endpoint: REG_FILE_UNIT/regfile_reg[2][0]
            (rising edge-triggered flip-flop clocked by REF_CLK)
  Path Group: REF_CLK
  Path Type: min

  Des/Clust/Port     Wire Load Model       Library
  ------------------------------------------------
  SYS_TOP            tsmc13_wl30           scmetro_tsmc_cl013g_rvt_ss_1p08v_125c

  Point                                                   Incr       Path
  --------------------------------------------------------------------------
  clock REF_CLK (rise edge)                               0.00       0.00
  clock network delay (ideal)                             0.00       0.00
  REG_FILE_UNIT/regfile_reg[1][7]/CK (SDFFRHQX4M)         0.00       0.00 r
  REG_FILE_UNIT/regfile_reg[1][7]/Q (SDFFRHQX4M)          0.53       0.53 r
  REG_FILE_UNIT/regfile_reg[2][0]/SI (SDFFSX1M)           0.00       0.53 r
  data arrival time                                                  0.53

  clock REF_CLK (rise edge)                               0.00       0.00
  clock network delay (ideal)                             0.00       0.00
  clock uncertainty                                       0.10       0.10
  REG_FILE_UNIT/regfile_reg[2][0]/CK (SDFFSX1M)           0.00       0.10 r
  library hold time                                      -0.20      -0.10
  data required time                                                -0.10
  --------------------------------------------------------------------------
  data required time                                                -0.10
  data arrival time                                                 -0.53
  --------------------------------------------------------------------------
  slack (MET)                                                        0.63


  Startpoint: REG_FILE_UNIT/regfile_reg[0][7]
              (rising edge-triggered flip-flop clocked by REF_CLK)
  Endpoint: REG_FILE_UNIT/regfile_reg[1][0]
            (rising edge-triggered flip-flop clocked by REF_CLK)
  Path Group: REF_CLK
  Path Type: min

  Des/Clust/Port     Wire Load Model       Library
  ------------------------------------------------
  SYS_TOP            tsmc13_wl30           scmetro_tsmc_cl013g_rvt_ss_1p08v_125c

  Point                                                   Incr       Path
  --------------------------------------------------------------------------
  clock REF_CLK (rise edge)                               0.00       0.00
  clock network delay (ideal)                             0.00       0.00
  REG_FILE_UNIT/regfile_reg[0][7]/CK (SDFFRQX4M)          0.00       0.00 r
  REG_FILE_UNIT/regfile_reg[0][7]/Q (SDFFRQX4M)           0.57       0.57 r
  REG_FILE_UNIT/regfile_reg[1][0]/SI (SDFFRHQX2M)         0.00       0.57 r
  data arrival time                                                  0.57

  clock REF_CLK (rise edge)                               0.00       0.00
  clock network delay (ideal)                             0.00       0.00
  clock uncertainty                                       0.10       0.10
  REG_FILE_UNIT/regfile_reg[1][0]/CK (SDFFRHQX2M)         0.00       0.10 r
  library hold time                                      -0.17      -0.07
  data required time                                                -0.07
  --------------------------------------------------------------------------
  data required time                                                -0.07
  data arrival time                                                 -0.57
  --------------------------------------------------------------------------
  slack (MET)                                                        0.64


  Startpoint: REG_FILE_UNIT/regfile_reg[1][0]
              (rising edge-triggered flip-flop clocked by REF_CLK)
  Endpoint: REG_FILE_UNIT/regfile_reg[1][1]
            (rising edge-triggered flip-flop clocked by REF_CLK)
  Path Group: REF_CLK
  Path Type: min

  Des/Clust/Port     Wire Load Model       Library
  ------------------------------------------------
  SYS_TOP            tsmc13_wl30           scmetro_tsmc_cl013g_rvt_ss_1p08v_125c

  Point                                                   Incr       Path
  --------------------------------------------------------------------------
  clock REF_CLK (rise edge)                               0.00       0.00
  clock network delay (ideal)                             0.00       0.00
  REG_FILE_UNIT/regfile_reg[1][0]/CK (SDFFRHQX2M)         0.00       0.00 r
  REG_FILE_UNIT/regfile_reg[1][0]/Q (SDFFRHQX2M)          0.45       0.45 f
  REG_FILE_UNIT/regfile_reg[1][1]/SI (SDFFRQX4M)          0.00       0.45 f
  data arrival time                                                  0.45

  clock REF_CLK (rise edge)                               0.00       0.00
  clock network delay (ideal)                             0.00       0.00
  clock uncertainty                                       0.10       0.10
  REG_FILE_UNIT/regfile_reg[1][1]/CK (SDFFRQX4M)          0.00       0.10 r
  library hold time                                      -0.33      -0.23
  data required time                                                -0.23
  --------------------------------------------------------------------------
  data required time                                                -0.23
  data arrival time                                                 -0.45
  --------------------------------------------------------------------------
  slack (MET)                                                        0.68


  Startpoint: REG_FILE_UNIT/regfile_reg[2][6]
              (rising edge-triggered flip-flop clocked by REF_CLK)
  Endpoint: REG_FILE_UNIT/regfile_reg[2][7]
            (rising edge-triggered flip-flop clocked by REF_CLK)
  Path Group: REF_CLK
  Path Type: min

  Des/Clust/Port     Wire Load Model       Library
  ------------------------------------------------
  SYS_TOP            tsmc13_wl30           scmetro_tsmc_cl013g_rvt_ss_1p08v_125c

  Point                                                   Incr       Path
  --------------------------------------------------------------------------
  clock REF_CLK (rise edge)                               0.00       0.00
  clock network delay (ideal)                             0.00       0.00
  REG_FILE_UNIT/regfile_reg[2][6]/CK (SDFFRQX2M)          0.00       0.00 r
  REG_FILE_UNIT/regfile_reg[2][6]/Q (SDFFRQX2M)           0.68       0.68 r
  REG_FILE_UNIT/regfile_reg[2][7]/SI (SDFFSX1M)           0.00       0.68 r
  data arrival time                                                  0.68

  clock REF_CLK (rise edge)                               0.00       0.00
  clock network delay (ideal)                             0.00       0.00
  clock uncertainty                                       0.10       0.10
  REG_FILE_UNIT/regfile_reg[2][7]/CK (SDFFSX1M)           0.00       0.10 r
  library hold time                                      -0.21      -0.11
  data required time                                                -0.11
  --------------------------------------------------------------------------
  data required time                                                -0.11
  data arrival time                                                 -0.68
  --------------------------------------------------------------------------
  slack (MET)                                                        0.79


  Startpoint: RST_SYNC_1/STAGES_REG_reg[0]
              (rising edge-triggered flip-flop clocked by REF_CLK)
  Endpoint: RST_SYNC_1/STAGES_REG_reg[1]
            (rising edge-triggered flip-flop clocked by REF_CLK)
  Path Group: REF_CLK
  Path Type: min

  Des/Clust/Port     Wire Load Model       Library
  ------------------------------------------------
  SYS_TOP            tsmc13_wl30           scmetro_tsmc_cl013g_rvt_ss_1p08v_125c

  Point                                                   Incr       Path
  --------------------------------------------------------------------------
  clock REF_CLK (rise edge)                               0.00       0.00
  clock network delay (ideal)                             0.00       0.00
  RST_SYNC_1/STAGES_REG_reg[0]/CK (SDFFRQX2M)             0.00       0.00 r
  RST_SYNC_1/STAGES_REG_reg[0]/Q (SDFFRQX2M)              0.63       0.63 f
  RST_SYNC_1/STAGES_REG_reg[1]/D (SDFFRQX2M)              0.00       0.63 f
  data arrival time                                                  0.63

  clock REF_CLK (rise edge)                               0.00       0.00
  clock network delay (ideal)                             0.00       0.00
  clock uncertainty                                       0.10       0.10
  RST_SYNC_1/STAGES_REG_reg[1]/CK (SDFFRQX2M)             0.00       0.10 r
  library hold time                                      -0.27      -0.17
  data required time                                                -0.17
  --------------------------------------------------------------------------
  data required time                                                -0.17
  data arrival time                                                 -0.63
  --------------------------------------------------------------------------
  slack (MET)                                                        0.80


  Startpoint: DATA_SYNC_UNIT/enable_reg_reg[0]
              (rising edge-triggered flip-flop clocked by REF_CLK)
  Endpoint: DATA_SYNC_UNIT/enable_reg_reg[1]
            (rising edge-triggered flip-flop clocked by REF_CLK)
  Path Group: REF_CLK
  Path Type: min

  Des/Clust/Port     Wire Load Model       Library
  ------------------------------------------------
  SYS_TOP            tsmc13_wl30           scmetro_tsmc_cl013g_rvt_ss_1p08v_125c

  Point                                                   Incr       Path
  --------------------------------------------------------------------------
  clock REF_CLK (rise edge)                               0.00       0.00
  clock network delay (ideal)                             0.00       0.00
  DATA_SYNC_UNIT/enable_reg_reg[0]/CK (SDFFRQX2M)         0.00       0.00 r
  DATA_SYNC_UNIT/enable_reg_reg[0]/Q (SDFFRQX2M)          0.63       0.63 f
  DATA_SYNC_UNIT/enable_reg_reg[1]/D (SDFFRQX2M)          0.00       0.63 f
  data arrival time                                                  0.63

  clock REF_CLK (rise edge)                               0.00       0.00
  clock network delay (ideal)                             0.00       0.00
  clock uncertainty                                       0.10       0.10
  DATA_SYNC_UNIT/enable_reg_reg[1]/CK (SDFFRQX2M)         0.00       0.10 r
  library hold time                                      -0.27      -0.17
  data required time                                                -0.17
  --------------------------------------------------------------------------
  data required time                                                -0.17
  data arrival time                                                 -0.63
  --------------------------------------------------------------------------
  slack (MET)                                                        0.80


  Startpoint: REG_FILE_UNIT/regfile_reg[3][7]
              (rising edge-triggered flip-flop clocked by REF_CLK)
  Endpoint: REG_FILE_UNIT/regfile_reg[4][0]
            (rising edge-triggered flip-flop clocked by REF_CLK)
  Path Group: REF_CLK
  Path Type: min

  Des/Clust/Port     Wire Load Model       Library
  ------------------------------------------------
  SYS_TOP            tsmc13_wl30           scmetro_tsmc_cl013g_rvt_ss_1p08v_125c

  Point                                                   Incr       Path
  --------------------------------------------------------------------------
  clock REF_CLK (rise edge)                               0.00       0.00
  clock network delay (ideal)                             0.00       0.00
  REG_FILE_UNIT/regfile_reg[3][7]/CK (SDFFRHQX8M)         0.00       0.00 r
  REG_FILE_UNIT/regfile_reg[3][7]/Q (SDFFRHQX8M)          0.56       0.56 f
  REG_FILE_UNIT/regfile_reg[4][0]/SI (SDFFRQX2M)          0.00       0.56 f
  data arrival time                                                  0.56

  clock REF_CLK (rise edge)                               0.00       0.00
  clock network delay (ideal)                             0.00       0.00
  clock uncertainty                                       0.10       0.10
  REG_FILE_UNIT/regfile_reg[4][0]/CK (SDFFRQX2M)          0.00       0.10 r
  library hold time                                      -0.35      -0.25
  data required time                                                -0.25
  --------------------------------------------------------------------------
  data required time                                                -0.25
  data arrival time                                                 -0.56
  --------------------------------------------------------------------------
  slack (MET)                                                        0.81


  Startpoint: RST_SYNC_1/STAGES_REG_reg[0]
              (rising edge-triggered flip-flop clocked by REF_CLK)
  Endpoint: RST_SYNC_1/STAGES_REG_reg[1]
            (rising edge-triggered flip-flop clocked by REF_CLK)
  Path Group: REF_CLK
  Path Type: min

  Des/Clust/Port     Wire Load Model       Library
  ------------------------------------------------
  SYS_TOP            tsmc13_wl30           scmetro_tsmc_cl013g_rvt_ss_1p08v_125c

  Point                                                   Incr       Path
  --------------------------------------------------------------------------
  clock REF_CLK (rise edge)                               0.00       0.00
  clock network delay (ideal)                             0.00       0.00
  RST_SYNC_1/STAGES_REG_reg[0]/CK (SDFFRQX2M)             0.00       0.00 r
  RST_SYNC_1/STAGES_REG_reg[0]/Q (SDFFRQX2M)              0.68       0.68 r
  RST_SYNC_1/STAGES_REG_reg[1]/SI (SDFFRQX2M)             0.00       0.68 r
  data arrival time                                                  0.68

  clock REF_CLK (rise edge)                               0.00       0.00
  clock network delay (ideal)                             0.00       0.00
  clock uncertainty                                       0.10       0.10
  RST_SYNC_1/STAGES_REG_reg[1]/CK (SDFFRQX2M)             0.00       0.10 r
  library hold time                                      -0.24      -0.14
  data required time                                                -0.14
  --------------------------------------------------------------------------
  data required time                                                -0.14
  data arrival time                                                 -0.68
  --------------------------------------------------------------------------
  slack (MET)                                                        0.81


  Startpoint: DATA_SYNC_UNIT/enable_reg_reg[0]
              (rising edge-triggered flip-flop clocked by REF_CLK)
  Endpoint: DATA_SYNC_UNIT/enable_reg_reg[1]
            (rising edge-triggered flip-flop clocked by REF_CLK)
  Path Group: REF_CLK
  Path Type: min

  Des/Clust/Port     Wire Load Model       Library
  ------------------------------------------------
  SYS_TOP            tsmc13_wl30           scmetro_tsmc_cl013g_rvt_ss_1p08v_125c

  Point                                                   Incr       Path
  --------------------------------------------------------------------------
  clock REF_CLK (rise edge)                               0.00       0.00
  clock network delay (ideal)                             0.00       0.00
  DATA_SYNC_UNIT/enable_reg_reg[0]/CK (SDFFRQX2M)         0.00       0.00 r
  DATA_SYNC_UNIT/enable_reg_reg[0]/Q (SDFFRQX2M)          0.68       0.68 r
  DATA_SYNC_UNIT/enable_reg_reg[1]/SI (SDFFRQX2M)         0.00       0.68 r
  data arrival time                                                  0.68

  clock REF_CLK (rise edge)                               0.00       0.00
  clock network delay (ideal)                             0.00       0.00
  clock uncertainty                                       0.10       0.10
  DATA_SYNC_UNIT/enable_reg_reg[1]/CK (SDFFRQX2M)         0.00       0.10 r
  library hold time                                      -0.24      -0.14
  data required time                                                -0.14
  --------------------------------------------------------------------------
  data required time                                                -0.14
  data arrival time                                                 -0.68
  --------------------------------------------------------------------------
  slack (MET)                                                        0.81


  Startpoint: REG_FILE_UNIT/regfile_reg[2][4]
              (rising edge-triggered flip-flop clocked by REF_CLK)
  Endpoint: REG_FILE_UNIT/regfile_reg[2][5]
            (rising edge-triggered flip-flop clocked by REF_CLK)
  Path Group: REF_CLK
  Path Type: min

  Des/Clust/Port     Wire Load Model       Library
  ------------------------------------------------
  SYS_TOP            tsmc13_wl30           scmetro_tsmc_cl013g_rvt_ss_1p08v_125c

  Point                                                   Incr       Path
  --------------------------------------------------------------------------
  clock REF_CLK (rise edge)                               0.00       0.00
  clock network delay (ideal)                             0.00       0.00
  REG_FILE_UNIT/regfile_reg[2][4]/CK (SDFFRQX2M)          0.00       0.00 r
  REG_FILE_UNIT/regfile_reg[2][4]/Q (SDFFRQX2M)           0.69       0.69 r
  REG_FILE_UNIT/regfile_reg[2][5]/SI (SDFFRQX2M)          0.00       0.69 r
  data arrival time                                                  0.69

  clock REF_CLK (rise edge)                               0.00       0.00
  clock network delay (ideal)                             0.00       0.00
  clock uncertainty                                       0.10       0.10
  REG_FILE_UNIT/regfile_reg[2][5]/CK (SDFFRQX2M)          0.00       0.10 r
  library hold time                                      -0.24      -0.14
  data required time                                                -0.14
  --------------------------------------------------------------------------
  data required time                                                -0.14
  data arrival time                                                 -0.69
  --------------------------------------------------------------------------
  slack (MET)                                                        0.83


  Startpoint: REG_FILE_UNIT/regfile_reg[2][5]
              (rising edge-triggered flip-flop clocked by REF_CLK)
  Endpoint: REG_FILE_UNIT/regfile_reg[2][6]
            (rising edge-triggered flip-flop clocked by REF_CLK)
  Path Group: REF_CLK
  Path Type: min

  Des/Clust/Port     Wire Load Model       Library
  ------------------------------------------------
  SYS_TOP            tsmc13_wl30           scmetro_tsmc_cl013g_rvt_ss_1p08v_125c

  Point                                                   Incr       Path
  --------------------------------------------------------------------------
  clock REF_CLK (rise edge)                               0.00       0.00
  clock network delay (ideal)                             0.00       0.00
  REG_FILE_UNIT/regfile_reg[2][5]/CK (SDFFRQX2M)          0.00       0.00 r
  REG_FILE_UNIT/regfile_reg[2][5]/Q (SDFFRQX2M)           0.69       0.69 r
  REG_FILE_UNIT/regfile_reg[2][6]/SI (SDFFRQX2M)          0.00       0.69 r
  data arrival time                                                  0.69

  clock REF_CLK (rise edge)                               0.00       0.00
  clock network delay (ideal)                             0.00       0.00
  clock uncertainty                                       0.10       0.10
  REG_FILE_UNIT/regfile_reg[2][6]/CK (SDFFRQX2M)          0.00       0.10 r
  library hold time                                      -0.24      -0.14
  data required time                                                -0.14
  --------------------------------------------------------------------------
  data required time                                                -0.14
  data arrival time                                                 -0.69
  --------------------------------------------------------------------------
  slack (MET)                                                        0.83


  Startpoint: ALU_UNIT/OUT_VALID_reg
              (rising edge-triggered flip-flop clocked by ALU_CLK)
  Endpoint: DATA_SYNC_UNIT/enable_pulse_reg
            (rising edge-triggered flip-flop clocked by REF_CLK)
  Path Group: REF_CLK
  Path Type: min

  Des/Clust/Port     Wire Load Model       Library
  ------------------------------------------------
  SYS_TOP            tsmc13_wl30           scmetro_tsmc_cl013g_rvt_ss_1p08v_125c

  Point                                                   Incr       Path
  --------------------------------------------------------------------------
  clock ALU_CLK (rise edge)                               0.00       0.00
  clock network delay (ideal)                             0.00       0.00
  ALU_UNIT/OUT_VALID_reg/CK (SDFFRQX4M)                   0.00       0.00 r
  ALU_UNIT/OUT_VALID_reg/Q (SDFFRQX4M)                    0.69       0.69 r
  ALU_UNIT/OUT_VALID (ALU_OPERAND_WIDTH8_OUT_WIDTH16_test_1_test_1_test_1)
                                                          0.00       0.69 r
  DATA_SYNC_UNIT/test_si (DATA_SYNC_NUM_STAGES2_BUS_WIDTH8_test_1_test_1_test_1)
                                                          0.00       0.69 r
  DATA_SYNC_UNIT/enable_pulse_reg/SI (SDFFRQX4M)          0.00       0.69 r
  data arrival time                                                  0.69

  clock REF_CLK (rise edge)                               0.00       0.00
  clock network delay (ideal)                             0.00       0.00
  clock uncertainty                                       0.10       0.10
  DATA_SYNC_UNIT/enable_pulse_reg/CK (SDFFRQX4M)          0.00       0.10 r
  library hold time                                      -0.24      -0.14
  data required time                                                -0.14
  --------------------------------------------------------------------------
  data required time                                                -0.14
  data arrival time                                                 -0.69
  --------------------------------------------------------------------------
  slack (MET)                                                        0.83


  Startpoint: REG_FILE_UNIT/regfile_reg[1][1]
              (rising edge-triggered flip-flop clocked by REF_CLK)
  Endpoint: REG_FILE_UNIT/regfile_reg[1][2]
            (rising edge-triggered flip-flop clocked by REF_CLK)
  Path Group: REF_CLK
  Path Type: min

  Des/Clust/Port     Wire Load Model       Library
  ------------------------------------------------
  SYS_TOP            tsmc13_wl30           scmetro_tsmc_cl013g_rvt_ss_1p08v_125c

  Point                                                   Incr       Path
  --------------------------------------------------------------------------
  clock REF_CLK (rise edge)                               0.00       0.00
  clock network delay (ideal)                             0.00       0.00
  REG_FILE_UNIT/regfile_reg[1][1]/CK (SDFFRQX4M)          0.00       0.00 r
  REG_FILE_UNIT/regfile_reg[1][1]/Q (SDFFRQX4M)           0.76       0.76 r
  REG_FILE_UNIT/regfile_reg[1][2]/SI (SDFFRQX4M)          0.00       0.76 r
  data arrival time                                                  0.76

  clock REF_CLK (rise edge)                               0.00       0.00
  clock network delay (ideal)                             0.00       0.00
  clock uncertainty                                       0.10       0.10
  REG_FILE_UNIT/regfile_reg[1][2]/CK (SDFFRQX4M)          0.00       0.10 r
  library hold time                                      -0.25      -0.15
  data required time                                                -0.15
  --------------------------------------------------------------------------
  data required time                                                -0.15
  data arrival time                                                 -0.76
  --------------------------------------------------------------------------
  slack (MET)                                                        0.91


  Startpoint: REG_FILE_UNIT/regfile_reg[1][3]
              (rising edge-triggered flip-flop clocked by REF_CLK)
  Endpoint: REG_FILE_UNIT/regfile_reg[1][4]
            (rising edge-triggered flip-flop clocked by REF_CLK)
  Path Group: REF_CLK
  Path Type: min

  Des/Clust/Port     Wire Load Model       Library
  ------------------------------------------------
  SYS_TOP            tsmc13_wl30           scmetro_tsmc_cl013g_rvt_ss_1p08v_125c

  Point                                                   Incr       Path
  --------------------------------------------------------------------------
  clock REF_CLK (rise edge)                               0.00       0.00
  clock network delay (ideal)                             0.00       0.00
  REG_FILE_UNIT/regfile_reg[1][3]/CK (SDFFRHQX2M)         0.00       0.00 r
  REG_FILE_UNIT/regfile_reg[1][3]/Q (SDFFRHQX2M)          0.49       0.49 r
  REG_FILE_UNIT/U10/Y (CLKBUFX40M)                        0.36       0.85 r
  REG_FILE_UNIT/regfile_reg[1][4]/SI (SDFFRHQX4M)         0.00       0.85 r
  data arrival time                                                  0.85

  clock REF_CLK (rise edge)                               0.00       0.00
  clock network delay (ideal)                             0.00       0.00
  clock uncertainty                                       0.10       0.10
  REG_FILE_UNIT/regfile_reg[1][4]/CK (SDFFRHQX4M)         0.00       0.10 r
  library hold time                                      -0.16      -0.06
  data required time                                                -0.06
  --------------------------------------------------------------------------
  data required time                                                -0.06
  data arrival time                                                 -0.85
  --------------------------------------------------------------------------
  slack (MET)                                                        0.91


  Startpoint: DATA_SYNC_UNIT/enable_reg_reg[1]
              (rising edge-triggered flip-flop clocked by REF_CLK)
  Endpoint: DATA_SYNC_UNIT/pulse_gen_reg_reg
            (rising edge-triggered flip-flop clocked by REF_CLK)
  Path Group: REF_CLK
  Path Type: min

  Des/Clust/Port     Wire Load Model       Library
  ------------------------------------------------
  SYS_TOP            tsmc13_wl30           scmetro_tsmc_cl013g_rvt_ss_1p08v_125c

  Point                                                   Incr       Path
  --------------------------------------------------------------------------
  clock REF_CLK (rise edge)                               0.00       0.00
  clock network delay (ideal)                             0.00       0.00
  DATA_SYNC_UNIT/enable_reg_reg[1]/CK (SDFFRQX2M)         0.00       0.00 r
  DATA_SYNC_UNIT/enable_reg_reg[1]/Q (SDFFRQX2M)          0.72       0.72 f
  DATA_SYNC_UNIT/pulse_gen_reg_reg/D (SDFFRQX2M)          0.00       0.72 f
  data arrival time                                                  0.72

  clock REF_CLK (rise edge)                               0.00       0.00
  clock network delay (ideal)                             0.00       0.00
  clock uncertainty                                       0.10       0.10
  DATA_SYNC_UNIT/pulse_gen_reg_reg/CK (SDFFRQX2M)         0.00       0.10 r
  library hold time                                      -0.29      -0.19
  data required time                                                -0.19
  --------------------------------------------------------------------------
  data required time                                                -0.19
  data arrival time                                                 -0.72
  --------------------------------------------------------------------------
  slack (MET)                                                        0.91


  Startpoint: REG_FILE_UNIT/regfile_reg[3][6]
              (rising edge-triggered flip-flop clocked by REF_CLK)
  Endpoint: REG_FILE_UNIT/regfile_reg[3][7]
            (rising edge-triggered flip-flop clocked by REF_CLK)
  Path Group: REF_CLK
  Path Type: min

  Des/Clust/Port     Wire Load Model       Library
  ------------------------------------------------
  SYS_TOP            tsmc13_wl30           scmetro_tsmc_cl013g_rvt_ss_1p08v_125c

  Point                                                   Incr       Path
  --------------------------------------------------------------------------
  clock REF_CLK (rise edge)                               0.00       0.00
  clock network delay (ideal)                             0.00       0.00
  REG_FILE_UNIT/regfile_reg[3][6]/CK (SDFFRHQX8M)         0.00       0.00 r
  REG_FILE_UNIT/regfile_reg[3][6]/Q (SDFFRHQX8M)          0.61       0.61 f
  REG_FILE_UNIT/regfile_reg[3][7]/SI (SDFFRHQX8M)         0.00       0.61 f
  data arrival time                                                  0.61

  clock REF_CLK (rise edge)                               0.00       0.00
  clock network delay (ideal)                             0.00       0.00
  clock uncertainty                                       0.10       0.10
  REG_FILE_UNIT/regfile_reg[3][7]/CK (SDFFRHQX8M)         0.00       0.10 r
  library hold time                                      -0.41      -0.31
  data required time                                                -0.31
  --------------------------------------------------------------------------
  data required time                                                -0.31
  data arrival time                                                 -0.61
  --------------------------------------------------------------------------
  slack (MET)                                                        0.92


  Startpoint: REG_FILE_UNIT/regfile_reg[1][2]
              (rising edge-triggered flip-flop clocked by REF_CLK)
  Endpoint: REG_FILE_UNIT/regfile_reg[1][3]
            (rising edge-triggered flip-flop clocked by REF_CLK)
  Path Group: REF_CLK
  Path Type: min

  Des/Clust/Port     Wire Load Model       Library
  ------------------------------------------------
  SYS_TOP            tsmc13_wl30           scmetro_tsmc_cl013g_rvt_ss_1p08v_125c

  Point                                                   Incr       Path
  --------------------------------------------------------------------------
  clock REF_CLK (rise edge)                               0.00       0.00
  clock network delay (ideal)                             0.00       0.00
  REG_FILE_UNIT/regfile_reg[1][2]/CK (SDFFRQX4M)          0.00       0.00 r
  REG_FILE_UNIT/regfile_reg[1][2]/Q (SDFFRQX4M)           0.86       0.86 r
  REG_FILE_UNIT/regfile_reg[1][3]/SI (SDFFRHQX2M)         0.00       0.86 r
  data arrival time                                                  0.86

  clock REF_CLK (rise edge)                               0.00       0.00
  clock network delay (ideal)                             0.00       0.00
  clock uncertainty                                       0.10       0.10
  REG_FILE_UNIT/regfile_reg[1][3]/CK (SDFFRHQX2M)         0.00       0.10 r
  library hold time                                      -0.19      -0.09
  data required time                                                -0.09
  --------------------------------------------------------------------------
  data required time                                                -0.09
  data arrival time                                                 -0.86
  --------------------------------------------------------------------------
  slack (MET)                                                        0.96


  Startpoint: FIFO_UNIT/wptr_full/wbin_reg[3]
              (rising edge-triggered flip-flop clocked by REF_CLK)
  Endpoint: FIFO_UNIT/wptr_full/wfull_reg
            (rising edge-triggered flip-flop clocked by REF_CLK)
  Path Group: REF_CLK
  Path Type: min

  Des/Clust/Port     Wire Load Model       Library
  ------------------------------------------------
  SYS_TOP            tsmc13_wl30           scmetro_tsmc_cl013g_rvt_ss_1p08v_125c

  Point                                                   Incr       Path
  --------------------------------------------------------------------------
  clock REF_CLK (rise edge)                               0.00       0.00
  clock network delay (ideal)                             0.00       0.00
  FIFO_UNIT/wptr_full/wbin_reg[3]/CK (SDFFRQX2M)          0.00       0.00 r
  FIFO_UNIT/wptr_full/wbin_reg[3]/Q (SDFFRQX2M)           0.73       0.73 f
  FIFO_UNIT/wptr_full/wfull_reg/SI (SDFFRQX4M)            0.00       0.73 f
  data arrival time                                                  0.73

  clock REF_CLK (rise edge)                               0.00       0.00
  clock network delay (ideal)                             0.00       0.00
  clock uncertainty                                       0.10       0.10
  FIFO_UNIT/wptr_full/wfull_reg/CK (SDFFRQX4M)            0.00       0.10 r
  library hold time                                      -0.35      -0.25
  data required time                                                -0.25
  --------------------------------------------------------------------------
  data required time                                                -0.25
  data arrival time                                                 -0.73
  --------------------------------------------------------------------------
  slack (MET)                                                        0.98


  Startpoint: DATA_SYNC_UNIT/pulse_gen_reg_reg
              (rising edge-triggered flip-flop clocked by REF_CLK)
  Endpoint: DATA_SYNC_UNIT/sync_bus_reg[0]
            (rising edge-triggered flip-flop clocked by REF_CLK)
  Path Group: REF_CLK
  Path Type: min

  Des/Clust/Port     Wire Load Model       Library
  ------------------------------------------------
  SYS_TOP            tsmc13_wl30           scmetro_tsmc_cl013g_rvt_ss_1p08v_125c

  Point                                                   Incr       Path
  --------------------------------------------------------------------------
  clock REF_CLK (rise edge)                               0.00       0.00
  clock network delay (ideal)                             0.00       0.00
  DATA_SYNC_UNIT/pulse_gen_reg_reg/CK (SDFFRQX2M)         0.00       0.00 r
  DATA_SYNC_UNIT/pulse_gen_reg_reg/Q (SDFFRQX2M)          0.73       0.73 f
  DATA_SYNC_UNIT/sync_bus_reg[0]/SI (SDFFRQX4M)           0.00       0.73 f
  data arrival time                                                  0.73

  clock REF_CLK (rise edge)                               0.00       0.00
  clock network delay (ideal)                             0.00       0.00
  clock uncertainty                                       0.10       0.10
  DATA_SYNC_UNIT/sync_bus_reg[0]/CK (SDFFRQX4M)           0.00       0.10 r
  library hold time                                      -0.35      -0.25
  data required time                                                -0.25
  --------------------------------------------------------------------------
  data required time                                                -0.25
  data arrival time                                                 -0.73
  --------------------------------------------------------------------------
  slack (MET)                                                        0.98


  Startpoint: SYS_CTRL_UNIT/Address_STORED_reg[3]
              (rising edge-triggered flip-flop clocked by REF_CLK)
  Endpoint: SYS_CTRL_UNIT/Current_State_reg[0]
            (rising edge-triggered flip-flop clocked by REF_CLK)
  Path Group: REF_CLK
  Path Type: min

  Des/Clust/Port     Wire Load Model       Library
  ------------------------------------------------
  SYS_TOP            tsmc13_wl30           scmetro_tsmc_cl013g_rvt_ss_1p08v_125c

  Point                                                   Incr       Path
  --------------------------------------------------------------------------
  clock REF_CLK (rise edge)                               0.00       0.00
  clock network delay (ideal)                             0.00       0.00
  SYS_CTRL_UNIT/Address_STORED_reg[3]/CK (SDFFRQX2M)      0.00       0.00 r
  SYS_CTRL_UNIT/Address_STORED_reg[3]/Q (SDFFRQX2M)       0.73       0.73 f
  SYS_CTRL_UNIT/Current_State_reg[0]/SI (SDFFRQX4M)       0.00       0.73 f
  data arrival time                                                  0.73

  clock REF_CLK (rise edge)                               0.00       0.00
  clock network delay (ideal)                             0.00       0.00
  clock uncertainty                                       0.10       0.10
  SYS_CTRL_UNIT/Current_State_reg[0]/CK (SDFFRQX4M)       0.00       0.10 r
  library hold time                                      -0.35      -0.25
  data required time                                                -0.25
  --------------------------------------------------------------------------
  data required time                                                -0.25
  data arrival time                                                 -0.73
  --------------------------------------------------------------------------
  slack (MET)                                                        0.98


  Startpoint: DATA_SYNC_UNIT/enable_reg_reg[1]
              (rising edge-triggered flip-flop clocked by REF_CLK)
  Endpoint: DATA_SYNC_UNIT/pulse_gen_reg_reg
            (rising edge-triggered flip-flop clocked by REF_CLK)
  Path Group: REF_CLK
  Path Type: min

  Des/Clust/Port     Wire Load Model       Library
  ------------------------------------------------
  SYS_TOP            tsmc13_wl30           scmetro_tsmc_cl013g_rvt_ss_1p08v_125c

  Point                                                   Incr       Path
  --------------------------------------------------------------------------
  clock REF_CLK (rise edge)                               0.00       0.00
  clock network delay (ideal)                             0.00       0.00
  DATA_SYNC_UNIT/enable_reg_reg[1]/CK (SDFFRQX2M)         0.00       0.00 r
  DATA_SYNC_UNIT/enable_reg_reg[1]/Q (SDFFRQX2M)          0.72       0.72 f
  DATA_SYNC_UNIT/pulse_gen_reg_reg/SI (SDFFRQX2M)         0.00       0.72 f
  data arrival time                                                  0.72

  clock REF_CLK (rise edge)                               0.00       0.00
  clock network delay (ideal)                             0.00       0.00
  clock uncertainty                                       0.10       0.10
  DATA_SYNC_UNIT/pulse_gen_reg_reg/CK (SDFFRQX2M)         0.00       0.10 r
  library hold time                                      -0.36      -0.26
  data required time                                                -0.26
  --------------------------------------------------------------------------
  data required time                                                -0.26
  data arrival time                                                 -0.72
  --------------------------------------------------------------------------
  slack (MET)                                                        0.98


  Startpoint: FIFO_UNIT/sync_r2w/wq1_rptr_reg[2]
              (rising edge-triggered flip-flop clocked by REF_CLK)
  Endpoint: FIFO_UNIT/sync_r2w/wq1_rptr_reg[3]
            (rising edge-triggered flip-flop clocked by REF_CLK)
  Path Group: REF_CLK
  Path Type: min

  Des/Clust/Port     Wire Load Model       Library
  ------------------------------------------------
  SYS_TOP            tsmc13_wl30           scmetro_tsmc_cl013g_rvt_ss_1p08v_125c

  Point                                                   Incr       Path
  --------------------------------------------------------------------------
  clock REF_CLK (rise edge)                               0.00       0.00
  clock network delay (ideal)                             0.00       0.00
  FIFO_UNIT/sync_r2w/wq1_rptr_reg[2]/CK (SDFFRQX2M)       0.00       0.00 r
  FIFO_UNIT/sync_r2w/wq1_rptr_reg[2]/Q (SDFFRQX2M)        0.73       0.73 f
  FIFO_UNIT/sync_r2w/wq1_rptr_reg[3]/SI (SDFFRQX2M)       0.00       0.73 f
  data arrival time                                                  0.73

  clock REF_CLK (rise edge)                               0.00       0.00
  clock network delay (ideal)                             0.00       0.00
  clock uncertainty                                       0.10       0.10
  FIFO_UNIT/sync_r2w/wq1_rptr_reg[3]/CK (SDFFRQX2M)       0.00       0.10 r
  library hold time                                      -0.36      -0.26
  data required time                                                -0.26
  --------------------------------------------------------------------------
  data required time                                                -0.26
  data arrival time                                                 -0.73
  --------------------------------------------------------------------------
  slack (MET)                                                        0.99


  Startpoint: FIFO_UNIT/sync_r2w/wq1_rptr_reg[1]
              (rising edge-triggered flip-flop clocked by REF_CLK)
  Endpoint: FIFO_UNIT/sync_r2w/wq1_rptr_reg[2]
            (rising edge-triggered flip-flop clocked by REF_CLK)
  Path Group: REF_CLK
  Path Type: min

  Des/Clust/Port     Wire Load Model       Library
  ------------------------------------------------
  SYS_TOP            tsmc13_wl30           scmetro_tsmc_cl013g_rvt_ss_1p08v_125c

  Point                                                   Incr       Path
  --------------------------------------------------------------------------
  clock REF_CLK (rise edge)                               0.00       0.00
  clock network delay (ideal)                             0.00       0.00
  FIFO_UNIT/sync_r2w/wq1_rptr_reg[1]/CK (SDFFRQX2M)       0.00       0.00 r
  FIFO_UNIT/sync_r2w/wq1_rptr_reg[1]/Q (SDFFRQX2M)        0.73       0.73 f
  FIFO_UNIT/sync_r2w/wq1_rptr_reg[2]/SI (SDFFRQX2M)       0.00       0.73 f
  data arrival time                                                  0.73

  clock REF_CLK (rise edge)                               0.00       0.00
  clock network delay (ideal)                             0.00       0.00
  clock uncertainty                                       0.10       0.10
  FIFO_UNIT/sync_r2w/wq1_rptr_reg[2]/CK (SDFFRQX2M)       0.00       0.10 r
  library hold time                                      -0.36      -0.26
  data required time                                                -0.26
  --------------------------------------------------------------------------
  data required time                                                -0.26
  data arrival time                                                 -0.73
  --------------------------------------------------------------------------
  slack (MET)                                                        0.99


  Startpoint: FIFO_UNIT/sync_r2w/wq1_rptr_reg[0]
              (rising edge-triggered flip-flop clocked by REF_CLK)
  Endpoint: FIFO_UNIT/sync_r2w/wq1_rptr_reg[1]
            (rising edge-triggered flip-flop clocked by REF_CLK)
  Path Group: REF_CLK
  Path Type: min

  Des/Clust/Port     Wire Load Model       Library
  ------------------------------------------------
  SYS_TOP            tsmc13_wl30           scmetro_tsmc_cl013g_rvt_ss_1p08v_125c

  Point                                                   Incr       Path
  --------------------------------------------------------------------------
  clock REF_CLK (rise edge)                               0.00       0.00
  clock network delay (ideal)                             0.00       0.00
  FIFO_UNIT/sync_r2w/wq1_rptr_reg[0]/CK (SDFFRQX2M)       0.00       0.00 r
  FIFO_UNIT/sync_r2w/wq1_rptr_reg[0]/Q (SDFFRQX2M)        0.73       0.73 f
  FIFO_UNIT/sync_r2w/wq1_rptr_reg[1]/SI (SDFFRQX2M)       0.00       0.73 f
  data arrival time                                                  0.73

  clock REF_CLK (rise edge)                               0.00       0.00
  clock network delay (ideal)                             0.00       0.00
  clock uncertainty                                       0.10       0.10
  FIFO_UNIT/sync_r2w/wq1_rptr_reg[1]/CK (SDFFRQX2M)       0.00       0.10 r
  library hold time                                      -0.36      -0.26
  data required time                                                -0.26
  --------------------------------------------------------------------------
  data required time                                                -0.26
  data arrival time                                                 -0.73
  --------------------------------------------------------------------------
  slack (MET)                                                        0.99


  Startpoint: FIFO_UNIT/sync_r2w/wq1_rptr_reg[3]
              (rising edge-triggered flip-flop clocked by REF_CLK)
  Endpoint: FIFO_UNIT/sync_r2w/wq2_rptr_reg[0]
            (rising edge-triggered flip-flop clocked by REF_CLK)
  Path Group: REF_CLK
  Path Type: min

  Des/Clust/Port     Wire Load Model       Library
  ------------------------------------------------
  SYS_TOP            tsmc13_wl30           scmetro_tsmc_cl013g_rvt_ss_1p08v_125c

  Point                                                   Incr       Path
  --------------------------------------------------------------------------
  clock REF_CLK (rise edge)                               0.00       0.00
  clock network delay (ideal)                             0.00       0.00
  FIFO_UNIT/sync_r2w/wq1_rptr_reg[3]/CK (SDFFRQX2M)       0.00       0.00 r
  FIFO_UNIT/sync_r2w/wq1_rptr_reg[3]/Q (SDFFRQX2M)        0.73       0.73 f
  FIFO_UNIT/sync_r2w/wq2_rptr_reg[0]/SI (SDFFRQX2M)       0.00       0.73 f
  data arrival time                                                  0.73

  clock REF_CLK (rise edge)                               0.00       0.00
  clock network delay (ideal)                             0.00       0.00
  clock uncertainty                                       0.10       0.10
  FIFO_UNIT/sync_r2w/wq2_rptr_reg[0]/CK (SDFFRQX2M)       0.00       0.10 r
  library hold time                                      -0.36      -0.26
  data required time                                                -0.26
  --------------------------------------------------------------------------
  data required time                                                -0.26
  data arrival time                                                 -0.73
  --------------------------------------------------------------------------
  slack (MET)                                                        0.99


  Startpoint: FIFO_UNIT/fifomem/mem_reg[5][6]
              (rising edge-triggered flip-flop clocked by REF_CLK)
  Endpoint: FIFO_UNIT/fifomem/mem_reg[5][7]
            (rising edge-triggered flip-flop clocked by REF_CLK)
  Path Group: REF_CLK
  Path Type: min

  Des/Clust/Port     Wire Load Model       Library
  ------------------------------------------------
  SYS_TOP            tsmc13_wl30           scmetro_tsmc_cl013g_rvt_ss_1p08v_125c

  Point                                                   Incr       Path
  --------------------------------------------------------------------------
  clock REF_CLK (rise edge)                               0.00       0.00
  clock network delay (ideal)                             0.00       0.00
  FIFO_UNIT/fifomem/mem_reg[5][6]/CK (SDFFRQX2M)          0.00       0.00 r
  FIFO_UNIT/fifomem/mem_reg[5][6]/Q (SDFFRQX2M)           0.73       0.73 f
  FIFO_UNIT/fifomem/mem_reg[5][7]/SI (SDFFRQX2M)          0.00       0.73 f
  data arrival time                                                  0.73

  clock REF_CLK (rise edge)                               0.00       0.00
  clock network delay (ideal)                             0.00       0.00
  clock uncertainty                                       0.10       0.10
  FIFO_UNIT/fifomem/mem_reg[5][7]/CK (SDFFRQX2M)          0.00       0.10 r
  library hold time                                      -0.36      -0.26
  data required time                                                -0.26
  --------------------------------------------------------------------------
  data required time                                                -0.26
  data arrival time                                                 -0.73
  --------------------------------------------------------------------------
  slack (MET)                                                        0.99


  Startpoint: FIFO_UNIT/fifomem/mem_reg[5][5]
              (rising edge-triggered flip-flop clocked by REF_CLK)
  Endpoint: FIFO_UNIT/fifomem/mem_reg[5][6]
            (rising edge-triggered flip-flop clocked by REF_CLK)
  Path Group: REF_CLK
  Path Type: min

  Des/Clust/Port     Wire Load Model       Library
  ------------------------------------------------
  SYS_TOP            tsmc13_wl30           scmetro_tsmc_cl013g_rvt_ss_1p08v_125c

  Point                                                   Incr       Path
  --------------------------------------------------------------------------
  clock REF_CLK (rise edge)                               0.00       0.00
  clock network delay (ideal)                             0.00       0.00
  FIFO_UNIT/fifomem/mem_reg[5][5]/CK (SDFFRQX2M)          0.00       0.00 r
  FIFO_UNIT/fifomem/mem_reg[5][5]/Q (SDFFRQX2M)           0.73       0.73 f
  FIFO_UNIT/fifomem/mem_reg[5][6]/SI (SDFFRQX2M)          0.00       0.73 f
  data arrival time                                                  0.73

  clock REF_CLK (rise edge)                               0.00       0.00
  clock network delay (ideal)                             0.00       0.00
  clock uncertainty                                       0.10       0.10
  FIFO_UNIT/fifomem/mem_reg[5][6]/CK (SDFFRQX2M)          0.00       0.10 r
  library hold time                                      -0.36      -0.26
  data required time                                                -0.26
  --------------------------------------------------------------------------
  data required time                                                -0.26
  data arrival time                                                 -0.73
  --------------------------------------------------------------------------
  slack (MET)                                                        0.99


  Startpoint: FIFO_UNIT/fifomem/mem_reg[5][4]
              (rising edge-triggered flip-flop clocked by REF_CLK)
  Endpoint: FIFO_UNIT/fifomem/mem_reg[5][5]
            (rising edge-triggered flip-flop clocked by REF_CLK)
  Path Group: REF_CLK
  Path Type: min

  Des/Clust/Port     Wire Load Model       Library
  ------------------------------------------------
  SYS_TOP            tsmc13_wl30           scmetro_tsmc_cl013g_rvt_ss_1p08v_125c

  Point                                                   Incr       Path
  --------------------------------------------------------------------------
  clock REF_CLK (rise edge)                               0.00       0.00
  clock network delay (ideal)                             0.00       0.00
  FIFO_UNIT/fifomem/mem_reg[5][4]/CK (SDFFRQX2M)          0.00       0.00 r
  FIFO_UNIT/fifomem/mem_reg[5][4]/Q (SDFFRQX2M)           0.73       0.73 f
  FIFO_UNIT/fifomem/mem_reg[5][5]/SI (SDFFRQX2M)          0.00       0.73 f
  data arrival time                                                  0.73

  clock REF_CLK (rise edge)                               0.00       0.00
  clock network delay (ideal)                             0.00       0.00
  clock uncertainty                                       0.10       0.10
  FIFO_UNIT/fifomem/mem_reg[5][5]/CK (SDFFRQX2M)          0.00       0.10 r
  library hold time                                      -0.36      -0.26
  data required time                                                -0.26
  --------------------------------------------------------------------------
  data required time                                                -0.26
  data arrival time                                                 -0.73
  --------------------------------------------------------------------------
  slack (MET)                                                        0.99


  Startpoint: FIFO_UNIT/fifomem/mem_reg[5][3]
              (rising edge-triggered flip-flop clocked by REF_CLK)
  Endpoint: FIFO_UNIT/fifomem/mem_reg[5][4]
            (rising edge-triggered flip-flop clocked by REF_CLK)
  Path Group: REF_CLK
  Path Type: min

  Des/Clust/Port     Wire Load Model       Library
  ------------------------------------------------
  SYS_TOP            tsmc13_wl30           scmetro_tsmc_cl013g_rvt_ss_1p08v_125c

  Point                                                   Incr       Path
  --------------------------------------------------------------------------
  clock REF_CLK (rise edge)                               0.00       0.00
  clock network delay (ideal)                             0.00       0.00
  FIFO_UNIT/fifomem/mem_reg[5][3]/CK (SDFFRQX2M)          0.00       0.00 r
  FIFO_UNIT/fifomem/mem_reg[5][3]/Q (SDFFRQX2M)           0.73       0.73 f
  FIFO_UNIT/fifomem/mem_reg[5][4]/SI (SDFFRQX2M)          0.00       0.73 f
  data arrival time                                                  0.73

  clock REF_CLK (rise edge)                               0.00       0.00
  clock network delay (ideal)                             0.00       0.00
  clock uncertainty                                       0.10       0.10
  FIFO_UNIT/fifomem/mem_reg[5][4]/CK (SDFFRQX2M)          0.00       0.10 r
  library hold time                                      -0.36      -0.26
  data required time                                                -0.26
  --------------------------------------------------------------------------
  data required time                                                -0.26
  data arrival time                                                 -0.73
  --------------------------------------------------------------------------
  slack (MET)                                                        0.99


  Startpoint: FIFO_UNIT/fifomem/mem_reg[5][2]
              (rising edge-triggered flip-flop clocked by REF_CLK)
  Endpoint: FIFO_UNIT/fifomem/mem_reg[5][3]
            (rising edge-triggered flip-flop clocked by REF_CLK)
  Path Group: REF_CLK
  Path Type: min

  Des/Clust/Port     Wire Load Model       Library
  ------------------------------------------------
  SYS_TOP            tsmc13_wl30           scmetro_tsmc_cl013g_rvt_ss_1p08v_125c

  Point                                                   Incr       Path
  --------------------------------------------------------------------------
  clock REF_CLK (rise edge)                               0.00       0.00
  clock network delay (ideal)                             0.00       0.00
  FIFO_UNIT/fifomem/mem_reg[5][2]/CK (SDFFRQX2M)          0.00       0.00 r
  FIFO_UNIT/fifomem/mem_reg[5][2]/Q (SDFFRQX2M)           0.73       0.73 f
  FIFO_UNIT/fifomem/mem_reg[5][3]/SI (SDFFRQX2M)          0.00       0.73 f
  data arrival time                                                  0.73

  clock REF_CLK (rise edge)                               0.00       0.00
  clock network delay (ideal)                             0.00       0.00
  clock uncertainty                                       0.10       0.10
  FIFO_UNIT/fifomem/mem_reg[5][3]/CK (SDFFRQX2M)          0.00       0.10 r
  library hold time                                      -0.36      -0.26
  data required time                                                -0.26
  --------------------------------------------------------------------------
  data required time                                                -0.26
  data arrival time                                                 -0.73
  --------------------------------------------------------------------------
  slack (MET)                                                        0.99


  Startpoint: FIFO_UNIT/fifomem/mem_reg[5][1]
              (rising edge-triggered flip-flop clocked by REF_CLK)
  Endpoint: FIFO_UNIT/fifomem/mem_reg[5][2]
            (rising edge-triggered flip-flop clocked by REF_CLK)
  Path Group: REF_CLK
  Path Type: min

  Des/Clust/Port     Wire Load Model       Library
  ------------------------------------------------
  SYS_TOP            tsmc13_wl30           scmetro_tsmc_cl013g_rvt_ss_1p08v_125c

  Point                                                   Incr       Path
  --------------------------------------------------------------------------
  clock REF_CLK (rise edge)                               0.00       0.00
  clock network delay (ideal)                             0.00       0.00
  FIFO_UNIT/fifomem/mem_reg[5][1]/CK (SDFFRQX2M)          0.00       0.00 r
  FIFO_UNIT/fifomem/mem_reg[5][1]/Q (SDFFRQX2M)           0.73       0.73 f
  FIFO_UNIT/fifomem/mem_reg[5][2]/SI (SDFFRQX2M)          0.00       0.73 f
  data arrival time                                                  0.73

  clock REF_CLK (rise edge)                               0.00       0.00
  clock network delay (ideal)                             0.00       0.00
  clock uncertainty                                       0.10       0.10
  FIFO_UNIT/fifomem/mem_reg[5][2]/CK (SDFFRQX2M)          0.00       0.10 r
  library hold time                                      -0.36      -0.26
  data required time                                                -0.26
  --------------------------------------------------------------------------
  data required time                                                -0.26
  data arrival time                                                 -0.73
  --------------------------------------------------------------------------
  slack (MET)                                                        0.99


  Startpoint: FIFO_UNIT/fifomem/mem_reg[5][0]
              (rising edge-triggered flip-flop clocked by REF_CLK)
  Endpoint: FIFO_UNIT/fifomem/mem_reg[5][1]
            (rising edge-triggered flip-flop clocked by REF_CLK)
  Path Group: REF_CLK
  Path Type: min

  Des/Clust/Port     Wire Load Model       Library
  ------------------------------------------------
  SYS_TOP            tsmc13_wl30           scmetro_tsmc_cl013g_rvt_ss_1p08v_125c

  Point                                                   Incr       Path
  --------------------------------------------------------------------------
  clock REF_CLK (rise edge)                               0.00       0.00
  clock network delay (ideal)                             0.00       0.00
  FIFO_UNIT/fifomem/mem_reg[5][0]/CK (SDFFRQX2M)          0.00       0.00 r
  FIFO_UNIT/fifomem/mem_reg[5][0]/Q (SDFFRQX2M)           0.73       0.73 f
  FIFO_UNIT/fifomem/mem_reg[5][1]/SI (SDFFRQX2M)          0.00       0.73 f
  data arrival time                                                  0.73

  clock REF_CLK (rise edge)                               0.00       0.00
  clock network delay (ideal)                             0.00       0.00
  clock uncertainty                                       0.10       0.10
  FIFO_UNIT/fifomem/mem_reg[5][1]/CK (SDFFRQX2M)          0.00       0.10 r
  library hold time                                      -0.36      -0.26
  data required time                                                -0.26
  --------------------------------------------------------------------------
  data required time                                                -0.26
  data arrival time                                                 -0.73
  --------------------------------------------------------------------------
  slack (MET)                                                        0.99


  Startpoint: FIFO_UNIT/fifomem/mem_reg[4][7]
              (rising edge-triggered flip-flop clocked by REF_CLK)
  Endpoint: FIFO_UNIT/fifomem/mem_reg[5][0]
            (rising edge-triggered flip-flop clocked by REF_CLK)
  Path Group: REF_CLK
  Path Type: min

  Des/Clust/Port     Wire Load Model       Library
  ------------------------------------------------
  SYS_TOP            tsmc13_wl30           scmetro_tsmc_cl013g_rvt_ss_1p08v_125c

  Point                                                   Incr       Path
  --------------------------------------------------------------------------
  clock REF_CLK (rise edge)                               0.00       0.00
  clock network delay (ideal)                             0.00       0.00
  FIFO_UNIT/fifomem/mem_reg[4][7]/CK (SDFFRQX2M)          0.00       0.00 r
  FIFO_UNIT/fifomem/mem_reg[4][7]/Q (SDFFRQX2M)           0.73       0.73 f
  FIFO_UNIT/fifomem/mem_reg[5][0]/SI (SDFFRQX2M)          0.00       0.73 f
  data arrival time                                                  0.73

  clock REF_CLK (rise edge)                               0.00       0.00
  clock network delay (ideal)                             0.00       0.00
  clock uncertainty                                       0.10       0.10
  FIFO_UNIT/fifomem/mem_reg[5][0]/CK (SDFFRQX2M)          0.00       0.10 r
  library hold time                                      -0.36      -0.26
  data required time                                                -0.26
  --------------------------------------------------------------------------
  data required time                                                -0.26
  data arrival time                                                 -0.73
  --------------------------------------------------------------------------
  slack (MET)                                                        0.99


  Startpoint: FIFO_UNIT/fifomem/mem_reg[4][6]
              (rising edge-triggered flip-flop clocked by REF_CLK)
  Endpoint: FIFO_UNIT/fifomem/mem_reg[4][7]
            (rising edge-triggered flip-flop clocked by REF_CLK)
  Path Group: REF_CLK
  Path Type: min

  Des/Clust/Port     Wire Load Model       Library
  ------------------------------------------------
  SYS_TOP            tsmc13_wl30           scmetro_tsmc_cl013g_rvt_ss_1p08v_125c

  Point                                                   Incr       Path
  --------------------------------------------------------------------------
  clock REF_CLK (rise edge)                               0.00       0.00
  clock network delay (ideal)                             0.00       0.00
  FIFO_UNIT/fifomem/mem_reg[4][6]/CK (SDFFRQX2M)          0.00       0.00 r
  FIFO_UNIT/fifomem/mem_reg[4][6]/Q (SDFFRQX2M)           0.73       0.73 f
  FIFO_UNIT/fifomem/mem_reg[4][7]/SI (SDFFRQX2M)          0.00       0.73 f
  data arrival time                                                  0.73

  clock REF_CLK (rise edge)                               0.00       0.00
  clock network delay (ideal)                             0.00       0.00
  clock uncertainty                                       0.10       0.10
  FIFO_UNIT/fifomem/mem_reg[4][7]/CK (SDFFRQX2M)          0.00       0.10 r
  library hold time                                      -0.36      -0.26
  data required time                                                -0.26
  --------------------------------------------------------------------------
  data required time                                                -0.26
  data arrival time                                                 -0.73
  --------------------------------------------------------------------------
  slack (MET)                                                        0.99


  Startpoint: FIFO_UNIT/fifomem/mem_reg[4][5]
              (rising edge-triggered flip-flop clocked by REF_CLK)
  Endpoint: FIFO_UNIT/fifomem/mem_reg[4][6]
            (rising edge-triggered flip-flop clocked by REF_CLK)
  Path Group: REF_CLK
  Path Type: min

  Des/Clust/Port     Wire Load Model       Library
  ------------------------------------------------
  SYS_TOP            tsmc13_wl30           scmetro_tsmc_cl013g_rvt_ss_1p08v_125c

  Point                                                   Incr       Path
  --------------------------------------------------------------------------
  clock REF_CLK (rise edge)                               0.00       0.00
  clock network delay (ideal)                             0.00       0.00
  FIFO_UNIT/fifomem/mem_reg[4][5]/CK (SDFFRQX2M)          0.00       0.00 r
  FIFO_UNIT/fifomem/mem_reg[4][5]/Q (SDFFRQX2M)           0.73       0.73 f
  FIFO_UNIT/fifomem/mem_reg[4][6]/SI (SDFFRQX2M)          0.00       0.73 f
  data arrival time                                                  0.73

  clock REF_CLK (rise edge)                               0.00       0.00
  clock network delay (ideal)                             0.00       0.00
  clock uncertainty                                       0.10       0.10
  FIFO_UNIT/fifomem/mem_reg[4][6]/CK (SDFFRQX2M)          0.00       0.10 r
  library hold time                                      -0.36      -0.26
  data required time                                                -0.26
  --------------------------------------------------------------------------
  data required time                                                -0.26
  data arrival time                                                 -0.73
  --------------------------------------------------------------------------
  slack (MET)                                                        0.99


  Startpoint: FIFO_UNIT/fifomem/mem_reg[4][4]
              (rising edge-triggered flip-flop clocked by REF_CLK)
  Endpoint: FIFO_UNIT/fifomem/mem_reg[4][5]
            (rising edge-triggered flip-flop clocked by REF_CLK)
  Path Group: REF_CLK
  Path Type: min

  Des/Clust/Port     Wire Load Model       Library
  ------------------------------------------------
  SYS_TOP            tsmc13_wl30           scmetro_tsmc_cl013g_rvt_ss_1p08v_125c

  Point                                                   Incr       Path
  --------------------------------------------------------------------------
  clock REF_CLK (rise edge)                               0.00       0.00
  clock network delay (ideal)                             0.00       0.00
  FIFO_UNIT/fifomem/mem_reg[4][4]/CK (SDFFRQX2M)          0.00       0.00 r
  FIFO_UNIT/fifomem/mem_reg[4][4]/Q (SDFFRQX2M)           0.73       0.73 f
  FIFO_UNIT/fifomem/mem_reg[4][5]/SI (SDFFRQX2M)          0.00       0.73 f
  data arrival time                                                  0.73

  clock REF_CLK (rise edge)                               0.00       0.00
  clock network delay (ideal)                             0.00       0.00
  clock uncertainty                                       0.10       0.10
  FIFO_UNIT/fifomem/mem_reg[4][5]/CK (SDFFRQX2M)          0.00       0.10 r
  library hold time                                      -0.36      -0.26
  data required time                                                -0.26
  --------------------------------------------------------------------------
  data required time                                                -0.26
  data arrival time                                                 -0.73
  --------------------------------------------------------------------------
  slack (MET)                                                        0.99


  Startpoint: FIFO_UNIT/fifomem/mem_reg[4][3]
              (rising edge-triggered flip-flop clocked by REF_CLK)
  Endpoint: FIFO_UNIT/fifomem/mem_reg[4][4]
            (rising edge-triggered flip-flop clocked by REF_CLK)
  Path Group: REF_CLK
  Path Type: min

  Des/Clust/Port     Wire Load Model       Library
  ------------------------------------------------
  SYS_TOP            tsmc13_wl30           scmetro_tsmc_cl013g_rvt_ss_1p08v_125c

  Point                                                   Incr       Path
  --------------------------------------------------------------------------
  clock REF_CLK (rise edge)                               0.00       0.00
  clock network delay (ideal)                             0.00       0.00
  FIFO_UNIT/fifomem/mem_reg[4][3]/CK (SDFFRQX2M)          0.00       0.00 r
  FIFO_UNIT/fifomem/mem_reg[4][3]/Q (SDFFRQX2M)           0.73       0.73 f
  FIFO_UNIT/fifomem/mem_reg[4][4]/SI (SDFFRQX2M)          0.00       0.73 f
  data arrival time                                                  0.73

  clock REF_CLK (rise edge)                               0.00       0.00
  clock network delay (ideal)                             0.00       0.00
  clock uncertainty                                       0.10       0.10
  FIFO_UNIT/fifomem/mem_reg[4][4]/CK (SDFFRQX2M)          0.00       0.10 r
  library hold time                                      -0.36      -0.26
  data required time                                                -0.26
  --------------------------------------------------------------------------
  data required time                                                -0.26
  data arrival time                                                 -0.73
  --------------------------------------------------------------------------
  slack (MET)                                                        0.99


  Startpoint: FIFO_UNIT/fifomem/mem_reg[4][2]
              (rising edge-triggered flip-flop clocked by REF_CLK)
  Endpoint: FIFO_UNIT/fifomem/mem_reg[4][3]
            (rising edge-triggered flip-flop clocked by REF_CLK)
  Path Group: REF_CLK
  Path Type: min

  Des/Clust/Port     Wire Load Model       Library
  ------------------------------------------------
  SYS_TOP            tsmc13_wl30           scmetro_tsmc_cl013g_rvt_ss_1p08v_125c

  Point                                                   Incr       Path
  --------------------------------------------------------------------------
  clock REF_CLK (rise edge)                               0.00       0.00
  clock network delay (ideal)                             0.00       0.00
  FIFO_UNIT/fifomem/mem_reg[4][2]/CK (SDFFRQX2M)          0.00       0.00 r
  FIFO_UNIT/fifomem/mem_reg[4][2]/Q (SDFFRQX2M)           0.73       0.73 f
  FIFO_UNIT/fifomem/mem_reg[4][3]/SI (SDFFRQX2M)          0.00       0.73 f
  data arrival time                                                  0.73

  clock REF_CLK (rise edge)                               0.00       0.00
  clock network delay (ideal)                             0.00       0.00
  clock uncertainty                                       0.10       0.10
  FIFO_UNIT/fifomem/mem_reg[4][3]/CK (SDFFRQX2M)          0.00       0.10 r
  library hold time                                      -0.36      -0.26
  data required time                                                -0.26
  --------------------------------------------------------------------------
  data required time                                                -0.26
  data arrival time                                                 -0.73
  --------------------------------------------------------------------------
  slack (MET)                                                        0.99


  Startpoint: FIFO_UNIT/fifomem/mem_reg[4][1]
              (rising edge-triggered flip-flop clocked by REF_CLK)
  Endpoint: FIFO_UNIT/fifomem/mem_reg[4][2]
            (rising edge-triggered flip-flop clocked by REF_CLK)
  Path Group: REF_CLK
  Path Type: min

  Des/Clust/Port     Wire Load Model       Library
  ------------------------------------------------
  SYS_TOP            tsmc13_wl30           scmetro_tsmc_cl013g_rvt_ss_1p08v_125c

  Point                                                   Incr       Path
  --------------------------------------------------------------------------
  clock REF_CLK (rise edge)                               0.00       0.00
  clock network delay (ideal)                             0.00       0.00
  FIFO_UNIT/fifomem/mem_reg[4][1]/CK (SDFFRQX2M)          0.00       0.00 r
  FIFO_UNIT/fifomem/mem_reg[4][1]/Q (SDFFRQX2M)           0.73       0.73 f
  FIFO_UNIT/fifomem/mem_reg[4][2]/SI (SDFFRQX2M)          0.00       0.73 f
  data arrival time                                                  0.73

  clock REF_CLK (rise edge)                               0.00       0.00
  clock network delay (ideal)                             0.00       0.00
  clock uncertainty                                       0.10       0.10
  FIFO_UNIT/fifomem/mem_reg[4][2]/CK (SDFFRQX2M)          0.00       0.10 r
  library hold time                                      -0.36      -0.26
  data required time                                                -0.26
  --------------------------------------------------------------------------
  data required time                                                -0.26
  data arrival time                                                 -0.73
  --------------------------------------------------------------------------
  slack (MET)                                                        0.99


  Startpoint: FIFO_UNIT/fifomem/mem_reg[4][0]
              (rising edge-triggered flip-flop clocked by REF_CLK)
  Endpoint: FIFO_UNIT/fifomem/mem_reg[4][1]
            (rising edge-triggered flip-flop clocked by REF_CLK)
  Path Group: REF_CLK
  Path Type: min

  Des/Clust/Port     Wire Load Model       Library
  ------------------------------------------------
  SYS_TOP            tsmc13_wl30           scmetro_tsmc_cl013g_rvt_ss_1p08v_125c

  Point                                                   Incr       Path
  --------------------------------------------------------------------------
  clock REF_CLK (rise edge)                               0.00       0.00
  clock network delay (ideal)                             0.00       0.00
  FIFO_UNIT/fifomem/mem_reg[4][0]/CK (SDFFRQX2M)          0.00       0.00 r
  FIFO_UNIT/fifomem/mem_reg[4][0]/Q (SDFFRQX2M)           0.73       0.73 f
  FIFO_UNIT/fifomem/mem_reg[4][1]/SI (SDFFRQX2M)          0.00       0.73 f
  data arrival time                                                  0.73

  clock REF_CLK (rise edge)                               0.00       0.00
  clock network delay (ideal)                             0.00       0.00
  clock uncertainty                                       0.10       0.10
  FIFO_UNIT/fifomem/mem_reg[4][1]/CK (SDFFRQX2M)          0.00       0.10 r
  library hold time                                      -0.36      -0.26
  data required time                                                -0.26
  --------------------------------------------------------------------------
  data required time                                                -0.26
  data arrival time                                                 -0.73
  --------------------------------------------------------------------------
  slack (MET)                                                        0.99


  Startpoint: FIFO_UNIT/fifomem/mem_reg[7][5]
              (rising edge-triggered flip-flop clocked by REF_CLK)
  Endpoint: FIFO_UNIT/fifomem/mem_reg[7][6]
            (rising edge-triggered flip-flop clocked by REF_CLK)
  Path Group: REF_CLK
  Path Type: min

  Des/Clust/Port     Wire Load Model       Library
  ------------------------------------------------
  SYS_TOP            tsmc13_wl30           scmetro_tsmc_cl013g_rvt_ss_1p08v_125c

  Point                                                   Incr       Path
  --------------------------------------------------------------------------
  clock REF_CLK (rise edge)                               0.00       0.00
  clock network delay (ideal)                             0.00       0.00
  FIFO_UNIT/fifomem/mem_reg[7][5]/CK (SDFFRQX2M)          0.00       0.00 r
  FIFO_UNIT/fifomem/mem_reg[7][5]/Q (SDFFRQX2M)           0.73       0.73 f
  FIFO_UNIT/fifomem/mem_reg[7][6]/SI (SDFFRQX2M)          0.00       0.73 f
  data arrival time                                                  0.73

  clock REF_CLK (rise edge)                               0.00       0.00
  clock network delay (ideal)                             0.00       0.00
  clock uncertainty                                       0.10       0.10
  FIFO_UNIT/fifomem/mem_reg[7][6]/CK (SDFFRQX2M)          0.00       0.10 r
  library hold time                                      -0.36      -0.26
  data required time                                                -0.26
  --------------------------------------------------------------------------
  data required time                                                -0.26
  data arrival time                                                 -0.73
  --------------------------------------------------------------------------
  slack (MET)                                                        0.99


  Startpoint: FIFO_UNIT/fifomem/mem_reg[7][4]
              (rising edge-triggered flip-flop clocked by REF_CLK)
  Endpoint: FIFO_UNIT/fifomem/mem_reg[7][5]
            (rising edge-triggered flip-flop clocked by REF_CLK)
  Path Group: REF_CLK
  Path Type: min

  Des/Clust/Port     Wire Load Model       Library
  ------------------------------------------------
  SYS_TOP            tsmc13_wl30           scmetro_tsmc_cl013g_rvt_ss_1p08v_125c

  Point                                                   Incr       Path
  --------------------------------------------------------------------------
  clock REF_CLK (rise edge)                               0.00       0.00
  clock network delay (ideal)                             0.00       0.00
  FIFO_UNIT/fifomem/mem_reg[7][4]/CK (SDFFRQX2M)          0.00       0.00 r
  FIFO_UNIT/fifomem/mem_reg[7][4]/Q (SDFFRQX2M)           0.73       0.73 f
  FIFO_UNIT/fifomem/mem_reg[7][5]/SI (SDFFRQX2M)          0.00       0.73 f
  data arrival time                                                  0.73

  clock REF_CLK (rise edge)                               0.00       0.00
  clock network delay (ideal)                             0.00       0.00
  clock uncertainty                                       0.10       0.10
  FIFO_UNIT/fifomem/mem_reg[7][5]/CK (SDFFRQX2M)          0.00       0.10 r
  library hold time                                      -0.36      -0.26
  data required time                                                -0.26
  --------------------------------------------------------------------------
  data required time                                                -0.26
  data arrival time                                                 -0.73
  --------------------------------------------------------------------------
  slack (MET)                                                        0.99


  Startpoint: FIFO_UNIT/fifomem/mem_reg[7][3]
              (rising edge-triggered flip-flop clocked by REF_CLK)
  Endpoint: FIFO_UNIT/fifomem/mem_reg[7][4]
            (rising edge-triggered flip-flop clocked by REF_CLK)
  Path Group: REF_CLK
  Path Type: min

  Des/Clust/Port     Wire Load Model       Library
  ------------------------------------------------
  SYS_TOP            tsmc13_wl30           scmetro_tsmc_cl013g_rvt_ss_1p08v_125c

  Point                                                   Incr       Path
  --------------------------------------------------------------------------
  clock REF_CLK (rise edge)                               0.00       0.00
  clock network delay (ideal)                             0.00       0.00
  FIFO_UNIT/fifomem/mem_reg[7][3]/CK (SDFFRQX2M)          0.00       0.00 r
  FIFO_UNIT/fifomem/mem_reg[7][3]/Q (SDFFRQX2M)           0.73       0.73 f
  FIFO_UNIT/fifomem/mem_reg[7][4]/SI (SDFFRQX2M)          0.00       0.73 f
  data arrival time                                                  0.73

  clock REF_CLK (rise edge)                               0.00       0.00
  clock network delay (ideal)                             0.00       0.00
  clock uncertainty                                       0.10       0.10
  FIFO_UNIT/fifomem/mem_reg[7][4]/CK (SDFFRQX2M)          0.00       0.10 r
  library hold time                                      -0.36      -0.26
  data required time                                                -0.26
  --------------------------------------------------------------------------
  data required time                                                -0.26
  data arrival time                                                 -0.73
  --------------------------------------------------------------------------
  slack (MET)                                                        0.99


  Startpoint: FIFO_UNIT/fifomem/mem_reg[7][2]
              (rising edge-triggered flip-flop clocked by REF_CLK)
  Endpoint: FIFO_UNIT/fifomem/mem_reg[7][3]
            (rising edge-triggered flip-flop clocked by REF_CLK)
  Path Group: REF_CLK
  Path Type: min

  Des/Clust/Port     Wire Load Model       Library
  ------------------------------------------------
  SYS_TOP            tsmc13_wl30           scmetro_tsmc_cl013g_rvt_ss_1p08v_125c

  Point                                                   Incr       Path
  --------------------------------------------------------------------------
  clock REF_CLK (rise edge)                               0.00       0.00
  clock network delay (ideal)                             0.00       0.00
  FIFO_UNIT/fifomem/mem_reg[7][2]/CK (SDFFRQX2M)          0.00       0.00 r
  FIFO_UNIT/fifomem/mem_reg[7][2]/Q (SDFFRQX2M)           0.73       0.73 f
  FIFO_UNIT/fifomem/mem_reg[7][3]/SI (SDFFRQX2M)          0.00       0.73 f
  data arrival time                                                  0.73

  clock REF_CLK (rise edge)                               0.00       0.00
  clock network delay (ideal)                             0.00       0.00
  clock uncertainty                                       0.10       0.10
  FIFO_UNIT/fifomem/mem_reg[7][3]/CK (SDFFRQX2M)          0.00       0.10 r
  library hold time                                      -0.36      -0.26
  data required time                                                -0.26
  --------------------------------------------------------------------------
  data required time                                                -0.26
  data arrival time                                                 -0.73
  --------------------------------------------------------------------------
  slack (MET)                                                        0.99


  Startpoint: FIFO_UNIT/fifomem/mem_reg[7][1]
              (rising edge-triggered flip-flop clocked by REF_CLK)
  Endpoint: FIFO_UNIT/fifomem/mem_reg[7][2]
            (rising edge-triggered flip-flop clocked by REF_CLK)
  Path Group: REF_CLK
  Path Type: min

  Des/Clust/Port     Wire Load Model       Library
  ------------------------------------------------
  SYS_TOP            tsmc13_wl30           scmetro_tsmc_cl013g_rvt_ss_1p08v_125c

  Point                                                   Incr       Path
  --------------------------------------------------------------------------
  clock REF_CLK (rise edge)                               0.00       0.00
  clock network delay (ideal)                             0.00       0.00
  FIFO_UNIT/fifomem/mem_reg[7][1]/CK (SDFFRQX2M)          0.00       0.00 r
  FIFO_UNIT/fifomem/mem_reg[7][1]/Q (SDFFRQX2M)           0.73       0.73 f
  FIFO_UNIT/fifomem/mem_reg[7][2]/SI (SDFFRQX2M)          0.00       0.73 f
  data arrival time                                                  0.73

  clock REF_CLK (rise edge)                               0.00       0.00
  clock network delay (ideal)                             0.00       0.00
  clock uncertainty                                       0.10       0.10
  FIFO_UNIT/fifomem/mem_reg[7][2]/CK (SDFFRQX2M)          0.00       0.10 r
  library hold time                                      -0.36      -0.26
  data required time                                                -0.26
  --------------------------------------------------------------------------
  data required time                                                -0.26
  data arrival time                                                 -0.73
  --------------------------------------------------------------------------
  slack (MET)                                                        0.99


  Startpoint: FIFO_UNIT/fifomem/mem_reg[7][0]
              (rising edge-triggered flip-flop clocked by REF_CLK)
  Endpoint: FIFO_UNIT/fifomem/mem_reg[7][1]
            (rising edge-triggered flip-flop clocked by REF_CLK)
  Path Group: REF_CLK
  Path Type: min

  Des/Clust/Port     Wire Load Model       Library
  ------------------------------------------------
  SYS_TOP            tsmc13_wl30           scmetro_tsmc_cl013g_rvt_ss_1p08v_125c

  Point                                                   Incr       Path
  --------------------------------------------------------------------------
  clock REF_CLK (rise edge)                               0.00       0.00
  clock network delay (ideal)                             0.00       0.00
  FIFO_UNIT/fifomem/mem_reg[7][0]/CK (SDFFRQX2M)          0.00       0.00 r
  FIFO_UNIT/fifomem/mem_reg[7][0]/Q (SDFFRQX2M)           0.73       0.73 f
  FIFO_UNIT/fifomem/mem_reg[7][1]/SI (SDFFRQX2M)          0.00       0.73 f
  data arrival time                                                  0.73

  clock REF_CLK (rise edge)                               0.00       0.00
  clock network delay (ideal)                             0.00       0.00
  clock uncertainty                                       0.10       0.10
  FIFO_UNIT/fifomem/mem_reg[7][1]/CK (SDFFRQX2M)          0.00       0.10 r
  library hold time                                      -0.36      -0.26
  data required time                                                -0.26
  --------------------------------------------------------------------------
  data required time                                                -0.26
  data arrival time                                                 -0.73
  --------------------------------------------------------------------------
  slack (MET)                                                        0.99


  Startpoint: FIFO_UNIT/fifomem/mem_reg[6][7]
              (rising edge-triggered flip-flop clocked by REF_CLK)
  Endpoint: FIFO_UNIT/fifomem/mem_reg[7][0]
            (rising edge-triggered flip-flop clocked by REF_CLK)
  Path Group: REF_CLK
  Path Type: min

  Des/Clust/Port     Wire Load Model       Library
  ------------------------------------------------
  SYS_TOP            tsmc13_wl30           scmetro_tsmc_cl013g_rvt_ss_1p08v_125c

  Point                                                   Incr       Path
  --------------------------------------------------------------------------
  clock REF_CLK (rise edge)                               0.00       0.00
  clock network delay (ideal)                             0.00       0.00
  FIFO_UNIT/fifomem/mem_reg[6][7]/CK (SDFFRQX2M)          0.00       0.00 r
  FIFO_UNIT/fifomem/mem_reg[6][7]/Q (SDFFRQX2M)           0.73       0.73 f
  FIFO_UNIT/fifomem/mem_reg[7][0]/SI (SDFFRQX2M)          0.00       0.73 f
  data arrival time                                                  0.73

  clock REF_CLK (rise edge)                               0.00       0.00
  clock network delay (ideal)                             0.00       0.00
  clock uncertainty                                       0.10       0.10
  FIFO_UNIT/fifomem/mem_reg[7][0]/CK (SDFFRQX2M)          0.00       0.10 r
  library hold time                                      -0.36      -0.26
  data required time                                                -0.26
  --------------------------------------------------------------------------
  data required time                                                -0.26
  data arrival time                                                 -0.73
  --------------------------------------------------------------------------
  slack (MET)                                                        0.99


  Startpoint: FIFO_UNIT/fifomem/mem_reg[6][6]
              (rising edge-triggered flip-flop clocked by REF_CLK)
  Endpoint: FIFO_UNIT/fifomem/mem_reg[6][7]
            (rising edge-triggered flip-flop clocked by REF_CLK)
  Path Group: REF_CLK
  Path Type: min

  Des/Clust/Port     Wire Load Model       Library
  ------------------------------------------------
  SYS_TOP            tsmc13_wl30           scmetro_tsmc_cl013g_rvt_ss_1p08v_125c

  Point                                                   Incr       Path
  --------------------------------------------------------------------------
  clock REF_CLK (rise edge)                               0.00       0.00
  clock network delay (ideal)                             0.00       0.00
  FIFO_UNIT/fifomem/mem_reg[6][6]/CK (SDFFRQX2M)          0.00       0.00 r
  FIFO_UNIT/fifomem/mem_reg[6][6]/Q (SDFFRQX2M)           0.73       0.73 f
  FIFO_UNIT/fifomem/mem_reg[6][7]/SI (SDFFRQX2M)          0.00       0.73 f
  data arrival time                                                  0.73

  clock REF_CLK (rise edge)                               0.00       0.00
  clock network delay (ideal)                             0.00       0.00
  clock uncertainty                                       0.10       0.10
  FIFO_UNIT/fifomem/mem_reg[6][7]/CK (SDFFRQX2M)          0.00       0.10 r
  library hold time                                      -0.36      -0.26
  data required time                                                -0.26
  --------------------------------------------------------------------------
  data required time                                                -0.26
  data arrival time                                                 -0.73
  --------------------------------------------------------------------------
  slack (MET)                                                        0.99


  Startpoint: FIFO_UNIT/fifomem/mem_reg[6][5]
              (rising edge-triggered flip-flop clocked by REF_CLK)
  Endpoint: FIFO_UNIT/fifomem/mem_reg[6][6]
            (rising edge-triggered flip-flop clocked by REF_CLK)
  Path Group: REF_CLK
  Path Type: min

  Des/Clust/Port     Wire Load Model       Library
  ------------------------------------------------
  SYS_TOP            tsmc13_wl30           scmetro_tsmc_cl013g_rvt_ss_1p08v_125c

  Point                                                   Incr       Path
  --------------------------------------------------------------------------
  clock REF_CLK (rise edge)                               0.00       0.00
  clock network delay (ideal)                             0.00       0.00
  FIFO_UNIT/fifomem/mem_reg[6][5]/CK (SDFFRQX2M)          0.00       0.00 r
  FIFO_UNIT/fifomem/mem_reg[6][5]/Q (SDFFRQX2M)           0.73       0.73 f
  FIFO_UNIT/fifomem/mem_reg[6][6]/SI (SDFFRQX2M)          0.00       0.73 f
  data arrival time                                                  0.73

  clock REF_CLK (rise edge)                               0.00       0.00
  clock network delay (ideal)                             0.00       0.00
  clock uncertainty                                       0.10       0.10
  FIFO_UNIT/fifomem/mem_reg[6][6]/CK (SDFFRQX2M)          0.00       0.10 r
  library hold time                                      -0.36      -0.26
  data required time                                                -0.26
  --------------------------------------------------------------------------
  data required time                                                -0.26
  data arrival time                                                 -0.73
  --------------------------------------------------------------------------
  slack (MET)                                                        0.99


  Startpoint: FIFO_UNIT/fifomem/mem_reg[6][4]
              (rising edge-triggered flip-flop clocked by REF_CLK)
  Endpoint: FIFO_UNIT/fifomem/mem_reg[6][5]
            (rising edge-triggered flip-flop clocked by REF_CLK)
  Path Group: REF_CLK
  Path Type: min

  Des/Clust/Port     Wire Load Model       Library
  ------------------------------------------------
  SYS_TOP            tsmc13_wl30           scmetro_tsmc_cl013g_rvt_ss_1p08v_125c

  Point                                                   Incr       Path
  --------------------------------------------------------------------------
  clock REF_CLK (rise edge)                               0.00       0.00
  clock network delay (ideal)                             0.00       0.00
  FIFO_UNIT/fifomem/mem_reg[6][4]/CK (SDFFRQX2M)          0.00       0.00 r
  FIFO_UNIT/fifomem/mem_reg[6][4]/Q (SDFFRQX2M)           0.73       0.73 f
  FIFO_UNIT/fifomem/mem_reg[6][5]/SI (SDFFRQX2M)          0.00       0.73 f
  data arrival time                                                  0.73

  clock REF_CLK (rise edge)                               0.00       0.00
  clock network delay (ideal)                             0.00       0.00
  clock uncertainty                                       0.10       0.10
  FIFO_UNIT/fifomem/mem_reg[6][5]/CK (SDFFRQX2M)          0.00       0.10 r
  library hold time                                      -0.36      -0.26
  data required time                                                -0.26
  --------------------------------------------------------------------------
  data required time                                                -0.26
  data arrival time                                                 -0.73
  --------------------------------------------------------------------------
  slack (MET)                                                        0.99


  Startpoint: FIFO_UNIT/fifomem/mem_reg[6][3]
              (rising edge-triggered flip-flop clocked by REF_CLK)
  Endpoint: FIFO_UNIT/fifomem/mem_reg[6][4]
            (rising edge-triggered flip-flop clocked by REF_CLK)
  Path Group: REF_CLK
  Path Type: min

  Des/Clust/Port     Wire Load Model       Library
  ------------------------------------------------
  SYS_TOP            tsmc13_wl30           scmetro_tsmc_cl013g_rvt_ss_1p08v_125c

  Point                                                   Incr       Path
  --------------------------------------------------------------------------
  clock REF_CLK (rise edge)                               0.00       0.00
  clock network delay (ideal)                             0.00       0.00
  FIFO_UNIT/fifomem/mem_reg[6][3]/CK (SDFFRQX2M)          0.00       0.00 r
  FIFO_UNIT/fifomem/mem_reg[6][3]/Q (SDFFRQX2M)           0.73       0.73 f
  FIFO_UNIT/fifomem/mem_reg[6][4]/SI (SDFFRQX2M)          0.00       0.73 f
  data arrival time                                                  0.73

  clock REF_CLK (rise edge)                               0.00       0.00
  clock network delay (ideal)                             0.00       0.00
  clock uncertainty                                       0.10       0.10
  FIFO_UNIT/fifomem/mem_reg[6][4]/CK (SDFFRQX2M)          0.00       0.10 r
  library hold time                                      -0.36      -0.26
  data required time                                                -0.26
  --------------------------------------------------------------------------
  data required time                                                -0.26
  data arrival time                                                 -0.73
  --------------------------------------------------------------------------
  slack (MET)                                                        0.99


  Startpoint: FIFO_UNIT/fifomem/mem_reg[6][2]
              (rising edge-triggered flip-flop clocked by REF_CLK)
  Endpoint: FIFO_UNIT/fifomem/mem_reg[6][3]
            (rising edge-triggered flip-flop clocked by REF_CLK)
  Path Group: REF_CLK
  Path Type: min

  Des/Clust/Port     Wire Load Model       Library
  ------------------------------------------------
  SYS_TOP            tsmc13_wl30           scmetro_tsmc_cl013g_rvt_ss_1p08v_125c

  Point                                                   Incr       Path
  --------------------------------------------------------------------------
  clock REF_CLK (rise edge)                               0.00       0.00
  clock network delay (ideal)                             0.00       0.00
  FIFO_UNIT/fifomem/mem_reg[6][2]/CK (SDFFRQX2M)          0.00       0.00 r
  FIFO_UNIT/fifomem/mem_reg[6][2]/Q (SDFFRQX2M)           0.73       0.73 f
  FIFO_UNIT/fifomem/mem_reg[6][3]/SI (SDFFRQX2M)          0.00       0.73 f
  data arrival time                                                  0.73

  clock REF_CLK (rise edge)                               0.00       0.00
  clock network delay (ideal)                             0.00       0.00
  clock uncertainty                                       0.10       0.10
  FIFO_UNIT/fifomem/mem_reg[6][3]/CK (SDFFRQX2M)          0.00       0.10 r
  library hold time                                      -0.36      -0.26
  data required time                                                -0.26
  --------------------------------------------------------------------------
  data required time                                                -0.26
  data arrival time                                                 -0.73
  --------------------------------------------------------------------------
  slack (MET)                                                        0.99


  Startpoint: FIFO_UNIT/fifomem/mem_reg[6][1]
              (rising edge-triggered flip-flop clocked by REF_CLK)
  Endpoint: FIFO_UNIT/fifomem/mem_reg[6][2]
            (rising edge-triggered flip-flop clocked by REF_CLK)
  Path Group: REF_CLK
  Path Type: min

  Des/Clust/Port     Wire Load Model       Library
  ------------------------------------------------
  SYS_TOP            tsmc13_wl30           scmetro_tsmc_cl013g_rvt_ss_1p08v_125c

  Point                                                   Incr       Path
  --------------------------------------------------------------------------
  clock REF_CLK (rise edge)                               0.00       0.00
  clock network delay (ideal)                             0.00       0.00
  FIFO_UNIT/fifomem/mem_reg[6][1]/CK (SDFFRQX2M)          0.00       0.00 r
  FIFO_UNIT/fifomem/mem_reg[6][1]/Q (SDFFRQX2M)           0.73       0.73 f
  FIFO_UNIT/fifomem/mem_reg[6][2]/SI (SDFFRQX2M)          0.00       0.73 f
  data arrival time                                                  0.73

  clock REF_CLK (rise edge)                               0.00       0.00
  clock network delay (ideal)                             0.00       0.00
  clock uncertainty                                       0.10       0.10
  FIFO_UNIT/fifomem/mem_reg[6][2]/CK (SDFFRQX2M)          0.00       0.10 r
  library hold time                                      -0.36      -0.26
  data required time                                                -0.26
  --------------------------------------------------------------------------
  data required time                                                -0.26
  data arrival time                                                 -0.73
  --------------------------------------------------------------------------
  slack (MET)                                                        0.99


  Startpoint: FIFO_UNIT/fifomem/mem_reg[6][0]
              (rising edge-triggered flip-flop clocked by REF_CLK)
  Endpoint: FIFO_UNIT/fifomem/mem_reg[6][1]
            (rising edge-triggered flip-flop clocked by REF_CLK)
  Path Group: REF_CLK
  Path Type: min

  Des/Clust/Port     Wire Load Model       Library
  ------------------------------------------------
  SYS_TOP            tsmc13_wl30           scmetro_tsmc_cl013g_rvt_ss_1p08v_125c

  Point                                                   Incr       Path
  --------------------------------------------------------------------------
  clock REF_CLK (rise edge)                               0.00       0.00
  clock network delay (ideal)                             0.00       0.00
  FIFO_UNIT/fifomem/mem_reg[6][0]/CK (SDFFRQX2M)          0.00       0.00 r
  FIFO_UNIT/fifomem/mem_reg[6][0]/Q (SDFFRQX2M)           0.73       0.73 f
  FIFO_UNIT/fifomem/mem_reg[6][1]/SI (SDFFRQX2M)          0.00       0.73 f
  data arrival time                                                  0.73

  clock REF_CLK (rise edge)                               0.00       0.00
  clock network delay (ideal)                             0.00       0.00
  clock uncertainty                                       0.10       0.10
  FIFO_UNIT/fifomem/mem_reg[6][1]/CK (SDFFRQX2M)          0.00       0.10 r
  library hold time                                      -0.36      -0.26
  data required time                                                -0.26
  --------------------------------------------------------------------------
  data required time                                                -0.26
  data arrival time                                                 -0.73
  --------------------------------------------------------------------------
  slack (MET)                                                        0.99


  Startpoint: FIFO_UNIT/fifomem/mem_reg[5][7]
              (rising edge-triggered flip-flop clocked by REF_CLK)
  Endpoint: FIFO_UNIT/fifomem/mem_reg[6][0]
            (rising edge-triggered flip-flop clocked by REF_CLK)
  Path Group: REF_CLK
  Path Type: min

  Des/Clust/Port     Wire Load Model       Library
  ------------------------------------------------
  SYS_TOP            tsmc13_wl30           scmetro_tsmc_cl013g_rvt_ss_1p08v_125c

  Point                                                   Incr       Path
  --------------------------------------------------------------------------
  clock REF_CLK (rise edge)                               0.00       0.00
  clock network delay (ideal)                             0.00       0.00
  FIFO_UNIT/fifomem/mem_reg[5][7]/CK (SDFFRQX2M)          0.00       0.00 r
  FIFO_UNIT/fifomem/mem_reg[5][7]/Q (SDFFRQX2M)           0.73       0.73 f
  FIFO_UNIT/fifomem/mem_reg[6][0]/SI (SDFFRQX2M)          0.00       0.73 f
  data arrival time                                                  0.73

  clock REF_CLK (rise edge)                               0.00       0.00
  clock network delay (ideal)                             0.00       0.00
  clock uncertainty                                       0.10       0.10
  FIFO_UNIT/fifomem/mem_reg[6][0]/CK (SDFFRQX2M)          0.00       0.10 r
  library hold time                                      -0.36      -0.26
  data required time                                                -0.26
  --------------------------------------------------------------------------
  data required time                                                -0.26
  data arrival time                                                 -0.73
  --------------------------------------------------------------------------
  slack (MET)                                                        0.99


  Startpoint: FIFO_UNIT/fifomem/mem_reg[7][6]
              (rising edge-triggered flip-flop clocked by REF_CLK)
  Endpoint: FIFO_UNIT/fifomem/mem_reg[7][7]
            (rising edge-triggered flip-flop clocked by REF_CLK)
  Path Group: REF_CLK
  Path Type: min

  Des/Clust/Port     Wire Load Model       Library
  ------------------------------------------------
  SYS_TOP            tsmc13_wl30           scmetro_tsmc_cl013g_rvt_ss_1p08v_125c

  Point                                                   Incr       Path
  --------------------------------------------------------------------------
  clock REF_CLK (rise edge)                               0.00       0.00
  clock network delay (ideal)                             0.00       0.00
  FIFO_UNIT/fifomem/mem_reg[7][6]/CK (SDFFRQX2M)          0.00       0.00 r
  FIFO_UNIT/fifomem/mem_reg[7][6]/Q (SDFFRQX2M)           0.73       0.73 f
  FIFO_UNIT/fifomem/mem_reg[7][7]/SI (SDFFRQX2M)          0.00       0.73 f
  data arrival time                                                  0.73

  clock REF_CLK (rise edge)                               0.00       0.00
  clock network delay (ideal)                             0.00       0.00
  clock uncertainty                                       0.10       0.10
  FIFO_UNIT/fifomem/mem_reg[7][7]/CK (SDFFRQX2M)          0.00       0.10 r
  library hold time                                      -0.36      -0.26
  data required time                                                -0.26
  --------------------------------------------------------------------------
  data required time                                                -0.26
  data arrival time                                                 -0.73
  --------------------------------------------------------------------------
  slack (MET)                                                        0.99


  Startpoint: REG_FILE_UNIT/regfile_reg[11][6]
              (rising edge-triggered flip-flop clocked by REF_CLK)
  Endpoint: REG_FILE_UNIT/regfile_reg[11][7]
            (rising edge-triggered flip-flop clocked by REF_CLK)
  Path Group: REF_CLK
  Path Type: min

  Des/Clust/Port     Wire Load Model       Library
  ------------------------------------------------
  SYS_TOP            tsmc13_wl30           scmetro_tsmc_cl013g_rvt_ss_1p08v_125c

  Point                                                   Incr       Path
  --------------------------------------------------------------------------
  clock REF_CLK (rise edge)                               0.00       0.00
  clock network delay (ideal)                             0.00       0.00
  REG_FILE_UNIT/regfile_reg[11][6]/CK (SDFFRQX2M)         0.00       0.00 r
  REG_FILE_UNIT/regfile_reg[11][6]/Q (SDFFRQX2M)          0.73       0.73 f
  REG_FILE_UNIT/regfile_reg[11][7]/SI (SDFFRQX2M)         0.00       0.73 f
  data arrival time                                                  0.73

  clock REF_CLK (rise edge)                               0.00       0.00
  clock network delay (ideal)                             0.00       0.00
  clock uncertainty                                       0.10       0.10
  REG_FILE_UNIT/regfile_reg[11][7]/CK (SDFFRQX2M)         0.00       0.10 r
  library hold time                                      -0.36      -0.26
  data required time                                                -0.26
  --------------------------------------------------------------------------
  data required time                                                -0.26
  data arrival time                                                 -0.73
  --------------------------------------------------------------------------
  slack (MET)                                                        0.99


  Startpoint: REG_FILE_UNIT/regfile_reg[11][5]
              (rising edge-triggered flip-flop clocked by REF_CLK)
  Endpoint: REG_FILE_UNIT/regfile_reg[11][6]
            (rising edge-triggered flip-flop clocked by REF_CLK)
  Path Group: REF_CLK
  Path Type: min

  Des/Clust/Port     Wire Load Model       Library
  ------------------------------------------------
  SYS_TOP            tsmc13_wl30           scmetro_tsmc_cl013g_rvt_ss_1p08v_125c

  Point                                                   Incr       Path
  --------------------------------------------------------------------------
  clock REF_CLK (rise edge)                               0.00       0.00
  clock network delay (ideal)                             0.00       0.00
  REG_FILE_UNIT/regfile_reg[11][5]/CK (SDFFRQX2M)         0.00       0.00 r
  REG_FILE_UNIT/regfile_reg[11][5]/Q (SDFFRQX2M)          0.73       0.73 f
  REG_FILE_UNIT/regfile_reg[11][6]/SI (SDFFRQX2M)         0.00       0.73 f
  data arrival time                                                  0.73

  clock REF_CLK (rise edge)                               0.00       0.00
  clock network delay (ideal)                             0.00       0.00
  clock uncertainty                                       0.10       0.10
  REG_FILE_UNIT/regfile_reg[11][6]/CK (SDFFRQX2M)         0.00       0.10 r
  library hold time                                      -0.36      -0.26
  data required time                                                -0.26
  --------------------------------------------------------------------------
  data required time                                                -0.26
  data arrival time                                                 -0.73
  --------------------------------------------------------------------------
  slack (MET)                                                        0.99


  Startpoint: REG_FILE_UNIT/regfile_reg[11][4]
              (rising edge-triggered flip-flop clocked by REF_CLK)
  Endpoint: REG_FILE_UNIT/regfile_reg[11][5]
            (rising edge-triggered flip-flop clocked by REF_CLK)
  Path Group: REF_CLK
  Path Type: min

  Des/Clust/Port     Wire Load Model       Library
  ------------------------------------------------
  SYS_TOP            tsmc13_wl30           scmetro_tsmc_cl013g_rvt_ss_1p08v_125c

  Point                                                   Incr       Path
  --------------------------------------------------------------------------
  clock REF_CLK (rise edge)                               0.00       0.00
  clock network delay (ideal)                             0.00       0.00
  REG_FILE_UNIT/regfile_reg[11][4]/CK (SDFFRQX2M)         0.00       0.00 r
  REG_FILE_UNIT/regfile_reg[11][4]/Q (SDFFRQX2M)          0.73       0.73 f
  REG_FILE_UNIT/regfile_reg[11][5]/SI (SDFFRQX2M)         0.00       0.73 f
  data arrival time                                                  0.73

  clock REF_CLK (rise edge)                               0.00       0.00
  clock network delay (ideal)                             0.00       0.00
  clock uncertainty                                       0.10       0.10
  REG_FILE_UNIT/regfile_reg[11][5]/CK (SDFFRQX2M)         0.00       0.10 r
  library hold time                                      -0.36      -0.26
  data required time                                                -0.26
  --------------------------------------------------------------------------
  data required time                                                -0.26
  data arrival time                                                 -0.73
  --------------------------------------------------------------------------
  slack (MET)                                                        0.99


  Startpoint: REG_FILE_UNIT/regfile_reg[11][3]
              (rising edge-triggered flip-flop clocked by REF_CLK)
  Endpoint: REG_FILE_UNIT/regfile_reg[11][4]
            (rising edge-triggered flip-flop clocked by REF_CLK)
  Path Group: REF_CLK
  Path Type: min

  Des/Clust/Port     Wire Load Model       Library
  ------------------------------------------------
  SYS_TOP            tsmc13_wl30           scmetro_tsmc_cl013g_rvt_ss_1p08v_125c

  Point                                                   Incr       Path
  --------------------------------------------------------------------------
  clock REF_CLK (rise edge)                               0.00       0.00
  clock network delay (ideal)                             0.00       0.00
  REG_FILE_UNIT/regfile_reg[11][3]/CK (SDFFRQX2M)         0.00       0.00 r
  REG_FILE_UNIT/regfile_reg[11][3]/Q (SDFFRQX2M)          0.73       0.73 f
  REG_FILE_UNIT/regfile_reg[11][4]/SI (SDFFRQX2M)         0.00       0.73 f
  data arrival time                                                  0.73

  clock REF_CLK (rise edge)                               0.00       0.00
  clock network delay (ideal)                             0.00       0.00
  clock uncertainty                                       0.10       0.10
  REG_FILE_UNIT/regfile_reg[11][4]/CK (SDFFRQX2M)         0.00       0.10 r
  library hold time                                      -0.36      -0.26
  data required time                                                -0.26
  --------------------------------------------------------------------------
  data required time                                                -0.26
  data arrival time                                                 -0.73
  --------------------------------------------------------------------------
  slack (MET)                                                        0.99


  Startpoint: REG_FILE_UNIT/regfile_reg[11][2]
              (rising edge-triggered flip-flop clocked by REF_CLK)
  Endpoint: REG_FILE_UNIT/regfile_reg[11][3]
            (rising edge-triggered flip-flop clocked by REF_CLK)
  Path Group: REF_CLK
  Path Type: min

  Des/Clust/Port     Wire Load Model       Library
  ------------------------------------------------
  SYS_TOP            tsmc13_wl30           scmetro_tsmc_cl013g_rvt_ss_1p08v_125c

  Point                                                   Incr       Path
  --------------------------------------------------------------------------
  clock REF_CLK (rise edge)                               0.00       0.00
  clock network delay (ideal)                             0.00       0.00
  REG_FILE_UNIT/regfile_reg[11][2]/CK (SDFFRQX2M)         0.00       0.00 r
  REG_FILE_UNIT/regfile_reg[11][2]/Q (SDFFRQX2M)          0.73       0.73 f
  REG_FILE_UNIT/regfile_reg[11][3]/SI (SDFFRQX2M)         0.00       0.73 f
  data arrival time                                                  0.73

  clock REF_CLK (rise edge)                               0.00       0.00
  clock network delay (ideal)                             0.00       0.00
  clock uncertainty                                       0.10       0.10
  REG_FILE_UNIT/regfile_reg[11][3]/CK (SDFFRQX2M)         0.00       0.10 r
  library hold time                                      -0.36      -0.26
  data required time                                                -0.26
  --------------------------------------------------------------------------
  data required time                                                -0.26
  data arrival time                                                 -0.73
  --------------------------------------------------------------------------
  slack (MET)                                                        0.99


  Startpoint: REG_FILE_UNIT/regfile_reg[11][1]
              (rising edge-triggered flip-flop clocked by REF_CLK)
  Endpoint: REG_FILE_UNIT/regfile_reg[11][2]
            (rising edge-triggered flip-flop clocked by REF_CLK)
  Path Group: REF_CLK
  Path Type: min

  Des/Clust/Port     Wire Load Model       Library
  ------------------------------------------------
  SYS_TOP            tsmc13_wl30           scmetro_tsmc_cl013g_rvt_ss_1p08v_125c

  Point                                                   Incr       Path
  --------------------------------------------------------------------------
  clock REF_CLK (rise edge)                               0.00       0.00
  clock network delay (ideal)                             0.00       0.00
  REG_FILE_UNIT/regfile_reg[11][1]/CK (SDFFRQX2M)         0.00       0.00 r
  REG_FILE_UNIT/regfile_reg[11][1]/Q (SDFFRQX2M)          0.73       0.73 f
  REG_FILE_UNIT/regfile_reg[11][2]/SI (SDFFRQX2M)         0.00       0.73 f
  data arrival time                                                  0.73

  clock REF_CLK (rise edge)                               0.00       0.00
  clock network delay (ideal)                             0.00       0.00
  clock uncertainty                                       0.10       0.10
  REG_FILE_UNIT/regfile_reg[11][2]/CK (SDFFRQX2M)         0.00       0.10 r
  library hold time                                      -0.36      -0.26
  data required time                                                -0.26
  --------------------------------------------------------------------------
  data required time                                                -0.26
  data arrival time                                                 -0.73
  --------------------------------------------------------------------------
  slack (MET)                                                        0.99


  Startpoint: REG_FILE_UNIT/regfile_reg[11][0]
              (rising edge-triggered flip-flop clocked by REF_CLK)
  Endpoint: REG_FILE_UNIT/regfile_reg[11][1]
            (rising edge-triggered flip-flop clocked by REF_CLK)
  Path Group: REF_CLK
  Path Type: min

  Des/Clust/Port     Wire Load Model       Library
  ------------------------------------------------
  SYS_TOP            tsmc13_wl30           scmetro_tsmc_cl013g_rvt_ss_1p08v_125c

  Point                                                   Incr       Path
  --------------------------------------------------------------------------
  clock REF_CLK (rise edge)                               0.00       0.00
  clock network delay (ideal)                             0.00       0.00
  REG_FILE_UNIT/regfile_reg[11][0]/CK (SDFFRQX2M)         0.00       0.00 r
  REG_FILE_UNIT/regfile_reg[11][0]/Q (SDFFRQX2M)          0.73       0.73 f
  REG_FILE_UNIT/regfile_reg[11][1]/SI (SDFFRQX2M)         0.00       0.73 f
  data arrival time                                                  0.73

  clock REF_CLK (rise edge)                               0.00       0.00
  clock network delay (ideal)                             0.00       0.00
  clock uncertainty                                       0.10       0.10
  REG_FILE_UNIT/regfile_reg[11][1]/CK (SDFFRQX2M)         0.00       0.10 r
  library hold time                                      -0.36      -0.26
  data required time                                                -0.26
  --------------------------------------------------------------------------
  data required time                                                -0.26
  data arrival time                                                 -0.73
  --------------------------------------------------------------------------
  slack (MET)                                                        0.99


  Startpoint: REG_FILE_UNIT/regfile_reg[10][7]
              (rising edge-triggered flip-flop clocked by REF_CLK)
  Endpoint: REG_FILE_UNIT/regfile_reg[11][0]
            (rising edge-triggered flip-flop clocked by REF_CLK)
  Path Group: REF_CLK
  Path Type: min

  Des/Clust/Port     Wire Load Model       Library
  ------------------------------------------------
  SYS_TOP            tsmc13_wl30           scmetro_tsmc_cl013g_rvt_ss_1p08v_125c

  Point                                                   Incr       Path
  --------------------------------------------------------------------------
  clock REF_CLK (rise edge)                               0.00       0.00
  clock network delay (ideal)                             0.00       0.00
  REG_FILE_UNIT/regfile_reg[10][7]/CK (SDFFRQX2M)         0.00       0.00 r
  REG_FILE_UNIT/regfile_reg[10][7]/Q (SDFFRQX2M)          0.73       0.73 f
  REG_FILE_UNIT/regfile_reg[11][0]/SI (SDFFRQX2M)         0.00       0.73 f
  data arrival time                                                  0.73

  clock REF_CLK (rise edge)                               0.00       0.00
  clock network delay (ideal)                             0.00       0.00
  clock uncertainty                                       0.10       0.10
  REG_FILE_UNIT/regfile_reg[11][0]/CK (SDFFRQX2M)         0.00       0.10 r
  library hold time                                      -0.36      -0.26
  data required time                                                -0.26
  --------------------------------------------------------------------------
  data required time                                                -0.26
  data arrival time                                                 -0.73
  --------------------------------------------------------------------------
  slack (MET)                                                        0.99


  Startpoint: REG_FILE_UNIT/regfile_reg[15][0]
              (rising edge-triggered flip-flop clocked by REF_CLK)
  Endpoint: REG_FILE_UNIT/regfile_reg[15][1]
            (rising edge-triggered flip-flop clocked by REF_CLK)
  Path Group: REF_CLK
  Path Type: min

  Des/Clust/Port     Wire Load Model       Library
  ------------------------------------------------
  SYS_TOP            tsmc13_wl30           scmetro_tsmc_cl013g_rvt_ss_1p08v_125c

  Point                                                   Incr       Path
  --------------------------------------------------------------------------
  clock REF_CLK (rise edge)                               0.00       0.00
  clock network delay (ideal)                             0.00       0.00
  REG_FILE_UNIT/regfile_reg[15][0]/CK (SDFFRQX2M)         0.00       0.00 r
  REG_FILE_UNIT/regfile_reg[15][0]/Q (SDFFRQX2M)          0.73       0.73 f
  REG_FILE_UNIT/regfile_reg[15][1]/SI (SDFFRQX2M)         0.00       0.73 f
  data arrival time                                                  0.73

  clock REF_CLK (rise edge)                               0.00       0.00
  clock network delay (ideal)                             0.00       0.00
  clock uncertainty                                       0.10       0.10
  REG_FILE_UNIT/regfile_reg[15][1]/CK (SDFFRQX2M)         0.00       0.10 r
  library hold time                                      -0.36      -0.26
  data required time                                                -0.26
  --------------------------------------------------------------------------
  data required time                                                -0.26
  data arrival time                                                 -0.73
  --------------------------------------------------------------------------
  slack (MET)                                                        0.99


  Startpoint: REG_FILE_UNIT/regfile_reg[14][7]
              (rising edge-triggered flip-flop clocked by REF_CLK)
  Endpoint: REG_FILE_UNIT/regfile_reg[15][0]
            (rising edge-triggered flip-flop clocked by REF_CLK)
  Path Group: REF_CLK
  Path Type: min

  Des/Clust/Port     Wire Load Model       Library
  ------------------------------------------------
  SYS_TOP            tsmc13_wl30           scmetro_tsmc_cl013g_rvt_ss_1p08v_125c

  Point                                                   Incr       Path
  --------------------------------------------------------------------------
  clock REF_CLK (rise edge)                               0.00       0.00
  clock network delay (ideal)                             0.00       0.00
  REG_FILE_UNIT/regfile_reg[14][7]/CK (SDFFRQX2M)         0.00       0.00 r
  REG_FILE_UNIT/regfile_reg[14][7]/Q (SDFFRQX2M)          0.73       0.73 f
  REG_FILE_UNIT/regfile_reg[15][0]/SI (SDFFRQX2M)         0.00       0.73 f
  data arrival time                                                  0.73

  clock REF_CLK (rise edge)                               0.00       0.00
  clock network delay (ideal)                             0.00       0.00
  clock uncertainty                                       0.10       0.10
  REG_FILE_UNIT/regfile_reg[15][0]/CK (SDFFRQX2M)         0.00       0.10 r
  library hold time                                      -0.36      -0.26
  data required time                                                -0.26
  --------------------------------------------------------------------------
  data required time                                                -0.26
  data arrival time                                                 -0.73
  --------------------------------------------------------------------------
  slack (MET)                                                        0.99


  Startpoint: REG_FILE_UNIT/regfile_reg[10][6]
              (rising edge-triggered flip-flop clocked by REF_CLK)
  Endpoint: REG_FILE_UNIT/regfile_reg[10][7]
            (rising edge-triggered flip-flop clocked by REF_CLK)
  Path Group: REF_CLK
  Path Type: min

  Des/Clust/Port     Wire Load Model       Library
  ------------------------------------------------
  SYS_TOP            tsmc13_wl30           scmetro_tsmc_cl013g_rvt_ss_1p08v_125c

  Point                                                   Incr       Path
  --------------------------------------------------------------------------
  clock REF_CLK (rise edge)                               0.00       0.00
  clock network delay (ideal)                             0.00       0.00
  REG_FILE_UNIT/regfile_reg[10][6]/CK (SDFFRQX2M)         0.00       0.00 r
  REG_FILE_UNIT/regfile_reg[10][6]/Q (SDFFRQX2M)          0.73       0.73 f
  REG_FILE_UNIT/regfile_reg[10][7]/SI (SDFFRQX2M)         0.00       0.73 f
  data arrival time                                                  0.73

  clock REF_CLK (rise edge)                               0.00       0.00
  clock network delay (ideal)                             0.00       0.00
  clock uncertainty                                       0.10       0.10
  REG_FILE_UNIT/regfile_reg[10][7]/CK (SDFFRQX2M)         0.00       0.10 r
  library hold time                                      -0.36      -0.26
  data required time                                                -0.26
  --------------------------------------------------------------------------
  data required time                                                -0.26
  data arrival time                                                 -0.73
  --------------------------------------------------------------------------
  slack (MET)                                                        0.99


  Startpoint: REG_FILE_UNIT/regfile_reg[10][5]
              (rising edge-triggered flip-flop clocked by REF_CLK)
  Endpoint: REG_FILE_UNIT/regfile_reg[10][6]
            (rising edge-triggered flip-flop clocked by REF_CLK)
  Path Group: REF_CLK
  Path Type: min

  Des/Clust/Port     Wire Load Model       Library
  ------------------------------------------------
  SYS_TOP            tsmc13_wl30           scmetro_tsmc_cl013g_rvt_ss_1p08v_125c

  Point                                                   Incr       Path
  --------------------------------------------------------------------------
  clock REF_CLK (rise edge)                               0.00       0.00
  clock network delay (ideal)                             0.00       0.00
  REG_FILE_UNIT/regfile_reg[10][5]/CK (SDFFRQX2M)         0.00       0.00 r
  REG_FILE_UNIT/regfile_reg[10][5]/Q (SDFFRQX2M)          0.73       0.73 f
  REG_FILE_UNIT/regfile_reg[10][6]/SI (SDFFRQX2M)         0.00       0.73 f
  data arrival time                                                  0.73

  clock REF_CLK (rise edge)                               0.00       0.00
  clock network delay (ideal)                             0.00       0.00
  clock uncertainty                                       0.10       0.10
  REG_FILE_UNIT/regfile_reg[10][6]/CK (SDFFRQX2M)         0.00       0.10 r
  library hold time                                      -0.36      -0.26
  data required time                                                -0.26
  --------------------------------------------------------------------------
  data required time                                                -0.26
  data arrival time                                                 -0.73
  --------------------------------------------------------------------------
  slack (MET)                                                        0.99


  Startpoint: REG_FILE_UNIT/regfile_reg[10][4]
              (rising edge-triggered flip-flop clocked by REF_CLK)
  Endpoint: REG_FILE_UNIT/regfile_reg[10][5]
            (rising edge-triggered flip-flop clocked by REF_CLK)
  Path Group: REF_CLK
  Path Type: min

  Des/Clust/Port     Wire Load Model       Library
  ------------------------------------------------
  SYS_TOP            tsmc13_wl30           scmetro_tsmc_cl013g_rvt_ss_1p08v_125c

  Point                                                   Incr       Path
  --------------------------------------------------------------------------
  clock REF_CLK (rise edge)                               0.00       0.00
  clock network delay (ideal)                             0.00       0.00
  REG_FILE_UNIT/regfile_reg[10][4]/CK (SDFFRQX2M)         0.00       0.00 r
  REG_FILE_UNIT/regfile_reg[10][4]/Q (SDFFRQX2M)          0.73       0.73 f
  REG_FILE_UNIT/regfile_reg[10][5]/SI (SDFFRQX2M)         0.00       0.73 f
  data arrival time                                                  0.73

  clock REF_CLK (rise edge)                               0.00       0.00
  clock network delay (ideal)                             0.00       0.00
  clock uncertainty                                       0.10       0.10
  REG_FILE_UNIT/regfile_reg[10][5]/CK (SDFFRQX2M)         0.00       0.10 r
  library hold time                                      -0.36      -0.26
  data required time                                                -0.26
  --------------------------------------------------------------------------
  data required time                                                -0.26
  data arrival time                                                 -0.73
  --------------------------------------------------------------------------
  slack (MET)                                                        0.99


  Startpoint: REG_FILE_UNIT/regfile_reg[10][3]
              (rising edge-triggered flip-flop clocked by REF_CLK)
  Endpoint: REG_FILE_UNIT/regfile_reg[10][4]
            (rising edge-triggered flip-flop clocked by REF_CLK)
  Path Group: REF_CLK
  Path Type: min

  Des/Clust/Port     Wire Load Model       Library
  ------------------------------------------------
  SYS_TOP            tsmc13_wl30           scmetro_tsmc_cl013g_rvt_ss_1p08v_125c

  Point                                                   Incr       Path
  --------------------------------------------------------------------------
  clock REF_CLK (rise edge)                               0.00       0.00
  clock network delay (ideal)                             0.00       0.00
  REG_FILE_UNIT/regfile_reg[10][3]/CK (SDFFRQX2M)         0.00       0.00 r
  REG_FILE_UNIT/regfile_reg[10][3]/Q (SDFFRQX2M)          0.73       0.73 f
  REG_FILE_UNIT/regfile_reg[10][4]/SI (SDFFRQX2M)         0.00       0.73 f
  data arrival time                                                  0.73

  clock REF_CLK (rise edge)                               0.00       0.00
  clock network delay (ideal)                             0.00       0.00
  clock uncertainty                                       0.10       0.10
  REG_FILE_UNIT/regfile_reg[10][4]/CK (SDFFRQX2M)         0.00       0.10 r
  library hold time                                      -0.36      -0.26
  data required time                                                -0.26
  --------------------------------------------------------------------------
  data required time                                                -0.26
  data arrival time                                                 -0.73
  --------------------------------------------------------------------------
  slack (MET)                                                        0.99


  Startpoint: REG_FILE_UNIT/regfile_reg[10][2]
              (rising edge-triggered flip-flop clocked by REF_CLK)
  Endpoint: REG_FILE_UNIT/regfile_reg[10][3]
            (rising edge-triggered flip-flop clocked by REF_CLK)
  Path Group: REF_CLK
  Path Type: min

  Des/Clust/Port     Wire Load Model       Library
  ------------------------------------------------
  SYS_TOP            tsmc13_wl30           scmetro_tsmc_cl013g_rvt_ss_1p08v_125c

  Point                                                   Incr       Path
  --------------------------------------------------------------------------
  clock REF_CLK (rise edge)                               0.00       0.00
  clock network delay (ideal)                             0.00       0.00
  REG_FILE_UNIT/regfile_reg[10][2]/CK (SDFFRQX2M)         0.00       0.00 r
  REG_FILE_UNIT/regfile_reg[10][2]/Q (SDFFRQX2M)          0.73       0.73 f
  REG_FILE_UNIT/regfile_reg[10][3]/SI (SDFFRQX2M)         0.00       0.73 f
  data arrival time                                                  0.73

  clock REF_CLK (rise edge)                               0.00       0.00
  clock network delay (ideal)                             0.00       0.00
  clock uncertainty                                       0.10       0.10
  REG_FILE_UNIT/regfile_reg[10][3]/CK (SDFFRQX2M)         0.00       0.10 r
  library hold time                                      -0.36      -0.26
  data required time                                                -0.26
  --------------------------------------------------------------------------
  data required time                                                -0.26
  data arrival time                                                 -0.73
  --------------------------------------------------------------------------
  slack (MET)                                                        0.99


  Startpoint: REG_FILE_UNIT/regfile_reg[10][1]
              (rising edge-triggered flip-flop clocked by REF_CLK)
  Endpoint: REG_FILE_UNIT/regfile_reg[10][2]
            (rising edge-triggered flip-flop clocked by REF_CLK)
  Path Group: REF_CLK
  Path Type: min

  Des/Clust/Port     Wire Load Model       Library
  ------------------------------------------------
  SYS_TOP            tsmc13_wl30           scmetro_tsmc_cl013g_rvt_ss_1p08v_125c

  Point                                                   Incr       Path
  --------------------------------------------------------------------------
  clock REF_CLK (rise edge)                               0.00       0.00
  clock network delay (ideal)                             0.00       0.00
  REG_FILE_UNIT/regfile_reg[10][1]/CK (SDFFRQX2M)         0.00       0.00 r
  REG_FILE_UNIT/regfile_reg[10][1]/Q (SDFFRQX2M)          0.73       0.73 f
  REG_FILE_UNIT/regfile_reg[10][2]/SI (SDFFRQX2M)         0.00       0.73 f
  data arrival time                                                  0.73

  clock REF_CLK (rise edge)                               0.00       0.00
  clock network delay (ideal)                             0.00       0.00
  clock uncertainty                                       0.10       0.10
  REG_FILE_UNIT/regfile_reg[10][2]/CK (SDFFRQX2M)         0.00       0.10 r
  library hold time                                      -0.36      -0.26
  data required time                                                -0.26
  --------------------------------------------------------------------------
  data required time                                                -0.26
  data arrival time                                                 -0.73
  --------------------------------------------------------------------------
  slack (MET)                                                        0.99


  Startpoint: REG_FILE_UNIT/regfile_reg[10][0]
              (rising edge-triggered flip-flop clocked by REF_CLK)
  Endpoint: REG_FILE_UNIT/regfile_reg[10][1]
            (rising edge-triggered flip-flop clocked by REF_CLK)
  Path Group: REF_CLK
  Path Type: min

  Des/Clust/Port     Wire Load Model       Library
  ------------------------------------------------
  SYS_TOP            tsmc13_wl30           scmetro_tsmc_cl013g_rvt_ss_1p08v_125c

  Point                                                   Incr       Path
  --------------------------------------------------------------------------
  clock REF_CLK (rise edge)                               0.00       0.00
  clock network delay (ideal)                             0.00       0.00
  REG_FILE_UNIT/regfile_reg[10][0]/CK (SDFFRQX2M)         0.00       0.00 r
  REG_FILE_UNIT/regfile_reg[10][0]/Q (SDFFRQX2M)          0.73       0.73 f
  REG_FILE_UNIT/regfile_reg[10][1]/SI (SDFFRQX2M)         0.00       0.73 f
  data arrival time                                                  0.73

  clock REF_CLK (rise edge)                               0.00       0.00
  clock network delay (ideal)                             0.00       0.00
  clock uncertainty                                       0.10       0.10
  REG_FILE_UNIT/regfile_reg[10][1]/CK (SDFFRQX2M)         0.00       0.10 r
  library hold time                                      -0.36      -0.26
  data required time                                                -0.26
  --------------------------------------------------------------------------
  data required time                                                -0.26
  data arrival time                                                 -0.73
  --------------------------------------------------------------------------
  slack (MET)                                                        0.99


  Startpoint: REG_FILE_UNIT/regfile_reg[14][6]
              (rising edge-triggered flip-flop clocked by REF_CLK)
  Endpoint: REG_FILE_UNIT/regfile_reg[14][7]
            (rising edge-triggered flip-flop clocked by REF_CLK)
  Path Group: REF_CLK
  Path Type: min

  Des/Clust/Port     Wire Load Model       Library
  ------------------------------------------------
  SYS_TOP            tsmc13_wl30           scmetro_tsmc_cl013g_rvt_ss_1p08v_125c

  Point                                                   Incr       Path
  --------------------------------------------------------------------------
  clock REF_CLK (rise edge)                               0.00       0.00
  clock network delay (ideal)                             0.00       0.00
  REG_FILE_UNIT/regfile_reg[14][6]/CK (SDFFRQX2M)         0.00       0.00 r
  REG_FILE_UNIT/regfile_reg[14][6]/Q (SDFFRQX2M)          0.73       0.73 f
  REG_FILE_UNIT/regfile_reg[14][7]/SI (SDFFRQX2M)         0.00       0.73 f
  data arrival time                                                  0.73

  clock REF_CLK (rise edge)                               0.00       0.00
  clock network delay (ideal)                             0.00       0.00
  clock uncertainty                                       0.10       0.10
  REG_FILE_UNIT/regfile_reg[14][7]/CK (SDFFRQX2M)         0.00       0.10 r
  library hold time                                      -0.36      -0.26
  data required time                                                -0.26
  --------------------------------------------------------------------------
  data required time                                                -0.26
  data arrival time                                                 -0.73
  --------------------------------------------------------------------------
  slack (MET)                                                        0.99


  Startpoint: REG_FILE_UNIT/regfile_reg[14][5]
              (rising edge-triggered flip-flop clocked by REF_CLK)
  Endpoint: REG_FILE_UNIT/regfile_reg[14][6]
            (rising edge-triggered flip-flop clocked by REF_CLK)
  Path Group: REF_CLK
  Path Type: min

  Des/Clust/Port     Wire Load Model       Library
  ------------------------------------------------
  SYS_TOP            tsmc13_wl30           scmetro_tsmc_cl013g_rvt_ss_1p08v_125c

  Point                                                   Incr       Path
  --------------------------------------------------------------------------
  clock REF_CLK (rise edge)                               0.00       0.00
  clock network delay (ideal)                             0.00       0.00
  REG_FILE_UNIT/regfile_reg[14][5]/CK (SDFFRQX2M)         0.00       0.00 r
  REG_FILE_UNIT/regfile_reg[14][5]/Q (SDFFRQX2M)          0.73       0.73 f
  REG_FILE_UNIT/regfile_reg[14][6]/SI (SDFFRQX2M)         0.00       0.73 f
  data arrival time                                                  0.73

  clock REF_CLK (rise edge)                               0.00       0.00
  clock network delay (ideal)                             0.00       0.00
  clock uncertainty                                       0.10       0.10
  REG_FILE_UNIT/regfile_reg[14][6]/CK (SDFFRQX2M)         0.00       0.10 r
  library hold time                                      -0.36      -0.26
  data required time                                                -0.26
  --------------------------------------------------------------------------
  data required time                                                -0.26
  data arrival time                                                 -0.73
  --------------------------------------------------------------------------
  slack (MET)                                                        0.99


  Startpoint: REG_FILE_UNIT/regfile_reg[14][4]
              (rising edge-triggered flip-flop clocked by REF_CLK)
  Endpoint: REG_FILE_UNIT/regfile_reg[14][5]
            (rising edge-triggered flip-flop clocked by REF_CLK)
  Path Group: REF_CLK
  Path Type: min

  Des/Clust/Port     Wire Load Model       Library
  ------------------------------------------------
  SYS_TOP            tsmc13_wl30           scmetro_tsmc_cl013g_rvt_ss_1p08v_125c

  Point                                                   Incr       Path
  --------------------------------------------------------------------------
  clock REF_CLK (rise edge)                               0.00       0.00
  clock network delay (ideal)                             0.00       0.00
  REG_FILE_UNIT/regfile_reg[14][4]/CK (SDFFRQX2M)         0.00       0.00 r
  REG_FILE_UNIT/regfile_reg[14][4]/Q (SDFFRQX2M)          0.73       0.73 f
  REG_FILE_UNIT/regfile_reg[14][5]/SI (SDFFRQX2M)         0.00       0.73 f
  data arrival time                                                  0.73

  clock REF_CLK (rise edge)                               0.00       0.00
  clock network delay (ideal)                             0.00       0.00
  clock uncertainty                                       0.10       0.10
  REG_FILE_UNIT/regfile_reg[14][5]/CK (SDFFRQX2M)         0.00       0.10 r
  library hold time                                      -0.36      -0.26
  data required time                                                -0.26
  --------------------------------------------------------------------------
  data required time                                                -0.26
  data arrival time                                                 -0.73
  --------------------------------------------------------------------------
  slack (MET)                                                        0.99


  Startpoint: REG_FILE_UNIT/regfile_reg[14][3]
              (rising edge-triggered flip-flop clocked by REF_CLK)
  Endpoint: REG_FILE_UNIT/regfile_reg[14][4]
            (rising edge-triggered flip-flop clocked by REF_CLK)
  Path Group: REF_CLK
  Path Type: min

  Des/Clust/Port     Wire Load Model       Library
  ------------------------------------------------
  SYS_TOP            tsmc13_wl30           scmetro_tsmc_cl013g_rvt_ss_1p08v_125c

  Point                                                   Incr       Path
  --------------------------------------------------------------------------
  clock REF_CLK (rise edge)                               0.00       0.00
  clock network delay (ideal)                             0.00       0.00
  REG_FILE_UNIT/regfile_reg[14][3]/CK (SDFFRQX2M)         0.00       0.00 r
  REG_FILE_UNIT/regfile_reg[14][3]/Q (SDFFRQX2M)          0.73       0.73 f
  REG_FILE_UNIT/regfile_reg[14][4]/SI (SDFFRQX2M)         0.00       0.73 f
  data arrival time                                                  0.73

  clock REF_CLK (rise edge)                               0.00       0.00
  clock network delay (ideal)                             0.00       0.00
  clock uncertainty                                       0.10       0.10
  REG_FILE_UNIT/regfile_reg[14][4]/CK (SDFFRQX2M)         0.00       0.10 r
  library hold time                                      -0.36      -0.26
  data required time                                                -0.26
  --------------------------------------------------------------------------
  data required time                                                -0.26
  data arrival time                                                 -0.73
  --------------------------------------------------------------------------
  slack (MET)                                                        0.99


  Startpoint: REG_FILE_UNIT/regfile_reg[14][2]
              (rising edge-triggered flip-flop clocked by REF_CLK)
  Endpoint: REG_FILE_UNIT/regfile_reg[14][3]
            (rising edge-triggered flip-flop clocked by REF_CLK)
  Path Group: REF_CLK
  Path Type: min

  Des/Clust/Port     Wire Load Model       Library
  ------------------------------------------------
  SYS_TOP            tsmc13_wl30           scmetro_tsmc_cl013g_rvt_ss_1p08v_125c

  Point                                                   Incr       Path
  --------------------------------------------------------------------------
  clock REF_CLK (rise edge)                               0.00       0.00
  clock network delay (ideal)                             0.00       0.00
  REG_FILE_UNIT/regfile_reg[14][2]/CK (SDFFRQX2M)         0.00       0.00 r
  REG_FILE_UNIT/regfile_reg[14][2]/Q (SDFFRQX2M)          0.73       0.73 f
  REG_FILE_UNIT/regfile_reg[14][3]/SI (SDFFRQX2M)         0.00       0.73 f
  data arrival time                                                  0.73

  clock REF_CLK (rise edge)                               0.00       0.00
  clock network delay (ideal)                             0.00       0.00
  clock uncertainty                                       0.10       0.10
  REG_FILE_UNIT/regfile_reg[14][3]/CK (SDFFRQX2M)         0.00       0.10 r
  library hold time                                      -0.36      -0.26
  data required time                                                -0.26
  --------------------------------------------------------------------------
  data required time                                                -0.26
  data arrival time                                                 -0.73
  --------------------------------------------------------------------------
  slack (MET)                                                        0.99


  Startpoint: REG_FILE_UNIT/regfile_reg[14][1]
              (rising edge-triggered flip-flop clocked by REF_CLK)
  Endpoint: REG_FILE_UNIT/regfile_reg[14][2]
            (rising edge-triggered flip-flop clocked by REF_CLK)
  Path Group: REF_CLK
  Path Type: min

  Des/Clust/Port     Wire Load Model       Library
  ------------------------------------------------
  SYS_TOP            tsmc13_wl30           scmetro_tsmc_cl013g_rvt_ss_1p08v_125c

  Point                                                   Incr       Path
  --------------------------------------------------------------------------
  clock REF_CLK (rise edge)                               0.00       0.00
  clock network delay (ideal)                             0.00       0.00
  REG_FILE_UNIT/regfile_reg[14][1]/CK (SDFFRQX2M)         0.00       0.00 r
  REG_FILE_UNIT/regfile_reg[14][1]/Q (SDFFRQX2M)          0.73       0.73 f
  REG_FILE_UNIT/regfile_reg[14][2]/SI (SDFFRQX2M)         0.00       0.73 f
  data arrival time                                                  0.73

  clock REF_CLK (rise edge)                               0.00       0.00
  clock network delay (ideal)                             0.00       0.00
  clock uncertainty                                       0.10       0.10
  REG_FILE_UNIT/regfile_reg[14][2]/CK (SDFFRQX2M)         0.00       0.10 r
  library hold time                                      -0.36      -0.26
  data required time                                                -0.26
  --------------------------------------------------------------------------
  data required time                                                -0.26
  data arrival time                                                 -0.73
  --------------------------------------------------------------------------
  slack (MET)                                                        0.99


  Startpoint: REG_FILE_UNIT/regfile_reg[14][0]
              (rising edge-triggered flip-flop clocked by REF_CLK)
  Endpoint: REG_FILE_UNIT/regfile_reg[14][1]
            (rising edge-triggered flip-flop clocked by REF_CLK)
  Path Group: REF_CLK
  Path Type: min

  Des/Clust/Port     Wire Load Model       Library
  ------------------------------------------------
  SYS_TOP            tsmc13_wl30           scmetro_tsmc_cl013g_rvt_ss_1p08v_125c

  Point                                                   Incr       Path
  --------------------------------------------------------------------------
  clock REF_CLK (rise edge)                               0.00       0.00
  clock network delay (ideal)                             0.00       0.00
  REG_FILE_UNIT/regfile_reg[14][0]/CK (SDFFRQX2M)         0.00       0.00 r
  REG_FILE_UNIT/regfile_reg[14][0]/Q (SDFFRQX2M)          0.73       0.73 f
  REG_FILE_UNIT/regfile_reg[14][1]/SI (SDFFRQX2M)         0.00       0.73 f
  data arrival time                                                  0.73

  clock REF_CLK (rise edge)                               0.00       0.00
  clock network delay (ideal)                             0.00       0.00
  clock uncertainty                                       0.10       0.10
  REG_FILE_UNIT/regfile_reg[14][1]/CK (SDFFRQX2M)         0.00       0.10 r
  library hold time                                      -0.36      -0.26
  data required time                                                -0.26
  --------------------------------------------------------------------------
  data required time                                                -0.26
  data arrival time                                                 -0.73
  --------------------------------------------------------------------------
  slack (MET)                                                        0.99


  Startpoint: REG_FILE_UNIT/regfile_reg[5][5]
              (rising edge-triggered flip-flop clocked by REF_CLK)
  Endpoint: REG_FILE_UNIT/regfile_reg[5][6]
            (rising edge-triggered flip-flop clocked by REF_CLK)
  Path Group: REF_CLK
  Path Type: min

  Des/Clust/Port     Wire Load Model       Library
  ------------------------------------------------
  SYS_TOP            tsmc13_wl30           scmetro_tsmc_cl013g_rvt_ss_1p08v_125c

  Point                                                   Incr       Path
  --------------------------------------------------------------------------
  clock REF_CLK (rise edge)                               0.00       0.00
  clock network delay (ideal)                             0.00       0.00
  REG_FILE_UNIT/regfile_reg[5][5]/CK (SDFFRQX2M)          0.00       0.00 r
  REG_FILE_UNIT/regfile_reg[5][5]/Q (SDFFRQX2M)           0.73       0.73 f
  REG_FILE_UNIT/regfile_reg[5][6]/SI (SDFFRQX2M)          0.00       0.73 f
  data arrival time                                                  0.73

  clock REF_CLK (rise edge)                               0.00       0.00
  clock network delay (ideal)                             0.00       0.00
  clock uncertainty                                       0.10       0.10
  REG_FILE_UNIT/regfile_reg[5][6]/CK (SDFFRQX2M)          0.00       0.10 r
  library hold time                                      -0.36      -0.26
  data required time                                                -0.26
  --------------------------------------------------------------------------
  data required time                                                -0.26
  data arrival time                                                 -0.73
  --------------------------------------------------------------------------
  slack (MET)                                                        0.99


  Startpoint: REG_FILE_UNIT/regfile_reg[5][4]
              (rising edge-triggered flip-flop clocked by REF_CLK)
  Endpoint: REG_FILE_UNIT/regfile_reg[5][5]
            (rising edge-triggered flip-flop clocked by REF_CLK)
  Path Group: REF_CLK
  Path Type: min

  Des/Clust/Port     Wire Load Model       Library
  ------------------------------------------------
  SYS_TOP            tsmc13_wl30           scmetro_tsmc_cl013g_rvt_ss_1p08v_125c

  Point                                                   Incr       Path
  --------------------------------------------------------------------------
  clock REF_CLK (rise edge)                               0.00       0.00
  clock network delay (ideal)                             0.00       0.00
  REG_FILE_UNIT/regfile_reg[5][4]/CK (SDFFRQX2M)          0.00       0.00 r
  REG_FILE_UNIT/regfile_reg[5][4]/Q (SDFFRQX2M)           0.73       0.73 f
  REG_FILE_UNIT/regfile_reg[5][5]/SI (SDFFRQX2M)          0.00       0.73 f
  data arrival time                                                  0.73

  clock REF_CLK (rise edge)                               0.00       0.00
  clock network delay (ideal)                             0.00       0.00
  clock uncertainty                                       0.10       0.10
  REG_FILE_UNIT/regfile_reg[5][5]/CK (SDFFRQX2M)          0.00       0.10 r
  library hold time                                      -0.36      -0.26
  data required time                                                -0.26
  --------------------------------------------------------------------------
  data required time                                                -0.26
  data arrival time                                                 -0.73
  --------------------------------------------------------------------------
  slack (MET)                                                        0.99


  Startpoint: REG_FILE_UNIT/regfile_reg[5][3]
              (rising edge-triggered flip-flop clocked by REF_CLK)
  Endpoint: REG_FILE_UNIT/regfile_reg[5][4]
            (rising edge-triggered flip-flop clocked by REF_CLK)
  Path Group: REF_CLK
  Path Type: min

  Des/Clust/Port     Wire Load Model       Library
  ------------------------------------------------
  SYS_TOP            tsmc13_wl30           scmetro_tsmc_cl013g_rvt_ss_1p08v_125c

  Point                                                   Incr       Path
  --------------------------------------------------------------------------
  clock REF_CLK (rise edge)                               0.00       0.00
  clock network delay (ideal)                             0.00       0.00
  REG_FILE_UNIT/regfile_reg[5][3]/CK (SDFFRQX2M)          0.00       0.00 r
  REG_FILE_UNIT/regfile_reg[5][3]/Q (SDFFRQX2M)           0.73       0.73 f
  REG_FILE_UNIT/regfile_reg[5][4]/SI (SDFFRQX2M)          0.00       0.73 f
  data arrival time                                                  0.73

  clock REF_CLK (rise edge)                               0.00       0.00
  clock network delay (ideal)                             0.00       0.00
  clock uncertainty                                       0.10       0.10
  REG_FILE_UNIT/regfile_reg[5][4]/CK (SDFFRQX2M)          0.00       0.10 r
  library hold time                                      -0.36      -0.26
  data required time                                                -0.26
  --------------------------------------------------------------------------
  data required time                                                -0.26
  data arrival time                                                 -0.73
  --------------------------------------------------------------------------
  slack (MET)                                                        0.99


  Startpoint: REG_FILE_UNIT/regfile_reg[5][1]
              (rising edge-triggered flip-flop clocked by REF_CLK)
  Endpoint: REG_FILE_UNIT/regfile_reg[5][2]
            (rising edge-triggered flip-flop clocked by REF_CLK)
  Path Group: REF_CLK
  Path Type: min

  Des/Clust/Port     Wire Load Model       Library
  ------------------------------------------------
  SYS_TOP            tsmc13_wl30           scmetro_tsmc_cl013g_rvt_ss_1p08v_125c

  Point                                                   Incr       Path
  --------------------------------------------------------------------------
  clock REF_CLK (rise edge)                               0.00       0.00
  clock network delay (ideal)                             0.00       0.00
  REG_FILE_UNIT/regfile_reg[5][1]/CK (SDFFRQX2M)          0.00       0.00 r
  REG_FILE_UNIT/regfile_reg[5][1]/Q (SDFFRQX2M)           0.73       0.73 f
  REG_FILE_UNIT/regfile_reg[5][2]/SI (SDFFRQX2M)          0.00       0.73 f
  data arrival time                                                  0.73

  clock REF_CLK (rise edge)                               0.00       0.00
  clock network delay (ideal)                             0.00       0.00
  clock uncertainty                                       0.10       0.10
  REG_FILE_UNIT/regfile_reg[5][2]/CK (SDFFRQX2M)          0.00       0.10 r
  library hold time                                      -0.36      -0.26
  data required time                                                -0.26
  --------------------------------------------------------------------------
  data required time                                                -0.26
  data arrival time                                                 -0.73
  --------------------------------------------------------------------------
  slack (MET)                                                        0.99


  Startpoint: REG_FILE_UNIT/regfile_reg[5][0]
              (rising edge-triggered flip-flop clocked by REF_CLK)
  Endpoint: REG_FILE_UNIT/regfile_reg[5][1]
            (rising edge-triggered flip-flop clocked by REF_CLK)
  Path Group: REF_CLK
  Path Type: min

  Des/Clust/Port     Wire Load Model       Library
  ------------------------------------------------
  SYS_TOP            tsmc13_wl30           scmetro_tsmc_cl013g_rvt_ss_1p08v_125c

  Point                                                   Incr       Path
  --------------------------------------------------------------------------
  clock REF_CLK (rise edge)                               0.00       0.00
  clock network delay (ideal)                             0.00       0.00
  REG_FILE_UNIT/regfile_reg[5][0]/CK (SDFFRQX2M)          0.00       0.00 r
  REG_FILE_UNIT/regfile_reg[5][0]/Q (SDFFRQX2M)           0.73       0.73 f
  REG_FILE_UNIT/regfile_reg[5][1]/SI (SDFFRQX2M)          0.00       0.73 f
  data arrival time                                                  0.73

  clock REF_CLK (rise edge)                               0.00       0.00
  clock network delay (ideal)                             0.00       0.00
  clock uncertainty                                       0.10       0.10
  REG_FILE_UNIT/regfile_reg[5][1]/CK (SDFFRQX2M)          0.00       0.10 r
  library hold time                                      -0.36      -0.26
  data required time                                                -0.26
  --------------------------------------------------------------------------
  data required time                                                -0.26
  data arrival time                                                 -0.73
  --------------------------------------------------------------------------
  slack (MET)                                                        0.99


  Startpoint: REG_FILE_UNIT/regfile_reg[4][6]
              (rising edge-triggered flip-flop clocked by REF_CLK)
  Endpoint: REG_FILE_UNIT/regfile_reg[4][7]
            (rising edge-triggered flip-flop clocked by REF_CLK)
  Path Group: REF_CLK
  Path Type: min

  Des/Clust/Port     Wire Load Model       Library
  ------------------------------------------------
  SYS_TOP            tsmc13_wl30           scmetro_tsmc_cl013g_rvt_ss_1p08v_125c

  Point                                                   Incr       Path
  --------------------------------------------------------------------------
  clock REF_CLK (rise edge)                               0.00       0.00
  clock network delay (ideal)                             0.00       0.00
  REG_FILE_UNIT/regfile_reg[4][6]/CK (SDFFRQX2M)          0.00       0.00 r
  REG_FILE_UNIT/regfile_reg[4][6]/Q (SDFFRQX2M)           0.73       0.73 f
  REG_FILE_UNIT/regfile_reg[4][7]/SI (SDFFRQX2M)          0.00       0.73 f
  data arrival time                                                  0.73

  clock REF_CLK (rise edge)                               0.00       0.00
  clock network delay (ideal)                             0.00       0.00
  clock uncertainty                                       0.10       0.10
  REG_FILE_UNIT/regfile_reg[4][7]/CK (SDFFRQX2M)          0.00       0.10 r
  library hold time                                      -0.36      -0.26
  data required time                                                -0.26
  --------------------------------------------------------------------------
  data required time                                                -0.26
  data arrival time                                                 -0.73
  --------------------------------------------------------------------------
  slack (MET)                                                        0.99


  Startpoint: REG_FILE_UNIT/regfile_reg[4][5]
              (rising edge-triggered flip-flop clocked by REF_CLK)
  Endpoint: REG_FILE_UNIT/regfile_reg[4][6]
            (rising edge-triggered flip-flop clocked by REF_CLK)
  Path Group: REF_CLK
  Path Type: min

  Des/Clust/Port     Wire Load Model       Library
  ------------------------------------------------
  SYS_TOP            tsmc13_wl30           scmetro_tsmc_cl013g_rvt_ss_1p08v_125c

  Point                                                   Incr       Path
  --------------------------------------------------------------------------
  clock REF_CLK (rise edge)                               0.00       0.00
  clock network delay (ideal)                             0.00       0.00
  REG_FILE_UNIT/regfile_reg[4][5]/CK (SDFFRQX2M)          0.00       0.00 r
  REG_FILE_UNIT/regfile_reg[4][5]/Q (SDFFRQX2M)           0.73       0.73 f
  REG_FILE_UNIT/regfile_reg[4][6]/SI (SDFFRQX2M)          0.00       0.73 f
  data arrival time                                                  0.73

  clock REF_CLK (rise edge)                               0.00       0.00
  clock network delay (ideal)                             0.00       0.00
  clock uncertainty                                       0.10       0.10
  REG_FILE_UNIT/regfile_reg[4][6]/CK (SDFFRQX2M)          0.00       0.10 r
  library hold time                                      -0.36      -0.26
  data required time                                                -0.26
  --------------------------------------------------------------------------
  data required time                                                -0.26
  data arrival time                                                 -0.73
  --------------------------------------------------------------------------
  slack (MET)                                                        0.99


  Startpoint: REG_FILE_UNIT/regfile_reg[4][4]
              (rising edge-triggered flip-flop clocked by REF_CLK)
  Endpoint: REG_FILE_UNIT/regfile_reg[4][5]
            (rising edge-triggered flip-flop clocked by REF_CLK)
  Path Group: REF_CLK
  Path Type: min

  Des/Clust/Port     Wire Load Model       Library
  ------------------------------------------------
  SYS_TOP            tsmc13_wl30           scmetro_tsmc_cl013g_rvt_ss_1p08v_125c

  Point                                                   Incr       Path
  --------------------------------------------------------------------------
  clock REF_CLK (rise edge)                               0.00       0.00
  clock network delay (ideal)                             0.00       0.00
  REG_FILE_UNIT/regfile_reg[4][4]/CK (SDFFRQX2M)          0.00       0.00 r
  REG_FILE_UNIT/regfile_reg[4][4]/Q (SDFFRQX2M)           0.73       0.73 f
  REG_FILE_UNIT/regfile_reg[4][5]/SI (SDFFRQX2M)          0.00       0.73 f
  data arrival time                                                  0.73

  clock REF_CLK (rise edge)                               0.00       0.00
  clock network delay (ideal)                             0.00       0.00
  clock uncertainty                                       0.10       0.10
  REG_FILE_UNIT/regfile_reg[4][5]/CK (SDFFRQX2M)          0.00       0.10 r
  library hold time                                      -0.36      -0.26
  data required time                                                -0.26
  --------------------------------------------------------------------------
  data required time                                                -0.26
  data arrival time                                                 -0.73
  --------------------------------------------------------------------------
  slack (MET)                                                        0.99


  Startpoint: REG_FILE_UNIT/regfile_reg[4][3]
              (rising edge-triggered flip-flop clocked by REF_CLK)
  Endpoint: REG_FILE_UNIT/regfile_reg[4][4]
            (rising edge-triggered flip-flop clocked by REF_CLK)
  Path Group: REF_CLK
  Path Type: min

  Des/Clust/Port     Wire Load Model       Library
  ------------------------------------------------
  SYS_TOP            tsmc13_wl30           scmetro_tsmc_cl013g_rvt_ss_1p08v_125c

  Point                                                   Incr       Path
  --------------------------------------------------------------------------
  clock REF_CLK (rise edge)                               0.00       0.00
  clock network delay (ideal)                             0.00       0.00
  REG_FILE_UNIT/regfile_reg[4][3]/CK (SDFFRQX2M)          0.00       0.00 r
  REG_FILE_UNIT/regfile_reg[4][3]/Q (SDFFRQX2M)           0.73       0.73 f
  REG_FILE_UNIT/regfile_reg[4][4]/SI (SDFFRQX2M)          0.00       0.73 f
  data arrival time                                                  0.73

  clock REF_CLK (rise edge)                               0.00       0.00
  clock network delay (ideal)                             0.00       0.00
  clock uncertainty                                       0.10       0.10
  REG_FILE_UNIT/regfile_reg[4][4]/CK (SDFFRQX2M)          0.00       0.10 r
  library hold time                                      -0.36      -0.26
  data required time                                                -0.26
  --------------------------------------------------------------------------
  data required time                                                -0.26
  data arrival time                                                 -0.73
  --------------------------------------------------------------------------
  slack (MET)                                                        0.99


  Startpoint: REG_FILE_UNIT/regfile_reg[4][2]
              (rising edge-triggered flip-flop clocked by REF_CLK)
  Endpoint: REG_FILE_UNIT/regfile_reg[4][3]
            (rising edge-triggered flip-flop clocked by REF_CLK)
  Path Group: REF_CLK
  Path Type: min

  Des/Clust/Port     Wire Load Model       Library
  ------------------------------------------------
  SYS_TOP            tsmc13_wl30           scmetro_tsmc_cl013g_rvt_ss_1p08v_125c

  Point                                                   Incr       Path
  --------------------------------------------------------------------------
  clock REF_CLK (rise edge)                               0.00       0.00
  clock network delay (ideal)                             0.00       0.00
  REG_FILE_UNIT/regfile_reg[4][2]/CK (SDFFRQX2M)          0.00       0.00 r
  REG_FILE_UNIT/regfile_reg[4][2]/Q (SDFFRQX2M)           0.73       0.73 f
  REG_FILE_UNIT/regfile_reg[4][3]/SI (SDFFRQX2M)          0.00       0.73 f
  data arrival time                                                  0.73

  clock REF_CLK (rise edge)                               0.00       0.00
  clock network delay (ideal)                             0.00       0.00
  clock uncertainty                                       0.10       0.10
  REG_FILE_UNIT/regfile_reg[4][3]/CK (SDFFRQX2M)          0.00       0.10 r
  library hold time                                      -0.36      -0.26
  data required time                                                -0.26
  --------------------------------------------------------------------------
  data required time                                                -0.26
  data arrival time                                                 -0.73
  --------------------------------------------------------------------------
  slack (MET)                                                        0.99


  Startpoint: REG_FILE_UNIT/regfile_reg[4][1]
              (rising edge-triggered flip-flop clocked by REF_CLK)
  Endpoint: REG_FILE_UNIT/regfile_reg[4][2]
            (rising edge-triggered flip-flop clocked by REF_CLK)
  Path Group: REF_CLK
  Path Type: min

  Des/Clust/Port     Wire Load Model       Library
  ------------------------------------------------
  SYS_TOP            tsmc13_wl30           scmetro_tsmc_cl013g_rvt_ss_1p08v_125c

  Point                                                   Incr       Path
  --------------------------------------------------------------------------
  clock REF_CLK (rise edge)                               0.00       0.00
  clock network delay (ideal)                             0.00       0.00
  REG_FILE_UNIT/regfile_reg[4][1]/CK (SDFFRQX2M)          0.00       0.00 r
  REG_FILE_UNIT/regfile_reg[4][1]/Q (SDFFRQX2M)           0.73       0.73 f
  REG_FILE_UNIT/regfile_reg[4][2]/SI (SDFFRQX2M)          0.00       0.73 f
  data arrival time                                                  0.73

  clock REF_CLK (rise edge)                               0.00       0.00
  clock network delay (ideal)                             0.00       0.00
  clock uncertainty                                       0.10       0.10
  REG_FILE_UNIT/regfile_reg[4][2]/CK (SDFFRQX2M)          0.00       0.10 r
  library hold time                                      -0.36      -0.26
  data required time                                                -0.26
  --------------------------------------------------------------------------
  data required time                                                -0.26
  data arrival time                                                 -0.73
  --------------------------------------------------------------------------
  slack (MET)                                                        0.99


  Startpoint: REG_FILE_UNIT/regfile_reg[4][0]
              (rising edge-triggered flip-flop clocked by REF_CLK)
  Endpoint: REG_FILE_UNIT/regfile_reg[4][1]
            (rising edge-triggered flip-flop clocked by REF_CLK)
  Path Group: REF_CLK
  Path Type: min

  Des/Clust/Port     Wire Load Model       Library
  ------------------------------------------------
  SYS_TOP            tsmc13_wl30           scmetro_tsmc_cl013g_rvt_ss_1p08v_125c

  Point                                                   Incr       Path
  --------------------------------------------------------------------------
  clock REF_CLK (rise edge)                               0.00       0.00
  clock network delay (ideal)                             0.00       0.00
  REG_FILE_UNIT/regfile_reg[4][0]/CK (SDFFRQX2M)          0.00       0.00 r
  REG_FILE_UNIT/regfile_reg[4][0]/Q (SDFFRQX2M)           0.73       0.73 f
  REG_FILE_UNIT/regfile_reg[4][1]/SI (SDFFRQX2M)          0.00       0.73 f
  data arrival time                                                  0.73

  clock REF_CLK (rise edge)                               0.00       0.00
  clock network delay (ideal)                             0.00       0.00
  clock uncertainty                                       0.10       0.10
  REG_FILE_UNIT/regfile_reg[4][1]/CK (SDFFRQX2M)          0.00       0.10 r
  library hold time                                      -0.36      -0.26
  data required time                                                -0.26
  --------------------------------------------------------------------------
  data required time                                                -0.26
  data arrival time                                                 -0.73
  --------------------------------------------------------------------------
  slack (MET)                                                        0.99


  Startpoint: REG_FILE_UNIT/regfile_reg[5][6]
              (rising edge-triggered flip-flop clocked by REF_CLK)
  Endpoint: REG_FILE_UNIT/regfile_reg[5][7]
            (rising edge-triggered flip-flop clocked by REF_CLK)
  Path Group: REF_CLK
  Path Type: min

  Des/Clust/Port     Wire Load Model       Library
  ------------------------------------------------
  SYS_TOP            tsmc13_wl30           scmetro_tsmc_cl013g_rvt_ss_1p08v_125c

  Point                                                   Incr       Path
  --------------------------------------------------------------------------
  clock REF_CLK (rise edge)                               0.00       0.00
  clock network delay (ideal)                             0.00       0.00
  REG_FILE_UNIT/regfile_reg[5][6]/CK (SDFFRQX2M)          0.00       0.00 r
  REG_FILE_UNIT/regfile_reg[5][6]/Q (SDFFRQX2M)           0.73       0.73 f
  REG_FILE_UNIT/regfile_reg[5][7]/SI (SDFFRQX2M)          0.00       0.73 f
  data arrival time                                                  0.73

  clock REF_CLK (rise edge)                               0.00       0.00
  clock network delay (ideal)                             0.00       0.00
  clock uncertainty                                       0.10       0.10
  REG_FILE_UNIT/regfile_reg[5][7]/CK (SDFFRQX2M)          0.00       0.10 r
  library hold time                                      -0.36      -0.26
  data required time                                                -0.26
  --------------------------------------------------------------------------
  data required time                                                -0.26
  data arrival time                                                 -0.73
  --------------------------------------------------------------------------
  slack (MET)                                                        0.99


  Startpoint: REG_FILE_UNIT/regfile_reg[5][2]
              (rising edge-triggered flip-flop clocked by REF_CLK)
  Endpoint: REG_FILE_UNIT/regfile_reg[5][3]
            (rising edge-triggered flip-flop clocked by REF_CLK)
  Path Group: REF_CLK
  Path Type: min

  Des/Clust/Port     Wire Load Model       Library
  ------------------------------------------------
  SYS_TOP            tsmc13_wl30           scmetro_tsmc_cl013g_rvt_ss_1p08v_125c

  Point                                                   Incr       Path
  --------------------------------------------------------------------------
  clock REF_CLK (rise edge)                               0.00       0.00
  clock network delay (ideal)                             0.00       0.00
  REG_FILE_UNIT/regfile_reg[5][2]/CK (SDFFRQX2M)          0.00       0.00 r
  REG_FILE_UNIT/regfile_reg[5][2]/Q (SDFFRQX2M)           0.73       0.73 f
  REG_FILE_UNIT/regfile_reg[5][3]/SI (SDFFRQX2M)          0.00       0.73 f
  data arrival time                                                  0.73

  clock REF_CLK (rise edge)                               0.00       0.00
  clock network delay (ideal)                             0.00       0.00
  clock uncertainty                                       0.10       0.10
  REG_FILE_UNIT/regfile_reg[5][3]/CK (SDFFRQX2M)          0.00       0.10 r
  library hold time                                      -0.36      -0.26
  data required time                                                -0.26
  --------------------------------------------------------------------------
  data required time                                                -0.26
  data arrival time                                                 -0.73
  --------------------------------------------------------------------------
  slack (MET)                                                        0.99


  Startpoint: REG_FILE_UNIT/regfile_reg[4][7]
              (rising edge-triggered flip-flop clocked by REF_CLK)
  Endpoint: REG_FILE_UNIT/regfile_reg[5][0]
            (rising edge-triggered flip-flop clocked by REF_CLK)
  Path Group: REF_CLK
  Path Type: min

  Des/Clust/Port     Wire Load Model       Library
  ------------------------------------------------
  SYS_TOP            tsmc13_wl30           scmetro_tsmc_cl013g_rvt_ss_1p08v_125c

  Point                                                   Incr       Path
  --------------------------------------------------------------------------
  clock REF_CLK (rise edge)                               0.00       0.00
  clock network delay (ideal)                             0.00       0.00
  REG_FILE_UNIT/regfile_reg[4][7]/CK (SDFFRQX2M)          0.00       0.00 r
  REG_FILE_UNIT/regfile_reg[4][7]/Q (SDFFRQX2M)           0.73       0.73 f
  REG_FILE_UNIT/regfile_reg[5][0]/SI (SDFFRQX2M)          0.00       0.73 f
  data arrival time                                                  0.73

  clock REF_CLK (rise edge)                               0.00       0.00
  clock network delay (ideal)                             0.00       0.00
  clock uncertainty                                       0.10       0.10
  REG_FILE_UNIT/regfile_reg[5][0]/CK (SDFFRQX2M)          0.00       0.10 r
  library hold time                                      -0.36      -0.26
  data required time                                                -0.26
  --------------------------------------------------------------------------
  data required time                                                -0.26
  data arrival time                                                 -0.73
  --------------------------------------------------------------------------
  slack (MET)                                                        0.99


  Startpoint: REG_FILE_UNIT/regfile_reg[11][7]
              (rising edge-triggered flip-flop clocked by REF_CLK)
  Endpoint: REG_FILE_UNIT/regfile_reg[12][0]
            (rising edge-triggered flip-flop clocked by REF_CLK)
  Path Group: REF_CLK
  Path Type: min

  Des/Clust/Port     Wire Load Model       Library
  ------------------------------------------------
  SYS_TOP            tsmc13_wl30           scmetro_tsmc_cl013g_rvt_ss_1p08v_125c

  Point                                                   Incr       Path
  --------------------------------------------------------------------------
  clock REF_CLK (rise edge)                               0.00       0.00
  clock network delay (ideal)                             0.00       0.00
  REG_FILE_UNIT/regfile_reg[11][7]/CK (SDFFRQX2M)         0.00       0.00 r
  REG_FILE_UNIT/regfile_reg[11][7]/Q (SDFFRQX2M)          0.73       0.73 f
  REG_FILE_UNIT/regfile_reg[12][0]/SI (SDFFRQX2M)         0.00       0.73 f
  data arrival time                                                  0.73

  clock REF_CLK (rise edge)                               0.00       0.00
  clock network delay (ideal)                             0.00       0.00
  clock uncertainty                                       0.10       0.10
  REG_FILE_UNIT/regfile_reg[12][0]/CK (SDFFRQX2M)         0.00       0.10 r
  library hold time                                      -0.36      -0.26
  data required time                                                -0.26
  --------------------------------------------------------------------------
  data required time                                                -0.26
  data arrival time                                                 -0.73
  --------------------------------------------------------------------------
  slack (MET)                                                        0.99


  Startpoint: REG_FILE_UNIT/regfile_reg[5][7]
              (rising edge-triggered flip-flop clocked by REF_CLK)
  Endpoint: REG_FILE_UNIT/regfile_reg[6][0]
            (rising edge-triggered flip-flop clocked by REF_CLK)
  Path Group: REF_CLK
  Path Type: min

  Des/Clust/Port     Wire Load Model       Library
  ------------------------------------------------
  SYS_TOP            tsmc13_wl30           scmetro_tsmc_cl013g_rvt_ss_1p08v_125c

  Point                                                   Incr       Path
  --------------------------------------------------------------------------
  clock REF_CLK (rise edge)                               0.00       0.00
  clock network delay (ideal)                             0.00       0.00
  REG_FILE_UNIT/regfile_reg[5][7]/CK (SDFFRQX2M)          0.00       0.00 r
  REG_FILE_UNIT/regfile_reg[5][7]/Q (SDFFRQX2M)           0.73       0.73 f
  REG_FILE_UNIT/regfile_reg[6][0]/SI (SDFFRQX2M)          0.00       0.73 f
  data arrival time                                                  0.73

  clock REF_CLK (rise edge)                               0.00       0.00
  clock network delay (ideal)                             0.00       0.00
  clock uncertainty                                       0.10       0.10
  REG_FILE_UNIT/regfile_reg[6][0]/CK (SDFFRQX2M)          0.00       0.10 r
  library hold time                                      -0.36      -0.26
  data required time                                                -0.26
  --------------------------------------------------------------------------
  data required time                                                -0.26
  data arrival time                                                 -0.73
  --------------------------------------------------------------------------
  slack (MET)                                                        0.99


  Startpoint: UART_UNIT/UART_RX_UNIT/u_Parity_Check/par_err_reg
              (rising edge-triggered flip-flop clocked by RX_CLK)
  Endpoint: UART_UNIT/UART_RX_UNIT/u_Start_Check/strt_glitch_reg
            (rising edge-triggered flip-flop clocked by RX_CLK)
  Path Group: RX_CLK
  Path Type: min

  Des/Clust/Port     Wire Load Model       Library
  ------------------------------------------------
  SYS_TOP            tsmc13_wl30           scmetro_tsmc_cl013g_rvt_ss_1p08v_125c

  Point                                                   Incr       Path
  --------------------------------------------------------------------------
  clock RX_CLK (rise edge)                                0.00       0.00
  clock network delay (ideal)                             0.00       0.00
  UART_UNIT/UART_RX_UNIT/u_Parity_Check/par_err_reg/CK (SDFFRQX2M)
                                                          0.00       0.00 r
  UART_UNIT/UART_RX_UNIT/u_Parity_Check/par_err_reg/Q (SDFFRQX2M)
                                                          0.67       0.67 r
  UART_UNIT/UART_RX_UNIT/u_Parity_Check/test_so1 (Parity_Check_DATA_WIDTH8_test_1_test_1_test_1)
                                                          0.00       0.67 r
  UART_UNIT/UART_RX_UNIT/u_Start_Check/test_si2 (Start_Check_DATA_WIDTH8_test_1_test_1_test_1)
                                                          0.00       0.67 r
  UART_UNIT/UART_RX_UNIT/u_Start_Check/strt_glitch_reg/SI (SDFFRQX2M)
                                                          0.00       0.67 r
  data arrival time                                                  0.67

  clock RX_CLK (rise edge)                                0.00       0.00
  clock network delay (ideal)                             0.00       0.00
  clock uncertainty                                       0.10       0.10
  UART_UNIT/UART_RX_UNIT/u_Start_Check/strt_glitch_reg/CK (SDFFRQX2M)
                                                          0.00       0.10 r
  library hold time                                      -0.24      -0.14
  data required time                                                -0.14
  --------------------------------------------------------------------------
  data required time                                                -0.14
  data arrival time                                                 -0.67
  --------------------------------------------------------------------------
  slack (MET)                                                        0.81


  Startpoint: UART_UNIT/UART_RX_UNIT/u_edge_bit_counter/edge_cnt_reg[4]
              (rising edge-triggered flip-flop clocked by RX_CLK)
  Endpoint: UART_UNIT/UART_RX_UNIT/u_edge_bit_counter/edge_cnt_reg[5]
            (rising edge-triggered flip-flop clocked by RX_CLK)
  Path Group: RX_CLK
  Path Type: min

  Des/Clust/Port     Wire Load Model       Library
  ------------------------------------------------
  SYS_TOP            tsmc13_wl30           scmetro_tsmc_cl013g_rvt_ss_1p08v_125c

  Point                                                   Incr       Path
  --------------------------------------------------------------------------
  clock RX_CLK (rise edge)                                0.00       0.00
  clock network delay (ideal)                             0.00       0.00
  UART_UNIT/UART_RX_UNIT/u_edge_bit_counter/edge_cnt_reg[4]/CK (SDFFRQX2M)
                                                          0.00       0.00 r
  UART_UNIT/UART_RX_UNIT/u_edge_bit_counter/edge_cnt_reg[4]/Q (SDFFRQX2M)
                                                          0.67       0.67 r
  UART_UNIT/UART_RX_UNIT/u_edge_bit_counter/edge_cnt_reg[5]/SI (SDFFRQX2M)
                                                          0.00       0.67 r
  data arrival time                                                  0.67

  clock RX_CLK (rise edge)                                0.00       0.00
  clock network delay (ideal)                             0.00       0.00
  clock uncertainty                                       0.10       0.10
  UART_UNIT/UART_RX_UNIT/u_edge_bit_counter/edge_cnt_reg[5]/CK (SDFFRQX2M)
                                                          0.00       0.10 r
  library hold time                                      -0.24      -0.14
  data required time                                                -0.14
  --------------------------------------------------------------------------
  data required time                                                -0.14
  data arrival time                                                 -0.67
  --------------------------------------------------------------------------
  slack (MET)                                                        0.81


  Startpoint: UART_UNIT/UART_RX_UNIT/u_edge_bit_counter/edge_cnt_reg[3]
              (rising edge-triggered flip-flop clocked by RX_CLK)
  Endpoint: UART_UNIT/UART_RX_UNIT/u_edge_bit_counter/edge_cnt_reg[4]
            (rising edge-triggered flip-flop clocked by RX_CLK)
  Path Group: RX_CLK
  Path Type: min

  Des/Clust/Port     Wire Load Model       Library
  ------------------------------------------------
  SYS_TOP            tsmc13_wl30           scmetro_tsmc_cl013g_rvt_ss_1p08v_125c

  Point                                                   Incr       Path
  --------------------------------------------------------------------------
  clock RX_CLK (rise edge)                                0.00       0.00
  clock network delay (ideal)                             0.00       0.00
  UART_UNIT/UART_RX_UNIT/u_edge_bit_counter/edge_cnt_reg[3]/CK (SDFFRQX2M)
                                                          0.00       0.00 r
  UART_UNIT/UART_RX_UNIT/u_edge_bit_counter/edge_cnt_reg[3]/Q (SDFFRQX2M)
                                                          0.67       0.67 r
  UART_UNIT/UART_RX_UNIT/u_edge_bit_counter/edge_cnt_reg[4]/SI (SDFFRQX2M)
                                                          0.00       0.67 r
  data arrival time                                                  0.67

  clock RX_CLK (rise edge)                                0.00       0.00
  clock network delay (ideal)                             0.00       0.00
  clock uncertainty                                       0.10       0.10
  UART_UNIT/UART_RX_UNIT/u_edge_bit_counter/edge_cnt_reg[4]/CK (SDFFRQX2M)
                                                          0.00       0.10 r
  library hold time                                      -0.24      -0.14
  data required time                                                -0.14
  --------------------------------------------------------------------------
  data required time                                                -0.14
  data arrival time                                                 -0.67
  --------------------------------------------------------------------------
  slack (MET)                                                        0.81


  Startpoint: UART_UNIT/UART_RX_UNIT/u_edge_bit_counter/bit_cnt_reg[1]
              (rising edge-triggered flip-flop clocked by RX_CLK)
  Endpoint: UART_UNIT/UART_RX_UNIT/u_edge_bit_counter/bit_cnt_reg[2]
            (rising edge-triggered flip-flop clocked by RX_CLK)
  Path Group: RX_CLK
  Path Type: min

  Des/Clust/Port     Wire Load Model       Library
  ------------------------------------------------
  SYS_TOP            tsmc13_wl30           scmetro_tsmc_cl013g_rvt_ss_1p08v_125c

  Point                                                   Incr       Path
  --------------------------------------------------------------------------
  clock RX_CLK (rise edge)                                0.00       0.00
  clock network delay (ideal)                             0.00       0.00
  UART_UNIT/UART_RX_UNIT/u_edge_bit_counter/bit_cnt_reg[1]/CK (SDFFRQX2M)
                                                          0.00       0.00 r
  UART_UNIT/UART_RX_UNIT/u_edge_bit_counter/bit_cnt_reg[1]/Q (SDFFRQX2M)
                                                          0.67       0.67 r
  UART_UNIT/UART_RX_UNIT/u_edge_bit_counter/bit_cnt_reg[2]/SI (SDFFRQX2M)
                                                          0.00       0.67 r
  data arrival time                                                  0.67

  clock RX_CLK (rise edge)                                0.00       0.00
  clock network delay (ideal)                             0.00       0.00
  clock uncertainty                                       0.10       0.10
  UART_UNIT/UART_RX_UNIT/u_edge_bit_counter/bit_cnt_reg[2]/CK (SDFFRQX2M)
                                                          0.00       0.10 r
  library hold time                                      -0.24      -0.14
  data required time                                                -0.14
  --------------------------------------------------------------------------
  data required time                                                -0.14
  data arrival time                                                 -0.67
  --------------------------------------------------------------------------
  slack (MET)                                                        0.81


  Startpoint: UART_UNIT/UART_RX_UNIT/u_edge_bit_counter/bit_cnt_reg[3]
              (rising edge-triggered flip-flop clocked by RX_CLK)
  Endpoint: UART_UNIT/UART_RX_UNIT/u_edge_bit_counter/edge_cnt_reg[0]
            (rising edge-triggered flip-flop clocked by RX_CLK)
  Path Group: RX_CLK
  Path Type: min

  Des/Clust/Port     Wire Load Model       Library
  ------------------------------------------------
  SYS_TOP            tsmc13_wl30           scmetro_tsmc_cl013g_rvt_ss_1p08v_125c

  Point                                                   Incr       Path
  --------------------------------------------------------------------------
  clock RX_CLK (rise edge)                                0.00       0.00
  clock network delay (ideal)                             0.00       0.00
  UART_UNIT/UART_RX_UNIT/u_edge_bit_counter/bit_cnt_reg[3]/CK (SDFFRQX2M)
                                                          0.00       0.00 r
  UART_UNIT/UART_RX_UNIT/u_edge_bit_counter/bit_cnt_reg[3]/Q (SDFFRQX2M)
                                                          0.67       0.67 r
  UART_UNIT/UART_RX_UNIT/u_edge_bit_counter/edge_cnt_reg[0]/SI (SDFFRQX2M)
                                                          0.00       0.67 r
  data arrival time                                                  0.67

  clock RX_CLK (rise edge)                                0.00       0.00
  clock network delay (ideal)                             0.00       0.00
  clock uncertainty                                       0.10       0.10
  UART_UNIT/UART_RX_UNIT/u_edge_bit_counter/edge_cnt_reg[0]/CK (SDFFRQX2M)
                                                          0.00       0.10 r
  library hold time                                      -0.24      -0.14
  data required time                                                -0.14
  --------------------------------------------------------------------------
  data required time                                                -0.14
  data arrival time                                                 -0.67
  --------------------------------------------------------------------------
  slack (MET)                                                        0.81


  Startpoint: UART_UNIT/UART_RX_UNIT/u_edge_bit_counter/bit_cnt_reg[2]
              (rising edge-triggered flip-flop clocked by RX_CLK)
  Endpoint: UART_UNIT/UART_RX_UNIT/u_edge_bit_counter/bit_cnt_reg[3]
            (rising edge-triggered flip-flop clocked by RX_CLK)
  Path Group: RX_CLK
  Path Type: min

  Des/Clust/Port     Wire Load Model       Library
  ------------------------------------------------
  SYS_TOP            tsmc13_wl30           scmetro_tsmc_cl013g_rvt_ss_1p08v_125c

  Point                                                   Incr       Path
  --------------------------------------------------------------------------
  clock RX_CLK (rise edge)                                0.00       0.00
  clock network delay (ideal)                             0.00       0.00
  UART_UNIT/UART_RX_UNIT/u_edge_bit_counter/bit_cnt_reg[2]/CK (SDFFRQX2M)
                                                          0.00       0.00 r
  UART_UNIT/UART_RX_UNIT/u_edge_bit_counter/bit_cnt_reg[2]/Q (SDFFRQX2M)
                                                          0.67       0.67 r
  UART_UNIT/UART_RX_UNIT/u_edge_bit_counter/bit_cnt_reg[3]/SI (SDFFRQX2M)
                                                          0.00       0.67 r
  data arrival time                                                  0.67

  clock RX_CLK (rise edge)                                0.00       0.00
  clock network delay (ideal)                             0.00       0.00
  clock uncertainty                                       0.10       0.10
  UART_UNIT/UART_RX_UNIT/u_edge_bit_counter/bit_cnt_reg[3]/CK (SDFFRQX2M)
                                                          0.00       0.10 r
  library hold time                                      -0.24      -0.14
  data required time                                                -0.14
  --------------------------------------------------------------------------
  data required time                                                -0.14
  data arrival time                                                 -0.67
  --------------------------------------------------------------------------
  slack (MET)                                                        0.81


  Startpoint: UART_UNIT/UART_RX_UNIT/u_Data_Sampling/sampled_bit_reg
              (rising edge-triggered flip-flop clocked by RX_CLK)
  Endpoint: UART_UNIT/UART_RX_UNIT/u_FSM_RX/Current_State_reg[0]
            (rising edge-triggered flip-flop clocked by RX_CLK)
  Path Group: RX_CLK
  Path Type: min

  Des/Clust/Port     Wire Load Model       Library
  ------------------------------------------------
  SYS_TOP            tsmc13_wl30           scmetro_tsmc_cl013g_rvt_ss_1p08v_125c

  Point                                                   Incr       Path
  --------------------------------------------------------------------------
  clock RX_CLK (rise edge)                                0.00       0.00
  clock network delay (ideal)                             0.00       0.00
  UART_UNIT/UART_RX_UNIT/u_Data_Sampling/sampled_bit_reg/CK (SDFFRQX2M)
                                                          0.00       0.00 r
  UART_UNIT/UART_RX_UNIT/u_Data_Sampling/sampled_bit_reg/Q (SDFFRQX2M)
                                                          0.67       0.67 r
  UART_UNIT/UART_RX_UNIT/u_Data_Sampling/test_so1 (Data_Sampling_DATA_WIDTH8_test_1_test_1_test_1)
                                                          0.00       0.67 r
  UART_UNIT/UART_RX_UNIT/u_FSM_RX/test_si2 (FSM_RX_DATA_WIDTH8_test_1_test_1_test_1)
                                                          0.00       0.67 r
  UART_UNIT/UART_RX_UNIT/u_FSM_RX/Current_State_reg[0]/SI (SDFFRQX2M)
                                                          0.00       0.67 r
  data arrival time                                                  0.67

  clock RX_CLK (rise edge)                                0.00       0.00
  clock network delay (ideal)                             0.00       0.00
  clock uncertainty                                       0.10       0.10
  UART_UNIT/UART_RX_UNIT/u_FSM_RX/Current_State_reg[0]/CK (SDFFRQX2M)
                                                          0.00       0.10 r
  library hold time                                      -0.24      -0.14
  data required time                                                -0.14
  --------------------------------------------------------------------------
  data required time                                                -0.14
  data arrival time                                                 -0.67
  --------------------------------------------------------------------------
  slack (MET)                                                        0.81


  Startpoint: UART_UNIT/UART_RX_UNIT/u_edge_bit_counter/edge_cnt_reg[1]
              (rising edge-triggered flip-flop clocked by RX_CLK)
  Endpoint: UART_UNIT/UART_RX_UNIT/u_edge_bit_counter/edge_cnt_reg[2]
            (rising edge-triggered flip-flop clocked by RX_CLK)
  Path Group: RX_CLK
  Path Type: min

  Des/Clust/Port     Wire Load Model       Library
  ------------------------------------------------
  SYS_TOP            tsmc13_wl30           scmetro_tsmc_cl013g_rvt_ss_1p08v_125c

  Point                                                   Incr       Path
  --------------------------------------------------------------------------
  clock RX_CLK (rise edge)                                0.00       0.00
  clock network delay (ideal)                             0.00       0.00
  UART_UNIT/UART_RX_UNIT/u_edge_bit_counter/edge_cnt_reg[1]/CK (SDFFRQX2M)
                                                          0.00       0.00 r
  UART_UNIT/UART_RX_UNIT/u_edge_bit_counter/edge_cnt_reg[1]/Q (SDFFRQX2M)
                                                          0.67       0.67 r
  UART_UNIT/UART_RX_UNIT/u_edge_bit_counter/edge_cnt_reg[2]/SI (SDFFRQX4M)
                                                          0.00       0.67 r
  data arrival time                                                  0.67

  clock RX_CLK (rise edge)                                0.00       0.00
  clock network delay (ideal)                             0.00       0.00
  clock uncertainty                                       0.10       0.10
  UART_UNIT/UART_RX_UNIT/u_edge_bit_counter/edge_cnt_reg[2]/CK (SDFFRQX4M)
                                                          0.00       0.10 r
  library hold time                                      -0.24      -0.14
  data required time                                                -0.14
  --------------------------------------------------------------------------
  data required time                                                -0.14
  data arrival time                                                 -0.67
  --------------------------------------------------------------------------
  slack (MET)                                                        0.81


  Startpoint: UART_UNIT/UART_RX_UNIT/u_FSM_RX/Current_State_reg[1]
              (rising edge-triggered flip-flop clocked by RX_CLK)
  Endpoint: UART_UNIT/UART_RX_UNIT/u_FSM_RX/Current_State_reg[2]
            (rising edge-triggered flip-flop clocked by RX_CLK)
  Path Group: RX_CLK
  Path Type: min

  Des/Clust/Port     Wire Load Model       Library
  ------------------------------------------------
  SYS_TOP            tsmc13_wl30           scmetro_tsmc_cl013g_rvt_ss_1p08v_125c

  Point                                                   Incr       Path
  --------------------------------------------------------------------------
  clock RX_CLK (rise edge)                                0.00       0.00
  clock network delay (ideal)                             0.00       0.00
  UART_UNIT/UART_RX_UNIT/u_FSM_RX/Current_State_reg[1]/CK (SDFFRQX2M)
                                                          0.00       0.00 r
  UART_UNIT/UART_RX_UNIT/u_FSM_RX/Current_State_reg[1]/Q (SDFFRQX2M)
                                                          0.67       0.67 r
  UART_UNIT/UART_RX_UNIT/u_FSM_RX/Current_State_reg[2]/SI (SDFFRQX4M)
                                                          0.00       0.67 r
  data arrival time                                                  0.67

  clock RX_CLK (rise edge)                                0.00       0.00
  clock network delay (ideal)                             0.00       0.00
  clock uncertainty                                       0.10       0.10
  UART_UNIT/UART_RX_UNIT/u_FSM_RX/Current_State_reg[2]/CK (SDFFRQX4M)
                                                          0.00       0.10 r
  library hold time                                      -0.24      -0.14
  data required time                                                -0.14
  --------------------------------------------------------------------------
  data required time                                                -0.14
  data arrival time                                                 -0.67
  --------------------------------------------------------------------------
  slack (MET)                                                        0.81


  Startpoint: UART_UNIT/UART_RX_UNIT/u_edge_bit_counter/edge_cnt_reg[0]
              (rising edge-triggered flip-flop clocked by RX_CLK)
  Endpoint: UART_UNIT/UART_RX_UNIT/u_edge_bit_counter/edge_cnt_reg[1]
            (rising edge-triggered flip-flop clocked by RX_CLK)
  Path Group: RX_CLK
  Path Type: min

  Des/Clust/Port     Wire Load Model       Library
  ------------------------------------------------
  SYS_TOP            tsmc13_wl30           scmetro_tsmc_cl013g_rvt_ss_1p08v_125c

  Point                                                   Incr       Path
  --------------------------------------------------------------------------
  clock RX_CLK (rise edge)                                0.00       0.00
  clock network delay (ideal)                             0.00       0.00
  UART_UNIT/UART_RX_UNIT/u_edge_bit_counter/edge_cnt_reg[0]/CK (SDFFRQX2M)
                                                          0.00       0.00 r
  UART_UNIT/UART_RX_UNIT/u_edge_bit_counter/edge_cnt_reg[0]/Q (SDFFRQX2M)
                                                          0.68       0.68 r
  UART_UNIT/UART_RX_UNIT/u_edge_bit_counter/edge_cnt_reg[1]/SI (SDFFRQX2M)
                                                          0.00       0.68 r
  data arrival time                                                  0.68

  clock RX_CLK (rise edge)                                0.00       0.00
  clock network delay (ideal)                             0.00       0.00
  clock uncertainty                                       0.10       0.10
  UART_UNIT/UART_RX_UNIT/u_edge_bit_counter/edge_cnt_reg[1]/CK (SDFFRQX2M)
                                                          0.00       0.10 r
  library hold time                                      -0.24      -0.14
  data required time                                                -0.14
  --------------------------------------------------------------------------
  data required time                                                -0.14
  data arrival time                                                 -0.68
  --------------------------------------------------------------------------
  slack (MET)                                                        0.82


  Startpoint: UART_UNIT/UART_RX_UNIT/u_deserializer/P_DATA_reg[6]
              (rising edge-triggered flip-flop clocked by RX_CLK)
  Endpoint: UART_UNIT/UART_RX_UNIT/u_deserializer/P_DATA_reg[7]
            (rising edge-triggered flip-flop clocked by RX_CLK)
  Path Group: RX_CLK
  Path Type: min

  Des/Clust/Port     Wire Load Model       Library
  ------------------------------------------------
  SYS_TOP            tsmc13_wl30           scmetro_tsmc_cl013g_rvt_ss_1p08v_125c

  Point                                                   Incr       Path
  --------------------------------------------------------------------------
  clock RX_CLK (rise edge)                                0.00       0.00
  clock network delay (ideal)                             0.00       0.00
  UART_UNIT/UART_RX_UNIT/u_deserializer/P_DATA_reg[6]/CK (SDFFRQX2M)
                                                          0.00       0.00 r
  UART_UNIT/UART_RX_UNIT/u_deserializer/P_DATA_reg[6]/Q (SDFFRQX2M)
                                                          0.68       0.68 r
  UART_UNIT/UART_RX_UNIT/u_deserializer/P_DATA_reg[7]/SI (SDFFRQX2M)
                                                          0.00       0.68 r
  data arrival time                                                  0.68

  clock RX_CLK (rise edge)                                0.00       0.00
  clock network delay (ideal)                             0.00       0.00
  clock uncertainty                                       0.10       0.10
  UART_UNIT/UART_RX_UNIT/u_deserializer/P_DATA_reg[7]/CK (SDFFRQX2M)
                                                          0.00       0.10 r
  library hold time                                      -0.24      -0.14
  data required time                                                -0.14
  --------------------------------------------------------------------------
  data required time                                                -0.14
  data arrival time                                                 -0.68
  --------------------------------------------------------------------------
  slack (MET)                                                        0.82


  Startpoint: UART_UNIT/UART_RX_UNIT/u_deserializer/P_DATA_reg[3]
              (rising edge-triggered flip-flop clocked by RX_CLK)
  Endpoint: UART_UNIT/UART_RX_UNIT/u_deserializer/P_DATA_reg[4]
            (rising edge-triggered flip-flop clocked by RX_CLK)
  Path Group: RX_CLK
  Path Type: min

  Des/Clust/Port     Wire Load Model       Library
  ------------------------------------------------
  SYS_TOP            tsmc13_wl30           scmetro_tsmc_cl013g_rvt_ss_1p08v_125c

  Point                                                   Incr       Path
  --------------------------------------------------------------------------
  clock RX_CLK (rise edge)                                0.00       0.00
  clock network delay (ideal)                             0.00       0.00
  UART_UNIT/UART_RX_UNIT/u_deserializer/P_DATA_reg[3]/CK (SDFFRQX2M)
                                                          0.00       0.00 r
  UART_UNIT/UART_RX_UNIT/u_deserializer/P_DATA_reg[3]/Q (SDFFRQX2M)
                                                          0.68       0.68 r
  UART_UNIT/UART_RX_UNIT/u_deserializer/P_DATA_reg[4]/SI (SDFFRQX2M)
                                                          0.00       0.68 r
  data arrival time                                                  0.68

  clock RX_CLK (rise edge)                                0.00       0.00
  clock network delay (ideal)                             0.00       0.00
  clock uncertainty                                       0.10       0.10
  UART_UNIT/UART_RX_UNIT/u_deserializer/P_DATA_reg[4]/CK (SDFFRQX2M)
                                                          0.00       0.10 r
  library hold time                                      -0.24      -0.14
  data required time                                                -0.14
  --------------------------------------------------------------------------
  data required time                                                -0.14
  data arrival time                                                 -0.68
  --------------------------------------------------------------------------
  slack (MET)                                                        0.82


  Startpoint: UART_UNIT/UART_RX_UNIT/u_deserializer/P_DATA_reg[4]
              (rising edge-triggered flip-flop clocked by RX_CLK)
  Endpoint: UART_UNIT/UART_RX_UNIT/u_deserializer/P_DATA_reg[5]
            (rising edge-triggered flip-flop clocked by RX_CLK)
  Path Group: RX_CLK
  Path Type: min

  Des/Clust/Port     Wire Load Model       Library
  ------------------------------------------------
  SYS_TOP            tsmc13_wl30           scmetro_tsmc_cl013g_rvt_ss_1p08v_125c

  Point                                                   Incr       Path
  --------------------------------------------------------------------------
  clock RX_CLK (rise edge)                                0.00       0.00
  clock network delay (ideal)                             0.00       0.00
  UART_UNIT/UART_RX_UNIT/u_deserializer/P_DATA_reg[4]/CK (SDFFRQX2M)
                                                          0.00       0.00 r
  UART_UNIT/UART_RX_UNIT/u_deserializer/P_DATA_reg[4]/Q (SDFFRQX2M)
                                                          0.68       0.68 r
  UART_UNIT/UART_RX_UNIT/u_deserializer/P_DATA_reg[5]/SI (SDFFRQX4M)
                                                          0.00       0.68 r
  data arrival time                                                  0.68

  clock RX_CLK (rise edge)                                0.00       0.00
  clock network delay (ideal)                             0.00       0.00
  clock uncertainty                                       0.10       0.10
  UART_UNIT/UART_RX_UNIT/u_deserializer/P_DATA_reg[5]/CK (SDFFRQX4M)
                                                          0.00       0.10 r
  library hold time                                      -0.25      -0.15
  data required time                                                -0.15
  --------------------------------------------------------------------------
  data required time                                                -0.15
  data arrival time                                                 -0.68
  --------------------------------------------------------------------------
  slack (MET)                                                        0.82


  Startpoint: UART_UNIT/UART_RX_UNIT/u_deserializer/P_DATA_reg[1]
              (rising edge-triggered flip-flop clocked by RX_CLK)
  Endpoint: UART_UNIT/UART_RX_UNIT/u_deserializer/P_DATA_reg[2]
            (rising edge-triggered flip-flop clocked by RX_CLK)
  Path Group: RX_CLK
  Path Type: min

  Des/Clust/Port     Wire Load Model       Library
  ------------------------------------------------
  SYS_TOP            tsmc13_wl30           scmetro_tsmc_cl013g_rvt_ss_1p08v_125c

  Point                                                   Incr       Path
  --------------------------------------------------------------------------
  clock RX_CLK (rise edge)                                0.00       0.00
  clock network delay (ideal)                             0.00       0.00
  UART_UNIT/UART_RX_UNIT/u_deserializer/P_DATA_reg[1]/CK (SDFFRQX2M)
                                                          0.00       0.00 r
  UART_UNIT/UART_RX_UNIT/u_deserializer/P_DATA_reg[1]/Q (SDFFRQX2M)
                                                          0.68       0.68 r
  UART_UNIT/UART_RX_UNIT/u_deserializer/P_DATA_reg[2]/SI (SDFFRQX4M)
                                                          0.00       0.68 r
  data arrival time                                                  0.68

  clock RX_CLK (rise edge)                                0.00       0.00
  clock network delay (ideal)                             0.00       0.00
  clock uncertainty                                       0.10       0.10
  UART_UNIT/UART_RX_UNIT/u_deserializer/P_DATA_reg[2]/CK (SDFFRQX4M)
                                                          0.00       0.10 r
  library hold time                                      -0.25      -0.15
  data required time                                                -0.15
  --------------------------------------------------------------------------
  data required time                                                -0.15
  data arrival time                                                 -0.68
  --------------------------------------------------------------------------
  slack (MET)                                                        0.82


  Startpoint: UART_UNIT/UART_RX_UNIT/u_deserializer/P_DATA_reg[2]
              (rising edge-triggered flip-flop clocked by RX_CLK)
  Endpoint: UART_UNIT/UART_RX_UNIT/u_deserializer/P_DATA_reg[3]
            (rising edge-triggered flip-flop clocked by RX_CLK)
  Path Group: RX_CLK
  Path Type: min

  Des/Clust/Port     Wire Load Model       Library
  ------------------------------------------------
  SYS_TOP            tsmc13_wl30           scmetro_tsmc_cl013g_rvt_ss_1p08v_125c

  Point                                                   Incr       Path
  --------------------------------------------------------------------------
  clock RX_CLK (rise edge)                                0.00       0.00
  clock network delay (ideal)                             0.00       0.00
  UART_UNIT/UART_RX_UNIT/u_deserializer/P_DATA_reg[2]/CK (SDFFRQX4M)
                                                          0.00       0.00 r
  UART_UNIT/UART_RX_UNIT/u_deserializer/P_DATA_reg[2]/Q (SDFFRQX4M)
                                                          0.86       0.86 r
  UART_UNIT/UART_RX_UNIT/u_deserializer/P_DATA_reg[3]/SI (SDFFRQX2M)
                                                          0.00       0.86 r
  data arrival time                                                  0.86

  clock RX_CLK (rise edge)                                0.00       0.00
  clock network delay (ideal)                             0.00       0.00
  clock uncertainty                                       0.10       0.10
  UART_UNIT/UART_RX_UNIT/u_deserializer/P_DATA_reg[3]/CK (SDFFRQX2M)
                                                          0.00       0.10 r
  library hold time                                      -0.26      -0.16
  data required time                                                -0.16
  --------------------------------------------------------------------------
  data required time                                                -0.16
  data arrival time                                                 -0.86
  --------------------------------------------------------------------------
  slack (MET)                                                        1.02


  Startpoint: UART_UNIT/UART_RX_UNIT/u_deserializer/P_DATA_reg[5]
              (rising edge-triggered flip-flop clocked by RX_CLK)
  Endpoint: UART_UNIT/UART_RX_UNIT/u_deserializer/P_DATA_reg[6]
            (rising edge-triggered flip-flop clocked by RX_CLK)
  Path Group: RX_CLK
  Path Type: min

  Des/Clust/Port     Wire Load Model       Library
  ------------------------------------------------
  SYS_TOP            tsmc13_wl30           scmetro_tsmc_cl013g_rvt_ss_1p08v_125c

  Point                                                   Incr       Path
  --------------------------------------------------------------------------
  clock RX_CLK (rise edge)                                0.00       0.00
  clock network delay (ideal)                             0.00       0.00
  UART_UNIT/UART_RX_UNIT/u_deserializer/P_DATA_reg[5]/CK (SDFFRQX4M)
                                                          0.00       0.00 r
  UART_UNIT/UART_RX_UNIT/u_deserializer/P_DATA_reg[5]/Q (SDFFRQX4M)
                                                          0.86       0.86 r
  UART_UNIT/UART_RX_UNIT/u_deserializer/P_DATA_reg[6]/SI (SDFFRQX2M)
                                                          0.00       0.86 r
  data arrival time                                                  0.86

  clock RX_CLK (rise edge)                                0.00       0.00
  clock network delay (ideal)                             0.00       0.00
  clock uncertainty                                       0.10       0.10
  UART_UNIT/UART_RX_UNIT/u_deserializer/P_DATA_reg[6]/CK (SDFFRQX2M)
                                                          0.00       0.10 r
  library hold time                                      -0.26      -0.16
  data required time                                                -0.16
  --------------------------------------------------------------------------
  data required time                                                -0.16
  data arrival time                                                 -0.86
  --------------------------------------------------------------------------
  slack (MET)                                                        1.02


  Startpoint: UART_UNIT/UART_RX_UNIT/u_FSM_RX/Current_State_reg[2]
              (rising edge-triggered flip-flop clocked by RX_CLK)
  Endpoint: UART_UNIT/UART_RX_UNIT/u_FSM_RX/Data_Valid_reg
            (rising edge-triggered flip-flop clocked by RX_CLK)
  Path Group: RX_CLK
  Path Type: min

  Des/Clust/Port     Wire Load Model       Library
  ------------------------------------------------
  SYS_TOP            tsmc13_wl30           scmetro_tsmc_cl013g_rvt_ss_1p08v_125c

  Point                                                   Incr       Path
  --------------------------------------------------------------------------
  clock RX_CLK (rise edge)                                0.00       0.00
  clock network delay (ideal)                             0.00       0.00
  UART_UNIT/UART_RX_UNIT/u_FSM_RX/Current_State_reg[2]/CK (SDFFRQX4M)
                                                          0.00       0.00 r
  UART_UNIT/UART_RX_UNIT/u_FSM_RX/Current_State_reg[2]/Q (SDFFRQX4M)
                                                          0.89       0.89 r
  UART_UNIT/UART_RX_UNIT/u_FSM_RX/Data_Valid_reg/SI (SDFFRQX2M)
                                                          0.00       0.89 r
  data arrival time                                                  0.89

  clock RX_CLK (rise edge)                                0.00       0.00
  clock network delay (ideal)                             0.00       0.00
  clock uncertainty                                       0.10       0.10
  UART_UNIT/UART_RX_UNIT/u_FSM_RX/Data_Valid_reg/CK (SDFFRQX2M)
                                                          0.00       0.10 r
  library hold time                                      -0.27      -0.17
  data required time                                                -0.17
  --------------------------------------------------------------------------
  data required time                                                -0.17
  data arrival time                                                 -0.89
  --------------------------------------------------------------------------
  slack (MET)                                                        1.05


  Startpoint: UART_UNIT/UART_TX_UNIT/u_serializer/ser_count_reg[2]
              (rising edge-triggered flip-flop clocked by TX_CLK)
  Endpoint: UART_UNIT/UART_RX_UNIT/u_Stop_Check/stp_err_reg
            (rising edge-triggered flip-flop clocked by RX_CLK)
  Path Group: RX_CLK
  Path Type: min

  Des/Clust/Port     Wire Load Model       Library
  ------------------------------------------------
  SYS_TOP            tsmc13_wl30           scmetro_tsmc_cl013g_rvt_ss_1p08v_125c

  Point                                                   Incr       Path
  --------------------------------------------------------------------------
  clock TX_CLK (rise edge)                                0.00       0.00
  clock network delay (ideal)                             0.00       0.00
  UART_UNIT/UART_TX_UNIT/u_serializer/ser_count_reg[2]/CK (SDFFRQX2M)
                                                          0.00       0.00 r
  UART_UNIT/UART_TX_UNIT/u_serializer/ser_count_reg[2]/Q (SDFFRQX2M)
                                                          0.79       0.79 f
  UART_UNIT/UART_TX_UNIT/u_serializer/test_so (Serializer_WIDTH8_test_1_test_1_test_1)
                                                          0.00       0.79 f
  UART_UNIT/UART_TX_UNIT/test_so (UART_TX_WIDTH8_test_1_test_1_test_1)
                                                          0.00       0.79 f
  UART_UNIT/UART_RX_UNIT/test_si2 (UART_RX_DATA_WIDTH8_test_1_test_1_test_1)
                                                          0.00       0.79 f
  UART_UNIT/UART_RX_UNIT/u_Stop_Check/test_si (Stop_Check_DATA_WIDTH8_test_1_test_1_test_1)
                                                          0.00       0.79 f
  UART_UNIT/UART_RX_UNIT/u_Stop_Check/stp_err_reg/SI (SDFFRQX4M)
                                                          0.00       0.79 f
  data arrival time                                                  0.79

  clock RX_CLK (rise edge)                                0.00       0.00
  clock network delay (ideal)                             0.00       0.00
  clock uncertainty                                       0.10       0.10
  UART_UNIT/UART_RX_UNIT/u_Stop_Check/stp_err_reg/CK (SDFFRQX4M)
                                                          0.00       0.10 r
  library hold time                                      -0.38      -0.28
  data required time                                                -0.28
  --------------------------------------------------------------------------
  data required time                                                -0.28
  data arrival time                                                 -0.79
  --------------------------------------------------------------------------
  slack (MET)                                                        1.07


  Startpoint: UART_UNIT/UART_RX_UNIT/u_FSM_RX/Data_Valid_reg
              (rising edge-triggered flip-flop clocked by RX_CLK)
  Endpoint: UART_UNIT/UART_RX_UNIT/u_Parity_Check/par_err_reg
            (rising edge-triggered flip-flop clocked by RX_CLK)
  Path Group: RX_CLK
  Path Type: min

  Des/Clust/Port     Wire Load Model       Library
  ------------------------------------------------
  SYS_TOP            tsmc13_wl30           scmetro_tsmc_cl013g_rvt_ss_1p08v_125c

  Point                                                   Incr       Path
  --------------------------------------------------------------------------
  clock RX_CLK (rise edge)                                0.00       0.00
  clock network delay (ideal)                             0.00       0.00
  UART_UNIT/UART_RX_UNIT/u_FSM_RX/Data_Valid_reg/CK (SDFFRQX2M)
                                                          0.00       0.00 r
  UART_UNIT/UART_RX_UNIT/u_FSM_RX/Data_Valid_reg/Q (SDFFRQX2M)
                                                          0.79       0.79 f
  UART_UNIT/UART_RX_UNIT/u_FSM_RX/Data_Valid (FSM_RX_DATA_WIDTH8_test_1_test_1_test_1)
                                                          0.00       0.79 f
  UART_UNIT/UART_RX_UNIT/u_Parity_Check/test_si (Parity_Check_DATA_WIDTH8_test_1_test_1_test_1)
                                                          0.00       0.79 f
  UART_UNIT/UART_RX_UNIT/u_Parity_Check/par_err_reg/SI (SDFFRQX2M)
                                                          0.00       0.79 f
  data arrival time                                                  0.79

  clock RX_CLK (rise edge)                                0.00       0.00
  clock network delay (ideal)                             0.00       0.00
  clock uncertainty                                       0.10       0.10
  UART_UNIT/UART_RX_UNIT/u_Parity_Check/par_err_reg/CK (SDFFRQX2M)
                                                          0.00       0.10 r
  library hold time                                      -0.39      -0.29
  data required time                                                -0.29
  --------------------------------------------------------------------------
  data required time                                                -0.29
  data arrival time                                                 -0.79
  --------------------------------------------------------------------------
  slack (MET)                                                        1.08


  Startpoint: UART_UNIT/UART_RX_UNIT/u_Data_Sampling/Data_Sampled_reg_reg[1]
              (rising edge-triggered flip-flop clocked by RX_CLK)
  Endpoint: UART_UNIT/UART_RX_UNIT/u_Data_Sampling/Data_Sampled_reg_reg[2]
            (rising edge-triggered flip-flop clocked by RX_CLK)
  Path Group: RX_CLK
  Path Type: min

  Des/Clust/Port     Wire Load Model       Library
  ------------------------------------------------
  SYS_TOP            tsmc13_wl30           scmetro_tsmc_cl013g_rvt_ss_1p08v_125c

  Point                                                   Incr       Path
  --------------------------------------------------------------------------
  clock RX_CLK (rise edge)                                0.00       0.00
  clock network delay (ideal)                             0.00       0.00
  UART_UNIT/UART_RX_UNIT/u_Data_Sampling/Data_Sampled_reg_reg[1]/CK (SDFFRQX2M)
                                                          0.00       0.00 r
  UART_UNIT/UART_RX_UNIT/u_Data_Sampling/Data_Sampled_reg_reg[1]/Q (SDFFRQX2M)
                                                          0.80       0.80 f
  UART_UNIT/UART_RX_UNIT/u_Data_Sampling/Data_Sampled_reg_reg[2]/SI (SDFFRQX2M)
                                                          0.00       0.80 f
  data arrival time                                                  0.80

  clock RX_CLK (rise edge)                                0.00       0.00
  clock network delay (ideal)                             0.00       0.00
  clock uncertainty                                       0.10       0.10
  UART_UNIT/UART_RX_UNIT/u_Data_Sampling/Data_Sampled_reg_reg[2]/CK (SDFFRQX2M)
                                                          0.00       0.10 r
  library hold time                                      -0.39      -0.29
  data required time                                                -0.29
  --------------------------------------------------------------------------
  data required time                                                -0.29
  data arrival time                                                 -0.80
  --------------------------------------------------------------------------
  slack (MET)                                                        1.09


  Startpoint: UART_UNIT/UART_RX_UNIT/u_Data_Sampling/Data_Sampled_reg_reg[0]
              (rising edge-triggered flip-flop clocked by RX_CLK)
  Endpoint: UART_UNIT/UART_RX_UNIT/u_Data_Sampling/Data_Sampled_reg_reg[1]
            (rising edge-triggered flip-flop clocked by RX_CLK)
  Path Group: RX_CLK
  Path Type: min

  Des/Clust/Port     Wire Load Model       Library
  ------------------------------------------------
  SYS_TOP            tsmc13_wl30           scmetro_tsmc_cl013g_rvt_ss_1p08v_125c

  Point                                                   Incr       Path
  --------------------------------------------------------------------------
  clock RX_CLK (rise edge)                                0.00       0.00
  clock network delay (ideal)                             0.00       0.00
  UART_UNIT/UART_RX_UNIT/u_Data_Sampling/Data_Sampled_reg_reg[0]/CK (SDFFRQX2M)
                                                          0.00       0.00 r
  UART_UNIT/UART_RX_UNIT/u_Data_Sampling/Data_Sampled_reg_reg[0]/Q (SDFFRQX2M)
                                                          0.80       0.80 f
  UART_UNIT/UART_RX_UNIT/u_Data_Sampling/Data_Sampled_reg_reg[1]/SI (SDFFRQX2M)
                                                          0.00       0.80 f
  data arrival time                                                  0.80

  clock RX_CLK (rise edge)                                0.00       0.00
  clock network delay (ideal)                             0.00       0.00
  clock uncertainty                                       0.10       0.10
  UART_UNIT/UART_RX_UNIT/u_Data_Sampling/Data_Sampled_reg_reg[1]/CK (SDFFRQX2M)
                                                          0.00       0.10 r
  library hold time                                      -0.39      -0.29
  data required time                                                -0.29
  --------------------------------------------------------------------------
  data required time                                                -0.29
  data arrival time                                                 -0.80
  --------------------------------------------------------------------------
  slack (MET)                                                        1.09


  Startpoint: UART_UNIT/UART_RX_UNIT/u_edge_bit_counter/edge_cnt_reg[2]
              (rising edge-triggered flip-flop clocked by RX_CLK)
  Endpoint: UART_UNIT/UART_RX_UNIT/u_edge_bit_counter/edge_cnt_reg[3]
            (rising edge-triggered flip-flop clocked by RX_CLK)
  Path Group: RX_CLK
  Path Type: min

  Des/Clust/Port     Wire Load Model       Library
  ------------------------------------------------
  SYS_TOP            tsmc13_wl30           scmetro_tsmc_cl013g_rvt_ss_1p08v_125c

  Point                                                   Incr       Path
  --------------------------------------------------------------------------
  clock RX_CLK (rise edge)                                0.00       0.00
  clock network delay (ideal)                             0.00       0.00
  UART_UNIT/UART_RX_UNIT/u_edge_bit_counter/edge_cnt_reg[2]/CK (SDFFRQX4M)
                                                          0.00       0.00 r
  UART_UNIT/UART_RX_UNIT/u_edge_bit_counter/edge_cnt_reg[2]/Q (SDFFRQX4M)
                                                          0.90       0.90 f
  UART_UNIT/UART_RX_UNIT/u_edge_bit_counter/edge_cnt_reg[3]/SI (SDFFRQX2M)
                                                          0.00       0.90 f
  data arrival time                                                  0.90

  clock RX_CLK (rise edge)                                0.00       0.00
  clock network delay (ideal)                             0.00       0.00
  clock uncertainty                                       0.10       0.10
  UART_UNIT/UART_RX_UNIT/u_edge_bit_counter/edge_cnt_reg[3]/CK (SDFFRQX2M)
                                                          0.00       0.10 r
  library hold time                                      -0.41      -0.31
  data required time                                                -0.31
  --------------------------------------------------------------------------
  data required time                                                -0.31
  data arrival time                                                 -0.90
  --------------------------------------------------------------------------
  slack (MET)                                                        1.21


  Startpoint: UART_UNIT/UART_RX_UNIT/u_deserializer/P_DATA_reg[2]
              (rising edge-triggered flip-flop clocked by RX_CLK)
  Endpoint: UART_UNIT/UART_RX_UNIT/u_deserializer/P_DATA_reg[3]
            (rising edge-triggered flip-flop clocked by RX_CLK)
  Path Group: RX_CLK
  Path Type: min

  Des/Clust/Port     Wire Load Model       Library
  ------------------------------------------------
  SYS_TOP            tsmc13_wl30           scmetro_tsmc_cl013g_rvt_ss_1p08v_125c

  Point                                                   Incr       Path
  --------------------------------------------------------------------------
  clock RX_CLK (rise edge)                                0.00       0.00
  clock network delay (ideal)                             0.00       0.00
  UART_UNIT/UART_RX_UNIT/u_deserializer/P_DATA_reg[2]/CK (SDFFRQX4M)
                                                          0.00       0.00 r
  UART_UNIT/UART_RX_UNIT/u_deserializer/P_DATA_reg[2]/Q (SDFFRQX4M)
                                                          0.77       0.77 f
  UART_UNIT/UART_RX_UNIT/u_deserializer/U75/Y (CLKMX2X2M)
                                                          0.49       1.25 f
  UART_UNIT/UART_RX_UNIT/u_deserializer/P_DATA_reg[3]/D (SDFFRQX2M)
                                                          0.00       1.25 f
  data arrival time                                                  1.25

  clock RX_CLK (rise edge)                                0.00       0.00
  clock network delay (ideal)                             0.00       0.00
  clock uncertainty                                       0.10       0.10
  UART_UNIT/UART_RX_UNIT/u_deserializer/P_DATA_reg[3]/CK (SDFFRQX2M)
                                                          0.00       0.10 r
  library hold time                                      -0.27      -0.17
  data required time                                                -0.17
  --------------------------------------------------------------------------
  data required time                                                -0.17
  data arrival time                                                 -1.25
  --------------------------------------------------------------------------
  slack (MET)                                                        1.43


  Startpoint: UART_UNIT/UART_RX_UNIT/u_deserializer/P_DATA_reg[5]
              (rising edge-triggered flip-flop clocked by RX_CLK)
  Endpoint: UART_UNIT/UART_RX_UNIT/u_deserializer/P_DATA_reg[6]
            (rising edge-triggered flip-flop clocked by RX_CLK)
  Path Group: RX_CLK
  Path Type: min

  Des/Clust/Port     Wire Load Model       Library
  ------------------------------------------------
  SYS_TOP            tsmc13_wl30           scmetro_tsmc_cl013g_rvt_ss_1p08v_125c

  Point                                                   Incr       Path
  --------------------------------------------------------------------------
  clock RX_CLK (rise edge)                                0.00       0.00
  clock network delay (ideal)                             0.00       0.00
  UART_UNIT/UART_RX_UNIT/u_deserializer/P_DATA_reg[5]/CK (SDFFRQX4M)
                                                          0.00       0.00 r
  UART_UNIT/UART_RX_UNIT/u_deserializer/P_DATA_reg[5]/Q (SDFFRQX4M)
                                                          0.77       0.77 f
  UART_UNIT/UART_RX_UNIT/u_deserializer/U69/Y (CLKMX2X2M)
                                                          0.49       1.25 f
  UART_UNIT/UART_RX_UNIT/u_deserializer/P_DATA_reg[6]/D (SDFFRQX2M)
                                                          0.00       1.25 f
  data arrival time                                                  1.25

  clock RX_CLK (rise edge)                                0.00       0.00
  clock network delay (ideal)                             0.00       0.00
  clock uncertainty                                       0.10       0.10
  UART_UNIT/UART_RX_UNIT/u_deserializer/P_DATA_reg[6]/CK (SDFFRQX2M)
                                                          0.00       0.10 r
  library hold time                                      -0.27      -0.17
  data required time                                                -0.17
  --------------------------------------------------------------------------
  data required time                                                -0.17
  data arrival time                                                 -1.25
  --------------------------------------------------------------------------
  slack (MET)                                                        1.43


  Startpoint: UART_UNIT/UART_RX_UNIT/u_FSM_RX/Data_Valid_reg
              (rising edge-triggered flip-flop clocked by RX_CLK)
  Endpoint: UART_UNIT/UART_RX_UNIT/u_Parity_Check/par_err_reg
            (rising edge-triggered flip-flop clocked by RX_CLK)
  Path Group: RX_CLK
  Path Type: min

  Des/Clust/Port     Wire Load Model       Library
  ------------------------------------------------
  SYS_TOP            tsmc13_wl30           scmetro_tsmc_cl013g_rvt_ss_1p08v_125c

  Point                                                   Incr       Path
  --------------------------------------------------------------------------
  clock RX_CLK (rise edge)                                0.00       0.00
  clock network delay (ideal)                             0.00       0.00
  UART_UNIT/UART_RX_UNIT/u_FSM_RX/Data_Valid_reg/CK (SDFFRQX2M)
                                                          0.00       0.00 r
  UART_UNIT/UART_RX_UNIT/u_FSM_RX/Data_Valid_reg/Q (SDFFRQX2M)
                                                          0.79       0.79 f
  UART_UNIT/UART_RX_UNIT/u_FSM_RX/Data_Valid (FSM_RX_DATA_WIDTH8_test_1_test_1_test_1)
                                                          0.00       0.79 f
  UART_UNIT/UART_RX_UNIT/u_Parity_Check/test_si (Parity_Check_DATA_WIDTH8_test_1_test_1_test_1)
                                                          0.00       0.79 f
  UART_UNIT/UART_RX_UNIT/u_Parity_Check/U12/Y (CLKMX2X2M)
                                                          0.51       1.30 f
  UART_UNIT/UART_RX_UNIT/u_Parity_Check/par_err_reg/D (SDFFRQX2M)
                                                          0.00       1.30 f
  data arrival time                                                  1.30

  clock RX_CLK (rise edge)                                0.00       0.00
  clock network delay (ideal)                             0.00       0.00
  clock uncertainty                                       0.10       0.10
  UART_UNIT/UART_RX_UNIT/u_Parity_Check/par_err_reg/CK (SDFFRQX2M)
                                                          0.00       0.10 r
  library hold time                                      -0.27      -0.17
  data required time                                                -0.17
  --------------------------------------------------------------------------
  data required time                                                -0.17
  data arrival time                                                 -1.30
  --------------------------------------------------------------------------
  slack (MET)                                                        1.47


  Startpoint: UART_UNIT/UART_RX_UNIT/u_Data_Sampling/Data_Sampled_reg_reg[1]
              (rising edge-triggered flip-flop clocked by RX_CLK)
  Endpoint: UART_UNIT/UART_RX_UNIT/u_Data_Sampling/Data_Sampled_reg_reg[2]
            (rising edge-triggered flip-flop clocked by RX_CLK)
  Path Group: RX_CLK
  Path Type: min

  Des/Clust/Port     Wire Load Model       Library
  ------------------------------------------------
  SYS_TOP            tsmc13_wl30           scmetro_tsmc_cl013g_rvt_ss_1p08v_125c

  Point                                                   Incr       Path
  --------------------------------------------------------------------------
  clock RX_CLK (rise edge)                                0.00       0.00
  clock network delay (ideal)                             0.00       0.00
  UART_UNIT/UART_RX_UNIT/u_Data_Sampling/Data_Sampled_reg_reg[1]/CK (SDFFRQX2M)
                                                          0.00       0.00 r
  UART_UNIT/UART_RX_UNIT/u_Data_Sampling/Data_Sampled_reg_reg[1]/Q (SDFFRQX2M)
                                                          0.80       0.80 f
  UART_UNIT/UART_RX_UNIT/u_Data_Sampling/U73/Y (CLKMX2X2M)
                                                          0.51       1.31 f
  UART_UNIT/UART_RX_UNIT/u_Data_Sampling/Data_Sampled_reg_reg[2]/D (SDFFRQX2M)
                                                          0.00       1.31 f
  data arrival time                                                  1.31

  clock RX_CLK (rise edge)                                0.00       0.00
  clock network delay (ideal)                             0.00       0.00
  clock uncertainty                                       0.10       0.10
  UART_UNIT/UART_RX_UNIT/u_Data_Sampling/Data_Sampled_reg_reg[2]/CK (SDFFRQX2M)
                                                          0.00       0.10 r
  library hold time                                      -0.27      -0.17
  data required time                                                -0.17
  --------------------------------------------------------------------------
  data required time                                                -0.17
  data arrival time                                                 -1.31
  --------------------------------------------------------------------------
  slack (MET)                                                        1.48


  Startpoint: UART_UNIT/UART_RX_UNIT/u_Data_Sampling/Data_Sampled_reg_reg[0]
              (rising edge-triggered flip-flop clocked by RX_CLK)
  Endpoint: UART_UNIT/UART_RX_UNIT/u_Data_Sampling/Data_Sampled_reg_reg[1]
            (rising edge-triggered flip-flop clocked by RX_CLK)
  Path Group: RX_CLK
  Path Type: min

  Des/Clust/Port     Wire Load Model       Library
  ------------------------------------------------
  SYS_TOP            tsmc13_wl30           scmetro_tsmc_cl013g_rvt_ss_1p08v_125c

  Point                                                   Incr       Path
  --------------------------------------------------------------------------
  clock RX_CLK (rise edge)                                0.00       0.00
  clock network delay (ideal)                             0.00       0.00
  UART_UNIT/UART_RX_UNIT/u_Data_Sampling/Data_Sampled_reg_reg[0]/CK (SDFFRQX2M)
                                                          0.00       0.00 r
  UART_UNIT/UART_RX_UNIT/u_Data_Sampling/Data_Sampled_reg_reg[0]/Q (SDFFRQX2M)
                                                          0.80       0.80 f
  UART_UNIT/UART_RX_UNIT/u_Data_Sampling/U71/Y (CLKMX2X2M)
                                                          0.51       1.31 f
  UART_UNIT/UART_RX_UNIT/u_Data_Sampling/Data_Sampled_reg_reg[1]/D (SDFFRQX2M)
                                                          0.00       1.31 f
  data arrival time                                                  1.31

  clock RX_CLK (rise edge)                                0.00       0.00
  clock network delay (ideal)                             0.00       0.00
  clock uncertainty                                       0.10       0.10
  UART_UNIT/UART_RX_UNIT/u_Data_Sampling/Data_Sampled_reg_reg[1]/CK (SDFFRQX2M)
                                                          0.00       0.10 r
  library hold time                                      -0.27      -0.17
  data required time                                                -0.17
  --------------------------------------------------------------------------
  data required time                                                -0.17
  data arrival time                                                 -1.31
  --------------------------------------------------------------------------
  slack (MET)                                                        1.48


  Startpoint: UART_UNIT/UART_RX_UNIT/u_deserializer/P_DATA_reg[0]
              (rising edge-triggered flip-flop clocked by RX_CLK)
  Endpoint: UART_UNIT/UART_RX_UNIT/u_deserializer/P_DATA_reg[1]
            (rising edge-triggered flip-flop clocked by RX_CLK)
  Path Group: RX_CLK
  Path Type: min

  Des/Clust/Port     Wire Load Model       Library
  ------------------------------------------------
  SYS_TOP            tsmc13_wl30           scmetro_tsmc_cl013g_rvt_ss_1p08v_125c

  Point                                                   Incr       Path
  --------------------------------------------------------------------------
  clock RX_CLK (rise edge)                                0.00       0.00
  clock network delay (ideal)                             0.00       0.00
  UART_UNIT/UART_RX_UNIT/u_deserializer/P_DATA_reg[0]/CK (SDFFRQX2M)
                                                          0.00       0.00 r
  UART_UNIT/UART_RX_UNIT/u_deserializer/P_DATA_reg[0]/Q (SDFFRQX2M)
                                                          0.80       0.80 f
  UART_UNIT/UART_RX_UNIT/u_deserializer/U73/Y (CLKMX2X2M)
                                                          0.51       1.32 f
  UART_UNIT/UART_RX_UNIT/u_deserializer/P_DATA_reg[1]/D (SDFFRQX2M)
                                                          0.00       1.32 f
  data arrival time                                                  1.32

  clock RX_CLK (rise edge)                                0.00       0.00
  clock network delay (ideal)                             0.00       0.00
  clock uncertainty                                       0.10       0.10
  UART_UNIT/UART_RX_UNIT/u_deserializer/P_DATA_reg[1]/CK (SDFFRQX2M)
                                                          0.00       0.10 r
  library hold time                                      -0.27      -0.17
  data required time                                                -0.17
  --------------------------------------------------------------------------
  data required time                                                -0.17
  data arrival time                                                 -1.32
  --------------------------------------------------------------------------
  slack (MET)                                                        1.49


  Startpoint: UART_UNIT/UART_RX_UNIT/u_Stop_Check/stp_err_reg
              (rising edge-triggered flip-flop clocked by RX_CLK)
  Endpoint: UART_UNIT/UART_RX_UNIT/u_deserializer/P_DATA_reg[0]
            (rising edge-triggered flip-flop clocked by RX_CLK)
  Path Group: RX_CLK
  Path Type: min

  Des/Clust/Port     Wire Load Model       Library
  ------------------------------------------------
  SYS_TOP            tsmc13_wl30           scmetro_tsmc_cl013g_rvt_ss_1p08v_125c

  Point                                                   Incr       Path
  --------------------------------------------------------------------------
  clock RX_CLK (rise edge)                                0.00       0.00
  clock network delay (ideal)                             0.00       0.00
  UART_UNIT/UART_RX_UNIT/u_Stop_Check/stp_err_reg/CK (SDFFRQX4M)
                                                          0.00       0.00 r
  UART_UNIT/UART_RX_UNIT/u_Stop_Check/stp_err_reg/Q (SDFFRQX4M)
                                                          0.90       0.90 f
  UART_UNIT/UART_RX_UNIT/u_Stop_Check/test_so (Stop_Check_DATA_WIDTH8_test_1_test_1_test_1)
                                                          0.00       0.90 f
  UART_UNIT/UART_RX_UNIT/u_deserializer/test_si1 (deserializer_DATA_WIDTH8_test_1_test_1_test_1)
                                                          0.00       0.90 f
  UART_UNIT/UART_RX_UNIT/u_deserializer/U64/Y (CLKMX2X2M)
                                                          0.53       1.44 f
  UART_UNIT/UART_RX_UNIT/u_deserializer/P_DATA_reg[0]/D (SDFFRQX2M)
                                                          0.00       1.44 f
  data arrival time                                                  1.44

  clock RX_CLK (rise edge)                                0.00       0.00
  clock network delay (ideal)                             0.00       0.00
  clock uncertainty                                       0.10       0.10
  UART_UNIT/UART_RX_UNIT/u_deserializer/P_DATA_reg[0]/CK (SDFFRQX2M)
                                                          0.00       0.10 r
  library hold time                                      -0.27      -0.17
  data required time                                                -0.17
  --------------------------------------------------------------------------
  data required time                                                -0.17
  data arrival time                                                 -1.44
  --------------------------------------------------------------------------
  slack (MET)                                                        1.61


  Startpoint: UART_UNIT/UART_RX_UNIT/u_FSM_RX/Current_State_reg[2]
              (rising edge-triggered flip-flop clocked by RX_CLK)
  Endpoint: UART_UNIT/UART_RX_UNIT/u_FSM_RX/Data_Valid_reg
            (rising edge-triggered flip-flop clocked by RX_CLK)
  Path Group: RX_CLK
  Path Type: min

  Des/Clust/Port     Wire Load Model       Library
  ------------------------------------------------
  SYS_TOP            tsmc13_wl30           scmetro_tsmc_cl013g_rvt_ss_1p08v_125c

  Point                                                   Incr       Path
  --------------------------------------------------------------------------
  clock RX_CLK (rise edge)                                0.00       0.00
  clock network delay (ideal)                             0.00       0.00
  UART_UNIT/UART_RX_UNIT/u_FSM_RX/Current_State_reg[2]/CK (SDFFRQX4M)
                                                          0.00       0.00 r
  UART_UNIT/UART_RX_UNIT/u_FSM_RX/Current_State_reg[2]/Q (SDFFRQX4M)
                                                          0.78       0.78 f
  UART_UNIT/UART_RX_UNIT/u_FSM_RX/U12/Y (MX2XLM)          0.74       1.53 f
  UART_UNIT/UART_RX_UNIT/u_FSM_RX/Data_Valid_reg/D (SDFFRQX2M)
                                                          0.00       1.53 f
  data arrival time                                                  1.53

  clock RX_CLK (rise edge)                                0.00       0.00
  clock network delay (ideal)                             0.00       0.00
  clock uncertainty                                       0.10       0.10
  UART_UNIT/UART_RX_UNIT/u_FSM_RX/Data_Valid_reg/CK (SDFFRQX2M)
                                                          0.00       0.10 r
  library hold time                                      -0.30      -0.20
  data required time                                                -0.20
  --------------------------------------------------------------------------
  data required time                                                -0.20
  data arrival time                                                 -1.53
  --------------------------------------------------------------------------
  slack (MET)                                                        1.73


  Startpoint: UART_UNIT/UART_RX_UNIT/u_deserializer/P_DATA_reg[7]
              (rising edge-triggered flip-flop clocked by RX_CLK)
  Endpoint: UART_UNIT/UART_RX_UNIT/u_edge_bit_counter/bit_cnt_reg[0]
            (rising edge-triggered flip-flop clocked by RX_CLK)
  Path Group: RX_CLK
  Path Type: min

  Des/Clust/Port     Wire Load Model       Library
  ------------------------------------------------
  SYS_TOP            tsmc13_wl30           scmetro_tsmc_cl013g_rvt_ss_1p08v_125c

  Point                                                   Incr       Path
  --------------------------------------------------------------------------
  clock RX_CLK (rise edge)                                0.00       0.00
  clock network delay (ideal)                             0.00       0.00
  UART_UNIT/UART_RX_UNIT/u_deserializer/P_DATA_reg[7]/CK (SDFFRQX2M)
                                                          0.00       0.00 r
  UART_UNIT/UART_RX_UNIT/u_deserializer/P_DATA_reg[7]/Q (SDFFRQX2M)
                                                          0.71       0.71 f
  UART_UNIT/UART_RX_UNIT/u_deserializer/P_DATA[7] (deserializer_DATA_WIDTH8_test_1_test_1_test_1)
                                                          0.00       0.71 f
  UART_UNIT/UART_RX_UNIT/U8/Y (DLY1X1M)                   0.80       1.51 f
  UART_UNIT/UART_RX_UNIT/u_edge_bit_counter/test_si1 (edge_bit_counter_DATA_WIDTH8_test_1_test_1_test_1)
                                                          0.00       1.51 f
  UART_UNIT/UART_RX_UNIT/u_edge_bit_counter/bit_cnt_reg[0]/SI (SDFFRQX1M)
                                                          0.00       1.51 f
  data arrival time                                                  1.51

  clock RX_CLK (rise edge)                                0.00       0.00
  clock network delay (ideal)                             0.00       0.00
  clock uncertainty                                       0.10       0.10
  UART_UNIT/UART_RX_UNIT/u_edge_bit_counter/bit_cnt_reg[0]/CK (SDFFRQX1M)
                                                          0.00       0.10 r
  library hold time                                      -0.41      -0.31
  data required time                                                -0.31
  --------------------------------------------------------------------------
  data required time                                                -0.31
  data arrival time                                                 -1.51
  --------------------------------------------------------------------------
  slack (MET)                                                        1.81


  Startpoint: UART_UNIT/UART_RX_UNIT/u_Start_Check/strt_glitch_reg
              (rising edge-triggered flip-flop clocked by RX_CLK)
  Endpoint: UART_UNIT/UART_RX_UNIT/u_deserializer/P_DATA_reg[0]
            (rising edge-triggered flip-flop clocked by RX_CLK)
  Path Group: RX_CLK
  Path Type: min

  Des/Clust/Port     Wire Load Model       Library
  ------------------------------------------------
  SYS_TOP            tsmc13_wl30           scmetro_tsmc_cl013g_rvt_ss_1p08v_125c

  Point                                                   Incr       Path
  --------------------------------------------------------------------------
  clock RX_CLK (rise edge)                                0.00       0.00
  clock network delay (ideal)                             0.00       0.00
  UART_UNIT/UART_RX_UNIT/u_Start_Check/strt_glitch_reg/CK (SDFFRQX2M)
                                                          0.00       0.00 r
  UART_UNIT/UART_RX_UNIT/u_Start_Check/strt_glitch_reg/Q (SDFFRQX2M)
                                                          0.71       0.71 f
  UART_UNIT/UART_RX_UNIT/u_Start_Check/strt_glitch (Start_Check_DATA_WIDTH8_test_1_test_1_test_1)
                                                          0.00       0.71 f
  UART_UNIT/UART_RX_UNIT/U10/Y (DLY1X1M)                  0.81       1.51 f
  UART_UNIT/UART_RX_UNIT/u_deserializer/test_si (deserializer_DATA_WIDTH8_test_1_test_1_test_1)
                                                          0.00       1.51 f
  UART_UNIT/UART_RX_UNIT/u_deserializer/P_DATA_reg[0]/SI (SDFFRQX2M)
                                                          0.00       1.51 f
  data arrival time                                                  1.51

  clock RX_CLK (rise edge)                                0.00       0.00
  clock network delay (ideal)                             0.00       0.00
  clock uncertainty                                       0.10       0.10
  UART_UNIT/UART_RX_UNIT/u_deserializer/P_DATA_reg[0]/CK (SDFFRQX2M)
                                                          0.00       0.10 r
  library hold time                                      -0.40      -0.30
  data required time                                                -0.30
  --------------------------------------------------------------------------
  data required time                                                -0.30
  data arrival time                                                 -1.51
  --------------------------------------------------------------------------
  slack (MET)                                                        1.82


  Startpoint: UART_UNIT/UART_RX_UNIT/u_Data_Sampling/Data_Sampled_reg_reg[2]
              (rising edge-triggered flip-flop clocked by RX_CLK)
  Endpoint: UART_UNIT/UART_RX_UNIT/u_Data_Sampling/sampled_bit_reg
            (rising edge-triggered flip-flop clocked by RX_CLK)
  Path Group: RX_CLK
  Path Type: min

  Des/Clust/Port     Wire Load Model       Library
  ------------------------------------------------
  SYS_TOP            tsmc13_wl30           scmetro_tsmc_cl013g_rvt_ss_1p08v_125c

  Point                                                   Incr       Path
  --------------------------------------------------------------------------
  clock RX_CLK (rise edge)                                0.00       0.00
  clock network delay (ideal)                             0.00       0.00
  UART_UNIT/UART_RX_UNIT/u_Data_Sampling/Data_Sampled_reg_reg[2]/CK (SDFFRQX2M)
                                                          0.00       0.00 r
  UART_UNIT/UART_RX_UNIT/u_Data_Sampling/Data_Sampled_reg_reg[2]/Q (SDFFRQX2M)
                                                          0.80       0.80 f
  UART_UNIT/UART_RX_UNIT/u_Data_Sampling/U37/Y (OAI2BB1X2M)
                                                          0.44       1.24 f
  UART_UNIT/UART_RX_UNIT/u_Data_Sampling/U67/Y (CLKMX2X2M)
                                                          0.44       1.68 f
  UART_UNIT/UART_RX_UNIT/u_Data_Sampling/sampled_bit_reg/D (SDFFRQX2M)
                                                          0.00       1.68 f
  data arrival time                                                  1.68

  clock RX_CLK (rise edge)                                0.00       0.00
  clock network delay (ideal)                             0.00       0.00
  clock uncertainty                                       0.10       0.10
  UART_UNIT/UART_RX_UNIT/u_Data_Sampling/sampled_bit_reg/CK (SDFFRQX2M)
                                                          0.00       0.10 r
  library hold time                                      -0.27      -0.17
  data required time                                                -0.17
  --------------------------------------------------------------------------
  data required time                                                -0.17
  data arrival time                                                 -1.68
  --------------------------------------------------------------------------
  slack (MET)                                                        1.85


  Startpoint: UART_UNIT/UART_RX_UNIT/u_edge_bit_counter/edge_cnt_reg[2]
              (rising edge-triggered flip-flop clocked by RX_CLK)
  Endpoint: UART_UNIT/UART_RX_UNIT/u_edge_bit_counter/edge_cnt_reg[3]
            (rising edge-triggered flip-flop clocked by RX_CLK)
  Path Group: RX_CLK
  Path Type: min

  Des/Clust/Port     Wire Load Model       Library
  ------------------------------------------------
  SYS_TOP            tsmc13_wl30           scmetro_tsmc_cl013g_rvt_ss_1p08v_125c

  Point                                                   Incr       Path
  --------------------------------------------------------------------------
  clock RX_CLK (rise edge)                                0.00       0.00
  clock network delay (ideal)                             0.00       0.00
  UART_UNIT/UART_RX_UNIT/u_edge_bit_counter/edge_cnt_reg[2]/CK (SDFFRQX4M)
                                                          0.00       0.00 r
  UART_UNIT/UART_RX_UNIT/u_edge_bit_counter/edge_cnt_reg[2]/Q (SDFFRQX4M)
                                                          0.90       0.90 f
  UART_UNIT/UART_RX_UNIT/u_edge_bit_counter/U34/Y (MX2XLM)
                                                          0.80       1.70 f
  UART_UNIT/UART_RX_UNIT/u_edge_bit_counter/edge_cnt_reg[3]/D (SDFFRQX2M)
                                                          0.00       1.70 f
  data arrival time                                                  1.70

  clock RX_CLK (rise edge)                                0.00       0.00
  clock network delay (ideal)                             0.00       0.00
  clock uncertainty                                       0.10       0.10
  UART_UNIT/UART_RX_UNIT/u_edge_bit_counter/edge_cnt_reg[3]/CK (SDFFRQX2M)
                                                          0.00       0.10 r
  library hold time                                      -0.30      -0.20
  data required time                                                -0.20
  --------------------------------------------------------------------------
  data required time                                                -0.20
  data arrival time                                                 -1.70
  --------------------------------------------------------------------------
  slack (MET)                                                        1.90


  Startpoint: UART_UNIT/UART_RX_UNIT/u_Data_Sampling/Data_Sampled_reg_reg[2]
              (rising edge-triggered flip-flop clocked by RX_CLK)
  Endpoint: UART_UNIT/UART_RX_UNIT/u_Data_Sampling/sampled_bit_reg
            (rising edge-triggered flip-flop clocked by RX_CLK)
  Path Group: RX_CLK
  Path Type: min

  Des/Clust/Port     Wire Load Model       Library
  ------------------------------------------------
  SYS_TOP            tsmc13_wl30           scmetro_tsmc_cl013g_rvt_ss_1p08v_125c

  Point                                                   Incr       Path
  --------------------------------------------------------------------------
  clock RX_CLK (rise edge)                                0.00       0.00
  clock network delay (ideal)                             0.00       0.00
  UART_UNIT/UART_RX_UNIT/u_Data_Sampling/Data_Sampled_reg_reg[2]/CK (SDFFRQX2M)
                                                          0.00       0.00 r
  UART_UNIT/UART_RX_UNIT/u_Data_Sampling/Data_Sampled_reg_reg[2]/Q (SDFFRQX2M)
                                                          0.80       0.80 f
  UART_UNIT/UART_RX_UNIT/u_Data_Sampling/U78/Y (DLY1X1M)
                                                          0.83       1.63 f
  UART_UNIT/UART_RX_UNIT/u_Data_Sampling/sampled_bit_reg/SI (SDFFRQX2M)
                                                          0.00       1.63 f
  data arrival time                                                  1.63

  clock RX_CLK (rise edge)                                0.00       0.00
  clock network delay (ideal)                             0.00       0.00
  clock uncertainty                                       0.10       0.10
  UART_UNIT/UART_RX_UNIT/u_Data_Sampling/sampled_bit_reg/CK (SDFFRQX2M)
                                                          0.00       0.10 r
  library hold time                                      -0.40      -0.30
  data required time                                                -0.30
  --------------------------------------------------------------------------
  data required time                                                -0.30
  data arrival time                                                 -1.63
  --------------------------------------------------------------------------
  slack (MET)                                                        1.93


  Startpoint: UART_UNIT/UART_RX_UNIT/u_FSM_RX/Current_State_reg[0]
              (rising edge-triggered flip-flop clocked by RX_CLK)
  Endpoint: UART_UNIT/UART_RX_UNIT/u_FSM_RX/Current_State_reg[1]
            (rising edge-triggered flip-flop clocked by RX_CLK)
  Path Group: RX_CLK
  Path Type: min

  Des/Clust/Port     Wire Load Model       Library
  ------------------------------------------------
  SYS_TOP            tsmc13_wl30           scmetro_tsmc_cl013g_rvt_ss_1p08v_125c

  Point                                                   Incr       Path
  --------------------------------------------------------------------------
  clock RX_CLK (rise edge)                                0.00       0.00
  clock network delay (ideal)                             0.00       0.00
  UART_UNIT/UART_RX_UNIT/u_FSM_RX/Current_State_reg[0]/CK (SDFFRQX2M)
                                                          0.00       0.00 r
  UART_UNIT/UART_RX_UNIT/u_FSM_RX/Current_State_reg[0]/Q (SDFFRQX2M)
                                                          0.81       0.81 f
  UART_UNIT/UART_RX_UNIT/u_FSM_RX/U89/Y (DLY1X1M)         0.84       1.65 f
  UART_UNIT/UART_RX_UNIT/u_FSM_RX/Current_State_reg[1]/SI (SDFFRQX2M)
                                                          0.00       1.65 f
  data arrival time                                                  1.65

  clock RX_CLK (rise edge)                                0.00       0.00
  clock network delay (ideal)                             0.00       0.00
  clock uncertainty                                       0.10       0.10
  UART_UNIT/UART_RX_UNIT/u_FSM_RX/Current_State_reg[1]/CK (SDFFRQX2M)
                                                          0.00       0.10 r
  library hold time                                      -0.40      -0.30
  data required time                                                -0.30
  --------------------------------------------------------------------------
  data required time                                                -0.30
  data arrival time                                                 -1.65
  --------------------------------------------------------------------------
  slack (MET)                                                        1.95


  Startpoint: UART_UNIT/UART_TX_UNIT/u_serializer/ser_count_reg[2]
              (rising edge-triggered flip-flop clocked by TX_CLK)
  Endpoint: UART_UNIT/UART_RX_UNIT/u_Stop_Check/stp_err_reg
            (rising edge-triggered flip-flop clocked by RX_CLK)
  Path Group: RX_CLK
  Path Type: min

  Des/Clust/Port     Wire Load Model       Library
  ------------------------------------------------
  SYS_TOP            tsmc13_wl30           scmetro_tsmc_cl013g_rvt_ss_1p08v_125c

  Point                                                   Incr       Path
  --------------------------------------------------------------------------
  clock TX_CLK (rise edge)                                0.00       0.00
  clock network delay (ideal)                             0.00       0.00
  UART_UNIT/UART_TX_UNIT/u_serializer/ser_count_reg[2]/CK (SDFFRQX2M)
                                                          0.00       0.00 r
  UART_UNIT/UART_TX_UNIT/u_serializer/ser_count_reg[2]/Q (SDFFRQX2M)
                                                          0.99       0.99 r
  UART_UNIT/UART_TX_UNIT/u_serializer/test_so (Serializer_WIDTH8_test_1_test_1_test_1)
                                                          0.00       0.99 r
  UART_UNIT/UART_TX_UNIT/test_so (UART_TX_WIDTH8_test_1_test_1_test_1)
                                                          0.00       0.99 r
  UART_UNIT/UART_RX_UNIT/test_si2 (UART_RX_DATA_WIDTH8_test_1_test_1_test_1)
                                                          0.00       0.99 r
  UART_UNIT/UART_RX_UNIT/u_Stop_Check/test_si (Stop_Check_DATA_WIDTH8_test_1_test_1_test_1)
                                                          0.00       0.99 r
  UART_UNIT/UART_RX_UNIT/u_Stop_Check/U4/Y (OAI2BB2X1M)
                                                          0.47       1.46 r
  UART_UNIT/UART_RX_UNIT/u_Stop_Check/U6/Y (CLKMX2X2M)
                                                          0.43       1.89 r
  UART_UNIT/UART_RX_UNIT/u_Stop_Check/stp_err_reg/D (SDFFRQX4M)
                                                          0.00       1.89 r
  data arrival time                                                  1.89

  clock RX_CLK (rise edge)                                0.00       0.00
  clock network delay (ideal)                             0.00       0.00
  clock uncertainty                                       0.10       0.10
  UART_UNIT/UART_RX_UNIT/u_Stop_Check/stp_err_reg/CK (SDFFRQX4M)
                                                          0.00       0.10 r
  library hold time                                      -0.21      -0.11
  data required time                                                -0.11
  --------------------------------------------------------------------------
  data required time                                                -0.11
  data arrival time                                                 -1.89
  --------------------------------------------------------------------------
  slack (MET)                                                        2.00


  Startpoint: UART_UNIT/UART_RX_UNIT/u_edge_bit_counter/bit_cnt_reg[0]
              (rising edge-triggered flip-flop clocked by RX_CLK)
  Endpoint: UART_UNIT/UART_RX_UNIT/u_edge_bit_counter/bit_cnt_reg[1]
            (rising edge-triggered flip-flop clocked by RX_CLK)
  Path Group: RX_CLK
  Path Type: min

  Des/Clust/Port     Wire Load Model       Library
  ------------------------------------------------
  SYS_TOP            tsmc13_wl30           scmetro_tsmc_cl013g_rvt_ss_1p08v_125c

  Point                                                   Incr       Path
  --------------------------------------------------------------------------
  clock RX_CLK (rise edge)                                0.00       0.00
  clock network delay (ideal)                             0.00       0.00
  UART_UNIT/UART_RX_UNIT/u_edge_bit_counter/bit_cnt_reg[0]/CK (SDFFRQX1M)
                                                          0.00       0.00 r
  UART_UNIT/UART_RX_UNIT/u_edge_bit_counter/bit_cnt_reg[0]/Q (SDFFRQX1M)
                                                          0.59       0.59 f
  UART_UNIT/UART_RX_UNIT/u_edge_bit_counter/U21/Y (INVXLM)
                                                          0.58       1.16 r
  UART_UNIT/UART_RX_UNIT/u_edge_bit_counter/U22/Y (INVX4M)
                                                          0.58       1.75 f
  UART_UNIT/UART_RX_UNIT/u_edge_bit_counter/bit_cnt_reg[1]/SI (SDFFRQX2M)
                                                          0.00       1.75 f
  data arrival time                                                  1.75

  clock RX_CLK (rise edge)                                0.00       0.00
  clock network delay (ideal)                             0.00       0.00
  clock uncertainty                                       0.10       0.10
  UART_UNIT/UART_RX_UNIT/u_edge_bit_counter/bit_cnt_reg[1]/CK (SDFFRQX2M)
                                                          0.00       0.10 r
  library hold time                                      -0.39      -0.29
  data required time                                                -0.29
  --------------------------------------------------------------------------
  data required time                                                -0.29
  data arrival time                                                 -1.75
  --------------------------------------------------------------------------
  slack (MET)                                                        2.04


  Startpoint: UART_UNIT/UART_RX_UNIT/u_deserializer/P_DATA_reg[7]
              (rising edge-triggered flip-flop clocked by RX_CLK)
  Endpoint: UART_UNIT/UART_RX_UNIT/u_edge_bit_counter/bit_cnt_reg[0]
            (rising edge-triggered flip-flop clocked by RX_CLK)
  Path Group: RX_CLK
  Path Type: min

  Des/Clust/Port     Wire Load Model       Library
  ------------------------------------------------
  SYS_TOP            tsmc13_wl30           scmetro_tsmc_cl013g_rvt_ss_1p08v_125c

  Point                                                   Incr       Path
  --------------------------------------------------------------------------
  clock RX_CLK (rise edge)                                0.00       0.00
  clock network delay (ideal)                             0.00       0.00
  UART_UNIT/UART_RX_UNIT/u_deserializer/P_DATA_reg[7]/CK (SDFFRQX2M)
                                                          0.00       0.00 r
  UART_UNIT/UART_RX_UNIT/u_deserializer/P_DATA_reg[7]/Q (SDFFRQX2M)
                                                          0.71       0.71 f
  UART_UNIT/UART_RX_UNIT/u_deserializer/P_DATA[7] (deserializer_DATA_WIDTH8_test_1_test_1_test_1)
                                                          0.00       0.71 f
  UART_UNIT/UART_RX_UNIT/U8/Y (DLY1X1M)                   0.80       1.51 f
  UART_UNIT/UART_RX_UNIT/u_edge_bit_counter/test_si1 (edge_bit_counter_DATA_WIDTH8_test_1_test_1_test_1)
                                                          0.00       1.51 f
  UART_UNIT/UART_RX_UNIT/u_edge_bit_counter/U112/Y (CLKMX2X2M)
                                                          0.52       2.03 f
  UART_UNIT/UART_RX_UNIT/u_edge_bit_counter/bit_cnt_reg[0]/D (SDFFRQX1M)
                                                          0.00       2.03 f
  data arrival time                                                  2.03

  clock RX_CLK (rise edge)                                0.00       0.00
  clock network delay (ideal)                             0.00       0.00
  clock uncertainty                                       0.10       0.10
  UART_UNIT/UART_RX_UNIT/u_edge_bit_counter/bit_cnt_reg[0]/CK (SDFFRQX1M)
                                                          0.00       0.10 r
  library hold time                                      -0.28      -0.18
  data required time                                                -0.18
  --------------------------------------------------------------------------
  data required time                                                -0.18
  data arrival time                                                 -2.03
  --------------------------------------------------------------------------
  slack (MET)                                                        2.21


  Startpoint: UART_UNIT/UART_RX_UNIT/u_deserializer/P_DATA_reg[0]
              (rising edge-triggered flip-flop clocked by RX_CLK)
  Endpoint: UART_UNIT/UART_RX_UNIT/u_deserializer/P_DATA_reg[1]
            (rising edge-triggered flip-flop clocked by RX_CLK)
  Path Group: RX_CLK
  Path Type: min

  Des/Clust/Port     Wire Load Model       Library
  ------------------------------------------------
  SYS_TOP            tsmc13_wl30           scmetro_tsmc_cl013g_rvt_ss_1p08v_125c

  Point                                                   Incr       Path
  --------------------------------------------------------------------------
  clock RX_CLK (rise edge)                                0.00       0.00
  clock network delay (ideal)                             0.00       0.00
  UART_UNIT/UART_RX_UNIT/u_deserializer/P_DATA_reg[0]/CK (SDFFRQX2M)
                                                          0.00       0.00 r
  UART_UNIT/UART_RX_UNIT/u_deserializer/P_DATA_reg[0]/Q (SDFFRQX2M)
                                                          0.80       0.80 f
  UART_UNIT/UART_RX_UNIT/u_deserializer/U59/Y (INVX2M)
                                                          0.69       1.49 r
  UART_UNIT/UART_RX_UNIT/u_deserializer/U85/Y (INVXLM)
                                                          0.51       2.00 f
  UART_UNIT/UART_RX_UNIT/u_deserializer/P_DATA_reg[1]/SI (SDFFRQX2M)
                                                          0.00       2.00 f
  data arrival time                                                  2.00

  clock RX_CLK (rise edge)                                0.00       0.00
  clock network delay (ideal)                             0.00       0.00
  clock uncertainty                                       0.10       0.10
  UART_UNIT/UART_RX_UNIT/u_deserializer/P_DATA_reg[1]/CK (SDFFRQX2M)
                                                          0.00       0.10 r
  library hold time                                      -0.38      -0.28
  data required time                                                -0.28
  --------------------------------------------------------------------------
  data required time                                                -0.28
  data arrival time                                                 -2.00
  --------------------------------------------------------------------------
  slack (MET)                                                        2.28


  Startpoint: UART_UNIT/UART_RX_UNIT/u_edge_bit_counter/bit_cnt_reg[1]
              (rising edge-triggered flip-flop clocked by RX_CLK)
  Endpoint: UART_UNIT/UART_RX_UNIT/u_edge_bit_counter/bit_cnt_reg[2]
            (rising edge-triggered flip-flop clocked by RX_CLK)
  Path Group: RX_CLK
  Path Type: min

  Des/Clust/Port     Wire Load Model       Library
  ------------------------------------------------
  SYS_TOP            tsmc13_wl30           scmetro_tsmc_cl013g_rvt_ss_1p08v_125c

  Point                                                   Incr       Path
  --------------------------------------------------------------------------
  clock RX_CLK (rise edge)                                0.00       0.00
  clock network delay (ideal)                             0.00       0.00
  UART_UNIT/UART_RX_UNIT/u_edge_bit_counter/bit_cnt_reg[1]/CK (SDFFRQX2M)
                                                          0.00       0.00 r
  UART_UNIT/UART_RX_UNIT/u_edge_bit_counter/bit_cnt_reg[1]/Q (SDFFRQX2M)
                                                          0.62       0.62 f
  UART_UNIT/UART_RX_UNIT/u_edge_bit_counter/U4/Y (INVXLM)
                                                          0.58       1.20 r
  UART_UNIT/UART_RX_UNIT/u_edge_bit_counter/U5/Y (INVX4M)
                                                          0.46       1.66 f
  UART_UNIT/UART_RX_UNIT/u_edge_bit_counter/U108/Y (CLKMX2X2M)
                                                          0.48       2.14 f
  UART_UNIT/UART_RX_UNIT/u_edge_bit_counter/bit_cnt_reg[2]/D (SDFFRQX2M)
                                                          0.00       2.14 f
  data arrival time                                                  2.14

  clock RX_CLK (rise edge)                                0.00       0.00
  clock network delay (ideal)                             0.00       0.00
  clock uncertainty                                       0.10       0.10
  UART_UNIT/UART_RX_UNIT/u_edge_bit_counter/bit_cnt_reg[2]/CK (SDFFRQX2M)
                                                          0.00       0.10 r
  library hold time                                      -0.27      -0.17
  data required time                                                -0.17
  --------------------------------------------------------------------------
  data required time                                                -0.17
  data arrival time                                                 -2.14
  --------------------------------------------------------------------------
  slack (MET)                                                        2.31


  Startpoint: UART_UNIT/UART_RX_UNIT/u_FSM_RX/Current_State_reg[0]
              (rising edge-triggered flip-flop clocked by RX_CLK)
  Endpoint: UART_UNIT/UART_RX_UNIT/u_FSM_RX/Current_State_reg[1]
            (rising edge-triggered flip-flop clocked by RX_CLK)
  Path Group: RX_CLK
  Path Type: min

  Des/Clust/Port     Wire Load Model       Library
  ------------------------------------------------
  SYS_TOP            tsmc13_wl30           scmetro_tsmc_cl013g_rvt_ss_1p08v_125c

  Point                                                   Incr       Path
  --------------------------------------------------------------------------
  clock RX_CLK (rise edge)                                0.00       0.00
  clock network delay (ideal)                             0.00       0.00
  UART_UNIT/UART_RX_UNIT/u_FSM_RX/Current_State_reg[0]/CK (SDFFRQX2M)
                                                          0.00       0.00 r
  UART_UNIT/UART_RX_UNIT/u_FSM_RX/Current_State_reg[0]/Q (SDFFRQX2M)
                                                          0.81       0.81 f
  UART_UNIT/UART_RX_UNIT/u_FSM_RX/U89/Y (DLY1X1M)         0.84       1.65 f
  UART_UNIT/UART_RX_UNIT/u_FSM_RX/U83/Y (CLKMX2X2M)       0.52       2.17 f
  UART_UNIT/UART_RX_UNIT/u_FSM_RX/Current_State_reg[1]/D (SDFFRQX2M)
                                                          0.00       2.17 f
  data arrival time                                                  2.17

  clock RX_CLK (rise edge)                                0.00       0.00
  clock network delay (ideal)                             0.00       0.00
  clock uncertainty                                       0.10       0.10
  UART_UNIT/UART_RX_UNIT/u_FSM_RX/Current_State_reg[1]/CK (SDFFRQX2M)
                                                          0.00       0.10 r
  library hold time                                      -0.27      -0.17
  data required time                                                -0.17
  --------------------------------------------------------------------------
  data required time                                                -0.17
  data arrival time                                                 -2.17
  --------------------------------------------------------------------------
  slack (MET)                                                        2.35


  Startpoint: UART_UNIT/UART_RX_UNIT/u_edge_bit_counter/bit_cnt_reg[2]
              (rising edge-triggered flip-flop clocked by RX_CLK)
  Endpoint: UART_UNIT/UART_RX_UNIT/u_edge_bit_counter/bit_cnt_reg[3]
            (rising edge-triggered flip-flop clocked by RX_CLK)
  Path Group: RX_CLK
  Path Type: min

  Des/Clust/Port     Wire Load Model       Library
  ------------------------------------------------
  SYS_TOP            tsmc13_wl30           scmetro_tsmc_cl013g_rvt_ss_1p08v_125c

  Point                                                   Incr       Path
  --------------------------------------------------------------------------
  clock RX_CLK (rise edge)                                0.00       0.00
  clock network delay (ideal)                             0.00       0.00
  UART_UNIT/UART_RX_UNIT/u_edge_bit_counter/bit_cnt_reg[2]/CK (SDFFRQX2M)
                                                          0.00       0.00 r
  UART_UNIT/UART_RX_UNIT/u_edge_bit_counter/bit_cnt_reg[2]/Q (SDFFRQX2M)
                                                          0.62       0.62 f
  UART_UNIT/UART_RX_UNIT/u_edge_bit_counter/U9/Y (INVXLM)
                                                          0.58       1.20 r
  UART_UNIT/UART_RX_UNIT/u_edge_bit_counter/U10/Y (INVX4M)
                                                          0.51       1.71 f
  UART_UNIT/UART_RX_UNIT/u_edge_bit_counter/U100/Y (CLKMX2X2M)
                                                          0.49       2.20 f
  UART_UNIT/UART_RX_UNIT/u_edge_bit_counter/bit_cnt_reg[3]/D (SDFFRQX2M)
                                                          0.00       2.20 f
  data arrival time                                                  2.20

  clock RX_CLK (rise edge)                                0.00       0.00
  clock network delay (ideal)                             0.00       0.00
  clock uncertainty                                       0.10       0.10
  UART_UNIT/UART_RX_UNIT/u_edge_bit_counter/bit_cnt_reg[3]/CK (SDFFRQX2M)
                                                          0.00       0.10 r
  library hold time                                      -0.27      -0.17
  data required time                                                -0.17
  --------------------------------------------------------------------------
  data required time                                                -0.17
  data arrival time                                                 -2.20
  --------------------------------------------------------------------------
  slack (MET)                                                        2.37


  Startpoint: UART_UNIT/UART_RX_UNIT/u_Data_Sampling/sampled_bit_reg
              (rising edge-triggered flip-flop clocked by RX_CLK)
  Endpoint: UART_UNIT/UART_RX_UNIT/u_FSM_RX/Current_State_reg[0]
            (rising edge-triggered flip-flop clocked by RX_CLK)
  Path Group: RX_CLK
  Path Type: min

  Des/Clust/Port     Wire Load Model       Library
  ------------------------------------------------
  SYS_TOP            tsmc13_wl30           scmetro_tsmc_cl013g_rvt_ss_1p08v_125c

  Point                                                   Incr       Path
  --------------------------------------------------------------------------
  clock RX_CLK (rise edge)                                0.00       0.00
  clock network delay (ideal)                             0.00       0.00
  UART_UNIT/UART_RX_UNIT/u_Data_Sampling/sampled_bit_reg/CK (SDFFRQX2M)
                                                          0.00       0.00 r
  UART_UNIT/UART_RX_UNIT/u_Data_Sampling/sampled_bit_reg/Q (SDFFRQX2M)
                                                          0.62       0.62 f
  UART_UNIT/UART_RX_UNIT/u_Data_Sampling/U2/Y (INVXLM)
                                                          0.58       1.20 r
  UART_UNIT/UART_RX_UNIT/u_Data_Sampling/U3/Y (INVX4M)
                                                          0.54       1.74 f
  UART_UNIT/UART_RX_UNIT/u_Data_Sampling/test_so (Data_Sampling_DATA_WIDTH8_test_1_test_1_test_1)
                                                          0.00       1.74 f
  UART_UNIT/UART_RX_UNIT/u_FSM_RX/test_si1 (FSM_RX_DATA_WIDTH8_test_1_test_1_test_1)
                                                          0.00       1.74 f
  UART_UNIT/UART_RX_UNIT/u_FSM_RX/U80/Y (CLKMX2X2M)       0.50       2.24 f
  UART_UNIT/UART_RX_UNIT/u_FSM_RX/Current_State_reg[0]/D (SDFFRQX2M)
                                                          0.00       2.24 f
  data arrival time                                                  2.24

  clock RX_CLK (rise edge)                                0.00       0.00
  clock network delay (ideal)                             0.00       0.00
  clock uncertainty                                       0.10       0.10
  UART_UNIT/UART_RX_UNIT/u_FSM_RX/Current_State_reg[0]/CK (SDFFRQX2M)
                                                          0.00       0.10 r
  library hold time                                      -0.27      -0.17
  data required time                                                -0.17
  --------------------------------------------------------------------------
  data required time                                                -0.17
  data arrival time                                                 -2.24
  --------------------------------------------------------------------------
  slack (MET)                                                        2.41


  Startpoint: UART_UNIT/UART_RX_UNIT/u_edge_bit_counter/bit_cnt_reg[0]
              (rising edge-triggered flip-flop clocked by RX_CLK)
  Endpoint: UART_UNIT/UART_RX_UNIT/u_edge_bit_counter/bit_cnt_reg[1]
            (rising edge-triggered flip-flop clocked by RX_CLK)
  Path Group: RX_CLK
  Path Type: min

  Des/Clust/Port     Wire Load Model       Library
  ------------------------------------------------
  SYS_TOP            tsmc13_wl30           scmetro_tsmc_cl013g_rvt_ss_1p08v_125c

  Point                                                   Incr       Path
  --------------------------------------------------------------------------
  clock RX_CLK (rise edge)                                0.00       0.00
  clock network delay (ideal)                             0.00       0.00
  UART_UNIT/UART_RX_UNIT/u_edge_bit_counter/bit_cnt_reg[0]/CK (SDFFRQX1M)
                                                          0.00       0.00 r
  UART_UNIT/UART_RX_UNIT/u_edge_bit_counter/bit_cnt_reg[0]/Q (SDFFRQX1M)
                                                          0.59       0.59 f
  UART_UNIT/UART_RX_UNIT/u_edge_bit_counter/U21/Y (INVXLM)
                                                          0.58       1.16 r
  UART_UNIT/UART_RX_UNIT/u_edge_bit_counter/U22/Y (INVX4M)
                                                          0.58       1.75 f
  UART_UNIT/UART_RX_UNIT/u_edge_bit_counter/U98/Y (CLKMX2X2M)
                                                          0.51       2.26 f
  UART_UNIT/UART_RX_UNIT/u_edge_bit_counter/bit_cnt_reg[1]/D (SDFFRQX2M)
                                                          0.00       2.26 f
  data arrival time                                                  2.26

  clock RX_CLK (rise edge)                                0.00       0.00
  clock network delay (ideal)                             0.00       0.00
  clock uncertainty                                       0.10       0.10
  UART_UNIT/UART_RX_UNIT/u_edge_bit_counter/bit_cnt_reg[1]/CK (SDFFRQX2M)
                                                          0.00       0.10 r
  library hold time                                      -0.27      -0.17
  data required time                                                -0.17
  --------------------------------------------------------------------------
  data required time                                                -0.17
  data arrival time                                                 -2.26
  --------------------------------------------------------------------------
  slack (MET)                                                        2.43


  Startpoint: UART_UNIT/UART_RX_UNIT/u_edge_bit_counter/edge_cnt_reg[0]
              (rising edge-triggered flip-flop clocked by RX_CLK)
  Endpoint: UART_UNIT/UART_RX_UNIT/u_edge_bit_counter/edge_cnt_reg[1]
            (rising edge-triggered flip-flop clocked by RX_CLK)
  Path Group: RX_CLK
  Path Type: min

  Des/Clust/Port     Wire Load Model       Library
  ------------------------------------------------
  SYS_TOP            tsmc13_wl30           scmetro_tsmc_cl013g_rvt_ss_1p08v_125c

  Point                                                   Incr       Path
  --------------------------------------------------------------------------
  clock RX_CLK (rise edge)                                0.00       0.00
  clock network delay (ideal)                             0.00       0.00
  UART_UNIT/UART_RX_UNIT/u_edge_bit_counter/edge_cnt_reg[0]/CK (SDFFRQX2M)
                                                          0.00       0.00 r
  UART_UNIT/UART_RX_UNIT/u_edge_bit_counter/edge_cnt_reg[0]/Q (SDFFRQX2M)
                                                          0.63       0.63 f
  UART_UNIT/UART_RX_UNIT/u_edge_bit_counter/U2/Y (INVX2M)
                                                          0.64       1.26 r
  UART_UNIT/UART_RX_UNIT/u_edge_bit_counter/U56/Y (OAI32X2M)
                                                          0.33       1.59 f
  UART_UNIT/UART_RX_UNIT/u_edge_bit_counter/U31/Y (MX2XLM)
                                                          0.65       2.25 f
  UART_UNIT/UART_RX_UNIT/u_edge_bit_counter/edge_cnt_reg[1]/D (SDFFRQX2M)
                                                          0.00       2.25 f
  data arrival time                                                  2.25

  clock RX_CLK (rise edge)                                0.00       0.00
  clock network delay (ideal)                             0.00       0.00
  clock uncertainty                                       0.10       0.10
  UART_UNIT/UART_RX_UNIT/u_edge_bit_counter/edge_cnt_reg[1]/CK (SDFFRQX2M)
                                                          0.00       0.10 r
  library hold time                                      -0.30      -0.20
  data required time                                                -0.20
  --------------------------------------------------------------------------
  data required time                                                -0.20
  data arrival time                                                 -2.25
  --------------------------------------------------------------------------
  slack (MET)                                                        2.45


  Startpoint: UART_UNIT/UART_RX_UNIT/u_edge_bit_counter/edge_cnt_reg[3]
              (rising edge-triggered flip-flop clocked by RX_CLK)
  Endpoint: UART_UNIT/UART_RX_UNIT/u_edge_bit_counter/edge_cnt_reg[4]
            (rising edge-triggered flip-flop clocked by RX_CLK)
  Path Group: RX_CLK
  Path Type: min

  Des/Clust/Port     Wire Load Model       Library
  ------------------------------------------------
  SYS_TOP            tsmc13_wl30           scmetro_tsmc_cl013g_rvt_ss_1p08v_125c

  Point                                                   Incr       Path
  --------------------------------------------------------------------------
  clock RX_CLK (rise edge)                                0.00       0.00
  clock network delay (ideal)                             0.00       0.00
  UART_UNIT/UART_RX_UNIT/u_edge_bit_counter/edge_cnt_reg[3]/CK (SDFFRQX2M)
                                                          0.00       0.00 r
  UART_UNIT/UART_RX_UNIT/u_edge_bit_counter/edge_cnt_reg[3]/Q (SDFFRQX2M)
                                                          0.62       0.62 f
  UART_UNIT/UART_RX_UNIT/u_edge_bit_counter/U15/Y (INVXLM)
                                                          0.62       1.24 r
  UART_UNIT/UART_RX_UNIT/u_edge_bit_counter/U16/Y (INVX6M)
                                                          0.55       1.79 f
  UART_UNIT/UART_RX_UNIT/u_edge_bit_counter/U106/Y (CLKMX2X2M)
                                                          0.50       2.29 f
  UART_UNIT/UART_RX_UNIT/u_edge_bit_counter/edge_cnt_reg[4]/D (SDFFRQX2M)
                                                          0.00       2.29 f
  data arrival time                                                  2.29

  clock RX_CLK (rise edge)                                0.00       0.00
  clock network delay (ideal)                             0.00       0.00
  clock uncertainty                                       0.10       0.10
  UART_UNIT/UART_RX_UNIT/u_edge_bit_counter/edge_cnt_reg[4]/CK (SDFFRQX2M)
                                                          0.00       0.10 r
  library hold time                                      -0.27      -0.17
  data required time                                                -0.17
  --------------------------------------------------------------------------
  data required time                                                -0.17
  data arrival time                                                 -2.29
  --------------------------------------------------------------------------
  slack (MET)                                                        2.46


  Startpoint: UART_UNIT/UART_RX_UNIT/u_Parity_Check/par_err_reg
              (rising edge-triggered flip-flop clocked by RX_CLK)
  Endpoint: UART_UNIT/UART_RX_UNIT/u_Start_Check/strt_glitch_reg
            (rising edge-triggered flip-flop clocked by RX_CLK)
  Path Group: RX_CLK
  Path Type: min

  Des/Clust/Port     Wire Load Model       Library
  ------------------------------------------------
  SYS_TOP            tsmc13_wl30           scmetro_tsmc_cl013g_rvt_ss_1p08v_125c

  Point                                                   Incr       Path
  --------------------------------------------------------------------------
  clock RX_CLK (rise edge)                                0.00       0.00
  clock network delay (ideal)                             0.00       0.00
  UART_UNIT/UART_RX_UNIT/u_Parity_Check/par_err_reg/CK (SDFFRQX2M)
                                                          0.00       0.00 r
  UART_UNIT/UART_RX_UNIT/u_Parity_Check/par_err_reg/Q (SDFFRQX2M)
                                                          0.62       0.62 f
  UART_UNIT/UART_RX_UNIT/u_Parity_Check/U1/Y (INVXLM)     0.58       1.20 r
  UART_UNIT/UART_RX_UNIT/u_Parity_Check/U2/Y (INVX4M)     0.59       1.79 f
  UART_UNIT/UART_RX_UNIT/u_Parity_Check/test_so (Parity_Check_DATA_WIDTH8_test_1_test_1_test_1)
                                                          0.00       1.79 f
  UART_UNIT/UART_RX_UNIT/u_Start_Check/test_si1 (Start_Check_DATA_WIDTH8_test_1_test_1_test_1)
                                                          0.00       1.79 f
  UART_UNIT/UART_RX_UNIT/u_Start_Check/U4/Y (CLKMX2X2M)
                                                          0.51       2.30 f
  UART_UNIT/UART_RX_UNIT/u_Start_Check/strt_glitch_reg/D (SDFFRQX2M)
                                                          0.00       2.30 f
  data arrival time                                                  2.30

  clock RX_CLK (rise edge)                                0.00       0.00
  clock network delay (ideal)                             0.00       0.00
  clock uncertainty                                       0.10       0.10
  UART_UNIT/UART_RX_UNIT/u_Start_Check/strt_glitch_reg/CK (SDFFRQX2M)
                                                          0.00       0.10 r
  library hold time                                      -0.27      -0.17
  data required time                                                -0.17
  --------------------------------------------------------------------------
  data required time                                                -0.17
  data arrival time                                                 -2.30
  --------------------------------------------------------------------------
  slack (MET)                                                        2.47


  Startpoint: UART_UNIT/UART_RX_UNIT/u_edge_bit_counter/edge_cnt_reg[4]
              (rising edge-triggered flip-flop clocked by RX_CLK)
  Endpoint: UART_UNIT/UART_RX_UNIT/u_edge_bit_counter/edge_cnt_reg[5]
            (rising edge-triggered flip-flop clocked by RX_CLK)
  Path Group: RX_CLK
  Path Type: min

  Des/Clust/Port     Wire Load Model       Library
  ------------------------------------------------
  SYS_TOP            tsmc13_wl30           scmetro_tsmc_cl013g_rvt_ss_1p08v_125c

  Point                                                   Incr       Path
  --------------------------------------------------------------------------
  clock RX_CLK (rise edge)                                0.00       0.00
  clock network delay (ideal)                             0.00       0.00
  UART_UNIT/UART_RX_UNIT/u_edge_bit_counter/edge_cnt_reg[4]/CK (SDFFRQX2M)
                                                          0.00       0.00 r
  UART_UNIT/UART_RX_UNIT/u_edge_bit_counter/edge_cnt_reg[4]/Q (SDFFRQX2M)
                                                          0.62       0.62 f
  UART_UNIT/UART_RX_UNIT/u_edge_bit_counter/U17/Y (INVXLM)
                                                          0.62       1.24 r
  UART_UNIT/UART_RX_UNIT/u_edge_bit_counter/U18/Y (INVX6M)
                                                          0.61       1.85 f
  UART_UNIT/UART_RX_UNIT/u_edge_bit_counter/U104/Y (CLKMX2X2M)
                                                          0.52       2.36 f
  UART_UNIT/UART_RX_UNIT/u_edge_bit_counter/edge_cnt_reg[5]/D (SDFFRQX2M)
                                                          0.00       2.36 f
  data arrival time                                                  2.36

  clock RX_CLK (rise edge)                                0.00       0.00
  clock network delay (ideal)                             0.00       0.00
  clock uncertainty                                       0.10       0.10
  UART_UNIT/UART_RX_UNIT/u_edge_bit_counter/edge_cnt_reg[5]/CK (SDFFRQX2M)
                                                          0.00       0.10 r
  library hold time                                      -0.27      -0.17
  data required time                                                -0.17
  --------------------------------------------------------------------------
  data required time                                                -0.17
  data arrival time                                                 -2.36
  --------------------------------------------------------------------------
  slack (MET)                                                        2.53


  Startpoint: UART_UNIT/UART_RX_UNIT/u_deserializer/P_DATA_reg[6]
              (rising edge-triggered flip-flop clocked by RX_CLK)
  Endpoint: UART_UNIT/UART_RX_UNIT/u_deserializer/P_DATA_reg[7]
            (rising edge-triggered flip-flop clocked by RX_CLK)
  Path Group: RX_CLK
  Path Type: min

  Des/Clust/Port     Wire Load Model       Library
  ------------------------------------------------
  SYS_TOP            tsmc13_wl30           scmetro_tsmc_cl013g_rvt_ss_1p08v_125c

  Point                                                   Incr       Path
  --------------------------------------------------------------------------
  clock RX_CLK (rise edge)                                0.00       0.00
  clock network delay (ideal)                             0.00       0.00
  UART_UNIT/UART_RX_UNIT/u_deserializer/P_DATA_reg[6]/CK (SDFFRQX2M)
                                                          0.00       0.00 r
  UART_UNIT/UART_RX_UNIT/u_deserializer/P_DATA_reg[6]/Q (SDFFRQX2M)
                                                          0.63       0.63 f
  UART_UNIT/UART_RX_UNIT/u_deserializer/U4/Y (INVX2M)     0.61       1.24 r
  UART_UNIT/UART_RX_UNIT/u_deserializer/U3/Y (INVX2M)     0.62       1.85 f
  UART_UNIT/UART_RX_UNIT/u_deserializer/U66/Y (CLKMX2X2M)
                                                          0.52       2.37 f
  UART_UNIT/UART_RX_UNIT/u_deserializer/P_DATA_reg[7]/D (SDFFRQX2M)
                                                          0.00       2.37 f
  data arrival time                                                  2.37

  clock RX_CLK (rise edge)                                0.00       0.00
  clock network delay (ideal)                             0.00       0.00
  clock uncertainty                                       0.10       0.10
  UART_UNIT/UART_RX_UNIT/u_deserializer/P_DATA_reg[7]/CK (SDFFRQX2M)
                                                          0.00       0.10 r
  library hold time                                      -0.27      -0.17
  data required time                                                -0.17
  --------------------------------------------------------------------------
  data required time                                                -0.17
  data arrival time                                                 -2.37
  --------------------------------------------------------------------------
  slack (MET)                                                        2.54


  Startpoint: UART_UNIT/UART_RX_UNIT/u_Data_Sampling/Data_Sampled_reg_reg[0]
              (rising edge-triggered flip-flop clocked by RX_CLK)
  Endpoint: UART_UNIT/UART_RX_UNIT/u_Data_Sampling/Data_Sampled_reg_reg[0]
            (rising edge-triggered flip-flop clocked by RX_CLK)
  Path Group: RX_CLK
  Path Type: min

  Des/Clust/Port     Wire Load Model       Library
  ------------------------------------------------
  SYS_TOP            tsmc13_wl30           scmetro_tsmc_cl013g_rvt_ss_1p08v_125c

  Point                                                   Incr       Path
  --------------------------------------------------------------------------
  clock RX_CLK (rise edge)                                0.00       0.00
  clock network delay (ideal)                             0.00       0.00
  UART_UNIT/UART_RX_UNIT/u_Data_Sampling/Data_Sampled_reg_reg[0]/CK (SDFFRQX2M)
                                                          0.00       0.00 r
  UART_UNIT/UART_RX_UNIT/u_Data_Sampling/Data_Sampled_reg_reg[0]/Q (SDFFRQX2M)
                                                          0.80       0.80 f
  UART_UNIT/UART_RX_UNIT/u_Data_Sampling/U35/Y (AOI22X1M)
                                                          0.64       1.44 r
  UART_UNIT/UART_RX_UNIT/u_Data_Sampling/U34/Y (OAI2BB2X1M)
                                                          0.47       1.91 f
  UART_UNIT/UART_RX_UNIT/u_Data_Sampling/U69/Y (CLKMX2X2M)
                                                          0.47       2.37 f
  UART_UNIT/UART_RX_UNIT/u_Data_Sampling/Data_Sampled_reg_reg[0]/D (SDFFRQX2M)
                                                          0.00       2.37 f
  data arrival time                                                  2.37

  clock RX_CLK (rise edge)                                0.00       0.00
  clock network delay (ideal)                             0.00       0.00
  clock uncertainty                                       0.10       0.10
  UART_UNIT/UART_RX_UNIT/u_Data_Sampling/Data_Sampled_reg_reg[0]/CK (SDFFRQX2M)
                                                          0.00       0.10 r
  library hold time                                      -0.27      -0.17
  data required time                                                -0.17
  --------------------------------------------------------------------------
  data required time                                                -0.17
  data arrival time                                                 -2.37
  --------------------------------------------------------------------------
  slack (MET)                                                        2.55


  Startpoint: UART_UNIT/UART_RX_UNIT/u_FSM_RX/Current_State_reg[1]
              (rising edge-triggered flip-flop clocked by RX_CLK)
  Endpoint: UART_UNIT/UART_RX_UNIT/u_FSM_RX/Current_State_reg[2]
            (rising edge-triggered flip-flop clocked by RX_CLK)
  Path Group: RX_CLK
  Path Type: min

  Des/Clust/Port     Wire Load Model       Library
  ------------------------------------------------
  SYS_TOP            tsmc13_wl30           scmetro_tsmc_cl013g_rvt_ss_1p08v_125c

  Point                                                   Incr       Path
  --------------------------------------------------------------------------
  clock RX_CLK (rise edge)                                0.00       0.00
  clock network delay (ideal)                             0.00       0.00
  UART_UNIT/UART_RX_UNIT/u_FSM_RX/Current_State_reg[1]/CK (SDFFRQX2M)
                                                          0.00       0.00 r
  UART_UNIT/UART_RX_UNIT/u_FSM_RX/Current_State_reg[1]/Q (SDFFRQX2M)
                                                          0.62       0.62 f
  UART_UNIT/UART_RX_UNIT/u_FSM_RX/U2/Y (INVXLM)           0.58       1.20 r
  UART_UNIT/UART_RX_UNIT/u_FSM_RX/U3/Y (INVX4M)           0.46       1.66 f
  UART_UNIT/UART_RX_UNIT/u_FSM_RX/U4/Y (MX2XLM)           0.73       2.39 f
  UART_UNIT/UART_RX_UNIT/u_FSM_RX/Current_State_reg[2]/D (SDFFRQX4M)
                                                          0.00       2.39 f
  data arrival time                                                  2.39

  clock RX_CLK (rise edge)                                0.00       0.00
  clock network delay (ideal)                             0.00       0.00
  clock uncertainty                                       0.10       0.10
  UART_UNIT/UART_RX_UNIT/u_FSM_RX/Current_State_reg[2]/CK (SDFFRQX4M)
                                                          0.00       0.10 r
  library hold time                                      -0.30      -0.20
  data required time                                                -0.20
  --------------------------------------------------------------------------
  data required time                                                -0.20
  data arrival time                                                 -2.39
  --------------------------------------------------------------------------
  slack (MET)                                                        2.59


  Startpoint: UART_UNIT/UART_RX_UNIT/u_edge_bit_counter/bit_cnt_reg[3]
              (rising edge-triggered flip-flop clocked by RX_CLK)
  Endpoint: UART_UNIT/UART_RX_UNIT/u_edge_bit_counter/edge_cnt_reg[0]
            (rising edge-triggered flip-flop clocked by RX_CLK)
  Path Group: RX_CLK
  Path Type: min

  Des/Clust/Port     Wire Load Model       Library
  ------------------------------------------------
  SYS_TOP            tsmc13_wl30           scmetro_tsmc_cl013g_rvt_ss_1p08v_125c

  Point                                                   Incr       Path
  --------------------------------------------------------------------------
  clock RX_CLK (rise edge)                                0.00       0.00
  clock network delay (ideal)                             0.00       0.00
  UART_UNIT/UART_RX_UNIT/u_edge_bit_counter/bit_cnt_reg[3]/CK (SDFFRQX2M)
                                                          0.00       0.00 r
  UART_UNIT/UART_RX_UNIT/u_edge_bit_counter/bit_cnt_reg[3]/Q (SDFFRQX2M)
                                                          0.62       0.62 f
  UART_UNIT/UART_RX_UNIT/u_edge_bit_counter/U7/Y (INVXLM)
                                                          0.58       1.20 r
  UART_UNIT/UART_RX_UNIT/u_edge_bit_counter/U8/Y (INVX4M)
                                                          0.50       1.70 f
  UART_UNIT/UART_RX_UNIT/u_edge_bit_counter/U14/Y (MX2XLM)
                                                          0.74       2.44 f
  UART_UNIT/UART_RX_UNIT/u_edge_bit_counter/edge_cnt_reg[0]/D (SDFFRQX2M)
                                                          0.00       2.44 f
  data arrival time                                                  2.44

  clock RX_CLK (rise edge)                                0.00       0.00
  clock network delay (ideal)                             0.00       0.00
  clock uncertainty                                       0.10       0.10
  UART_UNIT/UART_RX_UNIT/u_edge_bit_counter/edge_cnt_reg[0]/CK (SDFFRQX2M)
                                                          0.00       0.10 r
  library hold time                                      -0.30      -0.20
  data required time                                                -0.20
  --------------------------------------------------------------------------
  data required time                                                -0.20
  data arrival time                                                 -2.44
  --------------------------------------------------------------------------
  slack (MET)                                                        2.64


  Startpoint: UART_UNIT/UART_RX_UNIT/u_edge_bit_counter/edge_cnt_reg[2]
              (rising edge-triggered flip-flop clocked by RX_CLK)
  Endpoint: UART_UNIT/UART_RX_UNIT/u_edge_bit_counter/edge_cnt_reg[2]
            (rising edge-triggered flip-flop clocked by RX_CLK)
  Path Group: RX_CLK
  Path Type: min

  Des/Clust/Port     Wire Load Model       Library
  ------------------------------------------------
  SYS_TOP            tsmc13_wl30           scmetro_tsmc_cl013g_rvt_ss_1p08v_125c

  Point                                                   Incr       Path
  --------------------------------------------------------------------------
  clock RX_CLK (rise edge)                                0.00       0.00
  clock network delay (ideal)                             0.00       0.00
  UART_UNIT/UART_RX_UNIT/u_edge_bit_counter/edge_cnt_reg[2]/CK (SDFFRQX4M)
                                                          0.00       0.00 r
  UART_UNIT/UART_RX_UNIT/u_edge_bit_counter/edge_cnt_reg[2]/Q (SDFFRQX4M)
                                                          0.90       0.90 f
  UART_UNIT/UART_RX_UNIT/u_edge_bit_counter/U69/Y (CLKXOR2X2M)
                                                          0.56       1.46 r
  UART_UNIT/UART_RX_UNIT/u_edge_bit_counter/U68/Y (OAI22X1M)
                                                          0.33       1.79 f
  UART_UNIT/UART_RX_UNIT/u_edge_bit_counter/U13/Y (MX2XLM)
                                                          0.69       2.48 f
  UART_UNIT/UART_RX_UNIT/u_edge_bit_counter/edge_cnt_reg[2]/D (SDFFRQX4M)
                                                          0.00       2.48 f
  data arrival time                                                  2.48

  clock RX_CLK (rise edge)                                0.00       0.00
  clock network delay (ideal)                             0.00       0.00
  clock uncertainty                                       0.10       0.10
  UART_UNIT/UART_RX_UNIT/u_edge_bit_counter/edge_cnt_reg[2]/CK (SDFFRQX4M)
                                                          0.00       0.10 r
  library hold time                                      -0.30      -0.20
  data required time                                                -0.20
  --------------------------------------------------------------------------
  data required time                                                -0.20
  data arrival time                                                 -2.48
  --------------------------------------------------------------------------
  slack (MET)                                                        2.68


  Startpoint: UART_UNIT/UART_RX_UNIT/u_deserializer/P_DATA_reg[6]
              (rising edge-triggered flip-flop clocked by RX_CLK)
  Endpoint: UART_UNIT/UART_RX_UNIT/u_deserializer/P_DATA_reg[5]
            (rising edge-triggered flip-flop clocked by RX_CLK)
  Path Group: RX_CLK
  Path Type: min

  Des/Clust/Port     Wire Load Model       Library
  ------------------------------------------------
  SYS_TOP            tsmc13_wl30           scmetro_tsmc_cl013g_rvt_ss_1p08v_125c

  Point                                                   Incr       Path
  --------------------------------------------------------------------------
  clock RX_CLK (rise edge)                                0.00       0.00
  clock network delay (ideal)                             0.00       0.00
  UART_UNIT/UART_RX_UNIT/u_deserializer/P_DATA_reg[6]/CK (SDFFRQX2M)
                                                          0.00       0.00 r
  UART_UNIT/UART_RX_UNIT/u_deserializer/P_DATA_reg[6]/Q (SDFFRQX2M)
                                                          0.63       0.63 f
  UART_UNIT/UART_RX_UNIT/u_deserializer/U4/Y (INVX2M)     0.61       1.24 r
  UART_UNIT/UART_RX_UNIT/u_deserializer/U49/Y (OAI222X1M)
                                                          0.56       1.79 f
  UART_UNIT/UART_RX_UNIT/u_deserializer/U11/Y (MX2XLM)
                                                          0.75       2.54 f
  UART_UNIT/UART_RX_UNIT/u_deserializer/P_DATA_reg[5]/D (SDFFRQX4M)
                                                          0.00       2.54 f
  data arrival time                                                  2.54

  clock RX_CLK (rise edge)                                0.00       0.00
  clock network delay (ideal)                             0.00       0.00
  clock uncertainty                                       0.10       0.10
  UART_UNIT/UART_RX_UNIT/u_deserializer/P_DATA_reg[5]/CK (SDFFRQX4M)
                                                          0.00       0.10 r
  library hold time                                      -0.30      -0.20
  data required time                                                -0.20
  --------------------------------------------------------------------------
  data required time                                                -0.20
  data arrival time                                                 -2.54
  --------------------------------------------------------------------------
  slack (MET)                                                        2.74


  Startpoint: UART_UNIT/UART_RX_UNIT/u_deserializer/P_DATA_reg[3]
              (rising edge-triggered flip-flop clocked by RX_CLK)
  Endpoint: UART_UNIT/UART_RX_UNIT/u_deserializer/P_DATA_reg[2]
            (rising edge-triggered flip-flop clocked by RX_CLK)
  Path Group: RX_CLK
  Path Type: min

  Des/Clust/Port     Wire Load Model       Library
  ------------------------------------------------
  SYS_TOP            tsmc13_wl30           scmetro_tsmc_cl013g_rvt_ss_1p08v_125c

  Point                                                   Incr       Path
  --------------------------------------------------------------------------
  clock RX_CLK (rise edge)                                0.00       0.00
  clock network delay (ideal)                             0.00       0.00
  UART_UNIT/UART_RX_UNIT/u_deserializer/P_DATA_reg[3]/CK (SDFFRQX2M)
                                                          0.00       0.00 r
  UART_UNIT/UART_RX_UNIT/u_deserializer/P_DATA_reg[3]/Q (SDFFRQX2M)
                                                          0.63       0.63 f
  UART_UNIT/UART_RX_UNIT/u_deserializer/U2/Y (INVX2M)     0.61       1.24 r
  UART_UNIT/UART_RX_UNIT/u_deserializer/U48/Y (OAI222X1M)
                                                          0.56       1.79 f
  UART_UNIT/UART_RX_UNIT/u_deserializer/U10/Y (MX2XLM)
                                                          0.75       2.54 f
  UART_UNIT/UART_RX_UNIT/u_deserializer/P_DATA_reg[2]/D (SDFFRQX4M)
                                                          0.00       2.54 f
  data arrival time                                                  2.54

  clock RX_CLK (rise edge)                                0.00       0.00
  clock network delay (ideal)                             0.00       0.00
  clock uncertainty                                       0.10       0.10
  UART_UNIT/UART_RX_UNIT/u_deserializer/P_DATA_reg[2]/CK (SDFFRQX4M)
                                                          0.00       0.10 r
  library hold time                                      -0.30      -0.20
  data required time                                                -0.20
  --------------------------------------------------------------------------
  data required time                                                -0.20
  data arrival time                                                 -2.54
  --------------------------------------------------------------------------
  slack (MET)                                                        2.74


  Startpoint: UART_UNIT/UART_RX_UNIT/u_deserializer/P_DATA_reg[4]
              (rising edge-triggered flip-flop clocked by RX_CLK)
  Endpoint: UART_UNIT/UART_RX_UNIT/u_deserializer/P_DATA_reg[4]
            (rising edge-triggered flip-flop clocked by RX_CLK)
  Path Group: RX_CLK
  Path Type: min

  Des/Clust/Port     Wire Load Model       Library
  ------------------------------------------------
  SYS_TOP            tsmc13_wl30           scmetro_tsmc_cl013g_rvt_ss_1p08v_125c

  Point                                                   Incr       Path
  --------------------------------------------------------------------------
  clock RX_CLK (rise edge)                                0.00       0.00
  clock network delay (ideal)                             0.00       0.00
  UART_UNIT/UART_RX_UNIT/u_deserializer/P_DATA_reg[4]/CK (SDFFRQX2M)
                                                          0.00       0.00 r
  UART_UNIT/UART_RX_UNIT/u_deserializer/P_DATA_reg[4]/Q (SDFFRQX2M)
                                                          0.63       0.63 f
  UART_UNIT/UART_RX_UNIT/u_deserializer/U6/Y (INVX2M)     0.61       1.24 r
  UART_UNIT/UART_RX_UNIT/u_deserializer/U50/Y (OAI222X1M)
                                                          0.56       1.80 f
  UART_UNIT/UART_RX_UNIT/u_deserializer/U23/Y (MX2XLM)
                                                          0.75       2.55 f
  UART_UNIT/UART_RX_UNIT/u_deserializer/P_DATA_reg[4]/D (SDFFRQX2M)
                                                          0.00       2.55 f
  data arrival time                                                  2.55

  clock RX_CLK (rise edge)                                0.00       0.00
  clock network delay (ideal)                             0.00       0.00
  clock uncertainty                                       0.10       0.10
  UART_UNIT/UART_RX_UNIT/u_deserializer/P_DATA_reg[4]/CK (SDFFRQX2M)
                                                          0.00       0.10 r
  library hold time                                      -0.30      -0.20
  data required time                                                -0.20
  --------------------------------------------------------------------------
  data required time                                                -0.20
  data arrival time                                                 -2.55
  --------------------------------------------------------------------------
  slack (MET)                                                        2.75


  Startpoint: TX_CLK_GEN/outB_r_reg
              (falling edge-triggered flip-flop clocked by UART_CLK)
  Endpoint: UART_UNIT/UART_RX_UNIT/u_Data_Sampling/Data_Sampled_reg_reg[0]
            (rising edge-triggered flip-flop clocked by RX_CLK)
  Path Group: RX_CLK
  Path Type: min

  Des/Clust/Port     Wire Load Model       Library
  ------------------------------------------------
  SYS_TOP            tsmc13_wl30           scmetro_tsmc_cl013g_rvt_ss_1p08v_125c

  Point                                                   Incr       Path
  --------------------------------------------------------------------------
  clock UART_CLK (fall edge)                            135.65     135.65
  clock network delay (ideal)                             0.00     135.65
  TX_CLK_GEN/outB_r_reg/CKN (SDFFNSRHX1M)                 0.00     135.65 f
  TX_CLK_GEN/outB_r_reg/QN (SDFFNSRHX1M)                  0.95     136.59 r
  TX_CLK_GEN/U34/Y (INVXLM)                               0.51     137.10 f
  TX_CLK_GEN/U36/Y (INVX2M)                               0.67     137.77 r
  TX_CLK_GEN/test_so2 (ClkDiv_WIDTH8_test_1_test_1_test_1)
                                                          0.00     137.77 r
  UART_UNIT/test_si2 (UART_DATA_WIDTH8_test_1_test_1_test_1)
                                                          0.00     137.77 r
  UART_UNIT/UART_RX_UNIT/test_si3 (UART_RX_DATA_WIDTH8_test_1_test_1_test_1)
                                                          0.00     137.77 r
  UART_UNIT/UART_RX_UNIT/u_Data_Sampling/test_si2 (Data_Sampling_DATA_WIDTH8_test_1_test_1_test_1)
                                                          0.00     137.77 r
  UART_UNIT/UART_RX_UNIT/u_Data_Sampling/Data_Sampled_reg_reg[0]/SI (SDFFRQX2M)
                                                          0.00     137.77 r
  data arrival time                                                137.77

  clock RX_CLK (rise edge)                                0.00       0.00
  clock network delay (ideal)                             0.00       0.00
  clock uncertainty                                       0.10       0.10
  UART_UNIT/UART_RX_UNIT/u_Data_Sampling/Data_Sampled_reg_reg[0]/CK (SDFFRQX2M)
                                                          0.00       0.10 r
  library hold time                                      -0.26      -0.16
  data required time                                                -0.16
  --------------------------------------------------------------------------
  data required time                                                -0.16
  data arrival time                                               -137.77
  --------------------------------------------------------------------------
  slack (MET)                                                      137.93


  Startpoint: UART_UNIT/UART_RX_UNIT/u_edge_bit_counter/edge_cnt_reg[5]
              (rising edge-triggered flip-flop clocked by RX_CLK)
  Endpoint: UART_UNIT/UART_TX_UNIT/u_fsm/Current_State_reg[0]
            (rising edge-triggered flip-flop clocked by TX_CLK)
  Path Group: TX_CLK
  Path Type: min

  Des/Clust/Port     Wire Load Model       Library
  ------------------------------------------------
  SYS_TOP            tsmc13_wl30           scmetro_tsmc_cl013g_rvt_ss_1p08v_125c

  Point                                                   Incr       Path
  --------------------------------------------------------------------------
  clock RX_CLK (rise edge)                             8681.50    8681.50
  clock network delay (ideal)                             0.00    8681.50
  UART_UNIT/UART_RX_UNIT/u_edge_bit_counter/edge_cnt_reg[5]/CK (SDFFRQX2M)
                                                          0.00    8681.50 r
  UART_UNIT/UART_RX_UNIT/u_edge_bit_counter/edge_cnt_reg[5]/Q (SDFFRQX2M)
                                                          0.67    8682.17 r
  UART_UNIT/UART_RX_UNIT/u_edge_bit_counter/test_so (edge_bit_counter_DATA_WIDTH8_test_1_test_1_test_1)
                                                          0.00    8682.17 r
  UART_UNIT/UART_RX_UNIT/test_so2 (UART_RX_DATA_WIDTH8_test_1_test_1_test_1)
                                                          0.00    8682.17 r
  UART_UNIT/UART_TX_UNIT/test_si1 (UART_TX_WIDTH8_test_1_test_1_test_1)
                                                          0.00    8682.17 r
  UART_UNIT/UART_TX_UNIT/u_fsm/test_si1 (FSM_test_1_test_1_test_1)
                                                          0.00    8682.17 r
  UART_UNIT/UART_TX_UNIT/u_fsm/Current_State_reg[0]/SI (SDFFRQX4M)
                                                          0.00    8682.17 r
  data arrival time                                               8682.17

  clock TX_CLK (rise edge)                             8681.50    8681.50
  clock network delay (ideal)                             0.00    8681.50
  clock uncertainty                                       0.10    8681.60
  UART_UNIT/UART_TX_UNIT/u_fsm/Current_State_reg[0]/CK (SDFFRQX4M)
                                                          0.00    8681.60 r
  library hold time                                      -0.24    8681.35
  data required time                                              8681.35
  --------------------------------------------------------------------------
  data required time                                              8681.35
  data arrival time                                              -8682.17
  --------------------------------------------------------------------------
  slack (MET)                                                        0.81


  Startpoint: FIFO_UNIT/sync_w2r/rq1_wptr_reg[2]
              (rising edge-triggered flip-flop clocked by TX_CLK)
  Endpoint: FIFO_UNIT/sync_w2r/rq1_wptr_reg[3]
            (rising edge-triggered flip-flop clocked by TX_CLK)
  Path Group: TX_CLK
  Path Type: min

  Des/Clust/Port     Wire Load Model       Library
  ------------------------------------------------
  SYS_TOP            tsmc13_wl30           scmetro_tsmc_cl013g_rvt_ss_1p08v_125c

  Point                                                   Incr       Path
  --------------------------------------------------------------------------
  clock TX_CLK (rise edge)                                0.00       0.00
  clock network delay (ideal)                             0.00       0.00
  FIFO_UNIT/sync_w2r/rq1_wptr_reg[2]/CK (SDFFRQX2M)       0.00       0.00 r
  FIFO_UNIT/sync_w2r/rq1_wptr_reg[2]/Q (SDFFRQX2M)        0.71       0.71 f
  FIFO_UNIT/sync_w2r/rq1_wptr_reg[3]/SI (SDFFRQX2M)       0.00       0.71 f
  data arrival time                                                  0.71

  clock TX_CLK (rise edge)                                0.00       0.00
  clock network delay (ideal)                             0.00       0.00
  clock uncertainty                                       0.10       0.10
  FIFO_UNIT/sync_w2r/rq1_wptr_reg[3]/CK (SDFFRQX2M)       0.00       0.10 r
  library hold time                                      -0.37      -0.27
  data required time                                                -0.27
  --------------------------------------------------------------------------
  data required time                                                -0.27
  data arrival time                                                 -0.71
  --------------------------------------------------------------------------
  slack (MET)                                                        0.98


  Startpoint: FIFO_UNIT/sync_w2r/rq1_wptr_reg[1]
              (rising edge-triggered flip-flop clocked by TX_CLK)
  Endpoint: FIFO_UNIT/sync_w2r/rq1_wptr_reg[2]
            (rising edge-triggered flip-flop clocked by TX_CLK)
  Path Group: TX_CLK
  Path Type: min

  Des/Clust/Port     Wire Load Model       Library
  ------------------------------------------------
  SYS_TOP            tsmc13_wl30           scmetro_tsmc_cl013g_rvt_ss_1p08v_125c

  Point                                                   Incr       Path
  --------------------------------------------------------------------------
  clock TX_CLK (rise edge)                                0.00       0.00
  clock network delay (ideal)                             0.00       0.00
  FIFO_UNIT/sync_w2r/rq1_wptr_reg[1]/CK (SDFFRQX2M)       0.00       0.00 r
  FIFO_UNIT/sync_w2r/rq1_wptr_reg[1]/Q (SDFFRQX2M)        0.71       0.71 f
  FIFO_UNIT/sync_w2r/rq1_wptr_reg[2]/SI (SDFFRQX2M)       0.00       0.71 f
  data arrival time                                                  0.71

  clock TX_CLK (rise edge)                                0.00       0.00
  clock network delay (ideal)                             0.00       0.00
  clock uncertainty                                       0.10       0.10
  FIFO_UNIT/sync_w2r/rq1_wptr_reg[2]/CK (SDFFRQX2M)       0.00       0.10 r
  library hold time                                      -0.37      -0.27
  data required time                                                -0.27
  --------------------------------------------------------------------------
  data required time                                                -0.27
  data arrival time                                                 -0.71
  --------------------------------------------------------------------------
  slack (MET)                                                        0.98


  Startpoint: FIFO_UNIT/sync_w2r/rq1_wptr_reg[0]
              (rising edge-triggered flip-flop clocked by TX_CLK)
  Endpoint: FIFO_UNIT/sync_w2r/rq1_wptr_reg[1]
            (rising edge-triggered flip-flop clocked by TX_CLK)
  Path Group: TX_CLK
  Path Type: min

  Des/Clust/Port     Wire Load Model       Library
  ------------------------------------------------
  SYS_TOP            tsmc13_wl30           scmetro_tsmc_cl013g_rvt_ss_1p08v_125c

  Point                                                   Incr       Path
  --------------------------------------------------------------------------
  clock TX_CLK (rise edge)                                0.00       0.00
  clock network delay (ideal)                             0.00       0.00
  FIFO_UNIT/sync_w2r/rq1_wptr_reg[0]/CK (SDFFRQX2M)       0.00       0.00 r
  FIFO_UNIT/sync_w2r/rq1_wptr_reg[0]/Q (SDFFRQX2M)        0.71       0.71 f
  FIFO_UNIT/sync_w2r/rq1_wptr_reg[1]/SI (SDFFRQX2M)       0.00       0.71 f
  data arrival time                                                  0.71

  clock TX_CLK (rise edge)                                0.00       0.00
  clock network delay (ideal)                             0.00       0.00
  clock uncertainty                                       0.10       0.10
  FIFO_UNIT/sync_w2r/rq1_wptr_reg[1]/CK (SDFFRQX2M)       0.00       0.10 r
  library hold time                                      -0.37      -0.27
  data required time                                                -0.27
  --------------------------------------------------------------------------
  data required time                                                -0.27
  data arrival time                                                 -0.71
  --------------------------------------------------------------------------
  slack (MET)                                                        0.98


  Startpoint: FIFO_UNIT/sync_w2r/rq1_wptr_reg[3]
              (rising edge-triggered flip-flop clocked by TX_CLK)
  Endpoint: FIFO_UNIT/sync_w2r/rq2_wptr_reg[0]
            (rising edge-triggered flip-flop clocked by TX_CLK)
  Path Group: TX_CLK
  Path Type: min

  Des/Clust/Port     Wire Load Model       Library
  ------------------------------------------------
  SYS_TOP            tsmc13_wl30           scmetro_tsmc_cl013g_rvt_ss_1p08v_125c

  Point                                                   Incr       Path
  --------------------------------------------------------------------------
  clock TX_CLK (rise edge)                                0.00       0.00
  clock network delay (ideal)                             0.00       0.00
  FIFO_UNIT/sync_w2r/rq1_wptr_reg[3]/CK (SDFFRQX2M)       0.00       0.00 r
  FIFO_UNIT/sync_w2r/rq1_wptr_reg[3]/Q (SDFFRQX2M)        0.71       0.71 f
  FIFO_UNIT/sync_w2r/rq2_wptr_reg[0]/SI (SDFFRQX2M)       0.00       0.71 f
  data arrival time                                                  0.71

  clock TX_CLK (rise edge)                                0.00       0.00
  clock network delay (ideal)                             0.00       0.00
  clock uncertainty                                       0.10       0.10
  FIFO_UNIT/sync_w2r/rq2_wptr_reg[0]/CK (SDFFRQX2M)       0.00       0.10 r
  library hold time                                      -0.37      -0.27
  data required time                                                -0.27
  --------------------------------------------------------------------------
  data required time                                                -0.27
  data arrival time                                                 -0.71
  --------------------------------------------------------------------------
  slack (MET)                                                        0.98


  Startpoint: UART_UNIT/UART_TX_UNIT/u_fsm/Current_State_reg[2]
              (rising edge-triggered flip-flop clocked by TX_CLK)
  Endpoint: UART_UNIT/UART_TX_UNIT/u_fsm/busy_reg
            (rising edge-triggered flip-flop clocked by TX_CLK)
  Path Group: TX_CLK
  Path Type: min

  Des/Clust/Port     Wire Load Model       Library
  ------------------------------------------------
  SYS_TOP            tsmc13_wl30           scmetro_tsmc_cl013g_rvt_ss_1p08v_125c

  Point                                                   Incr       Path
  --------------------------------------------------------------------------
  clock TX_CLK (rise edge)                                0.00       0.00
  clock network delay (ideal)                             0.00       0.00
  UART_UNIT/UART_TX_UNIT/u_fsm/Current_State_reg[2]/CK (SDFFRQX2M)
                                                          0.00       0.00 r
  UART_UNIT/UART_TX_UNIT/u_fsm/Current_State_reg[2]/Q (SDFFRQX2M)
                                                          0.72       0.72 f
  UART_UNIT/UART_TX_UNIT/u_fsm/busy_reg/SI (SDFFRQX4M)
                                                          0.00       0.72 f
  data arrival time                                                  0.72

  clock TX_CLK (rise edge)                                0.00       0.00
  clock network delay (ideal)                             0.00       0.00
  clock uncertainty                                       0.10       0.10
  UART_UNIT/UART_TX_UNIT/u_fsm/busy_reg/CK (SDFFRQX4M)
                                                          0.00       0.10 r
  library hold time                                      -0.36      -0.26
  data required time                                                -0.26
  --------------------------------------------------------------------------
  data required time                                                -0.26
  data arrival time                                                 -0.72
  --------------------------------------------------------------------------
  slack (MET)                                                        0.98


  Startpoint: UART_UNIT/UART_TX_UNIT/u_fsm/busy_reg
              (rising edge-triggered flip-flop clocked by TX_CLK)
  Endpoint: UART_UNIT/UART_TX_UNIT/u_parity/DATA_V_reg[0]
            (rising edge-triggered flip-flop clocked by TX_CLK)
  Path Group: TX_CLK
  Path Type: min

  Des/Clust/Port     Wire Load Model       Library
  ------------------------------------------------
  SYS_TOP            tsmc13_wl30           scmetro_tsmc_cl013g_rvt_ss_1p08v_125c

  Point                                                   Incr       Path
  --------------------------------------------------------------------------
  clock TX_CLK (rise edge)                                0.00       0.00
  clock network delay (ideal)                             0.00       0.00
  UART_UNIT/UART_TX_UNIT/u_fsm/busy_reg/CK (SDFFRQX4M)
                                                          0.00       0.00 r
  UART_UNIT/UART_TX_UNIT/u_fsm/busy_reg/Q (SDFFRQX4M)     0.85       0.85 r
  UART_UNIT/UART_TX_UNIT/u_fsm/busy (FSM_test_1_test_1_test_1)
                                                          0.00       0.85 r
  UART_UNIT/UART_TX_UNIT/u_parity/Busy (Parity_Calc_WIDTH8_test_1_test_1_test_1)
                                                          0.00       0.85 r
  UART_UNIT/UART_TX_UNIT/u_parity/DATA_V_reg[0]/SI (SDFFRQX2M)
                                                          0.00       0.85 r
  data arrival time                                                  0.85

  clock TX_CLK (rise edge)                                0.00       0.00
  clock network delay (ideal)                             0.00       0.00
  clock uncertainty                                       0.10       0.10
  UART_UNIT/UART_TX_UNIT/u_parity/DATA_V_reg[0]/CK (SDFFRQX2M)
                                                          0.00       0.10 r
  library hold time                                      -0.26      -0.16
  data required time                                                -0.16
  --------------------------------------------------------------------------
  data required time                                                -0.16
  data arrival time                                                 -0.85
  --------------------------------------------------------------------------
  slack (MET)                                                        1.02


  Startpoint: UART_UNIT/UART_TX_UNIT/u_fsm/Current_State_reg[0]
              (rising edge-triggered flip-flop clocked by TX_CLK)
  Endpoint: UART_UNIT/UART_TX_UNIT/u_fsm/Current_State_reg[1]
            (rising edge-triggered flip-flop clocked by TX_CLK)
  Path Group: TX_CLK
  Path Type: min

  Des/Clust/Port     Wire Load Model       Library
  ------------------------------------------------
  SYS_TOP            tsmc13_wl30           scmetro_tsmc_cl013g_rvt_ss_1p08v_125c

  Point                                                   Incr       Path
  --------------------------------------------------------------------------
  clock TX_CLK (rise edge)                                0.00       0.00
  clock network delay (ideal)                             0.00       0.00
  UART_UNIT/UART_TX_UNIT/u_fsm/Current_State_reg[0]/CK (SDFFRQX4M)
                                                          0.00       0.00 r
  UART_UNIT/UART_TX_UNIT/u_fsm/Current_State_reg[0]/Q (SDFFRQX4M)
                                                          0.86       0.86 r
  UART_UNIT/UART_TX_UNIT/u_fsm/Current_State_reg[1]/SI (SDFFRQX2M)
                                                          0.00       0.86 r
  data arrival time                                                  0.86

  clock TX_CLK (rise edge)                                0.00       0.00
  clock network delay (ideal)                             0.00       0.00
  clock uncertainty                                       0.10       0.10
  UART_UNIT/UART_TX_UNIT/u_fsm/Current_State_reg[1]/CK (SDFFRQX2M)
                                                          0.00       0.10 r
  library hold time                                      -0.26      -0.16
  data required time                                                -0.16
  --------------------------------------------------------------------------
  data required time                                                -0.16
  data arrival time                                                 -0.86
  --------------------------------------------------------------------------
  slack (MET)                                                        1.03


  Startpoint: FIFO_UNIT/rptr_empty/rptr_reg[2]
              (rising edge-triggered flip-flop clocked by TX_CLK)
  Endpoint: FIFO_UNIT/rptr_empty/rptr_reg[3]
            (rising edge-triggered flip-flop clocked by TX_CLK)
  Path Group: TX_CLK
  Path Type: min

  Des/Clust/Port     Wire Load Model       Library
  ------------------------------------------------
  SYS_TOP            tsmc13_wl30           scmetro_tsmc_cl013g_rvt_ss_1p08v_125c

  Point                                                   Incr       Path
  --------------------------------------------------------------------------
  clock TX_CLK (rise edge)                                0.00       0.00
  clock network delay (ideal)                             0.00       0.00
  FIFO_UNIT/rptr_empty/rptr_reg[2]/CK (SDFFRQX2M)         0.00       0.00 r
  FIFO_UNIT/rptr_empty/rptr_reg[2]/Q (SDFFRQX2M)          0.79       0.79 f
  FIFO_UNIT/rptr_empty/rptr_reg[3]/SI (SDFFRQX2M)         0.00       0.79 f
  data arrival time                                                  0.79

  clock TX_CLK (rise edge)                                0.00       0.00
  clock network delay (ideal)                             0.00       0.00
  clock uncertainty                                       0.10       0.10
  FIFO_UNIT/rptr_empty/rptr_reg[3]/CK (SDFFRQX2M)         0.00       0.10 r
  library hold time                                      -0.39      -0.29
  data required time                                                -0.29
  --------------------------------------------------------------------------
  data required time                                                -0.29
  data arrival time                                                 -0.79
  --------------------------------------------------------------------------
  slack (MET)                                                        1.08


  Startpoint: FIFO_UNIT/rptr_empty/rptr_reg[1]
              (rising edge-triggered flip-flop clocked by TX_CLK)
  Endpoint: FIFO_UNIT/rptr_empty/rptr_reg[2]
            (rising edge-triggered flip-flop clocked by TX_CLK)
  Path Group: TX_CLK
  Path Type: min

  Des/Clust/Port     Wire Load Model       Library
  ------------------------------------------------
  SYS_TOP            tsmc13_wl30           scmetro_tsmc_cl013g_rvt_ss_1p08v_125c

  Point                                                   Incr       Path
  --------------------------------------------------------------------------
  clock TX_CLK (rise edge)                                0.00       0.00
  clock network delay (ideal)                             0.00       0.00
  FIFO_UNIT/rptr_empty/rptr_reg[1]/CK (SDFFRQX2M)         0.00       0.00 r
  FIFO_UNIT/rptr_empty/rptr_reg[1]/Q (SDFFRQX2M)          0.79       0.79 f
  FIFO_UNIT/rptr_empty/rptr_reg[2]/SI (SDFFRQX2M)         0.00       0.79 f
  data arrival time                                                  0.79

  clock TX_CLK (rise edge)                                0.00       0.00
  clock network delay (ideal)                             0.00       0.00
  clock uncertainty                                       0.10       0.10
  FIFO_UNIT/rptr_empty/rptr_reg[2]/CK (SDFFRQX2M)         0.00       0.10 r
  library hold time                                      -0.39      -0.29
  data required time                                                -0.29
  --------------------------------------------------------------------------
  data required time                                                -0.29
  data arrival time                                                 -0.79
  --------------------------------------------------------------------------
  slack (MET)                                                        1.08


  Startpoint: FIFO_UNIT/rptr_empty/rptr_reg[0]
              (rising edge-triggered flip-flop clocked by TX_CLK)
  Endpoint: FIFO_UNIT/rptr_empty/rptr_reg[1]
            (rising edge-triggered flip-flop clocked by TX_CLK)
  Path Group: TX_CLK
  Path Type: min

  Des/Clust/Port     Wire Load Model       Library
  ------------------------------------------------
  SYS_TOP            tsmc13_wl30           scmetro_tsmc_cl013g_rvt_ss_1p08v_125c

  Point                                                   Incr       Path
  --------------------------------------------------------------------------
  clock TX_CLK (rise edge)                                0.00       0.00
  clock network delay (ideal)                             0.00       0.00
  FIFO_UNIT/rptr_empty/rptr_reg[0]/CK (SDFFRQX2M)         0.00       0.00 r
  FIFO_UNIT/rptr_empty/rptr_reg[0]/Q (SDFFRQX2M)          0.79       0.79 f
  FIFO_UNIT/rptr_empty/rptr_reg[1]/SI (SDFFRQX2M)         0.00       0.79 f
  data arrival time                                                  0.79

  clock TX_CLK (rise edge)                                0.00       0.00
  clock network delay (ideal)                             0.00       0.00
  clock uncertainty                                       0.10       0.10
  FIFO_UNIT/rptr_empty/rptr_reg[1]/CK (SDFFRQX2M)         0.00       0.10 r
  library hold time                                      -0.39      -0.29
  data required time                                                -0.29
  --------------------------------------------------------------------------
  data required time                                                -0.29
  data arrival time                                                 -0.79
  --------------------------------------------------------------------------
  slack (MET)                                                        1.08


  Startpoint: FIFO_UNIT/rptr_empty/rbin_reg[0]
              (rising edge-triggered flip-flop clocked by TX_CLK)
  Endpoint: FIFO_UNIT/rptr_empty/rbin_reg[1]
            (rising edge-triggered flip-flop clocked by TX_CLK)
  Path Group: TX_CLK
  Path Type: min

  Des/Clust/Port     Wire Load Model       Library
  ------------------------------------------------
  SYS_TOP            tsmc13_wl30           scmetro_tsmc_cl013g_rvt_ss_1p08v_125c

  Point                                                   Incr       Path
  --------------------------------------------------------------------------
  clock TX_CLK (rise edge)                                0.00       0.00
  clock network delay (ideal)                             0.00       0.00
  FIFO_UNIT/rptr_empty/rbin_reg[0]/CK (SDFFRQX2M)         0.00       0.00 r
  FIFO_UNIT/rptr_empty/rbin_reg[0]/Q (SDFFRQX2M)          0.80       0.80 f
  FIFO_UNIT/rptr_empty/rbin_reg[1]/SI (SDFFRQX4M)         0.00       0.80 f
  data arrival time                                                  0.80

  clock TX_CLK (rise edge)                                0.00       0.00
  clock network delay (ideal)                             0.00       0.00
  clock uncertainty                                       0.10       0.10
  FIFO_UNIT/rptr_empty/rbin_reg[1]/CK (SDFFRQX4M)         0.00       0.10 r
  library hold time                                      -0.39      -0.29
  data required time                                                -0.29
  --------------------------------------------------------------------------
  data required time                                                -0.29
  data arrival time                                                 -0.80
  --------------------------------------------------------------------------
  slack (MET)                                                        1.08


  Startpoint: FIFO_UNIT/sync_w2r/rq2_wptr_reg[2]
              (rising edge-triggered flip-flop clocked by TX_CLK)
  Endpoint: FIFO_UNIT/sync_w2r/rq2_wptr_reg[3]
            (rising edge-triggered flip-flop clocked by TX_CLK)
  Path Group: TX_CLK
  Path Type: min

  Des/Clust/Port     Wire Load Model       Library
  ------------------------------------------------
  SYS_TOP            tsmc13_wl30           scmetro_tsmc_cl013g_rvt_ss_1p08v_125c

  Point                                                   Incr       Path
  --------------------------------------------------------------------------
  clock TX_CLK (rise edge)                                0.00       0.00
  clock network delay (ideal)                             0.00       0.00
  FIFO_UNIT/sync_w2r/rq2_wptr_reg[2]/CK (SDFFRQX2M)       0.00       0.00 r
  FIFO_UNIT/sync_w2r/rq2_wptr_reg[2]/Q (SDFFRQX2M)        0.79       0.79 f
  FIFO_UNIT/sync_w2r/rq2_wptr_reg[3]/SI (SDFFRQX2M)       0.00       0.79 f
  data arrival time                                                  0.79

  clock TX_CLK (rise edge)                                0.00       0.00
  clock network delay (ideal)                             0.00       0.00
  clock uncertainty                                       0.10       0.10
  FIFO_UNIT/sync_w2r/rq2_wptr_reg[3]/CK (SDFFRQX2M)       0.00       0.10 r
  library hold time                                      -0.39      -0.29
  data required time                                                -0.29
  --------------------------------------------------------------------------
  data required time                                                -0.29
  data arrival time                                                 -0.79
  --------------------------------------------------------------------------
  slack (MET)                                                        1.09


  Startpoint: FIFO_UNIT/sync_w2r/rq2_wptr_reg[0]
              (rising edge-triggered flip-flop clocked by TX_CLK)
  Endpoint: FIFO_UNIT/sync_w2r/rq2_wptr_reg[1]
            (rising edge-triggered flip-flop clocked by TX_CLK)
  Path Group: TX_CLK
  Path Type: min

  Des/Clust/Port     Wire Load Model       Library
  ------------------------------------------------
  SYS_TOP            tsmc13_wl30           scmetro_tsmc_cl013g_rvt_ss_1p08v_125c

  Point                                                   Incr       Path
  --------------------------------------------------------------------------
  clock TX_CLK (rise edge)                                0.00       0.00
  clock network delay (ideal)                             0.00       0.00
  FIFO_UNIT/sync_w2r/rq2_wptr_reg[0]/CK (SDFFRQX2M)       0.00       0.00 r
  FIFO_UNIT/sync_w2r/rq2_wptr_reg[0]/Q (SDFFRQX2M)        0.80       0.80 f
  FIFO_UNIT/sync_w2r/rq2_wptr_reg[1]/SI (SDFFRQX2M)       0.00       0.80 f
  data arrival time                                                  0.80

  clock TX_CLK (rise edge)                                0.00       0.00
  clock network delay (ideal)                             0.00       0.00
  clock uncertainty                                       0.10       0.10
  FIFO_UNIT/sync_w2r/rq2_wptr_reg[1]/CK (SDFFRQX2M)       0.00       0.10 r
  library hold time                                      -0.39      -0.29
  data required time                                                -0.29
  --------------------------------------------------------------------------
  data required time                                                -0.29
  data arrival time                                                 -0.80
  --------------------------------------------------------------------------
  slack (MET)                                                        1.09


  Startpoint: FIFO_UNIT/sync_w2r/rq2_wptr_reg[1]
              (rising edge-triggered flip-flop clocked by TX_CLK)
  Endpoint: FIFO_UNIT/sync_w2r/rq2_wptr_reg[2]
            (rising edge-triggered flip-flop clocked by TX_CLK)
  Path Group: TX_CLK
  Path Type: min

  Des/Clust/Port     Wire Load Model       Library
  ------------------------------------------------
  SYS_TOP            tsmc13_wl30           scmetro_tsmc_cl013g_rvt_ss_1p08v_125c

  Point                                                   Incr       Path
  --------------------------------------------------------------------------
  clock TX_CLK (rise edge)                                0.00       0.00
  clock network delay (ideal)                             0.00       0.00
  FIFO_UNIT/sync_w2r/rq2_wptr_reg[1]/CK (SDFFRQX2M)       0.00       0.00 r
  FIFO_UNIT/sync_w2r/rq2_wptr_reg[1]/Q (SDFFRQX2M)        0.80       0.80 f
  FIFO_UNIT/sync_w2r/rq2_wptr_reg[2]/SI (SDFFRQX2M)       0.00       0.80 f
  data arrival time                                                  0.80

  clock TX_CLK (rise edge)                                0.00       0.00
  clock network delay (ideal)                             0.00       0.00
  clock uncertainty                                       0.10       0.10
  FIFO_UNIT/sync_w2r/rq2_wptr_reg[2]/CK (SDFFRQX2M)       0.00       0.10 r
  library hold time                                      -0.39      -0.29
  data required time                                                -0.29
  --------------------------------------------------------------------------
  data required time                                                -0.29
  data arrival time                                                 -0.80
  --------------------------------------------------------------------------
  slack (MET)                                                        1.09


  Startpoint: UART_UNIT/UART_TX_UNIT/u_fsm/Current_State_reg[1]
              (rising edge-triggered flip-flop clocked by TX_CLK)
  Endpoint: UART_UNIT/UART_TX_UNIT/u_fsm/Current_State_reg[2]
            (rising edge-triggered flip-flop clocked by TX_CLK)
  Path Group: TX_CLK
  Path Type: min

  Des/Clust/Port     Wire Load Model       Library
  ------------------------------------------------
  SYS_TOP            tsmc13_wl30           scmetro_tsmc_cl013g_rvt_ss_1p08v_125c

  Point                                                   Incr       Path
  --------------------------------------------------------------------------
  clock TX_CLK (rise edge)                                0.00       0.00
  clock network delay (ideal)                             0.00       0.00
  UART_UNIT/UART_TX_UNIT/u_fsm/Current_State_reg[1]/CK (SDFFRQX2M)
                                                          0.00       0.00 r
  UART_UNIT/UART_TX_UNIT/u_fsm/Current_State_reg[1]/Q (SDFFRQX2M)
                                                          0.80       0.80 f
  UART_UNIT/UART_TX_UNIT/u_fsm/Current_State_reg[2]/SI (SDFFRQX2M)
                                                          0.00       0.80 f
  data arrival time                                                  0.80

  clock TX_CLK (rise edge)                                0.00       0.00
  clock network delay (ideal)                             0.00       0.00
  clock uncertainty                                       0.10       0.10
  UART_UNIT/UART_TX_UNIT/u_fsm/Current_State_reg[2]/CK (SDFFRQX2M)
                                                          0.00       0.10 r
  library hold time                                      -0.39      -0.29
  data required time                                                -0.29
  --------------------------------------------------------------------------
  data required time                                                -0.29
  data arrival time                                                 -0.80
  --------------------------------------------------------------------------
  slack (MET)                                                        1.09


  Startpoint: UART_UNIT/UART_TX_UNIT/u_serializer/ser_count_reg[0]
              (rising edge-triggered flip-flop clocked by TX_CLK)
  Endpoint: UART_UNIT/UART_TX_UNIT/u_serializer/ser_count_reg[1]
            (rising edge-triggered flip-flop clocked by TX_CLK)
  Path Group: TX_CLK
  Path Type: min

  Des/Clust/Port     Wire Load Model       Library
  ------------------------------------------------
  SYS_TOP            tsmc13_wl30           scmetro_tsmc_cl013g_rvt_ss_1p08v_125c

  Point                                                   Incr       Path
  --------------------------------------------------------------------------
  clock TX_CLK (rise edge)                                0.00       0.00
  clock network delay (ideal)                             0.00       0.00
  UART_UNIT/UART_TX_UNIT/u_serializer/ser_count_reg[0]/CK (SDFFRQX2M)
                                                          0.00       0.00 r
  UART_UNIT/UART_TX_UNIT/u_serializer/ser_count_reg[0]/Q (SDFFRQX2M)
                                                          0.80       0.80 f
  UART_UNIT/UART_TX_UNIT/u_serializer/ser_count_reg[1]/SI (SDFFRQX2M)
                                                          0.00       0.80 f
  data arrival time                                                  0.80

  clock TX_CLK (rise edge)                                0.00       0.00
  clock network delay (ideal)                             0.00       0.00
  clock uncertainty                                       0.10       0.10
  UART_UNIT/UART_TX_UNIT/u_serializer/ser_count_reg[1]/CK (SDFFRQX2M)
                                                          0.00       0.10 r
  library hold time                                      -0.39      -0.29
  data required time                                                -0.29
  --------------------------------------------------------------------------
  data required time                                                -0.29
  data arrival time                                                 -0.80
  --------------------------------------------------------------------------
  slack (MET)                                                        1.09


  Startpoint: UART_UNIT/UART_TX_UNIT/u_serializer/ser_count_reg[1]
              (rising edge-triggered flip-flop clocked by TX_CLK)
  Endpoint: UART_UNIT/UART_TX_UNIT/u_serializer/ser_count_reg[2]
            (rising edge-triggered flip-flop clocked by TX_CLK)
  Path Group: TX_CLK
  Path Type: min

  Des/Clust/Port     Wire Load Model       Library
  ------------------------------------------------
  SYS_TOP            tsmc13_wl30           scmetro_tsmc_cl013g_rvt_ss_1p08v_125c

  Point                                                   Incr       Path
  --------------------------------------------------------------------------
  clock TX_CLK (rise edge)                                0.00       0.00
  clock network delay (ideal)                             0.00       0.00
  UART_UNIT/UART_TX_UNIT/u_serializer/ser_count_reg[1]/CK (SDFFRQX2M)
                                                          0.00       0.00 r
  UART_UNIT/UART_TX_UNIT/u_serializer/ser_count_reg[1]/Q (SDFFRQX2M)
                                                          0.80       0.80 f
  UART_UNIT/UART_TX_UNIT/u_serializer/ser_count_reg[2]/SI (SDFFRQX2M)
                                                          0.00       0.80 f
  data arrival time                                                  0.80

  clock TX_CLK (rise edge)                                0.00       0.00
  clock network delay (ideal)                             0.00       0.00
  clock uncertainty                                       0.10       0.10
  UART_UNIT/UART_TX_UNIT/u_serializer/ser_count_reg[2]/CK (SDFFRQX2M)
                                                          0.00       0.10 r
  library hold time                                      -0.39      -0.29
  data required time                                                -0.29
  --------------------------------------------------------------------------
  data required time                                                -0.29
  data arrival time                                                 -0.80
  --------------------------------------------------------------------------
  slack (MET)                                                        1.10


  Startpoint: FIFO_UNIT/rptr_empty/rbin_reg[1]
              (rising edge-triggered flip-flop clocked by TX_CLK)
  Endpoint: FIFO_UNIT/rptr_empty/rbin_reg[2]
            (rising edge-triggered flip-flop clocked by TX_CLK)
  Path Group: TX_CLK
  Path Type: min

  Des/Clust/Port     Wire Load Model       Library
  ------------------------------------------------
  SYS_TOP            tsmc13_wl30           scmetro_tsmc_cl013g_rvt_ss_1p08v_125c

  Point                                                   Incr       Path
  --------------------------------------------------------------------------
  clock TX_CLK (rise edge)                                0.00       0.00
  clock network delay (ideal)                             0.00       0.00
  FIFO_UNIT/rptr_empty/rbin_reg[1]/CK (SDFFRQX4M)         0.00       0.00 r
  FIFO_UNIT/rptr_empty/rbin_reg[1]/Q (SDFFRQX4M)          0.86       0.86 f
  FIFO_UNIT/rptr_empty/rbin_reg[2]/SI (SDFFRQX4M)         0.00       0.86 f
  data arrival time                                                  0.86

  clock TX_CLK (rise edge)                                0.00       0.00
  clock network delay (ideal)                             0.00       0.00
  clock uncertainty                                       0.10       0.10
  FIFO_UNIT/rptr_empty/rbin_reg[2]/CK (SDFFRQX4M)         0.00       0.10 r
  library hold time                                      -0.39      -0.29
  data required time                                                -0.29
  --------------------------------------------------------------------------
  data required time                                                -0.29
  data arrival time                                                 -0.86
  --------------------------------------------------------------------------
  slack (MET)                                                        1.15


  Startpoint: FIFO_UNIT/rptr_empty/rbin_reg[3]
              (rising edge-triggered flip-flop clocked by TX_CLK)
  Endpoint: FIFO_UNIT/rptr_empty/rempty_reg
            (rising edge-triggered flip-flop clocked by TX_CLK)
  Path Group: TX_CLK
  Path Type: min

  Des/Clust/Port     Wire Load Model       Library
  ------------------------------------------------
  SYS_TOP            tsmc13_wl30           scmetro_tsmc_cl013g_rvt_ss_1p08v_125c

  Point                                                   Incr       Path
  --------------------------------------------------------------------------
  clock TX_CLK (rise edge)                                0.00       0.00
  clock network delay (ideal)                             0.00       0.00
  FIFO_UNIT/rptr_empty/rbin_reg[3]/CK (SDFFRQX2M)         0.00       0.00 r
  FIFO_UNIT/rptr_empty/rbin_reg[3]/Q (SDFFRQX2M)          1.01       1.01 r
  FIFO_UNIT/rptr_empty/rempty_reg/SI (SDFFSX1M)           0.00       1.01 r
  data arrival time                                                  1.01

  clock TX_CLK (rise edge)                                0.00       0.00
  clock network delay (ideal)                             0.00       0.00
  clock uncertainty                                       0.10       0.10
  FIFO_UNIT/rptr_empty/rempty_reg/CK (SDFFSX1M)           0.00       0.10 r
  library hold time                                      -0.25      -0.15
  data required time                                                -0.15
  --------------------------------------------------------------------------
  data required time                                                -0.15
  data arrival time                                                 -1.01
  --------------------------------------------------------------------------
  slack (MET)                                                        1.16


  Startpoint: FIFO_UNIT/rptr_empty/rbin_reg[2]
              (rising edge-triggered flip-flop clocked by TX_CLK)
  Endpoint: FIFO_UNIT/rptr_empty/rbin_reg[3]
            (rising edge-triggered flip-flop clocked by TX_CLK)
  Path Group: TX_CLK
  Path Type: min

  Des/Clust/Port     Wire Load Model       Library
  ------------------------------------------------
  SYS_TOP            tsmc13_wl30           scmetro_tsmc_cl013g_rvt_ss_1p08v_125c

  Point                                                   Incr       Path
  --------------------------------------------------------------------------
  clock TX_CLK (rise edge)                                0.00       0.00
  clock network delay (ideal)                             0.00       0.00
  FIFO_UNIT/rptr_empty/rbin_reg[2]/CK (SDFFRQX4M)         0.00       0.00 r
  FIFO_UNIT/rptr_empty/rbin_reg[2]/Q (SDFFRQX4M)          0.90       0.90 f
  FIFO_UNIT/rptr_empty/rbin_reg[3]/SI (SDFFRQX2M)         0.00       0.90 f
  data arrival time                                                  0.90

  clock TX_CLK (rise edge)                                0.00       0.00
  clock network delay (ideal)                             0.00       0.00
  clock uncertainty                                       0.10       0.10
  FIFO_UNIT/rptr_empty/rbin_reg[3]/CK (SDFFRQX2M)         0.00       0.10 r
  library hold time                                      -0.41      -0.31
  data required time                                                -0.31
  --------------------------------------------------------------------------
  data required time                                                -0.31
  data arrival time                                                 -0.90
  --------------------------------------------------------------------------
  slack (MET)                                                        1.21


  Startpoint: FIFO_UNIT/sync_w2r/rq1_wptr_reg[2]
              (rising edge-triggered flip-flop clocked by TX_CLK)
  Endpoint: FIFO_UNIT/sync_w2r/rq1_wptr_reg[3]
            (rising edge-triggered flip-flop clocked by TX_CLK)
  Path Group: TX_CLK
  Path Type: min

  Des/Clust/Port     Wire Load Model       Library
  ------------------------------------------------
  SYS_TOP            tsmc13_wl30           scmetro_tsmc_cl013g_rvt_ss_1p08v_125c

  Point                                                   Incr       Path
  --------------------------------------------------------------------------
  clock TX_CLK (rise edge)                                0.00       0.00
  clock network delay (ideal)                             0.00       0.00
  FIFO_UNIT/sync_w2r/rq1_wptr_reg[2]/CK (SDFFRQX2M)       0.00       0.00 r
  FIFO_UNIT/sync_w2r/rq1_wptr_reg[2]/Q (SDFFRQX2M)        0.71       0.71 f
  FIFO_UNIT/sync_w2r/U36/Y (CLKMX2X2M)                    0.48       1.20 f
  FIFO_UNIT/sync_w2r/rq1_wptr_reg[3]/D (SDFFRQX2M)        0.00       1.20 f
  data arrival time                                                  1.20

  clock TX_CLK (rise edge)                                0.00       0.00
  clock network delay (ideal)                             0.00       0.00
  clock uncertainty                                       0.10       0.10
  FIFO_UNIT/sync_w2r/rq1_wptr_reg[3]/CK (SDFFRQX2M)       0.00       0.10 r
  library hold time                                      -0.27      -0.17
  data required time                                                -0.17
  --------------------------------------------------------------------------
  data required time                                                -0.17
  data arrival time                                                 -1.20
  --------------------------------------------------------------------------
  slack (MET)                                                        1.37


  Startpoint: FIFO_UNIT/sync_w2r/rq1_wptr_reg[1]
              (rising edge-triggered flip-flop clocked by TX_CLK)
  Endpoint: FIFO_UNIT/sync_w2r/rq1_wptr_reg[2]
            (rising edge-triggered flip-flop clocked by TX_CLK)
  Path Group: TX_CLK
  Path Type: min

  Des/Clust/Port     Wire Load Model       Library
  ------------------------------------------------
  SYS_TOP            tsmc13_wl30           scmetro_tsmc_cl013g_rvt_ss_1p08v_125c

  Point                                                   Incr       Path
  --------------------------------------------------------------------------
  clock TX_CLK (rise edge)                                0.00       0.00
  clock network delay (ideal)                             0.00       0.00
  FIFO_UNIT/sync_w2r/rq1_wptr_reg[1]/CK (SDFFRQX2M)       0.00       0.00 r
  FIFO_UNIT/sync_w2r/rq1_wptr_reg[1]/Q (SDFFRQX2M)        0.71       0.71 f
  FIFO_UNIT/sync_w2r/U34/Y (CLKMX2X2M)                    0.48       1.20 f
  FIFO_UNIT/sync_w2r/rq1_wptr_reg[2]/D (SDFFRQX2M)        0.00       1.20 f
  data arrival time                                                  1.20

  clock TX_CLK (rise edge)                                0.00       0.00
  clock network delay (ideal)                             0.00       0.00
  clock uncertainty                                       0.10       0.10
  FIFO_UNIT/sync_w2r/rq1_wptr_reg[2]/CK (SDFFRQX2M)       0.00       0.10 r
  library hold time                                      -0.27      -0.17
  data required time                                                -0.17
  --------------------------------------------------------------------------
  data required time                                                -0.17
  data arrival time                                                 -1.20
  --------------------------------------------------------------------------
  slack (MET)                                                        1.37


  Startpoint: FIFO_UNIT/sync_w2r/rq1_wptr_reg[0]
              (rising edge-triggered flip-flop clocked by TX_CLK)
  Endpoint: FIFO_UNIT/sync_w2r/rq1_wptr_reg[1]
            (rising edge-triggered flip-flop clocked by TX_CLK)
  Path Group: TX_CLK
  Path Type: min

  Des/Clust/Port     Wire Load Model       Library
  ------------------------------------------------
  SYS_TOP            tsmc13_wl30           scmetro_tsmc_cl013g_rvt_ss_1p08v_125c

  Point                                                   Incr       Path
  --------------------------------------------------------------------------
  clock TX_CLK (rise edge)                                0.00       0.00
  clock network delay (ideal)                             0.00       0.00
  FIFO_UNIT/sync_w2r/rq1_wptr_reg[0]/CK (SDFFRQX2M)       0.00       0.00 r
  FIFO_UNIT/sync_w2r/rq1_wptr_reg[0]/Q (SDFFRQX2M)        0.71       0.71 f
  FIFO_UNIT/sync_w2r/U32/Y (CLKMX2X2M)                    0.48       1.20 f
  FIFO_UNIT/sync_w2r/rq1_wptr_reg[1]/D (SDFFRQX2M)        0.00       1.20 f
  data arrival time                                                  1.20

  clock TX_CLK (rise edge)                                0.00       0.00
  clock network delay (ideal)                             0.00       0.00
  clock uncertainty                                       0.10       0.10
  FIFO_UNIT/sync_w2r/rq1_wptr_reg[1]/CK (SDFFRQX2M)       0.00       0.10 r
  library hold time                                      -0.27      -0.17
  data required time                                                -0.17
  --------------------------------------------------------------------------
  data required time                                                -0.17
  data arrival time                                                 -1.20
  --------------------------------------------------------------------------
  slack (MET)                                                        1.37


  Startpoint: FIFO_UNIT/sync_w2r/rq1_wptr_reg[3]
              (rising edge-triggered flip-flop clocked by TX_CLK)
  Endpoint: FIFO_UNIT/sync_w2r/rq2_wptr_reg[0]
            (rising edge-triggered flip-flop clocked by TX_CLK)
  Path Group: TX_CLK
  Path Type: min

  Des/Clust/Port     Wire Load Model       Library
  ------------------------------------------------
  SYS_TOP            tsmc13_wl30           scmetro_tsmc_cl013g_rvt_ss_1p08v_125c

  Point                                                   Incr       Path
  --------------------------------------------------------------------------
  clock TX_CLK (rise edge)                                0.00       0.00
  clock network delay (ideal)                             0.00       0.00
  FIFO_UNIT/sync_w2r/rq1_wptr_reg[3]/CK (SDFFRQX2M)       0.00       0.00 r
  FIFO_UNIT/sync_w2r/rq1_wptr_reg[3]/Q (SDFFRQX2M)        0.71       0.71 f
  FIFO_UNIT/sync_w2r/U22/Y (CLKMX2X2M)                    0.48       1.20 f
  FIFO_UNIT/sync_w2r/rq2_wptr_reg[0]/D (SDFFRQX2M)        0.00       1.20 f
  data arrival time                                                  1.20

  clock TX_CLK (rise edge)                                0.00       0.00
  clock network delay (ideal)                             0.00       0.00
  clock uncertainty                                       0.10       0.10
  FIFO_UNIT/sync_w2r/rq2_wptr_reg[0]/CK (SDFFRQX2M)       0.00       0.10 r
  library hold time                                      -0.27      -0.17
  data required time                                                -0.17
  --------------------------------------------------------------------------
  data required time                                                -0.17
  data arrival time                                                 -1.20
  --------------------------------------------------------------------------
  slack (MET)                                                        1.37


  Startpoint: UART_UNIT/UART_TX_UNIT/u_fsm/Current_State_reg[2]
              (rising edge-triggered flip-flop clocked by TX_CLK)
  Endpoint: UART_UNIT/UART_TX_UNIT/u_fsm/busy_reg
            (rising edge-triggered flip-flop clocked by TX_CLK)
  Path Group: TX_CLK
  Path Type: min

  Des/Clust/Port     Wire Load Model       Library
  ------------------------------------------------
  SYS_TOP            tsmc13_wl30           scmetro_tsmc_cl013g_rvt_ss_1p08v_125c

  Point                                                   Incr       Path
  --------------------------------------------------------------------------
  clock TX_CLK (rise edge)                                0.00       0.00
  clock network delay (ideal)                             0.00       0.00
  UART_UNIT/UART_TX_UNIT/u_fsm/Current_State_reg[2]/CK (SDFFRQX2M)
                                                          0.00       0.00 r
  UART_UNIT/UART_TX_UNIT/u_fsm/Current_State_reg[2]/Q (SDFFRQX2M)
                                                          0.72       0.72 f
  UART_UNIT/UART_TX_UNIT/u_fsm/U23/Y (CLKMX2X2M)          0.49       1.21 f
  UART_UNIT/UART_TX_UNIT/u_fsm/busy_reg/D (SDFFRQX4M)     0.00       1.21 f
  data arrival time                                                  1.21

  clock TX_CLK (rise edge)                                0.00       0.00
  clock network delay (ideal)                             0.00       0.00
  clock uncertainty                                       0.10       0.10
  UART_UNIT/UART_TX_UNIT/u_fsm/busy_reg/CK (SDFFRQX4M)
                                                          0.00       0.10 r
  library hold time                                      -0.27      -0.17
  data required time                                                -0.17
  --------------------------------------------------------------------------
  data required time                                                -0.17
  data arrival time                                                 -1.21
  --------------------------------------------------------------------------
  slack (MET)                                                        1.38


  Startpoint: UART_UNIT/UART_TX_UNIT/u_fsm/busy_reg
              (rising edge-triggered flip-flop clocked by TX_CLK)
  Endpoint: UART_UNIT/UART_TX_UNIT/u_parity/DATA_V_reg[0]
            (rising edge-triggered flip-flop clocked by TX_CLK)
  Path Group: TX_CLK
  Path Type: min

  Des/Clust/Port     Wire Load Model       Library
  ------------------------------------------------
  SYS_TOP            tsmc13_wl30           scmetro_tsmc_cl013g_rvt_ss_1p08v_125c

  Point                                                   Incr       Path
  --------------------------------------------------------------------------
  clock TX_CLK (rise edge)                                0.00       0.00
  clock network delay (ideal)                             0.00       0.00
  UART_UNIT/UART_TX_UNIT/u_fsm/busy_reg/CK (SDFFRQX4M)
                                                          0.00       0.00 r
  UART_UNIT/UART_TX_UNIT/u_fsm/busy_reg/Q (SDFFRQX4M)     0.76       0.76 f
  UART_UNIT/UART_TX_UNIT/u_fsm/busy (FSM_test_1_test_1_test_1)
                                                          0.00       0.76 f
  UART_UNIT/UART_TX_UNIT/u_parity/Busy (Parity_Calc_WIDTH8_test_1_test_1_test_1)
                                                          0.00       0.76 f
  UART_UNIT/UART_TX_UNIT/u_parity/U46/Y (CLKMX2X2M)       0.49       1.25 f
  UART_UNIT/UART_TX_UNIT/u_parity/DATA_V_reg[0]/D (SDFFRQX2M)
                                                          0.00       1.25 f
  data arrival time                                                  1.25

  clock TX_CLK (rise edge)                                0.00       0.00
  clock network delay (ideal)                             0.00       0.00
  clock uncertainty                                       0.10       0.10
  UART_UNIT/UART_TX_UNIT/u_parity/DATA_V_reg[0]/CK (SDFFRQX2M)
                                                          0.00       0.10 r
  library hold time                                      -0.27      -0.17
  data required time                                                -0.17
  --------------------------------------------------------------------------
  data required time                                                -0.17
  data arrival time                                                 -1.25
  --------------------------------------------------------------------------
  slack (MET)                                                        1.42


  Startpoint: UART_UNIT/UART_TX_UNIT/u_fsm/Current_State_reg[0]
              (rising edge-triggered flip-flop clocked by TX_CLK)
  Endpoint: UART_UNIT/UART_TX_UNIT/u_fsm/Current_State_reg[1]
            (rising edge-triggered flip-flop clocked by TX_CLK)
  Path Group: TX_CLK
  Path Type: min

  Des/Clust/Port     Wire Load Model       Library
  ------------------------------------------------
  SYS_TOP            tsmc13_wl30           scmetro_tsmc_cl013g_rvt_ss_1p08v_125c

  Point                                                   Incr       Path
  --------------------------------------------------------------------------
  clock TX_CLK (rise edge)                                0.00       0.00
  clock network delay (ideal)                             0.00       0.00
  UART_UNIT/UART_TX_UNIT/u_fsm/Current_State_reg[0]/CK (SDFFRQX4M)
                                                          0.00       0.00 r
  UART_UNIT/UART_TX_UNIT/u_fsm/Current_State_reg[0]/Q (SDFFRQX4M)
                                                          0.77       0.77 f
  UART_UNIT/UART_TX_UNIT/u_fsm/U25/Y (CLKMX2X2M)          0.49       1.26 f
  UART_UNIT/UART_TX_UNIT/u_fsm/Current_State_reg[1]/D (SDFFRQX2M)
                                                          0.00       1.26 f
  data arrival time                                                  1.26

  clock TX_CLK (rise edge)                                0.00       0.00
  clock network delay (ideal)                             0.00       0.00
  clock uncertainty                                       0.10       0.10
  UART_UNIT/UART_TX_UNIT/u_fsm/Current_State_reg[1]/CK (SDFFRQX2M)
                                                          0.00       0.10 r
  library hold time                                      -0.27      -0.17
  data required time                                                -0.17
  --------------------------------------------------------------------------
  data required time                                                -0.17
  data arrival time                                                 -1.26
  --------------------------------------------------------------------------
  slack (MET)                                                        1.43


  Startpoint: FIFO_UNIT/rptr_empty/rptr_reg[2]
              (rising edge-triggered flip-flop clocked by TX_CLK)
  Endpoint: FIFO_UNIT/rptr_empty/rptr_reg[3]
            (rising edge-triggered flip-flop clocked by TX_CLK)
  Path Group: TX_CLK
  Path Type: min

  Des/Clust/Port     Wire Load Model       Library
  ------------------------------------------------
  SYS_TOP            tsmc13_wl30           scmetro_tsmc_cl013g_rvt_ss_1p08v_125c

  Point                                                   Incr       Path
  --------------------------------------------------------------------------
  clock TX_CLK (rise edge)                                0.00       0.00
  clock network delay (ideal)                             0.00       0.00
  FIFO_UNIT/rptr_empty/rptr_reg[2]/CK (SDFFRQX2M)         0.00       0.00 r
  FIFO_UNIT/rptr_empty/rptr_reg[2]/Q (SDFFRQX2M)          0.79       0.79 f
  FIFO_UNIT/rptr_empty/U53/Y (CLKMX2X2M)                  0.51       1.30 f
  FIFO_UNIT/rptr_empty/rptr_reg[3]/D (SDFFRQX2M)          0.00       1.30 f
  data arrival time                                                  1.30

  clock TX_CLK (rise edge)                                0.00       0.00
  clock network delay (ideal)                             0.00       0.00
  clock uncertainty                                       0.10       0.10
  FIFO_UNIT/rptr_empty/rptr_reg[3]/CK (SDFFRQX2M)         0.00       0.10 r
  library hold time                                      -0.27      -0.17
  data required time                                                -0.17
  --------------------------------------------------------------------------
  data required time                                                -0.17
  data arrival time                                                 -1.30
  --------------------------------------------------------------------------
  slack (MET)                                                        1.47


  Startpoint: FIFO_UNIT/rptr_empty/rptr_reg[1]
              (rising edge-triggered flip-flop clocked by TX_CLK)
  Endpoint: FIFO_UNIT/rptr_empty/rptr_reg[2]
            (rising edge-triggered flip-flop clocked by TX_CLK)
  Path Group: TX_CLK
  Path Type: min

  Des/Clust/Port     Wire Load Model       Library
  ------------------------------------------------
  SYS_TOP            tsmc13_wl30           scmetro_tsmc_cl013g_rvt_ss_1p08v_125c

  Point                                                   Incr       Path
  --------------------------------------------------------------------------
  clock TX_CLK (rise edge)                                0.00       0.00
  clock network delay (ideal)                             0.00       0.00
  FIFO_UNIT/rptr_empty/rptr_reg[1]/CK (SDFFRQX2M)         0.00       0.00 r
  FIFO_UNIT/rptr_empty/rptr_reg[1]/Q (SDFFRQX2M)          0.79       0.79 f
  FIFO_UNIT/rptr_empty/U51/Y (CLKMX2X2M)                  0.51       1.30 f
  FIFO_UNIT/rptr_empty/rptr_reg[2]/D (SDFFRQX2M)          0.00       1.30 f
  data arrival time                                                  1.30

  clock TX_CLK (rise edge)                                0.00       0.00
  clock network delay (ideal)                             0.00       0.00
  clock uncertainty                                       0.10       0.10
  FIFO_UNIT/rptr_empty/rptr_reg[2]/CK (SDFFRQX2M)         0.00       0.10 r
  library hold time                                      -0.27      -0.17
  data required time                                                -0.17
  --------------------------------------------------------------------------
  data required time                                                -0.17
  data arrival time                                                 -1.30
  --------------------------------------------------------------------------
  slack (MET)                                                        1.47


  Startpoint: FIFO_UNIT/rptr_empty/rptr_reg[0]
              (rising edge-triggered flip-flop clocked by TX_CLK)
  Endpoint: FIFO_UNIT/rptr_empty/rptr_reg[1]
            (rising edge-triggered flip-flop clocked by TX_CLK)
  Path Group: TX_CLK
  Path Type: min

  Des/Clust/Port     Wire Load Model       Library
  ------------------------------------------------
  SYS_TOP            tsmc13_wl30           scmetro_tsmc_cl013g_rvt_ss_1p08v_125c

  Point                                                   Incr       Path
  --------------------------------------------------------------------------
  clock TX_CLK (rise edge)                                0.00       0.00
  clock network delay (ideal)                             0.00       0.00
  FIFO_UNIT/rptr_empty/rptr_reg[0]/CK (SDFFRQX2M)         0.00       0.00 r
  FIFO_UNIT/rptr_empty/rptr_reg[0]/Q (SDFFRQX2M)          0.79       0.79 f
  FIFO_UNIT/rptr_empty/U49/Y (CLKMX2X2M)                  0.51       1.30 f
  FIFO_UNIT/rptr_empty/rptr_reg[1]/D (SDFFRQX2M)          0.00       1.30 f
  data arrival time                                                  1.30

  clock TX_CLK (rise edge)                                0.00       0.00
  clock network delay (ideal)                             0.00       0.00
  clock uncertainty                                       0.10       0.10
  FIFO_UNIT/rptr_empty/rptr_reg[1]/CK (SDFFRQX2M)         0.00       0.10 r
  library hold time                                      -0.27      -0.17
  data required time                                                -0.17
  --------------------------------------------------------------------------
  data required time                                                -0.17
  data arrival time                                                 -1.30
  --------------------------------------------------------------------------
  slack (MET)                                                        1.47


  Startpoint: FIFO_UNIT/sync_w2r/rq2_wptr_reg[2]
              (rising edge-triggered flip-flop clocked by TX_CLK)
  Endpoint: FIFO_UNIT/sync_w2r/rq2_wptr_reg[3]
            (rising edge-triggered flip-flop clocked by TX_CLK)
  Path Group: TX_CLK
  Path Type: min

  Des/Clust/Port     Wire Load Model       Library
  ------------------------------------------------
  SYS_TOP            tsmc13_wl30           scmetro_tsmc_cl013g_rvt_ss_1p08v_125c

  Point                                                   Incr       Path
  --------------------------------------------------------------------------
  clock TX_CLK (rise edge)                                0.00       0.00
  clock network delay (ideal)                             0.00       0.00
  FIFO_UNIT/sync_w2r/rq2_wptr_reg[2]/CK (SDFFRQX2M)       0.00       0.00 r
  FIFO_UNIT/sync_w2r/rq2_wptr_reg[2]/Q (SDFFRQX2M)        0.79       0.79 f
  FIFO_UNIT/sync_w2r/U28/Y (CLKMX2X2M)                    0.51       1.31 f
  FIFO_UNIT/sync_w2r/rq2_wptr_reg[3]/D (SDFFRQX2M)        0.00       1.31 f
  data arrival time                                                  1.31

  clock TX_CLK (rise edge)                                0.00       0.00
  clock network delay (ideal)                             0.00       0.00
  clock uncertainty                                       0.10       0.10
  FIFO_UNIT/sync_w2r/rq2_wptr_reg[3]/CK (SDFFRQX2M)       0.00       0.10 r
  library hold time                                      -0.27      -0.17
  data required time                                                -0.17
  --------------------------------------------------------------------------
  data required time                                                -0.17
  data arrival time                                                 -1.31
  --------------------------------------------------------------------------
  slack (MET)                                                        1.48


  Startpoint: FIFO_UNIT/sync_w2r/rq2_wptr_reg[0]
              (rising edge-triggered flip-flop clocked by TX_CLK)
  Endpoint: FIFO_UNIT/sync_w2r/rq2_wptr_reg[1]
            (rising edge-triggered flip-flop clocked by TX_CLK)
  Path Group: TX_CLK
  Path Type: min

  Des/Clust/Port     Wire Load Model       Library
  ------------------------------------------------
  SYS_TOP            tsmc13_wl30           scmetro_tsmc_cl013g_rvt_ss_1p08v_125c

  Point                                                   Incr       Path
  --------------------------------------------------------------------------
  clock TX_CLK (rise edge)                                0.00       0.00
  clock network delay (ideal)                             0.00       0.00
  FIFO_UNIT/sync_w2r/rq2_wptr_reg[0]/CK (SDFFRQX2M)       0.00       0.00 r
  FIFO_UNIT/sync_w2r/rq2_wptr_reg[0]/Q (SDFFRQX2M)        0.80       0.80 f
  FIFO_UNIT/sync_w2r/U24/Y (CLKMX2X2M)                    0.51       1.31 f
  FIFO_UNIT/sync_w2r/rq2_wptr_reg[1]/D (SDFFRQX2M)        0.00       1.31 f
  data arrival time                                                  1.31

  clock TX_CLK (rise edge)                                0.00       0.00
  clock network delay (ideal)                             0.00       0.00
  clock uncertainty                                       0.10       0.10
  FIFO_UNIT/sync_w2r/rq2_wptr_reg[1]/CK (SDFFRQX2M)       0.00       0.10 r
  library hold time                                      -0.27      -0.17
  data required time                                                -0.17
  --------------------------------------------------------------------------
  data required time                                                -0.17
  data arrival time                                                 -1.31
  --------------------------------------------------------------------------
  slack (MET)                                                        1.48


  Startpoint: FIFO_UNIT/sync_w2r/rq2_wptr_reg[1]
              (rising edge-triggered flip-flop clocked by TX_CLK)
  Endpoint: FIFO_UNIT/sync_w2r/rq2_wptr_reg[2]
            (rising edge-triggered flip-flop clocked by TX_CLK)
  Path Group: TX_CLK
  Path Type: min

  Des/Clust/Port     Wire Load Model       Library
  ------------------------------------------------
  SYS_TOP            tsmc13_wl30           scmetro_tsmc_cl013g_rvt_ss_1p08v_125c

  Point                                                   Incr       Path
  --------------------------------------------------------------------------
  clock TX_CLK (rise edge)                                0.00       0.00
  clock network delay (ideal)                             0.00       0.00
  FIFO_UNIT/sync_w2r/rq2_wptr_reg[1]/CK (SDFFRQX2M)       0.00       0.00 r
  FIFO_UNIT/sync_w2r/rq2_wptr_reg[1]/Q (SDFFRQX2M)        0.80       0.80 f
  FIFO_UNIT/sync_w2r/U26/Y (CLKMX2X2M)                    0.51       1.31 f
  FIFO_UNIT/sync_w2r/rq2_wptr_reg[2]/D (SDFFRQX2M)        0.00       1.31 f
  data arrival time                                                  1.31

  clock TX_CLK (rise edge)                                0.00       0.00
  clock network delay (ideal)                             0.00       0.00
  clock uncertainty                                       0.10       0.10
  FIFO_UNIT/sync_w2r/rq2_wptr_reg[2]/CK (SDFFRQX2M)       0.00       0.10 r
  library hold time                                      -0.27      -0.17
  data required time                                                -0.17
  --------------------------------------------------------------------------
  data required time                                                -0.17
  data arrival time                                                 -1.31
  --------------------------------------------------------------------------
  slack (MET)                                                        1.48


  Startpoint: FIFO_UNIT/rptr_empty/rbin_reg[0]
              (rising edge-triggered flip-flop clocked by TX_CLK)
  Endpoint: FIFO_UNIT/rptr_empty/rbin_reg[1]
            (rising edge-triggered flip-flop clocked by TX_CLK)
  Path Group: TX_CLK
  Path Type: min

  Des/Clust/Port     Wire Load Model       Library
  ------------------------------------------------
  SYS_TOP            tsmc13_wl30           scmetro_tsmc_cl013g_rvt_ss_1p08v_125c

  Point                                                   Incr       Path
  --------------------------------------------------------------------------
  clock TX_CLK (rise edge)                                0.00       0.00
  clock network delay (ideal)                             0.00       0.00
  FIFO_UNIT/rptr_empty/rbin_reg[0]/CK (SDFFRQX2M)         0.00       0.00 r
  FIFO_UNIT/rptr_empty/rbin_reg[0]/Q (SDFFRQX2M)          0.80       0.80 f
  FIFO_UNIT/rptr_empty/U39/Y (CLKMX2X2M)                  0.51       1.31 f
  FIFO_UNIT/rptr_empty/rbin_reg[1]/D (SDFFRQX4M)          0.00       1.31 f
  data arrival time                                                  1.31

  clock TX_CLK (rise edge)                                0.00       0.00
  clock network delay (ideal)                             0.00       0.00
  clock uncertainty                                       0.10       0.10
  FIFO_UNIT/rptr_empty/rbin_reg[1]/CK (SDFFRQX4M)         0.00       0.10 r
  library hold time                                      -0.27      -0.17
  data required time                                                -0.17
  --------------------------------------------------------------------------
  data required time                                                -0.17
  data arrival time                                                 -1.31
  --------------------------------------------------------------------------
  slack (MET)                                                        1.48


  Startpoint: UART_UNIT/UART_TX_UNIT/u_fsm/Current_State_reg[1]
              (rising edge-triggered flip-flop clocked by TX_CLK)
  Endpoint: UART_UNIT/UART_TX_UNIT/u_fsm/Current_State_reg[2]
            (rising edge-triggered flip-flop clocked by TX_CLK)
  Path Group: TX_CLK
  Path Type: min

  Des/Clust/Port     Wire Load Model       Library
  ------------------------------------------------
  SYS_TOP            tsmc13_wl30           scmetro_tsmc_cl013g_rvt_ss_1p08v_125c

  Point                                                   Incr       Path
  --------------------------------------------------------------------------
  clock TX_CLK (rise edge)                                0.00       0.00
  clock network delay (ideal)                             0.00       0.00
  UART_UNIT/UART_TX_UNIT/u_fsm/Current_State_reg[1]/CK (SDFFRQX2M)
                                                          0.00       0.00 r
  UART_UNIT/UART_TX_UNIT/u_fsm/Current_State_reg[1]/Q (SDFFRQX2M)
                                                          0.80       0.80 f
  UART_UNIT/UART_TX_UNIT/u_fsm/U29/Y (CLKMX2X2M)          0.51       1.31 f
  UART_UNIT/UART_TX_UNIT/u_fsm/Current_State_reg[2]/D (SDFFRQX2M)
                                                          0.00       1.31 f
  data arrival time                                                  1.31

  clock TX_CLK (rise edge)                                0.00       0.00
  clock network delay (ideal)                             0.00       0.00
  clock uncertainty                                       0.10       0.10
  UART_UNIT/UART_TX_UNIT/u_fsm/Current_State_reg[2]/CK (SDFFRQX2M)
                                                          0.00       0.10 r
  library hold time                                      -0.27      -0.17
  data required time                                                -0.17
  --------------------------------------------------------------------------
  data required time                                                -0.17
  data arrival time                                                 -1.31
  --------------------------------------------------------------------------
  slack (MET)                                                        1.48


  Startpoint: UART_UNIT/UART_TX_UNIT/u_serializer/ser_count_reg[0]
              (rising edge-triggered flip-flop clocked by TX_CLK)
  Endpoint: UART_UNIT/UART_TX_UNIT/u_serializer/ser_count_reg[1]
            (rising edge-triggered flip-flop clocked by TX_CLK)
  Path Group: TX_CLK
  Path Type: min

  Des/Clust/Port     Wire Load Model       Library
  ------------------------------------------------
  SYS_TOP            tsmc13_wl30           scmetro_tsmc_cl013g_rvt_ss_1p08v_125c

  Point                                                   Incr       Path
  --------------------------------------------------------------------------
  clock TX_CLK (rise edge)                                0.00       0.00
  clock network delay (ideal)                             0.00       0.00
  UART_UNIT/UART_TX_UNIT/u_serializer/ser_count_reg[0]/CK (SDFFRQX2M)
                                                          0.00       0.00 r
  UART_UNIT/UART_TX_UNIT/u_serializer/ser_count_reg[0]/Q (SDFFRQX2M)
                                                          0.80       0.80 f
  UART_UNIT/UART_TX_UNIT/u_serializer/U45/Y (CLKMX2X2M)
                                                          0.51       1.32 f
  UART_UNIT/UART_TX_UNIT/u_serializer/ser_count_reg[1]/D (SDFFRQX2M)
                                                          0.00       1.32 f
  data arrival time                                                  1.32

  clock TX_CLK (rise edge)                                0.00       0.00
  clock network delay (ideal)                             0.00       0.00
  clock uncertainty                                       0.10       0.10
  UART_UNIT/UART_TX_UNIT/u_serializer/ser_count_reg[1]/CK (SDFFRQX2M)
                                                          0.00       0.10 r
  library hold time                                      -0.27      -0.17
  data required time                                                -0.17
  --------------------------------------------------------------------------
  data required time                                                -0.17
  data arrival time                                                 -1.32
  --------------------------------------------------------------------------
  slack (MET)                                                        1.49


  Startpoint: UART_UNIT/UART_TX_UNIT/u_serializer/ser_count_reg[1]
              (rising edge-triggered flip-flop clocked by TX_CLK)
  Endpoint: UART_UNIT/UART_TX_UNIT/u_serializer/ser_count_reg[2]
            (rising edge-triggered flip-flop clocked by TX_CLK)
  Path Group: TX_CLK
  Path Type: min

  Des/Clust/Port     Wire Load Model       Library
  ------------------------------------------------
  SYS_TOP            tsmc13_wl30           scmetro_tsmc_cl013g_rvt_ss_1p08v_125c

  Point                                                   Incr       Path
  --------------------------------------------------------------------------
  clock TX_CLK (rise edge)                                0.00       0.00
  clock network delay (ideal)                             0.00       0.00
  UART_UNIT/UART_TX_UNIT/u_serializer/ser_count_reg[1]/CK (SDFFRQX2M)
                                                          0.00       0.00 r
  UART_UNIT/UART_TX_UNIT/u_serializer/ser_count_reg[1]/Q (SDFFRQX2M)
                                                          0.80       0.80 f
  UART_UNIT/UART_TX_UNIT/u_serializer/U41/Y (CLKMX2X2M)
                                                          0.51       1.32 f
  UART_UNIT/UART_TX_UNIT/u_serializer/ser_count_reg[2]/D (SDFFRQX2M)
                                                          0.00       1.32 f
  data arrival time                                                  1.32

  clock TX_CLK (rise edge)                                0.00       0.00
  clock network delay (ideal)                             0.00       0.00
  clock uncertainty                                       0.10       0.10
  UART_UNIT/UART_TX_UNIT/u_serializer/ser_count_reg[2]/CK (SDFFRQX2M)
                                                          0.00       0.10 r
  library hold time                                      -0.27      -0.17
  data required time                                                -0.17
  --------------------------------------------------------------------------
  data required time                                                -0.17
  data arrival time                                                 -1.32
  --------------------------------------------------------------------------
  slack (MET)                                                        1.49


  Startpoint: FIFO_UNIT/rptr_empty/rbin_reg[3]
              (rising edge-triggered flip-flop clocked by TX_CLK)
  Endpoint: FIFO_UNIT/rptr_empty/rempty_reg
            (rising edge-triggered flip-flop clocked by TX_CLK)
  Path Group: TX_CLK
  Path Type: min

  Des/Clust/Port     Wire Load Model       Library
  ------------------------------------------------
  SYS_TOP            tsmc13_wl30           scmetro_tsmc_cl013g_rvt_ss_1p08v_125c

  Point                                                   Incr       Path
  --------------------------------------------------------------------------
  clock TX_CLK (rise edge)                                0.00       0.00
  clock network delay (ideal)                             0.00       0.00
  FIFO_UNIT/rptr_empty/rbin_reg[3]/CK (SDFFRQX2M)         0.00       0.00 r
  FIFO_UNIT/rptr_empty/rbin_reg[3]/Q (SDFFRQX2M)          0.80       0.80 f
  FIFO_UNIT/rptr_empty/U37/Y (CLKMX2X2M)                  0.52       1.32 f
  FIFO_UNIT/rptr_empty/rempty_reg/D (SDFFSX1M)            0.00       1.32 f
  data arrival time                                                  1.32

  clock TX_CLK (rise edge)                                0.00       0.00
  clock network delay (ideal)                             0.00       0.00
  clock uncertainty                                       0.10       0.10
  FIFO_UNIT/rptr_empty/rempty_reg/CK (SDFFSX1M)           0.00       0.10 r
  library hold time                                      -0.33      -0.23
  data required time                                                -0.23
  --------------------------------------------------------------------------
  data required time                                                -0.23
  data arrival time                                                 -1.32
  --------------------------------------------------------------------------
  slack (MET)                                                        1.55


  Startpoint: FIFO_UNIT/rptr_empty/rbin_reg[1]
              (rising edge-triggered flip-flop clocked by TX_CLK)
  Endpoint: FIFO_UNIT/rptr_empty/rbin_reg[2]
            (rising edge-triggered flip-flop clocked by TX_CLK)
  Path Group: TX_CLK
  Path Type: min

  Des/Clust/Port     Wire Load Model       Library
  ------------------------------------------------
  SYS_TOP            tsmc13_wl30           scmetro_tsmc_cl013g_rvt_ss_1p08v_125c

  Point                                                   Incr       Path
  --------------------------------------------------------------------------
  clock TX_CLK (rise edge)                                0.00       0.00
  clock network delay (ideal)                             0.00       0.00
  FIFO_UNIT/rptr_empty/rbin_reg[1]/CK (SDFFRQX4M)         0.00       0.00 r
  FIFO_UNIT/rptr_empty/rbin_reg[1]/Q (SDFFRQX4M)          0.86       0.86 f
  FIFO_UNIT/rptr_empty/U41/Y (CLKMX2X2M)                  0.52       1.38 f
  FIFO_UNIT/rptr_empty/rbin_reg[2]/D (SDFFRQX4M)          0.00       1.38 f
  data arrival time                                                  1.38

  clock TX_CLK (rise edge)                                0.00       0.00
  clock network delay (ideal)                             0.00       0.00
  clock uncertainty                                       0.10       0.10
  FIFO_UNIT/rptr_empty/rbin_reg[2]/CK (SDFFRQX4M)         0.00       0.10 r
  library hold time                                      -0.27      -0.17
  data required time                                                -0.17
  --------------------------------------------------------------------------
  data required time                                                -0.17
  data arrival time                                                 -1.38
  --------------------------------------------------------------------------
  slack (MET)                                                        1.55


  Startpoint: FIFO_UNIT/rptr_empty/rbin_reg[2]
              (rising edge-triggered flip-flop clocked by TX_CLK)
  Endpoint: FIFO_UNIT/rptr_empty/rbin_reg[3]
            (rising edge-triggered flip-flop clocked by TX_CLK)
  Path Group: TX_CLK
  Path Type: min

  Des/Clust/Port     Wire Load Model       Library
  ------------------------------------------------
  SYS_TOP            tsmc13_wl30           scmetro_tsmc_cl013g_rvt_ss_1p08v_125c

  Point                                                   Incr       Path
  --------------------------------------------------------------------------
  clock TX_CLK (rise edge)                                0.00       0.00
  clock network delay (ideal)                             0.00       0.00
  FIFO_UNIT/rptr_empty/rbin_reg[2]/CK (SDFFRQX4M)         0.00       0.00 r
  FIFO_UNIT/rptr_empty/rbin_reg[2]/Q (SDFFRQX4M)          0.90       0.90 f
  FIFO_UNIT/rptr_empty/U45/Y (CLKMX2X2M)                  0.53       1.43 f
  FIFO_UNIT/rptr_empty/rbin_reg[3]/D (SDFFRQX2M)          0.00       1.43 f
  data arrival time                                                  1.43

  clock TX_CLK (rise edge)                                0.00       0.00
  clock network delay (ideal)                             0.00       0.00
  clock uncertainty                                       0.10       0.10
  FIFO_UNIT/rptr_empty/rbin_reg[3]/CK (SDFFRQX2M)         0.00       0.10 r
  library hold time                                      -0.27      -0.17
  data required time                                                -0.17
  --------------------------------------------------------------------------
  data required time                                                -0.17
  data arrival time                                                 -1.43
  --------------------------------------------------------------------------
  slack (MET)                                                        1.60


  Startpoint: UART_UNIT/UART_TX_UNIT/u_parity/DATA_V_reg[2]
              (rising edge-triggered flip-flop clocked by TX_CLK)
  Endpoint: UART_UNIT/UART_TX_UNIT/u_parity/DATA_V_reg[3]
            (rising edge-triggered flip-flop clocked by TX_CLK)
  Path Group: TX_CLK
  Path Type: min

  Des/Clust/Port     Wire Load Model       Library
  ------------------------------------------------
  SYS_TOP            tsmc13_wl30           scmetro_tsmc_cl013g_rvt_ss_1p08v_125c

  Point                                                   Incr       Path
  --------------------------------------------------------------------------
  clock TX_CLK (rise edge)                                0.00       0.00
  clock network delay (ideal)                             0.00       0.00
  UART_UNIT/UART_TX_UNIT/u_parity/DATA_V_reg[2]/CK (SDFFRQX2M)
                                                          0.00       0.00 r
  UART_UNIT/UART_TX_UNIT/u_parity/DATA_V_reg[2]/Q (SDFFRQX2M)
                                                          0.80       0.80 f
  UART_UNIT/UART_TX_UNIT/u_parity/U13/Y (OAI2BB1X2M)      0.44       1.24 f
  UART_UNIT/UART_TX_UNIT/u_parity/U40/Y (CLKMX2X2M)       0.44       1.67 f
  UART_UNIT/UART_TX_UNIT/u_parity/DATA_V_reg[3]/D (SDFFRQX2M)
                                                          0.00       1.67 f
  data arrival time                                                  1.67

  clock TX_CLK (rise edge)                                0.00       0.00
  clock network delay (ideal)                             0.00       0.00
  clock uncertainty                                       0.10       0.10
  UART_UNIT/UART_TX_UNIT/u_parity/DATA_V_reg[3]/CK (SDFFRQX2M)
                                                          0.00       0.10 r
  library hold time                                      -0.27      -0.17
  data required time                                                -0.17
  --------------------------------------------------------------------------
  data required time                                                -0.17
  data arrival time                                                 -1.67
  --------------------------------------------------------------------------
  slack (MET)                                                        1.85


  Startpoint: UART_UNIT/UART_TX_UNIT/u_parity/DATA_V_reg[6]
              (rising edge-triggered flip-flop clocked by TX_CLK)
  Endpoint: UART_UNIT/UART_TX_UNIT/u_parity/DATA_V_reg[7]
            (rising edge-triggered flip-flop clocked by TX_CLK)
  Path Group: TX_CLK
  Path Type: min

  Des/Clust/Port     Wire Load Model       Library
  ------------------------------------------------
  SYS_TOP            tsmc13_wl30           scmetro_tsmc_cl013g_rvt_ss_1p08v_125c

  Point                                                   Incr       Path
  --------------------------------------------------------------------------
  clock TX_CLK (rise edge)                                0.00       0.00
  clock network delay (ideal)                             0.00       0.00
  UART_UNIT/UART_TX_UNIT/u_parity/DATA_V_reg[6]/CK (SDFFRQX2M)
                                                          0.00       0.00 r
  UART_UNIT/UART_TX_UNIT/u_parity/DATA_V_reg[6]/Q (SDFFRQX2M)
                                                          0.80       0.80 f
  UART_UNIT/UART_TX_UNIT/u_parity/U11/Y (OAI2BB1X2M)      0.44       1.24 f
  UART_UNIT/UART_TX_UNIT/u_parity/U38/Y (CLKMX2X2M)       0.44       1.67 f
  UART_UNIT/UART_TX_UNIT/u_parity/DATA_V_reg[7]/D (SDFFRQX2M)
                                                          0.00       1.67 f
  data arrival time                                                  1.67

  clock TX_CLK (rise edge)                                0.00       0.00
  clock network delay (ideal)                             0.00       0.00
  clock uncertainty                                       0.10       0.10
  UART_UNIT/UART_TX_UNIT/u_parity/DATA_V_reg[7]/CK (SDFFRQX2M)
                                                          0.00       0.10 r
  library hold time                                      -0.27      -0.17
  data required time                                                -0.17
  --------------------------------------------------------------------------
  data required time                                                -0.17
  data arrival time                                                 -1.67
  --------------------------------------------------------------------------
  slack (MET)                                                        1.85


  Startpoint: UART_UNIT/UART_TX_UNIT/u_parity/DATA_V_reg[1]
              (rising edge-triggered flip-flop clocked by TX_CLK)
  Endpoint: UART_UNIT/UART_TX_UNIT/u_parity/DATA_V_reg[2]
            (rising edge-triggered flip-flop clocked by TX_CLK)
  Path Group: TX_CLK
  Path Type: min

  Des/Clust/Port     Wire Load Model       Library
  ------------------------------------------------
  SYS_TOP            tsmc13_wl30           scmetro_tsmc_cl013g_rvt_ss_1p08v_125c

  Point                                                   Incr       Path
  --------------------------------------------------------------------------
  clock TX_CLK (rise edge)                                0.00       0.00
  clock network delay (ideal)                             0.00       0.00
  UART_UNIT/UART_TX_UNIT/u_parity/DATA_V_reg[1]/CK (SDFFRQX2M)
                                                          0.00       0.00 r
  UART_UNIT/UART_TX_UNIT/u_parity/DATA_V_reg[1]/Q (SDFFRQX2M)
                                                          0.80       0.80 f
  UART_UNIT/UART_TX_UNIT/u_parity/U23/Y (OAI2BB1X2M)      0.44       1.24 f
  UART_UNIT/UART_TX_UNIT/u_parity/U42/Y (CLKMX2X2M)       0.44       1.67 f
  UART_UNIT/UART_TX_UNIT/u_parity/DATA_V_reg[2]/D (SDFFRQX2M)
                                                          0.00       1.67 f
  data arrival time                                                  1.67

  clock TX_CLK (rise edge)                                0.00       0.00
  clock network delay (ideal)                             0.00       0.00
  clock uncertainty                                       0.10       0.10
  UART_UNIT/UART_TX_UNIT/u_parity/DATA_V_reg[2]/CK (SDFFRQX2M)
                                                          0.00       0.10 r
  library hold time                                      -0.27      -0.17
  data required time                                                -0.17
  --------------------------------------------------------------------------
  data required time                                                -0.17
  data arrival time                                                 -1.67
  --------------------------------------------------------------------------
  slack (MET)                                                        1.85


  Startpoint: UART_UNIT/UART_TX_UNIT/u_parity/DATA_V_reg[5]
              (rising edge-triggered flip-flop clocked by TX_CLK)
  Endpoint: UART_UNIT/UART_TX_UNIT/u_parity/DATA_V_reg[6]
            (rising edge-triggered flip-flop clocked by TX_CLK)
  Path Group: TX_CLK
  Path Type: min

  Des/Clust/Port     Wire Load Model       Library
  ------------------------------------------------
  SYS_TOP            tsmc13_wl30           scmetro_tsmc_cl013g_rvt_ss_1p08v_125c

  Point                                                   Incr       Path
  --------------------------------------------------------------------------
  clock TX_CLK (rise edge)                                0.00       0.00
  clock network delay (ideal)                             0.00       0.00
  UART_UNIT/UART_TX_UNIT/u_parity/DATA_V_reg[5]/CK (SDFFRQX2M)
                                                          0.00       0.00 r
  UART_UNIT/UART_TX_UNIT/u_parity/DATA_V_reg[5]/Q (SDFFRQX2M)
                                                          0.80       0.80 f
  UART_UNIT/UART_TX_UNIT/u_parity/U21/Y (OAI2BB1X2M)      0.44       1.24 f
  UART_UNIT/UART_TX_UNIT/u_parity/U36/Y (CLKMX2X2M)       0.44       1.67 f
  UART_UNIT/UART_TX_UNIT/u_parity/DATA_V_reg[6]/D (SDFFRQX2M)
                                                          0.00       1.67 f
  data arrival time                                                  1.67

  clock TX_CLK (rise edge)                                0.00       0.00
  clock network delay (ideal)                             0.00       0.00
  clock uncertainty                                       0.10       0.10
  UART_UNIT/UART_TX_UNIT/u_parity/DATA_V_reg[6]/CK (SDFFRQX2M)
                                                          0.00       0.10 r
  library hold time                                      -0.27      -0.17
  data required time                                                -0.17
  --------------------------------------------------------------------------
  data required time                                                -0.17
  data arrival time                                                 -1.67
  --------------------------------------------------------------------------
  slack (MET)                                                        1.85


  Startpoint: UART_UNIT/UART_TX_UNIT/u_parity/DATA_V_reg[4]
              (rising edge-triggered flip-flop clocked by TX_CLK)
  Endpoint: UART_UNIT/UART_TX_UNIT/u_parity/DATA_V_reg[5]
            (rising edge-triggered flip-flop clocked by TX_CLK)
  Path Group: TX_CLK
  Path Type: min

  Des/Clust/Port     Wire Load Model       Library
  ------------------------------------------------
  SYS_TOP            tsmc13_wl30           scmetro_tsmc_cl013g_rvt_ss_1p08v_125c

  Point                                                   Incr       Path
  --------------------------------------------------------------------------
  clock TX_CLK (rise edge)                                0.00       0.00
  clock network delay (ideal)                             0.00       0.00
  UART_UNIT/UART_TX_UNIT/u_parity/DATA_V_reg[4]/CK (SDFFRQX2M)
                                                          0.00       0.00 r
  UART_UNIT/UART_TX_UNIT/u_parity/DATA_V_reg[4]/Q (SDFFRQX2M)
                                                          0.80       0.80 f
  UART_UNIT/UART_TX_UNIT/u_parity/U19/Y (OAI2BB1X2M)      0.44       1.24 f
  UART_UNIT/UART_TX_UNIT/u_parity/U50/Y (CLKMX2X2M)       0.44       1.68 f
  UART_UNIT/UART_TX_UNIT/u_parity/DATA_V_reg[5]/D (SDFFRQX2M)
                                                          0.00       1.68 f
  data arrival time                                                  1.68

  clock TX_CLK (rise edge)                                0.00       0.00
  clock network delay (ideal)                             0.00       0.00
  clock uncertainty                                       0.10       0.10
  UART_UNIT/UART_TX_UNIT/u_parity/DATA_V_reg[5]/CK (SDFFRQX2M)
                                                          0.00       0.10 r
  library hold time                                      -0.27      -0.17
  data required time                                                -0.17
  --------------------------------------------------------------------------
  data required time                                                -0.17
  data arrival time                                                 -1.68
  --------------------------------------------------------------------------
  slack (MET)                                                        1.85


  Startpoint: UART_UNIT/UART_TX_UNIT/u_parity/DATA_V_reg[3]
              (rising edge-triggered flip-flop clocked by TX_CLK)
  Endpoint: UART_UNIT/UART_TX_UNIT/u_parity/DATA_V_reg[4]
            (rising edge-triggered flip-flop clocked by TX_CLK)
  Path Group: TX_CLK
  Path Type: min

  Des/Clust/Port     Wire Load Model       Library
  ------------------------------------------------
  SYS_TOP            tsmc13_wl30           scmetro_tsmc_cl013g_rvt_ss_1p08v_125c

  Point                                                   Incr       Path
  --------------------------------------------------------------------------
  clock TX_CLK (rise edge)                                0.00       0.00
  clock network delay (ideal)                             0.00       0.00
  UART_UNIT/UART_TX_UNIT/u_parity/DATA_V_reg[3]/CK (SDFFRQX2M)
                                                          0.00       0.00 r
  UART_UNIT/UART_TX_UNIT/u_parity/DATA_V_reg[3]/Q (SDFFRQX2M)
                                                          0.80       0.80 f
  UART_UNIT/UART_TX_UNIT/u_parity/U15/Y (OAI2BB1X2M)      0.44       1.24 f
  UART_UNIT/UART_TX_UNIT/u_parity/U44/Y (CLKMX2X2M)       0.44       1.68 f
  UART_UNIT/UART_TX_UNIT/u_parity/DATA_V_reg[4]/D (SDFFRQX2M)
                                                          0.00       1.68 f
  data arrival time                                                  1.68

  clock TX_CLK (rise edge)                                0.00       0.00
  clock network delay (ideal)                             0.00       0.00
  clock uncertainty                                       0.10       0.10
  UART_UNIT/UART_TX_UNIT/u_parity/DATA_V_reg[4]/CK (SDFFRQX2M)
                                                          0.00       0.10 r
  library hold time                                      -0.27      -0.17
  data required time                                                -0.17
  --------------------------------------------------------------------------
  data required time                                                -0.17
  data arrival time                                                 -1.68
  --------------------------------------------------------------------------
  slack (MET)                                                        1.85


  Startpoint: UART_UNIT/UART_TX_UNIT/u_parity/DATA_V_reg[0]
              (rising edge-triggered flip-flop clocked by TX_CLK)
  Endpoint: UART_UNIT/UART_TX_UNIT/u_parity/DATA_V_reg[1]
            (rising edge-triggered flip-flop clocked by TX_CLK)
  Path Group: TX_CLK
  Path Type: min

  Des/Clust/Port     Wire Load Model       Library
  ------------------------------------------------
  SYS_TOP            tsmc13_wl30           scmetro_tsmc_cl013g_rvt_ss_1p08v_125c

  Point                                                   Incr       Path
  --------------------------------------------------------------------------
  clock TX_CLK (rise edge)                                0.00       0.00
  clock network delay (ideal)                             0.00       0.00
  UART_UNIT/UART_TX_UNIT/u_parity/DATA_V_reg[0]/CK (SDFFRQX2M)
                                                          0.00       0.00 r
  UART_UNIT/UART_TX_UNIT/u_parity/DATA_V_reg[0]/Q (SDFFRQX2M)
                                                          0.80       0.80 f
  UART_UNIT/UART_TX_UNIT/u_parity/U17/Y (OAI2BB1X2M)      0.47       1.27 f
  UART_UNIT/UART_TX_UNIT/u_parity/U48/Y (CLKMX2X2M)       0.44       1.71 f
  UART_UNIT/UART_TX_UNIT/u_parity/DATA_V_reg[1]/D (SDFFRQX2M)
                                                          0.00       1.71 f
  data arrival time                                                  1.71

  clock TX_CLK (rise edge)                                0.00       0.00
  clock network delay (ideal)                             0.00       0.00
  clock uncertainty                                       0.10       0.10
  UART_UNIT/UART_TX_UNIT/u_parity/DATA_V_reg[1]/CK (SDFFRQX2M)
                                                          0.00       0.10 r
  library hold time                                      -0.27      -0.17
  data required time                                                -0.17
  --------------------------------------------------------------------------
  data required time                                                -0.17
  data arrival time                                                 -1.71
  --------------------------------------------------------------------------
  slack (MET)                                                        1.88


  Startpoint: UART_UNIT/UART_TX_UNIT/u_serializer/DATA_V_reg[7]
              (rising edge-triggered flip-flop clocked by TX_CLK)
  Endpoint: UART_UNIT/UART_TX_UNIT/u_serializer/ser_count_reg[0]
            (rising edge-triggered flip-flop clocked by TX_CLK)
  Path Group: TX_CLK
  Path Type: min

  Des/Clust/Port     Wire Load Model       Library
  ------------------------------------------------
  SYS_TOP            tsmc13_wl30           scmetro_tsmc_cl013g_rvt_ss_1p08v_125c

  Point                                                   Incr       Path
  --------------------------------------------------------------------------
  clock TX_CLK (rise edge)                                0.00       0.00
  clock network delay (ideal)                             0.00       0.00
  UART_UNIT/UART_TX_UNIT/u_serializer/DATA_V_reg[7]/CK (SDFFRQX2M)
                                                          0.00       0.00 r
  UART_UNIT/UART_TX_UNIT/u_serializer/DATA_V_reg[7]/Q (SDFFRQX2M)
                                                          0.80       0.80 f
  UART_UNIT/UART_TX_UNIT/u_serializer/U35/Y (OAI2BB1X2M)
                                                          0.47       1.27 f
  UART_UNIT/UART_TX_UNIT/u_serializer/U43/Y (CLKMX2X2M)
                                                          0.44       1.71 f
  UART_UNIT/UART_TX_UNIT/u_serializer/ser_count_reg[0]/D (SDFFRQX2M)
                                                          0.00       1.71 f
  data arrival time                                                  1.71

  clock TX_CLK (rise edge)                                0.00       0.00
  clock network delay (ideal)                             0.00       0.00
  clock uncertainty                                       0.10       0.10
  UART_UNIT/UART_TX_UNIT/u_serializer/ser_count_reg[0]/CK (SDFFRQX2M)
                                                          0.00       0.10 r
  library hold time                                      -0.27      -0.17
  data required time                                                -0.17
  --------------------------------------------------------------------------
  data required time                                                -0.17
  data arrival time                                                 -1.71
  --------------------------------------------------------------------------
  slack (MET)                                                        1.88


  Startpoint: UART_UNIT/UART_TX_UNIT/u_parity/DATA_V_reg[2]
              (rising edge-triggered flip-flop clocked by TX_CLK)
  Endpoint: UART_UNIT/UART_TX_UNIT/u_parity/DATA_V_reg[3]
            (rising edge-triggered flip-flop clocked by TX_CLK)
  Path Group: TX_CLK
  Path Type: min

  Des/Clust/Port     Wire Load Model       Library
  ------------------------------------------------
  SYS_TOP            tsmc13_wl30           scmetro_tsmc_cl013g_rvt_ss_1p08v_125c

  Point                                                   Incr       Path
  --------------------------------------------------------------------------
  clock TX_CLK (rise edge)                                0.00       0.00
  clock network delay (ideal)                             0.00       0.00
  UART_UNIT/UART_TX_UNIT/u_parity/DATA_V_reg[2]/CK (SDFFRQX2M)
                                                          0.00       0.00 r
  UART_UNIT/UART_TX_UNIT/u_parity/DATA_V_reg[2]/Q (SDFFRQX2M)
                                                          0.80       0.80 f
  UART_UNIT/UART_TX_UNIT/u_parity/U59/Y (DLY1X1M)         0.83       1.63 f
  UART_UNIT/UART_TX_UNIT/u_parity/DATA_V_reg[3]/SI (SDFFRQX2M)
                                                          0.00       1.63 f
  data arrival time                                                  1.63

  clock TX_CLK (rise edge)                                0.00       0.00
  clock network delay (ideal)                             0.00       0.00
  clock uncertainty                                       0.10       0.10
  UART_UNIT/UART_TX_UNIT/u_parity/DATA_V_reg[3]/CK (SDFFRQX2M)
                                                          0.00       0.10 r
  library hold time                                      -0.40      -0.30
  data required time                                                -0.30
  --------------------------------------------------------------------------
  data required time                                                -0.30
  data arrival time                                                 -1.63
  --------------------------------------------------------------------------
  slack (MET)                                                        1.93


  Startpoint: UART_UNIT/UART_TX_UNIT/u_parity/DATA_V_reg[6]
              (rising edge-triggered flip-flop clocked by TX_CLK)
  Endpoint: UART_UNIT/UART_TX_UNIT/u_parity/DATA_V_reg[7]
            (rising edge-triggered flip-flop clocked by TX_CLK)
  Path Group: TX_CLK
  Path Type: min

  Des/Clust/Port     Wire Load Model       Library
  ------------------------------------------------
  SYS_TOP            tsmc13_wl30           scmetro_tsmc_cl013g_rvt_ss_1p08v_125c

  Point                                                   Incr       Path
  --------------------------------------------------------------------------
  clock TX_CLK (rise edge)                                0.00       0.00
  clock network delay (ideal)                             0.00       0.00
  UART_UNIT/UART_TX_UNIT/u_parity/DATA_V_reg[6]/CK (SDFFRQX2M)
                                                          0.00       0.00 r
  UART_UNIT/UART_TX_UNIT/u_parity/DATA_V_reg[6]/Q (SDFFRQX2M)
                                                          0.80       0.80 f
  UART_UNIT/UART_TX_UNIT/u_parity/U62/Y (DLY1X1M)         0.83       1.63 f
  UART_UNIT/UART_TX_UNIT/u_parity/DATA_V_reg[7]/SI (SDFFRQX2M)
                                                          0.00       1.63 f
  data arrival time                                                  1.63

  clock TX_CLK (rise edge)                                0.00       0.00
  clock network delay (ideal)                             0.00       0.00
  clock uncertainty                                       0.10       0.10
  UART_UNIT/UART_TX_UNIT/u_parity/DATA_V_reg[7]/CK (SDFFRQX2M)
                                                          0.00       0.10 r
  library hold time                                      -0.40      -0.30
  data required time                                                -0.30
  --------------------------------------------------------------------------
  data required time                                                -0.30
  data arrival time                                                 -1.63
  --------------------------------------------------------------------------
  slack (MET)                                                        1.93


  Startpoint: UART_UNIT/UART_TX_UNIT/u_parity/DATA_V_reg[1]
              (rising edge-triggered flip-flop clocked by TX_CLK)
  Endpoint: UART_UNIT/UART_TX_UNIT/u_parity/DATA_V_reg[2]
            (rising edge-triggered flip-flop clocked by TX_CLK)
  Path Group: TX_CLK
  Path Type: min

  Des/Clust/Port     Wire Load Model       Library
  ------------------------------------------------
  SYS_TOP            tsmc13_wl30           scmetro_tsmc_cl013g_rvt_ss_1p08v_125c

  Point                                                   Incr       Path
  --------------------------------------------------------------------------
  clock TX_CLK (rise edge)                                0.00       0.00
  clock network delay (ideal)                             0.00       0.00
  UART_UNIT/UART_TX_UNIT/u_parity/DATA_V_reg[1]/CK (SDFFRQX2M)
                                                          0.00       0.00 r
  UART_UNIT/UART_TX_UNIT/u_parity/DATA_V_reg[1]/Q (SDFFRQX2M)
                                                          0.80       0.80 f
  UART_UNIT/UART_TX_UNIT/u_parity/U60/Y (DLY1X1M)         0.83       1.63 f
  UART_UNIT/UART_TX_UNIT/u_parity/DATA_V_reg[2]/SI (SDFFRQX2M)
                                                          0.00       1.63 f
  data arrival time                                                  1.63

  clock TX_CLK (rise edge)                                0.00       0.00
  clock network delay (ideal)                             0.00       0.00
  clock uncertainty                                       0.10       0.10
  UART_UNIT/UART_TX_UNIT/u_parity/DATA_V_reg[2]/CK (SDFFRQX2M)
                                                          0.00       0.10 r
  library hold time                                      -0.40      -0.30
  data required time                                                -0.30
  --------------------------------------------------------------------------
  data required time                                                -0.30
  data arrival time                                                 -1.63
  --------------------------------------------------------------------------
  slack (MET)                                                        1.93


  Startpoint: UART_UNIT/UART_TX_UNIT/u_parity/DATA_V_reg[5]
              (rising edge-triggered flip-flop clocked by TX_CLK)
  Endpoint: UART_UNIT/UART_TX_UNIT/u_parity/DATA_V_reg[6]
            (rising edge-triggered flip-flop clocked by TX_CLK)
  Path Group: TX_CLK
  Path Type: min

  Des/Clust/Port     Wire Load Model       Library
  ------------------------------------------------
  SYS_TOP            tsmc13_wl30           scmetro_tsmc_cl013g_rvt_ss_1p08v_125c

  Point                                                   Incr       Path
  --------------------------------------------------------------------------
  clock TX_CLK (rise edge)                                0.00       0.00
  clock network delay (ideal)                             0.00       0.00
  UART_UNIT/UART_TX_UNIT/u_parity/DATA_V_reg[5]/CK (SDFFRQX2M)
                                                          0.00       0.00 r
  UART_UNIT/UART_TX_UNIT/u_parity/DATA_V_reg[5]/Q (SDFFRQX2M)
                                                          0.80       0.80 f
  UART_UNIT/UART_TX_UNIT/u_parity/U61/Y (DLY1X1M)         0.83       1.63 f
  UART_UNIT/UART_TX_UNIT/u_parity/DATA_V_reg[6]/SI (SDFFRQX2M)
                                                          0.00       1.63 f
  data arrival time                                                  1.63

  clock TX_CLK (rise edge)                                0.00       0.00
  clock network delay (ideal)                             0.00       0.00
  clock uncertainty                                       0.10       0.10
  UART_UNIT/UART_TX_UNIT/u_parity/DATA_V_reg[6]/CK (SDFFRQX2M)
                                                          0.00       0.10 r
  library hold time                                      -0.40      -0.30
  data required time                                                -0.30
  --------------------------------------------------------------------------
  data required time                                                -0.30
  data arrival time                                                 -1.63
  --------------------------------------------------------------------------
  slack (MET)                                                        1.93


  Startpoint: UART_UNIT/UART_TX_UNIT/u_parity/par_bit_reg
              (rising edge-triggered flip-flop clocked by TX_CLK)
  Endpoint: UART_UNIT/UART_TX_UNIT/u_serializer/DATA_V_reg[0]
            (rising edge-triggered flip-flop clocked by TX_CLK)
  Path Group: TX_CLK
  Path Type: min

  Des/Clust/Port     Wire Load Model       Library
  ------------------------------------------------
  SYS_TOP            tsmc13_wl30           scmetro_tsmc_cl013g_rvt_ss_1p08v_125c

  Point                                                   Incr       Path
  --------------------------------------------------------------------------
  clock TX_CLK (rise edge)                                0.00       0.00
  clock network delay (ideal)                             0.00       0.00
  UART_UNIT/UART_TX_UNIT/u_parity/par_bit_reg/CK (SDFFRQX2M)
                                                          0.00       0.00 r
  UART_UNIT/UART_TX_UNIT/u_parity/par_bit_reg/Q (SDFFRQX2M)
                                                          0.80       0.80 f
  UART_UNIT/UART_TX_UNIT/u_parity/par_bit (Parity_Calc_WIDTH8_test_1_test_1_test_1)
                                                          0.00       0.80 f
  UART_UNIT/UART_TX_UNIT/u_serializer/test_si (Serializer_WIDTH8_test_1_test_1_test_1)
                                                          0.00       0.80 f
  UART_UNIT/UART_TX_UNIT/u_serializer/U61/Y (DLY1X1M)     0.83       1.63 f
  UART_UNIT/UART_TX_UNIT/u_serializer/DATA_V_reg[0]/SI (SDFFRQX2M)
                                                          0.00       1.63 f
  data arrival time                                                  1.63

  clock TX_CLK (rise edge)                                0.00       0.00
  clock network delay (ideal)                             0.00       0.00
  clock uncertainty                                       0.10       0.10
  UART_UNIT/UART_TX_UNIT/u_serializer/DATA_V_reg[0]/CK (SDFFRQX2M)
                                                          0.00       0.10 r
  library hold time                                      -0.40      -0.30
  data required time                                                -0.30
  --------------------------------------------------------------------------
  data required time                                                -0.30
  data arrival time                                                 -1.63
  --------------------------------------------------------------------------
  slack (MET)                                                        1.93


  Startpoint: UART_UNIT/UART_TX_UNIT/u_parity/DATA_V_reg[4]
              (rising edge-triggered flip-flop clocked by TX_CLK)
  Endpoint: UART_UNIT/UART_TX_UNIT/u_parity/DATA_V_reg[5]
            (rising edge-triggered flip-flop clocked by TX_CLK)
  Path Group: TX_CLK
  Path Type: min

  Des/Clust/Port     Wire Load Model       Library
  ------------------------------------------------
  SYS_TOP            tsmc13_wl30           scmetro_tsmc_cl013g_rvt_ss_1p08v_125c

  Point                                                   Incr       Path
  --------------------------------------------------------------------------
  clock TX_CLK (rise edge)                                0.00       0.00
  clock network delay (ideal)                             0.00       0.00
  UART_UNIT/UART_TX_UNIT/u_parity/DATA_V_reg[4]/CK (SDFFRQX2M)
                                                          0.00       0.00 r
  UART_UNIT/UART_TX_UNIT/u_parity/DATA_V_reg[4]/Q (SDFFRQX2M)
                                                          0.80       0.80 f
  UART_UNIT/UART_TX_UNIT/u_parity/U64/Y (DLY1X1M)         0.83       1.63 f
  UART_UNIT/UART_TX_UNIT/u_parity/DATA_V_reg[5]/SI (SDFFRQX2M)
                                                          0.00       1.63 f
  data arrival time                                                  1.63

  clock TX_CLK (rise edge)                                0.00       0.00
  clock network delay (ideal)                             0.00       0.00
  clock uncertainty                                       0.10       0.10
  UART_UNIT/UART_TX_UNIT/u_parity/DATA_V_reg[5]/CK (SDFFRQX2M)
                                                          0.00       0.10 r
  library hold time                                      -0.40      -0.30
  data required time                                                -0.30
  --------------------------------------------------------------------------
  data required time                                                -0.30
  data arrival time                                                 -1.63
  --------------------------------------------------------------------------
  slack (MET)                                                        1.93


  Startpoint: UART_UNIT/UART_TX_UNIT/u_parity/DATA_V_reg[0]
              (rising edge-triggered flip-flop clocked by TX_CLK)
  Endpoint: UART_UNIT/UART_TX_UNIT/u_parity/DATA_V_reg[1]
            (rising edge-triggered flip-flop clocked by TX_CLK)
  Path Group: TX_CLK
  Path Type: min

  Des/Clust/Port     Wire Load Model       Library
  ------------------------------------------------
  SYS_TOP            tsmc13_wl30           scmetro_tsmc_cl013g_rvt_ss_1p08v_125c

  Point                                                   Incr       Path
  --------------------------------------------------------------------------
  clock TX_CLK (rise edge)                                0.00       0.00
  clock network delay (ideal)                             0.00       0.00
  UART_UNIT/UART_TX_UNIT/u_parity/DATA_V_reg[0]/CK (SDFFRQX2M)
                                                          0.00       0.00 r
  UART_UNIT/UART_TX_UNIT/u_parity/DATA_V_reg[0]/Q (SDFFRQX2M)
                                                          0.80       0.80 f
  UART_UNIT/UART_TX_UNIT/u_parity/U63/Y (DLY1X1M)         0.83       1.63 f
  UART_UNIT/UART_TX_UNIT/u_parity/DATA_V_reg[1]/SI (SDFFRQX2M)
                                                          0.00       1.63 f
  data arrival time                                                  1.63

  clock TX_CLK (rise edge)                                0.00       0.00
  clock network delay (ideal)                             0.00       0.00
  clock uncertainty                                       0.10       0.10
  UART_UNIT/UART_TX_UNIT/u_parity/DATA_V_reg[1]/CK (SDFFRQX2M)
                                                          0.00       0.10 r
  library hold time                                      -0.40      -0.30
  data required time                                                -0.30
  --------------------------------------------------------------------------
  data required time                                                -0.30
  data arrival time                                                 -1.63
  --------------------------------------------------------------------------
  slack (MET)                                                        1.93


  Startpoint: UART_UNIT/UART_TX_UNIT/u_serializer/DATA_V_reg[7]
              (rising edge-triggered flip-flop clocked by TX_CLK)
  Endpoint: UART_UNIT/UART_TX_UNIT/u_serializer/ser_count_reg[0]
            (rising edge-triggered flip-flop clocked by TX_CLK)
  Path Group: TX_CLK
  Path Type: min

  Des/Clust/Port     Wire Load Model       Library
  ------------------------------------------------
  SYS_TOP            tsmc13_wl30           scmetro_tsmc_cl013g_rvt_ss_1p08v_125c

  Point                                                   Incr       Path
  --------------------------------------------------------------------------
  clock TX_CLK (rise edge)                                0.00       0.00
  clock network delay (ideal)                             0.00       0.00
  UART_UNIT/UART_TX_UNIT/u_serializer/DATA_V_reg[7]/CK (SDFFRQX2M)
                                                          0.00       0.00 r
  UART_UNIT/UART_TX_UNIT/u_serializer/DATA_V_reg[7]/Q (SDFFRQX2M)
                                                          0.80       0.80 f
  UART_UNIT/UART_TX_UNIT/u_serializer/U71/Y (DLY1X1M)     0.83       1.63 f
  UART_UNIT/UART_TX_UNIT/u_serializer/ser_count_reg[0]/SI (SDFFRQX2M)
                                                          0.00       1.63 f
  data arrival time                                                  1.63

  clock TX_CLK (rise edge)                                0.00       0.00
  clock network delay (ideal)                             0.00       0.00
  clock uncertainty                                       0.10       0.10
  UART_UNIT/UART_TX_UNIT/u_serializer/ser_count_reg[0]/CK (SDFFRQX2M)
                                                          0.00       0.10 r
  library hold time                                      -0.40      -0.30
  data required time                                                -0.30
  --------------------------------------------------------------------------
  data required time                                                -0.30
  data arrival time                                                 -1.63
  --------------------------------------------------------------------------
  slack (MET)                                                        1.93


  Startpoint: UART_UNIT/UART_TX_UNIT/u_parity/DATA_V_reg[3]
              (rising edge-triggered flip-flop clocked by TX_CLK)
  Endpoint: UART_UNIT/UART_TX_UNIT/u_parity/DATA_V_reg[4]
            (rising edge-triggered flip-flop clocked by TX_CLK)
  Path Group: TX_CLK
  Path Type: min

  Des/Clust/Port     Wire Load Model       Library
  ------------------------------------------------
  SYS_TOP            tsmc13_wl30           scmetro_tsmc_cl013g_rvt_ss_1p08v_125c

  Point                                                   Incr       Path
  --------------------------------------------------------------------------
  clock TX_CLK (rise edge)                                0.00       0.00
  clock network delay (ideal)                             0.00       0.00
  UART_UNIT/UART_TX_UNIT/u_parity/DATA_V_reg[3]/CK (SDFFRQX2M)
                                                          0.00       0.00 r
  UART_UNIT/UART_TX_UNIT/u_parity/DATA_V_reg[3]/Q (SDFFRQX2M)
                                                          0.80       0.80 f
  UART_UNIT/UART_TX_UNIT/u_parity/U66/Y (DLY1X1M)         0.83       1.63 f
  UART_UNIT/UART_TX_UNIT/u_parity/DATA_V_reg[4]/SI (SDFFRQX2M)
                                                          0.00       1.63 f
  data arrival time                                                  1.63

  clock TX_CLK (rise edge)                                0.00       0.00
  clock network delay (ideal)                             0.00       0.00
  clock uncertainty                                       0.10       0.10
  UART_UNIT/UART_TX_UNIT/u_parity/DATA_V_reg[4]/CK (SDFFRQX2M)
                                                          0.00       0.10 r
  library hold time                                      -0.40      -0.30
  data required time                                                -0.30
  --------------------------------------------------------------------------
  data required time                                                -0.30
  data arrival time                                                 -1.63
  --------------------------------------------------------------------------
  slack (MET)                                                        1.93


  Startpoint: UART_UNIT/UART_TX_UNIT/u_parity/DATA_V_reg[7]
              (rising edge-triggered flip-flop clocked by TX_CLK)
  Endpoint: UART_UNIT/UART_TX_UNIT/u_parity/par_bit_reg
            (rising edge-triggered flip-flop clocked by TX_CLK)
  Path Group: TX_CLK
  Path Type: min

  Des/Clust/Port     Wire Load Model       Library
  ------------------------------------------------
  SYS_TOP            tsmc13_wl30           scmetro_tsmc_cl013g_rvt_ss_1p08v_125c

  Point                                                   Incr       Path
  --------------------------------------------------------------------------
  clock TX_CLK (rise edge)                                0.00       0.00
  clock network delay (ideal)                             0.00       0.00
  UART_UNIT/UART_TX_UNIT/u_parity/DATA_V_reg[7]/CK (SDFFRQX2M)
                                                          0.00       0.00 r
  UART_UNIT/UART_TX_UNIT/u_parity/DATA_V_reg[7]/Q (SDFFRQX2M)
                                                          0.80       0.80 f
  UART_UNIT/UART_TX_UNIT/u_parity/U67/Y (DLY1X1M)         0.83       1.63 f
  UART_UNIT/UART_TX_UNIT/u_parity/par_bit_reg/SI (SDFFRQX2M)
                                                          0.00       1.63 f
  data arrival time                                                  1.63

  clock TX_CLK (rise edge)                                0.00       0.00
  clock network delay (ideal)                             0.00       0.00
  clock uncertainty                                       0.10       0.10
  UART_UNIT/UART_TX_UNIT/u_parity/par_bit_reg/CK (SDFFRQX2M)
                                                          0.00       0.10 r
  library hold time                                      -0.40      -0.30
  data required time                                                -0.30
  --------------------------------------------------------------------------
  data required time                                                -0.30
  data arrival time                                                 -1.63
  --------------------------------------------------------------------------
  slack (MET)                                                        1.94


  Startpoint: UART_UNIT/UART_TX_UNIT/u_serializer/DATA_V_reg[6]
              (rising edge-triggered flip-flop clocked by TX_CLK)
  Endpoint: UART_UNIT/UART_TX_UNIT/u_serializer/DATA_V_reg[7]
            (rising edge-triggered flip-flop clocked by TX_CLK)
  Path Group: TX_CLK
  Path Type: min

  Des/Clust/Port     Wire Load Model       Library
  ------------------------------------------------
  SYS_TOP            tsmc13_wl30           scmetro_tsmc_cl013g_rvt_ss_1p08v_125c

  Point                                                   Incr       Path
  --------------------------------------------------------------------------
  clock TX_CLK (rise edge)                                0.00       0.00
  clock network delay (ideal)                             0.00       0.00
  UART_UNIT/UART_TX_UNIT/u_serializer/DATA_V_reg[6]/CK (SDFFRQX2M)
                                                          0.00       0.00 r
  UART_UNIT/UART_TX_UNIT/u_serializer/DATA_V_reg[6]/Q (SDFFRQX2M)
                                                          0.80       0.80 f
  UART_UNIT/UART_TX_UNIT/u_serializer/U73/Y (DLY1X1M)     0.83       1.63 f
  UART_UNIT/UART_TX_UNIT/u_serializer/DATA_V_reg[7]/SI (SDFFRQX2M)
                                                          0.00       1.63 f
  data arrival time                                                  1.63

  clock TX_CLK (rise edge)                                0.00       0.00
  clock network delay (ideal)                             0.00       0.00
  clock uncertainty                                       0.10       0.10
  UART_UNIT/UART_TX_UNIT/u_serializer/DATA_V_reg[7]/CK (SDFFRQX2M)
                                                          0.00       0.10 r
  library hold time                                      -0.40      -0.30
  data required time                                                -0.30
  --------------------------------------------------------------------------
  data required time                                                -0.30
  data arrival time                                                 -1.63
  --------------------------------------------------------------------------
  slack (MET)                                                        1.94


  Startpoint: UART_UNIT/UART_TX_UNIT/u_serializer/DATA_V_reg[5]
              (rising edge-triggered flip-flop clocked by TX_CLK)
  Endpoint: UART_UNIT/UART_TX_UNIT/u_serializer/DATA_V_reg[6]
            (rising edge-triggered flip-flop clocked by TX_CLK)
  Path Group: TX_CLK
  Path Type: min

  Des/Clust/Port     Wire Load Model       Library
  ------------------------------------------------
  SYS_TOP            tsmc13_wl30           scmetro_tsmc_cl013g_rvt_ss_1p08v_125c

  Point                                                   Incr       Path
  --------------------------------------------------------------------------
  clock TX_CLK (rise edge)                                0.00       0.00
  clock network delay (ideal)                             0.00       0.00
  UART_UNIT/UART_TX_UNIT/u_serializer/DATA_V_reg[5]/CK (SDFFRQX2M)
                                                          0.00       0.00 r
  UART_UNIT/UART_TX_UNIT/u_serializer/DATA_V_reg[5]/Q (SDFFRQX2M)
                                                          0.80       0.80 f
  UART_UNIT/UART_TX_UNIT/u_serializer/U76/Y (DLY1X1M)     0.83       1.63 f
  UART_UNIT/UART_TX_UNIT/u_serializer/DATA_V_reg[6]/SI (SDFFRQX2M)
                                                          0.00       1.63 f
  data arrival time                                                  1.63

  clock TX_CLK (rise edge)                                0.00       0.00
  clock network delay (ideal)                             0.00       0.00
  clock uncertainty                                       0.10       0.10
  UART_UNIT/UART_TX_UNIT/u_serializer/DATA_V_reg[6]/CK (SDFFRQX2M)
                                                          0.00       0.10 r
  library hold time                                      -0.40      -0.30
  data required time                                                -0.30
  --------------------------------------------------------------------------
  data required time                                                -0.30
  data arrival time                                                 -1.63
  --------------------------------------------------------------------------
  slack (MET)                                                        1.94


  Startpoint: UART_UNIT/UART_TX_UNIT/u_serializer/DATA_V_reg[0]
              (rising edge-triggered flip-flop clocked by TX_CLK)
  Endpoint: UART_UNIT/UART_TX_UNIT/u_serializer/DATA_V_reg[1]
            (rising edge-triggered flip-flop clocked by TX_CLK)
  Path Group: TX_CLK
  Path Type: min

  Des/Clust/Port     Wire Load Model       Library
  ------------------------------------------------
  SYS_TOP            tsmc13_wl30           scmetro_tsmc_cl013g_rvt_ss_1p08v_125c

  Point                                                   Incr       Path
  --------------------------------------------------------------------------
  clock TX_CLK (rise edge)                                0.00       0.00
  clock network delay (ideal)                             0.00       0.00
  UART_UNIT/UART_TX_UNIT/u_serializer/DATA_V_reg[0]/CK (SDFFRQX2M)
                                                          0.00       0.00 r
  UART_UNIT/UART_TX_UNIT/u_serializer/DATA_V_reg[0]/Q (SDFFRQX2M)
                                                          0.80       0.80 f
  UART_UNIT/UART_TX_UNIT/u_serializer/U75/Y (DLY1X1M)     0.83       1.63 f
  UART_UNIT/UART_TX_UNIT/u_serializer/DATA_V_reg[1]/SI (SDFFRQX2M)
                                                          0.00       1.63 f
  data arrival time                                                  1.63

  clock TX_CLK (rise edge)                                0.00       0.00
  clock network delay (ideal)                             0.00       0.00
  clock uncertainty                                       0.10       0.10
  UART_UNIT/UART_TX_UNIT/u_serializer/DATA_V_reg[1]/CK (SDFFRQX2M)
                                                          0.00       0.10 r
  library hold time                                      -0.40      -0.30
  data required time                                                -0.30
  --------------------------------------------------------------------------
  data required time                                                -0.30
  data arrival time                                                 -1.63
  --------------------------------------------------------------------------
  slack (MET)                                                        1.94


  Startpoint: UART_UNIT/UART_TX_UNIT/u_serializer/DATA_V_reg[4]
              (rising edge-triggered flip-flop clocked by TX_CLK)
  Endpoint: UART_UNIT/UART_TX_UNIT/u_serializer/DATA_V_reg[5]
            (rising edge-triggered flip-flop clocked by TX_CLK)
  Path Group: TX_CLK
  Path Type: min

  Des/Clust/Port     Wire Load Model       Library
  ------------------------------------------------
  SYS_TOP            tsmc13_wl30           scmetro_tsmc_cl013g_rvt_ss_1p08v_125c

  Point                                                   Incr       Path
  --------------------------------------------------------------------------
  clock TX_CLK (rise edge)                                0.00       0.00
  clock network delay (ideal)                             0.00       0.00
  UART_UNIT/UART_TX_UNIT/u_serializer/DATA_V_reg[4]/CK (SDFFRQX2M)
                                                          0.00       0.00 r
  UART_UNIT/UART_TX_UNIT/u_serializer/DATA_V_reg[4]/Q (SDFFRQX2M)
                                                          0.80       0.80 f
  UART_UNIT/UART_TX_UNIT/u_serializer/U74/Y (DLY1X1M)     0.83       1.63 f
  UART_UNIT/UART_TX_UNIT/u_serializer/DATA_V_reg[5]/SI (SDFFRQX2M)
                                                          0.00       1.63 f
  data arrival time                                                  1.63

  clock TX_CLK (rise edge)                                0.00       0.00
  clock network delay (ideal)                             0.00       0.00
  clock uncertainty                                       0.10       0.10
  UART_UNIT/UART_TX_UNIT/u_serializer/DATA_V_reg[5]/CK (SDFFRQX2M)
                                                          0.00       0.10 r
  library hold time                                      -0.40      -0.30
  data required time                                                -0.30
  --------------------------------------------------------------------------
  data required time                                                -0.30
  data arrival time                                                 -1.63
  --------------------------------------------------------------------------
  slack (MET)                                                        1.94


  Startpoint: UART_UNIT/UART_TX_UNIT/u_serializer/DATA_V_reg[3]
              (rising edge-triggered flip-flop clocked by TX_CLK)
  Endpoint: UART_UNIT/UART_TX_UNIT/u_serializer/DATA_V_reg[4]
            (rising edge-triggered flip-flop clocked by TX_CLK)
  Path Group: TX_CLK
  Path Type: min

  Des/Clust/Port     Wire Load Model       Library
  ------------------------------------------------
  SYS_TOP            tsmc13_wl30           scmetro_tsmc_cl013g_rvt_ss_1p08v_125c

  Point                                                   Incr       Path
  --------------------------------------------------------------------------
  clock TX_CLK (rise edge)                                0.00       0.00
  clock network delay (ideal)                             0.00       0.00
  UART_UNIT/UART_TX_UNIT/u_serializer/DATA_V_reg[3]/CK (SDFFRQX2M)
                                                          0.00       0.00 r
  UART_UNIT/UART_TX_UNIT/u_serializer/DATA_V_reg[3]/Q (SDFFRQX2M)
                                                          0.80       0.80 f
  UART_UNIT/UART_TX_UNIT/u_serializer/U80/Y (DLY1X1M)     0.83       1.63 f
  UART_UNIT/UART_TX_UNIT/u_serializer/DATA_V_reg[4]/SI (SDFFRQX2M)
                                                          0.00       1.63 f
  data arrival time                                                  1.63

  clock TX_CLK (rise edge)                                0.00       0.00
  clock network delay (ideal)                             0.00       0.00
  clock uncertainty                                       0.10       0.10
  UART_UNIT/UART_TX_UNIT/u_serializer/DATA_V_reg[4]/CK (SDFFRQX2M)
                                                          0.00       0.10 r
  library hold time                                      -0.40      -0.30
  data required time                                                -0.30
  --------------------------------------------------------------------------
  data required time                                                -0.30
  data arrival time                                                 -1.63
  --------------------------------------------------------------------------
  slack (MET)                                                        1.94


  Startpoint: UART_UNIT/UART_TX_UNIT/u_serializer/DATA_V_reg[2]
              (rising edge-triggered flip-flop clocked by TX_CLK)
  Endpoint: UART_UNIT/UART_TX_UNIT/u_serializer/DATA_V_reg[3]
            (rising edge-triggered flip-flop clocked by TX_CLK)
  Path Group: TX_CLK
  Path Type: min

  Des/Clust/Port     Wire Load Model       Library
  ------------------------------------------------
  SYS_TOP            tsmc13_wl30           scmetro_tsmc_cl013g_rvt_ss_1p08v_125c

  Point                                                   Incr       Path
  --------------------------------------------------------------------------
  clock TX_CLK (rise edge)                                0.00       0.00
  clock network delay (ideal)                             0.00       0.00
  UART_UNIT/UART_TX_UNIT/u_serializer/DATA_V_reg[2]/CK (SDFFRQX2M)
                                                          0.00       0.00 r
  UART_UNIT/UART_TX_UNIT/u_serializer/DATA_V_reg[2]/Q (SDFFRQX2M)
                                                          0.80       0.80 f
  UART_UNIT/UART_TX_UNIT/u_serializer/U79/Y (DLY1X1M)     0.83       1.63 f
  UART_UNIT/UART_TX_UNIT/u_serializer/DATA_V_reg[3]/SI (SDFFRQX2M)
                                                          0.00       1.63 f
  data arrival time                                                  1.63

  clock TX_CLK (rise edge)                                0.00       0.00
  clock network delay (ideal)                             0.00       0.00
  clock uncertainty                                       0.10       0.10
  UART_UNIT/UART_TX_UNIT/u_serializer/DATA_V_reg[3]/CK (SDFFRQX2M)
                                                          0.00       0.10 r
  library hold time                                      -0.40      -0.30
  data required time                                                -0.30
  --------------------------------------------------------------------------
  data required time                                                -0.30
  data arrival time                                                 -1.63
  --------------------------------------------------------------------------
  slack (MET)                                                        1.94


  Startpoint: UART_UNIT/UART_TX_UNIT/u_serializer/DATA_V_reg[1]
              (rising edge-triggered flip-flop clocked by TX_CLK)
  Endpoint: UART_UNIT/UART_TX_UNIT/u_serializer/DATA_V_reg[2]
            (rising edge-triggered flip-flop clocked by TX_CLK)
  Path Group: TX_CLK
  Path Type: min

  Des/Clust/Port     Wire Load Model       Library
  ------------------------------------------------
  SYS_TOP            tsmc13_wl30           scmetro_tsmc_cl013g_rvt_ss_1p08v_125c

  Point                                                   Incr       Path
  --------------------------------------------------------------------------
  clock TX_CLK (rise edge)                                0.00       0.00
  clock network delay (ideal)                             0.00       0.00
  UART_UNIT/UART_TX_UNIT/u_serializer/DATA_V_reg[1]/CK (SDFFRQX2M)
                                                          0.00       0.00 r
  UART_UNIT/UART_TX_UNIT/u_serializer/DATA_V_reg[1]/Q (SDFFRQX2M)
                                                          0.80       0.80 f
  UART_UNIT/UART_TX_UNIT/u_serializer/U78/Y (DLY1X1M)     0.83       1.63 f
  UART_UNIT/UART_TX_UNIT/u_serializer/DATA_V_reg[2]/SI (SDFFRQX2M)
                                                          0.00       1.63 f
  data arrival time                                                  1.63

  clock TX_CLK (rise edge)                                0.00       0.00
  clock network delay (ideal)                             0.00       0.00
  clock uncertainty                                       0.10       0.10
  UART_UNIT/UART_TX_UNIT/u_serializer/DATA_V_reg[2]/CK (SDFFRQX2M)
                                                          0.00       0.10 r
  library hold time                                      -0.40      -0.30
  data required time                                                -0.30
  --------------------------------------------------------------------------
  data required time                                                -0.30
  data arrival time                                                 -1.63
  --------------------------------------------------------------------------
  slack (MET)                                                        1.94


  Startpoint: UART_UNIT/UART_TX_UNIT/u_parity/par_bit_reg
              (rising edge-triggered flip-flop clocked by TX_CLK)
  Endpoint: UART_UNIT/UART_TX_UNIT/u_serializer/DATA_V_reg[0]
            (rising edge-triggered flip-flop clocked by TX_CLK)
  Path Group: TX_CLK
  Path Type: min

  Des/Clust/Port     Wire Load Model       Library
  ------------------------------------------------
  SYS_TOP            tsmc13_wl30           scmetro_tsmc_cl013g_rvt_ss_1p08v_125c

  Point                                                   Incr       Path
  --------------------------------------------------------------------------
  clock TX_CLK (rise edge)                                0.00       0.00
  clock network delay (ideal)                             0.00       0.00
  UART_UNIT/UART_TX_UNIT/u_parity/par_bit_reg/CK (SDFFRQX2M)
                                                          0.00       0.00 r
  UART_UNIT/UART_TX_UNIT/u_parity/par_bit_reg/Q (SDFFRQX2M)
                                                          1.00       1.00 r
  UART_UNIT/UART_TX_UNIT/u_parity/par_bit (Parity_Calc_WIDTH8_test_1_test_1_test_1)
                                                          0.00       1.00 r
  UART_UNIT/UART_TX_UNIT/u_serializer/test_si (Serializer_WIDTH8_test_1_test_1_test_1)
                                                          0.00       1.00 r
  UART_UNIT/UART_TX_UNIT/u_serializer/U12/Y (OAI2BB2X1M)
                                                          0.47       1.47 r
  UART_UNIT/UART_TX_UNIT/u_serializer/U39/Y (CLKMX2X2M)
                                                          0.43       1.90 r
  UART_UNIT/UART_TX_UNIT/u_serializer/DATA_V_reg[0]/D (SDFFRQX2M)
                                                          0.00       1.90 r
  data arrival time                                                  1.90

  clock TX_CLK (rise edge)                                0.00       0.00
  clock network delay (ideal)                             0.00       0.00
  clock uncertainty                                       0.10       0.10
  UART_UNIT/UART_TX_UNIT/u_serializer/DATA_V_reg[0]/CK (SDFFRQX2M)
                                                          0.00       0.10 r
  library hold time                                      -0.21      -0.11
  data required time                                                -0.11
  --------------------------------------------------------------------------
  data required time                                                -0.11
  data arrival time                                                 -1.90
  --------------------------------------------------------------------------
  slack (MET)                                                        2.01


  Startpoint: UART_UNIT/UART_TX_UNIT/u_parity/DATA_V_reg[7]
              (rising edge-triggered flip-flop clocked by TX_CLK)
  Endpoint: UART_UNIT/UART_TX_UNIT/u_parity/par_bit_reg
            (rising edge-triggered flip-flop clocked by TX_CLK)
  Path Group: TX_CLK
  Path Type: min

  Des/Clust/Port     Wire Load Model       Library
  ------------------------------------------------
  SYS_TOP            tsmc13_wl30           scmetro_tsmc_cl013g_rvt_ss_1p08v_125c

  Point                                                   Incr       Path
  --------------------------------------------------------------------------
  clock TX_CLK (rise edge)                                0.00       0.00
  clock network delay (ideal)                             0.00       0.00
  UART_UNIT/UART_TX_UNIT/u_parity/DATA_V_reg[7]/CK (SDFFRQX2M)
                                                          0.00       0.00 r
  UART_UNIT/UART_TX_UNIT/u_parity/DATA_V_reg[7]/Q (SDFFRQX2M)
                                                          0.80       0.80 f
  UART_UNIT/UART_TX_UNIT/u_parity/U26/Y (OAI2BB2X1M)      0.58       1.38 f
  UART_UNIT/UART_TX_UNIT/u_parity/U34/Y (CLKMX2X2M)       0.47       1.84 f
  UART_UNIT/UART_TX_UNIT/u_parity/par_bit_reg/D (SDFFRQX2M)
                                                          0.00       1.84 f
  data arrival time                                                  1.84

  clock TX_CLK (rise edge)                                0.00       0.00
  clock network delay (ideal)                             0.00       0.00
  clock uncertainty                                       0.10       0.10
  UART_UNIT/UART_TX_UNIT/u_parity/par_bit_reg/CK (SDFFRQX2M)
                                                          0.00       0.10 r
  library hold time                                      -0.27      -0.17
  data required time                                                -0.17
  --------------------------------------------------------------------------
  data required time                                                -0.17
  data arrival time                                                 -1.84
  --------------------------------------------------------------------------
  slack (MET)                                                        2.01


  Startpoint: UART_UNIT/UART_TX_UNIT/u_serializer/DATA_V_reg[0]
              (rising edge-triggered flip-flop clocked by TX_CLK)
  Endpoint: UART_UNIT/UART_TX_UNIT/u_serializer/DATA_V_reg[1]
            (rising edge-triggered flip-flop clocked by TX_CLK)
  Path Group: TX_CLK
  Path Type: min

  Des/Clust/Port     Wire Load Model       Library
  ------------------------------------------------
  SYS_TOP            tsmc13_wl30           scmetro_tsmc_cl013g_rvt_ss_1p08v_125c

  Point                                                   Incr       Path
  --------------------------------------------------------------------------
  clock TX_CLK (rise edge)                                0.00       0.00
  clock network delay (ideal)                             0.00       0.00
  UART_UNIT/UART_TX_UNIT/u_serializer/DATA_V_reg[0]/CK (SDFFRQX2M)
                                                          0.00       0.00 r
  UART_UNIT/UART_TX_UNIT/u_serializer/DATA_V_reg[0]/Q (SDFFRQX2M)
                                                          0.80       0.80 f
  UART_UNIT/UART_TX_UNIT/u_serializer/U14/Y (OAI2BB2X1M)
                                                          0.58       1.38 f
  UART_UNIT/UART_TX_UNIT/u_serializer/U47/Y (CLKMX2X2M)
                                                          0.47       1.84 f
  UART_UNIT/UART_TX_UNIT/u_serializer/DATA_V_reg[1]/D (SDFFRQX2M)
                                                          0.00       1.84 f
  data arrival time                                                  1.84

  clock TX_CLK (rise edge)                                0.00       0.00
  clock network delay (ideal)                             0.00       0.00
  clock uncertainty                                       0.10       0.10
  UART_UNIT/UART_TX_UNIT/u_serializer/DATA_V_reg[1]/CK (SDFFRQX2M)
                                                          0.00       0.10 r
  library hold time                                      -0.27      -0.17
  data required time                                                -0.17
  --------------------------------------------------------------------------
  data required time                                                -0.17
  data arrival time                                                 -1.84
  --------------------------------------------------------------------------
  slack (MET)                                                        2.01


  Startpoint: UART_UNIT/UART_TX_UNIT/u_serializer/DATA_V_reg[4]
              (rising edge-triggered flip-flop clocked by TX_CLK)
  Endpoint: UART_UNIT/UART_TX_UNIT/u_serializer/DATA_V_reg[5]
            (rising edge-triggered flip-flop clocked by TX_CLK)
  Path Group: TX_CLK
  Path Type: min

  Des/Clust/Port     Wire Load Model       Library
  ------------------------------------------------
  SYS_TOP            tsmc13_wl30           scmetro_tsmc_cl013g_rvt_ss_1p08v_125c

  Point                                                   Incr       Path
  --------------------------------------------------------------------------
  clock TX_CLK (rise edge)                                0.00       0.00
  clock network delay (ideal)                             0.00       0.00
  UART_UNIT/UART_TX_UNIT/u_serializer/DATA_V_reg[4]/CK (SDFFRQX2M)
                                                          0.00       0.00 r
  UART_UNIT/UART_TX_UNIT/u_serializer/DATA_V_reg[4]/Q (SDFFRQX2M)
                                                          0.80       0.80 f
  UART_UNIT/UART_TX_UNIT/u_serializer/U23/Y (OAI2BB2X1M)
                                                          0.58       1.38 f
  UART_UNIT/UART_TX_UNIT/u_serializer/U57/Y (CLKMX2X2M)
                                                          0.47       1.84 f
  UART_UNIT/UART_TX_UNIT/u_serializer/DATA_V_reg[5]/D (SDFFRQX2M)
                                                          0.00       1.84 f
  data arrival time                                                  1.84

  clock TX_CLK (rise edge)                                0.00       0.00
  clock network delay (ideal)                             0.00       0.00
  clock uncertainty                                       0.10       0.10
  UART_UNIT/UART_TX_UNIT/u_serializer/DATA_V_reg[5]/CK (SDFFRQX2M)
                                                          0.00       0.10 r
  library hold time                                      -0.27      -0.17
  data required time                                                -0.17
  --------------------------------------------------------------------------
  data required time                                                -0.17
  data arrival time                                                 -1.84
  --------------------------------------------------------------------------
  slack (MET)                                                        2.01


  Startpoint: UART_UNIT/UART_TX_UNIT/u_serializer/DATA_V_reg[3]
              (rising edge-triggered flip-flop clocked by TX_CLK)
  Endpoint: UART_UNIT/UART_TX_UNIT/u_serializer/DATA_V_reg[4]
            (rising edge-triggered flip-flop clocked by TX_CLK)
  Path Group: TX_CLK
  Path Type: min

  Des/Clust/Port     Wire Load Model       Library
  ------------------------------------------------
  SYS_TOP            tsmc13_wl30           scmetro_tsmc_cl013g_rvt_ss_1p08v_125c

  Point                                                   Incr       Path
  --------------------------------------------------------------------------
  clock TX_CLK (rise edge)                                0.00       0.00
  clock network delay (ideal)                             0.00       0.00
  UART_UNIT/UART_TX_UNIT/u_serializer/DATA_V_reg[3]/CK (SDFFRQX2M)
                                                          0.00       0.00 r
  UART_UNIT/UART_TX_UNIT/u_serializer/DATA_V_reg[3]/Q (SDFFRQX2M)
                                                          0.80       0.80 f
  UART_UNIT/UART_TX_UNIT/u_serializer/U21/Y (OAI2BB2X1M)
                                                          0.58       1.38 f
  UART_UNIT/UART_TX_UNIT/u_serializer/U55/Y (CLKMX2X2M)
                                                          0.47       1.84 f
  UART_UNIT/UART_TX_UNIT/u_serializer/DATA_V_reg[4]/D (SDFFRQX2M)
                                                          0.00       1.84 f
  data arrival time                                                  1.84

  clock TX_CLK (rise edge)                                0.00       0.00
  clock network delay (ideal)                             0.00       0.00
  clock uncertainty                                       0.10       0.10
  UART_UNIT/UART_TX_UNIT/u_serializer/DATA_V_reg[4]/CK (SDFFRQX2M)
                                                          0.00       0.10 r
  library hold time                                      -0.27      -0.17
  data required time                                                -0.17
  --------------------------------------------------------------------------
  data required time                                                -0.17
  data arrival time                                                 -1.84
  --------------------------------------------------------------------------
  slack (MET)                                                        2.01


  Startpoint: UART_UNIT/UART_TX_UNIT/u_serializer/DATA_V_reg[2]
              (rising edge-triggered flip-flop clocked by TX_CLK)
  Endpoint: UART_UNIT/UART_TX_UNIT/u_serializer/DATA_V_reg[3]
            (rising edge-triggered flip-flop clocked by TX_CLK)
  Path Group: TX_CLK
  Path Type: min

  Des/Clust/Port     Wire Load Model       Library
  ------------------------------------------------
  SYS_TOP            tsmc13_wl30           scmetro_tsmc_cl013g_rvt_ss_1p08v_125c

  Point                                                   Incr       Path
  --------------------------------------------------------------------------
  clock TX_CLK (rise edge)                                0.00       0.00
  clock network delay (ideal)                             0.00       0.00
  UART_UNIT/UART_TX_UNIT/u_serializer/DATA_V_reg[2]/CK (SDFFRQX2M)
                                                          0.00       0.00 r
  UART_UNIT/UART_TX_UNIT/u_serializer/DATA_V_reg[2]/Q (SDFFRQX2M)
                                                          0.80       0.80 f
  UART_UNIT/UART_TX_UNIT/u_serializer/U18/Y (OAI2BB2X1M)
                                                          0.58       1.38 f
  UART_UNIT/UART_TX_UNIT/u_serializer/U53/Y (CLKMX2X2M)
                                                          0.47       1.84 f
  UART_UNIT/UART_TX_UNIT/u_serializer/DATA_V_reg[3]/D (SDFFRQX2M)
                                                          0.00       1.84 f
  data arrival time                                                  1.84

  clock TX_CLK (rise edge)                                0.00       0.00
  clock network delay (ideal)                             0.00       0.00
  clock uncertainty                                       0.10       0.10
  UART_UNIT/UART_TX_UNIT/u_serializer/DATA_V_reg[3]/CK (SDFFRQX2M)
                                                          0.00       0.10 r
  library hold time                                      -0.27      -0.17
  data required time                                                -0.17
  --------------------------------------------------------------------------
  data required time                                                -0.17
  data arrival time                                                 -1.84
  --------------------------------------------------------------------------
  slack (MET)                                                        2.01


  Startpoint: UART_UNIT/UART_TX_UNIT/u_serializer/DATA_V_reg[1]
              (rising edge-triggered flip-flop clocked by TX_CLK)
  Endpoint: UART_UNIT/UART_TX_UNIT/u_serializer/DATA_V_reg[2]
            (rising edge-triggered flip-flop clocked by TX_CLK)
  Path Group: TX_CLK
  Path Type: min

  Des/Clust/Port     Wire Load Model       Library
  ------------------------------------------------
  SYS_TOP            tsmc13_wl30           scmetro_tsmc_cl013g_rvt_ss_1p08v_125c

  Point                                                   Incr       Path
  --------------------------------------------------------------------------
  clock TX_CLK (rise edge)                                0.00       0.00
  clock network delay (ideal)                             0.00       0.00
  UART_UNIT/UART_TX_UNIT/u_serializer/DATA_V_reg[1]/CK (SDFFRQX2M)
                                                          0.00       0.00 r
  UART_UNIT/UART_TX_UNIT/u_serializer/DATA_V_reg[1]/Q (SDFFRQX2M)
                                                          0.80       0.80 f
  UART_UNIT/UART_TX_UNIT/u_serializer/U16/Y (OAI2BB2X1M)
                                                          0.58       1.38 f
  UART_UNIT/UART_TX_UNIT/u_serializer/U51/Y (CLKMX2X2M)
                                                          0.47       1.84 f
  UART_UNIT/UART_TX_UNIT/u_serializer/DATA_V_reg[2]/D (SDFFRQX2M)
                                                          0.00       1.84 f
  data arrival time                                                  1.84

  clock TX_CLK (rise edge)                                0.00       0.00
  clock network delay (ideal)                             0.00       0.00
  clock uncertainty                                       0.10       0.10
  UART_UNIT/UART_TX_UNIT/u_serializer/DATA_V_reg[2]/CK (SDFFRQX2M)
                                                          0.00       0.10 r
  library hold time                                      -0.27      -0.17
  data required time                                                -0.17
  --------------------------------------------------------------------------
  data required time                                                -0.17
  data arrival time                                                 -1.84
  --------------------------------------------------------------------------
  slack (MET)                                                        2.01


  Startpoint: UART_UNIT/UART_TX_UNIT/u_serializer/DATA_V_reg[6]
              (rising edge-triggered flip-flop clocked by TX_CLK)
  Endpoint: UART_UNIT/UART_TX_UNIT/u_serializer/DATA_V_reg[7]
            (rising edge-triggered flip-flop clocked by TX_CLK)
  Path Group: TX_CLK
  Path Type: min

  Des/Clust/Port     Wire Load Model       Library
  ------------------------------------------------
  SYS_TOP            tsmc13_wl30           scmetro_tsmc_cl013g_rvt_ss_1p08v_125c

  Point                                                   Incr       Path
  --------------------------------------------------------------------------
  clock TX_CLK (rise edge)                                0.00       0.00
  clock network delay (ideal)                             0.00       0.00
  UART_UNIT/UART_TX_UNIT/u_serializer/DATA_V_reg[6]/CK (SDFFRQX2M)
                                                          0.00       0.00 r
  UART_UNIT/UART_TX_UNIT/u_serializer/DATA_V_reg[6]/Q (SDFFRQX2M)
                                                          1.01       1.01 r
  UART_UNIT/UART_TX_UNIT/u_serializer/U27/Y (OAI2BB2X1M)
                                                          0.47       1.48 r
  UART_UNIT/UART_TX_UNIT/u_serializer/U49/Y (CLKMX2X2M)
                                                          0.43       1.91 r
  UART_UNIT/UART_TX_UNIT/u_serializer/DATA_V_reg[7]/D (SDFFRQX2M)
                                                          0.00       1.91 r
  data arrival time                                                  1.91

  clock TX_CLK (rise edge)                                0.00       0.00
  clock network delay (ideal)                             0.00       0.00
  clock uncertainty                                       0.10       0.10
  UART_UNIT/UART_TX_UNIT/u_serializer/DATA_V_reg[7]/CK (SDFFRQX2M)
                                                          0.00       0.10 r
  library hold time                                      -0.21      -0.11
  data required time                                                -0.11
  --------------------------------------------------------------------------
  data required time                                                -0.11
  data arrival time                                                 -1.91
  --------------------------------------------------------------------------
  slack (MET)                                                        2.02


  Startpoint: UART_UNIT/UART_TX_UNIT/u_serializer/DATA_V_reg[5]
              (rising edge-triggered flip-flop clocked by TX_CLK)
  Endpoint: UART_UNIT/UART_TX_UNIT/u_serializer/DATA_V_reg[6]
            (rising edge-triggered flip-flop clocked by TX_CLK)
  Path Group: TX_CLK
  Path Type: min

  Des/Clust/Port     Wire Load Model       Library
  ------------------------------------------------
  SYS_TOP            tsmc13_wl30           scmetro_tsmc_cl013g_rvt_ss_1p08v_125c

  Point                                                   Incr       Path
  --------------------------------------------------------------------------
  clock TX_CLK (rise edge)                                0.00       0.00
  clock network delay (ideal)                             0.00       0.00
  UART_UNIT/UART_TX_UNIT/u_serializer/DATA_V_reg[5]/CK (SDFFRQX2M)
                                                          0.00       0.00 r
  UART_UNIT/UART_TX_UNIT/u_serializer/DATA_V_reg[5]/Q (SDFFRQX2M)
                                                          1.01       1.01 r
  UART_UNIT/UART_TX_UNIT/u_serializer/U25/Y (OAI2BB2X1M)
                                                          0.47       1.48 r
  UART_UNIT/UART_TX_UNIT/u_serializer/U59/Y (CLKMX2X2M)
                                                          0.43       1.91 r
  UART_UNIT/UART_TX_UNIT/u_serializer/DATA_V_reg[6]/D (SDFFRQX2M)
                                                          0.00       1.91 r
  data arrival time                                                  1.91

  clock TX_CLK (rise edge)                                0.00       0.00
  clock network delay (ideal)                             0.00       0.00
  clock uncertainty                                       0.10       0.10
  UART_UNIT/UART_TX_UNIT/u_serializer/DATA_V_reg[6]/CK (SDFFRQX2M)
                                                          0.00       0.10 r
  library hold time                                      -0.21      -0.11
  data required time                                                -0.11
  --------------------------------------------------------------------------
  data required time                                                -0.11
  data arrival time                                                 -1.91
  --------------------------------------------------------------------------
  slack (MET)                                                        2.02


  Startpoint: UART_UNIT/UART_RX_UNIT/u_edge_bit_counter/edge_cnt_reg[5]
              (rising edge-triggered flip-flop clocked by RX_CLK)
  Endpoint: UART_UNIT/UART_TX_UNIT/u_fsm/Current_State_reg[0]
            (rising edge-triggered flip-flop clocked by TX_CLK)
  Path Group: TX_CLK
  Path Type: min

  Des/Clust/Port     Wire Load Model       Library
  ------------------------------------------------
  SYS_TOP            tsmc13_wl30           scmetro_tsmc_cl013g_rvt_ss_1p08v_125c

  Point                                                   Incr       Path
  --------------------------------------------------------------------------
  clock RX_CLK (rise edge)                             8681.50    8681.50
  clock network delay (ideal)                             0.00    8681.50
  UART_UNIT/UART_RX_UNIT/u_edge_bit_counter/edge_cnt_reg[5]/CK (SDFFRQX2M)
                                                          0.00    8681.50 r
  UART_UNIT/UART_RX_UNIT/u_edge_bit_counter/edge_cnt_reg[5]/Q (SDFFRQX2M)
                                                          0.62    8682.12 f
  UART_UNIT/UART_RX_UNIT/u_edge_bit_counter/U19/Y (INVXLM)
                                                          0.62    8682.74 r
  UART_UNIT/UART_RX_UNIT/u_edge_bit_counter/U20/Y (INVX6M)
                                                          0.61    8683.35 f
  UART_UNIT/UART_RX_UNIT/u_edge_bit_counter/edge_cnt[5] (edge_bit_counter_DATA_WIDTH8_test_1_test_1_test_1)
                                                          0.00    8683.35 f
  UART_UNIT/UART_RX_UNIT/test_so1 (UART_RX_DATA_WIDTH8_test_1_test_1_test_1)
                                                          0.00    8683.35 f
  UART_UNIT/UART_TX_UNIT/test_si (UART_TX_WIDTH8_test_1_test_1_test_1)
                                                          0.00    8683.35 f
  UART_UNIT/UART_TX_UNIT/u_fsm/test_si (FSM_test_1_test_1_test_1)
                                                          0.00    8683.35 f
  UART_UNIT/UART_TX_UNIT/u_fsm/U27/Y (CLKMX2X2M)          0.52    8683.87 f
  UART_UNIT/UART_TX_UNIT/u_fsm/Current_State_reg[0]/D (SDFFRQX4M)
                                                          0.00    8683.87 f
  data arrival time                                               8683.87

  clock TX_CLK (rise edge)                             8681.50    8681.50
  clock network delay (ideal)                             0.00    8681.50
  clock uncertainty                                       0.10    8681.60
  UART_UNIT/UART_TX_UNIT/u_fsm/Current_State_reg[0]/CK (SDFFRQX4M)
                                                          0.00    8681.60 r
  library hold time                                      -0.27    8681.33
  data required time                                              8681.33
  --------------------------------------------------------------------------
  data required time                                              8681.33
  data arrival time                                              -8683.87
  --------------------------------------------------------------------------
  slack (MET)                                                        2.54


  Startpoint: UART_UNIT/UART_TX_UNIT/u_fsm/busy_reg
              (rising edge-triggered flip-flop clocked by TX_CLK)
  Endpoint: RD_INC_UNIT/LVL_SIG_reg_reg
            (rising edge-triggered flip-flop clocked by TX_CLK)
  Path Group: TX_CLK
  Path Type: min

  Des/Clust/Port     Wire Load Model       Library
  ------------------------------------------------
  SYS_TOP            tsmc13_wl30           scmetro_tsmc_cl013g_rvt_ss_1p08v_125c

  Point                                                   Incr       Path
  --------------------------------------------------------------------------
  clock TX_CLK (rise edge)                                0.00       0.00
  clock network delay (ideal)                             0.00       0.00
  UART_UNIT/UART_TX_UNIT/u_fsm/busy_reg/CK (SDFFRQX4M)
                                                          0.00       0.00 r
  UART_UNIT/UART_TX_UNIT/u_fsm/busy_reg/Q (SDFFRQX4M)     0.76       0.76 f
  UART_UNIT/UART_TX_UNIT/u_fsm/busy (FSM_test_1_test_1_test_1)
                                                          0.00       0.76 f
  UART_UNIT/UART_TX_UNIT/Busy (UART_TX_WIDTH8_test_1_test_1_test_1)
                                                          0.00       0.76 f
  UART_UNIT/TX_Busy (UART_DATA_WIDTH8_test_1_test_1_test_1)
                                                          0.00       0.76 f
  RD_INC_UNIT/LVL_SIG (PULSE_GEN_test_1_test_1_test_1)
                                                          0.00       0.76 f
  RD_INC_UNIT/U1/Y (CLKINVX1M)                            0.75       1.52 r
  RD_INC_UNIT/U3/Y (OAI2BB2X1M)                           0.57       2.08 f
  RD_INC_UNIT/U5/Y (CLKMX2X2M)                            0.47       2.55 f
  RD_INC_UNIT/LVL_SIG_reg_reg/D (SDFFRQX2M)               0.00       2.55 f
  data arrival time                                                  2.55

  clock TX_CLK (rise edge)                                0.00       0.00
  clock network delay (ideal)                             0.00       0.00
  clock uncertainty                                       0.10       0.10
  RD_INC_UNIT/LVL_SIG_reg_reg/CK (SDFFRQX2M)              0.00       0.10 r
  library hold time                                      -0.27      -0.17
  data required time                                                -0.17
  --------------------------------------------------------------------------
  data required time                                                -0.17
  data arrival time                                                 -2.55
  --------------------------------------------------------------------------
  slack (MET)                                                        2.72


  Startpoint: FIFO_UNIT/rptr_empty/rempty_reg
              (rising edge-triggered flip-flop clocked by TX_CLK)
  Endpoint: FIFO_UNIT/rptr_empty/rbin_reg[0]
            (rising edge-triggered flip-flop clocked by TX_CLK)
  Path Group: TX_CLK
  Path Type: min

  Des/Clust/Port     Wire Load Model       Library
  ------------------------------------------------
  SYS_TOP            tsmc13_wl30           scmetro_tsmc_cl013g_rvt_ss_1p08v_125c

  Point                                                   Incr       Path
  --------------------------------------------------------------------------
  clock TX_CLK (rise edge)                                0.00       0.00
  clock network delay (ideal)                             0.00       0.00
  FIFO_UNIT/rptr_empty/rempty_reg/CK (SDFFSX1M)           0.00       0.00 r
  FIFO_UNIT/rptr_empty/rempty_reg/QN (SDFFSX1M)           0.78       0.78 f
  FIFO_UNIT/rptr_empty/U28/Y (NAND2X2M)                   0.57       1.35 r
  FIFO_UNIT/rptr_empty/U15/Y (XNOR2X4M)                   0.33       1.68 f
  FIFO_UNIT/rptr_empty/U36/Y (OAI2BB2X1M)                 0.70       2.38 r
  FIFO_UNIT/rptr_empty/U43/Y (CLKMX2X2M)                  0.43       2.80 r
  FIFO_UNIT/rptr_empty/rbin_reg[0]/D (SDFFRQX2M)          0.00       2.80 r
  data arrival time                                                  2.80

  clock TX_CLK (rise edge)                                0.00       0.00
  clock network delay (ideal)                             0.00       0.00
  clock uncertainty                                       0.10       0.10
  FIFO_UNIT/rptr_empty/rbin_reg[0]/CK (SDFFRQX2M)         0.00       0.10 r
  library hold time                                      -0.21      -0.11
  data required time                                                -0.11
  --------------------------------------------------------------------------
  data required time                                                -0.11
  data arrival time                                                 -2.80
  --------------------------------------------------------------------------
  slack (MET)                                                        2.91


  Startpoint: FIFO_UNIT/rptr_empty/rbin_reg[1]
              (rising edge-triggered flip-flop clocked by TX_CLK)
  Endpoint: FIFO_UNIT/rptr_empty/rptr_reg[0]
            (rising edge-triggered flip-flop clocked by TX_CLK)
  Path Group: TX_CLK
  Path Type: min

  Des/Clust/Port     Wire Load Model       Library
  ------------------------------------------------
  SYS_TOP            tsmc13_wl30           scmetro_tsmc_cl013g_rvt_ss_1p08v_125c

  Point                                                   Incr       Path
  --------------------------------------------------------------------------
  clock TX_CLK (rise edge)                                0.00       0.00
  clock network delay (ideal)                             0.00       0.00
  FIFO_UNIT/rptr_empty/rbin_reg[1]/CK (SDFFRQX4M)         0.00       0.00 r
  FIFO_UNIT/rptr_empty/rbin_reg[1]/Q (SDFFRQX4M)          0.86       0.86 f
  FIFO_UNIT/rptr_empty/U25/Y (XNOR2X4M)                   0.48       1.34 f
  FIFO_UNIT/rptr_empty/U13/Y (XNOR2X4M)                   0.44       1.78 r
  FIFO_UNIT/rptr_empty/U35/Y (OAI2BB2X1M)                 0.50       2.28 f
  FIFO_UNIT/rptr_empty/U47/Y (CLKMX2X2M)                  0.47       2.75 f
  FIFO_UNIT/rptr_empty/rptr_reg[0]/D (SDFFRQX2M)          0.00       2.75 f
  data arrival time                                                  2.75

  clock TX_CLK (rise edge)                                0.00       0.00
  clock network delay (ideal)                             0.00       0.00
  clock uncertainty                                       0.10       0.10
  FIFO_UNIT/rptr_empty/rptr_reg[0]/CK (SDFFRQX2M)         0.00       0.10 r
  library hold time                                      -0.27      -0.17
  data required time                                                -0.17
  --------------------------------------------------------------------------
  data required time                                                -0.17
  data arrival time                                                 -2.75
  --------------------------------------------------------------------------
  slack (MET)                                                        2.92


  Startpoint: RST_SYNC_2/STAGES_REG_reg[0]
              (rising edge-triggered flip-flop clocked by UART_CLK)
  Endpoint: RST_SYNC_2/STAGES_REG_reg[1]
            (rising edge-triggered flip-flop clocked by UART_CLK)
  Path Group: UART_CLK
  Path Type: min

  Des/Clust/Port     Wire Load Model       Library
  ------------------------------------------------
  SYS_TOP            tsmc13_wl30           scmetro_tsmc_cl013g_rvt_ss_1p08v_125c

  Point                                                   Incr       Path
  --------------------------------------------------------------------------
  clock UART_CLK (rise edge)                              0.00       0.00
  clock network delay (ideal)                             0.00       0.00
  RST_SYNC_2/STAGES_REG_reg[0]/CK (SDFFRQX2M)             0.00       0.00 r
  RST_SYNC_2/STAGES_REG_reg[0]/Q (SDFFRQX2M)              0.63       0.63 f
  RST_SYNC_2/STAGES_REG_reg[1]/D (SDFFRQX2M)              0.00       0.63 f
  data arrival time                                                  0.63

  clock UART_CLK (rise edge)                              0.00       0.00
  clock network delay (ideal)                             0.00       0.00
  clock uncertainty                                       0.10       0.10
  RST_SYNC_2/STAGES_REG_reg[1]/CK (SDFFRQX2M)             0.00       0.10 r
  library hold time                                      -0.27      -0.17
  data required time                                                -0.17
  --------------------------------------------------------------------------
  data required time                                                -0.17
  data arrival time                                                 -0.63
  --------------------------------------------------------------------------
  slack (MET)                                                        0.80


  Startpoint: RST_SYNC_2/STAGES_REG_reg[0]
              (rising edge-triggered flip-flop clocked by UART_CLK)
  Endpoint: RST_SYNC_2/STAGES_REG_reg[1]
            (rising edge-triggered flip-flop clocked by UART_CLK)
  Path Group: UART_CLK
  Path Type: min

  Des/Clust/Port     Wire Load Model       Library
  ------------------------------------------------
  SYS_TOP            tsmc13_wl30           scmetro_tsmc_cl013g_rvt_ss_1p08v_125c

  Point                                                   Incr       Path
  --------------------------------------------------------------------------
  clock UART_CLK (rise edge)                              0.00       0.00
  clock network delay (ideal)                             0.00       0.00
  RST_SYNC_2/STAGES_REG_reg[0]/CK (SDFFRQX2M)             0.00       0.00 r
  RST_SYNC_2/STAGES_REG_reg[0]/Q (SDFFRQX2M)              0.68       0.68 r
  RST_SYNC_2/STAGES_REG_reg[1]/SI (SDFFRQX2M)             0.00       0.68 r
  data arrival time                                                  0.68

  clock UART_CLK (rise edge)                              0.00       0.00
  clock network delay (ideal)                             0.00       0.00
  clock uncertainty                                       0.10       0.10
  RST_SYNC_2/STAGES_REG_reg[1]/CK (SDFFRQX2M)             0.00       0.10 r
  library hold time                                      -0.24      -0.14
  data required time                                                -0.14
  --------------------------------------------------------------------------
  data required time                                                -0.14
  data arrival time                                                 -0.68
  --------------------------------------------------------------------------
  slack (MET)                                                        0.81


  Startpoint: RX_CLK_GEN/even_clk_reg
              (rising edge-triggered flip-flop clocked by UART_CLK)
  Endpoint: RX_CLK_GEN/even_r_reg
            (rising edge-triggered flip-flop clocked by UART_CLK)
  Path Group: UART_CLK
  Path Type: min

  Des/Clust/Port     Wire Load Model       Library
  ------------------------------------------------
  SYS_TOP            tsmc13_wl30           scmetro_tsmc_cl013g_rvt_ss_1p08v_125c

  Point                                                   Incr       Path
  --------------------------------------------------------------------------
  clock UART_CLK (rise edge)                              0.00       0.00
  clock network delay (ideal)                             0.00       0.00
  RX_CLK_GEN/even_clk_reg/CK (SDFFRQX2M)                  0.00       0.00 r
  RX_CLK_GEN/even_clk_reg/Q (SDFFRQX2M)                   0.72       0.72 f
  RX_CLK_GEN/even_r_reg/D (SDFFRQX2M)                     0.00       0.72 f
  data arrival time                                                  0.72

  clock UART_CLK (rise edge)                              0.00       0.00
  clock network delay (ideal)                             0.00       0.00
  clock uncertainty                                       0.10       0.10
  RX_CLK_GEN/even_r_reg/CK (SDFFRQX2M)                    0.00       0.10 r
  library hold time                                      -0.29      -0.19
  data required time                                                -0.19
  --------------------------------------------------------------------------
  data required time                                                -0.19
  data arrival time                                                 -0.72
  --------------------------------------------------------------------------
  slack (MET)                                                        0.91


  Startpoint: TX_CLK_GEN/even_clk_reg
              (rising edge-triggered flip-flop clocked by UART_CLK)
  Endpoint: TX_CLK_GEN/even_r_reg
            (rising edge-triggered flip-flop clocked by UART_CLK)
  Path Group: UART_CLK
  Path Type: min

  Des/Clust/Port     Wire Load Model       Library
  ------------------------------------------------
  SYS_TOP            tsmc13_wl30           scmetro_tsmc_cl013g_rvt_ss_1p08v_125c

  Point                                                   Incr       Path
  --------------------------------------------------------------------------
  clock UART_CLK (rise edge)                              0.00       0.00
  clock network delay (ideal)                             0.00       0.00
  TX_CLK_GEN/even_clk_reg/CK (SDFFRQX2M)                  0.00       0.00 r
  TX_CLK_GEN/even_clk_reg/Q (SDFFRQX2M)                   0.72       0.72 f
  TX_CLK_GEN/even_r_reg/D (SDFFRQX2M)                     0.00       0.72 f
  data arrival time                                                  0.72

  clock UART_CLK (rise edge)                              0.00       0.00
  clock network delay (ideal)                             0.00       0.00
  clock uncertainty                                       0.10       0.10
  TX_CLK_GEN/even_r_reg/CK (SDFFRQX2M)                    0.00       0.10 r
  library hold time                                      -0.29      -0.19
  data required time                                                -0.19
  --------------------------------------------------------------------------
  data required time                                                -0.19
  data arrival time                                                 -0.72
  --------------------------------------------------------------------------
  slack (MET)                                                        0.91


  Startpoint: TX_CLK_GEN/cnt_odd_neg_reg[0]
              (falling edge-triggered flip-flop clocked by UART_CLK)
  Endpoint: TX_CLK_GEN/cnt_odd_neg_reg[1]
            (falling edge-triggered flip-flop clocked by UART_CLK)
  Path Group: UART_CLK
  Path Type: min

  Des/Clust/Port     Wire Load Model       Library
  ------------------------------------------------
  SYS_TOP            tsmc13_wl30           scmetro_tsmc_cl013g_rvt_ss_1p08v_125c

  Point                                                   Incr       Path
  --------------------------------------------------------------------------
  clock UART_CLK (fall edge)                            135.65     135.65
  clock network delay (ideal)                             0.00     135.65
  TX_CLK_GEN/cnt_odd_neg_reg[0]/CKN (SDFFNSRHX4M)         0.00     135.65 f
  TX_CLK_GEN/cnt_odd_neg_reg[0]/Q (SDFFNSRHX4M)           0.72     136.36 f
  TX_CLK_GEN/cnt_odd_neg_reg[1]/SI (SDFFNSRHX1M)          0.00     136.36 f
  data arrival time                                                136.36

  clock UART_CLK (fall edge)                            135.65     135.65
  clock network delay (ideal)                             0.00     135.65
  clock uncertainty                                       0.10     135.75
  TX_CLK_GEN/cnt_odd_neg_reg[1]/CKN (SDFFNSRHX1M)         0.00     135.75 f
  library hold time                                      -0.35     135.40
  data required time                                               135.40
  --------------------------------------------------------------------------
  data required time                                               135.40
  data arrival time                                               -136.36
  --------------------------------------------------------------------------
  slack (MET)                                                        0.96


  Startpoint: RX_CLK_GEN/even_clk_reg
              (rising edge-triggered flip-flop clocked by UART_CLK)
  Endpoint: RX_CLK_GEN/even_r_reg
            (rising edge-triggered flip-flop clocked by UART_CLK)
  Path Group: UART_CLK
  Path Type: min

  Des/Clust/Port     Wire Load Model       Library
  ------------------------------------------------
  SYS_TOP            tsmc13_wl30           scmetro_tsmc_cl013g_rvt_ss_1p08v_125c

  Point                                                   Incr       Path
  --------------------------------------------------------------------------
  clock UART_CLK (rise edge)                              0.00       0.00
  clock network delay (ideal)                             0.00       0.00
  RX_CLK_GEN/even_clk_reg/CK (SDFFRQX2M)                  0.00       0.00 r
  RX_CLK_GEN/even_clk_reg/Q (SDFFRQX2M)                   0.72       0.72 f
  RX_CLK_GEN/even_r_reg/SI (SDFFRQX2M)                    0.00       0.72 f
  data arrival time                                                  0.72

  clock UART_CLK (rise edge)                              0.00       0.00
  clock network delay (ideal)                             0.00       0.00
  clock uncertainty                                       0.10       0.10
  RX_CLK_GEN/even_r_reg/CK (SDFFRQX2M)                    0.00       0.10 r
  library hold time                                      -0.36      -0.26
  data required time                                                -0.26
  --------------------------------------------------------------------------
  data required time                                                -0.26
  data arrival time                                                 -0.72
  --------------------------------------------------------------------------
  slack (MET)                                                        0.98


  Startpoint: TX_CLK_GEN/even_clk_reg
              (rising edge-triggered flip-flop clocked by UART_CLK)
  Endpoint: TX_CLK_GEN/even_r_reg
            (rising edge-triggered flip-flop clocked by UART_CLK)
  Path Group: UART_CLK
  Path Type: min

  Des/Clust/Port     Wire Load Model       Library
  ------------------------------------------------
  SYS_TOP            tsmc13_wl30           scmetro_tsmc_cl013g_rvt_ss_1p08v_125c

  Point                                                   Incr       Path
  --------------------------------------------------------------------------
  clock UART_CLK (rise edge)                              0.00       0.00
  clock network delay (ideal)                             0.00       0.00
  TX_CLK_GEN/even_clk_reg/CK (SDFFRQX2M)                  0.00       0.00 r
  TX_CLK_GEN/even_clk_reg/Q (SDFFRQX2M)                   0.72       0.72 f
  TX_CLK_GEN/even_r_reg/SI (SDFFRQX2M)                    0.00       0.72 f
  data arrival time                                                  0.72

  clock UART_CLK (rise edge)                              0.00       0.00
  clock network delay (ideal)                             0.00       0.00
  clock uncertainty                                       0.10       0.10
  TX_CLK_GEN/even_r_reg/CK (SDFFRQX2M)                    0.00       0.10 r
  library hold time                                      -0.36      -0.26
  data required time                                                -0.26
  --------------------------------------------------------------------------
  data required time                                                -0.26
  data arrival time                                                 -0.72
  --------------------------------------------------------------------------
  slack (MET)                                                        0.98


  Startpoint: RX_CLK_GEN/cnt_odd_pos_reg[1]
              (rising edge-triggered flip-flop clocked by UART_CLK)
  Endpoint: RX_CLK_GEN/cnt_odd_pos_reg[2]
            (rising edge-triggered flip-flop clocked by UART_CLK)
  Path Group: UART_CLK
  Path Type: min

  Des/Clust/Port     Wire Load Model       Library
  ------------------------------------------------
  SYS_TOP            tsmc13_wl30           scmetro_tsmc_cl013g_rvt_ss_1p08v_125c

  Point                                                   Incr       Path
  --------------------------------------------------------------------------
  clock UART_CLK (rise edge)                              0.00       0.00
  clock network delay (ideal)                             0.00       0.00
  RX_CLK_GEN/cnt_odd_pos_reg[1]/CK (SDFFRQX2M)            0.00       0.00 r
  RX_CLK_GEN/cnt_odd_pos_reg[1]/Q (SDFFRQX2M)             0.73       0.73 f
  RX_CLK_GEN/cnt_odd_pos_reg[2]/SI (SDFFRQX4M)            0.00       0.73 f
  data arrival time                                                  0.73

  clock UART_CLK (rise edge)                              0.00       0.00
  clock network delay (ideal)                             0.00       0.00
  clock uncertainty                                       0.10       0.10
  RX_CLK_GEN/cnt_odd_pos_reg[2]/CK (SDFFRQX4M)            0.00       0.10 r
  library hold time                                      -0.36      -0.26
  data required time                                                -0.26
  --------------------------------------------------------------------------
  data required time                                                -0.26
  data arrival time                                                 -0.73
  --------------------------------------------------------------------------
  slack (MET)                                                        0.99


  Startpoint: TX_CLK_GEN/cnt_odd_pos_reg[2]
              (rising edge-triggered flip-flop clocked by UART_CLK)
  Endpoint: TX_CLK_GEN/cnt_odd_pos_reg[3]
            (rising edge-triggered flip-flop clocked by UART_CLK)
  Path Group: UART_CLK
  Path Type: min

  Des/Clust/Port     Wire Load Model       Library
  ------------------------------------------------
  SYS_TOP            tsmc13_wl30           scmetro_tsmc_cl013g_rvt_ss_1p08v_125c

  Point                                                   Incr       Path
  --------------------------------------------------------------------------
  clock UART_CLK (rise edge)                              0.00       0.00
  clock network delay (ideal)                             0.00       0.00
  TX_CLK_GEN/cnt_odd_pos_reg[2]/CK (SDFFRQX4M)            0.00       0.00 r
  TX_CLK_GEN/cnt_odd_pos_reg[2]/Q (SDFFRQX4M)             0.83       0.83 f
  TX_CLK_GEN/cnt_odd_pos_reg[3]/SI (SDFFRX4M)             0.00       0.83 f
  data arrival time                                                  0.83

  clock UART_CLK (rise edge)                              0.00       0.00
  clock network delay (ideal)                             0.00       0.00
  clock uncertainty                                       0.10       0.10
  TX_CLK_GEN/cnt_odd_pos_reg[3]/CK (SDFFRX4M)             0.00       0.10 r
  library hold time                                      -0.36      -0.26
  data required time                                                -0.26
  --------------------------------------------------------------------------
  data required time                                                -0.26
  data arrival time                                                 -0.83
  --------------------------------------------------------------------------
  slack (MET)                                                        1.08


  Startpoint: RST_SYNC_2/STAGES_REG_reg[1]
              (rising edge-triggered flip-flop clocked by UART_CLK)
  Endpoint: RX_CLK_GEN/cnt_even_reg[0]
            (rising edge-triggered flip-flop clocked by UART_CLK)
  Path Group: UART_CLK
  Path Type: min

  Des/Clust/Port     Wire Load Model       Library
  ------------------------------------------------
  SYS_TOP            tsmc13_wl30           scmetro_tsmc_cl013g_rvt_ss_1p08v_125c

  Point                                                   Incr       Path
  --------------------------------------------------------------------------
  clock UART_CLK (rise edge)                              0.00       0.00
  clock network delay (ideal)                             0.00       0.00
  RST_SYNC_2/STAGES_REG_reg[1]/CK (SDFFRQX2M)             0.00       0.00 r
  RST_SYNC_2/STAGES_REG_reg[1]/Q (SDFFRQX2M)              0.80       0.80 f
  RST_SYNC_2/SYNC_RST (RST_SYNC_NUM_STAGES2_test_1_test_1_test_1)
                                                          0.00       0.80 f
  RX_CLK_GEN/test_si (ClkDiv_WIDTH4_test_1_test_1_test_1)
                                                          0.00       0.80 f
  RX_CLK_GEN/cnt_even_reg[0]/SI (SDFFRQX2M)               0.00       0.80 f
  data arrival time                                                  0.80

  clock UART_CLK (rise edge)                              0.00       0.00
  clock network delay (ideal)                             0.00       0.00
  clock uncertainty                                       0.10       0.10
  RX_CLK_GEN/cnt_even_reg[0]/CK (SDFFRQX2M)               0.00       0.10 r
  library hold time                                      -0.39      -0.29
  data required time                                                -0.29
  --------------------------------------------------------------------------
  data required time                                                -0.29
  data arrival time                                                 -0.80
  --------------------------------------------------------------------------
  slack (MET)                                                        1.09


  Startpoint: TX_CLK_GEN/cnt_even_reg[2]
              (rising edge-triggered flip-flop clocked by UART_CLK)
  Endpoint: TX_CLK_GEN/cnt_even_reg[3]
            (rising edge-triggered flip-flop clocked by UART_CLK)
  Path Group: UART_CLK
  Path Type: min

  Des/Clust/Port     Wire Load Model       Library
  ------------------------------------------------
  SYS_TOP            tsmc13_wl30           scmetro_tsmc_cl013g_rvt_ss_1p08v_125c

  Point                                                   Incr       Path
  --------------------------------------------------------------------------
  clock UART_CLK (rise edge)                              0.00       0.00
  clock network delay (ideal)                             0.00       0.00
  TX_CLK_GEN/cnt_even_reg[2]/CK (SDFFRQX4M)               0.00       0.00 r
  TX_CLK_GEN/cnt_even_reg[2]/Q (SDFFRQX4M)                0.82       0.82 f
  TX_CLK_GEN/cnt_even_reg[3]/SI (SDFFRQX4M)               0.00       0.82 f
  data arrival time                                                  0.82

  clock UART_CLK (rise edge)                              0.00       0.00
  clock network delay (ideal)                             0.00       0.00
  clock uncertainty                                       0.10       0.10
  TX_CLK_GEN/cnt_even_reg[3]/CK (SDFFRQX4M)               0.00       0.10 r
  library hold time                                      -0.37      -0.27
  data required time                                                -0.27
  --------------------------------------------------------------------------
  data required time                                                -0.27
  data arrival time                                                 -0.82
  --------------------------------------------------------------------------
  slack (MET)                                                        1.09


  Startpoint: RX_CLK_GEN/even_r_reg
              (rising edge-triggered flip-flop clocked by UART_CLK)
  Endpoint: RX_CLK_GEN/outA_r_reg
            (rising edge-triggered flip-flop clocked by UART_CLK)
  Path Group: UART_CLK
  Path Type: min

  Des/Clust/Port     Wire Load Model       Library
  ------------------------------------------------
  SYS_TOP            tsmc13_wl30           scmetro_tsmc_cl013g_rvt_ss_1p08v_125c

  Point                                                   Incr       Path
  --------------------------------------------------------------------------
  clock UART_CLK (rise edge)                              0.00       0.00
  clock network delay (ideal)                             0.00       0.00
  RX_CLK_GEN/even_r_reg/CK (SDFFRQX2M)                    0.00       0.00 r
  RX_CLK_GEN/even_r_reg/Q (SDFFRQX2M)                     0.80       0.80 f
  RX_CLK_GEN/outA_r_reg/SI (SDFFRQX2M)                    0.00       0.80 f
  data arrival time                                                  0.80

  clock UART_CLK (rise edge)                              0.00       0.00
  clock network delay (ideal)                             0.00       0.00
  clock uncertainty                                       0.10       0.10
  RX_CLK_GEN/outA_r_reg/CK (SDFFRQX2M)                    0.00       0.10 r
  library hold time                                      -0.39      -0.29
  data required time                                                -0.29
  --------------------------------------------------------------------------
  data required time                                                -0.29
  data arrival time                                                 -0.80
  --------------------------------------------------------------------------
  slack (MET)                                                        1.09


  Startpoint: TX_CLK_GEN/even_r_reg
              (rising edge-triggered flip-flop clocked by UART_CLK)
  Endpoint: TX_CLK_GEN/outA_r_reg
            (rising edge-triggered flip-flop clocked by UART_CLK)
  Path Group: UART_CLK
  Path Type: min

  Des/Clust/Port     Wire Load Model       Library
  ------------------------------------------------
  SYS_TOP            tsmc13_wl30           scmetro_tsmc_cl013g_rvt_ss_1p08v_125c

  Point                                                   Incr       Path
  --------------------------------------------------------------------------
  clock UART_CLK (rise edge)                              0.00       0.00
  clock network delay (ideal)                             0.00       0.00
  TX_CLK_GEN/even_r_reg/CK (SDFFRQX2M)                    0.00       0.00 r
  TX_CLK_GEN/even_r_reg/Q (SDFFRQX2M)                     0.80       0.80 f
  TX_CLK_GEN/outA_r_reg/SI (SDFFRQX2M)                    0.00       0.80 f
  data arrival time                                                  0.80

  clock UART_CLK (rise edge)                              0.00       0.00
  clock network delay (ideal)                             0.00       0.00
  clock uncertainty                                       0.10       0.10
  TX_CLK_GEN/outA_r_reg/CK (SDFFRQX2M)                    0.00       0.10 r
  library hold time                                      -0.39      -0.29
  data required time                                                -0.29
  --------------------------------------------------------------------------
  data required time                                                -0.29
  data arrival time                                                 -0.80
  --------------------------------------------------------------------------
  slack (MET)                                                        1.09


  Startpoint: TX_CLK_GEN/cnt_odd_pos_reg[5]
              (rising edge-triggered flip-flop clocked by UART_CLK)
  Endpoint: TX_CLK_GEN/cnt_odd_pos_reg[6]
            (rising edge-triggered flip-flop clocked by UART_CLK)
  Path Group: UART_CLK
  Path Type: min

  Des/Clust/Port     Wire Load Model       Library
  ------------------------------------------------
  SYS_TOP            tsmc13_wl30           scmetro_tsmc_cl013g_rvt_ss_1p08v_125c

  Point                                                   Incr       Path
  --------------------------------------------------------------------------
  clock UART_CLK (rise edge)                              0.00       0.00
  clock network delay (ideal)                             0.00       0.00
  TX_CLK_GEN/cnt_odd_pos_reg[5]/CK (SDFFRQX4M)            0.00       0.00 r
  TX_CLK_GEN/cnt_odd_pos_reg[5]/Q (SDFFRQX4M)             0.82       0.82 f
  TX_CLK_GEN/cnt_odd_pos_reg[6]/SI (SDFFRQX4M)            0.00       0.82 f
  data arrival time                                                  0.82

  clock UART_CLK (rise edge)                              0.00       0.00
  clock network delay (ideal)                             0.00       0.00
  clock uncertainty                                       0.10       0.10
  TX_CLK_GEN/cnt_odd_pos_reg[6]/CK (SDFFRQX4M)            0.00       0.10 r
  library hold time                                      -0.37      -0.27
  data required time                                                -0.27
  --------------------------------------------------------------------------
  data required time                                                -0.27
  data arrival time                                                 -0.82
  --------------------------------------------------------------------------
  slack (MET)                                                        1.09


  Startpoint: TX_CLK_GEN/cnt_odd_pos_reg[0]
              (rising edge-triggered flip-flop clocked by UART_CLK)
  Endpoint: TX_CLK_GEN/cnt_odd_pos_reg[1]
            (rising edge-triggered flip-flop clocked by UART_CLK)
  Path Group: UART_CLK
  Path Type: min

  Des/Clust/Port     Wire Load Model       Library
  ------------------------------------------------
  SYS_TOP            tsmc13_wl30           scmetro_tsmc_cl013g_rvt_ss_1p08v_125c

  Point                                                   Incr       Path
  --------------------------------------------------------------------------
  clock UART_CLK (rise edge)                              0.00       0.00
  clock network delay (ideal)                             0.00       0.00
  TX_CLK_GEN/cnt_odd_pos_reg[0]/CK (SDFFRQX4M)            0.00       0.00 r
  TX_CLK_GEN/cnt_odd_pos_reg[0]/Q (SDFFRQX4M)             0.82       0.82 f
  TX_CLK_GEN/cnt_odd_pos_reg[1]/SI (SDFFRX2M)             0.00       0.82 f
  data arrival time                                                  0.82

  clock UART_CLK (rise edge)                              0.00       0.00
  clock network delay (ideal)                             0.00       0.00
  clock uncertainty                                       0.10       0.10
  TX_CLK_GEN/cnt_odd_pos_reg[1]/CK (SDFFRX2M)             0.00       0.10 r
  library hold time                                      -0.37      -0.27
  data required time                                                -0.27
  --------------------------------------------------------------------------
  data required time                                                -0.27
  data arrival time                                                 -0.82
  --------------------------------------------------------------------------
  slack (MET)                                                        1.09


  Startpoint: TX_CLK_GEN/cnt_odd_pos_reg[4]
              (rising edge-triggered flip-flop clocked by UART_CLK)
  Endpoint: TX_CLK_GEN/cnt_odd_pos_reg[5]
            (rising edge-triggered flip-flop clocked by UART_CLK)
  Path Group: UART_CLK
  Path Type: min

  Des/Clust/Port     Wire Load Model       Library
  ------------------------------------------------
  SYS_TOP            tsmc13_wl30           scmetro_tsmc_cl013g_rvt_ss_1p08v_125c

  Point                                                   Incr       Path
  --------------------------------------------------------------------------
  clock UART_CLK (rise edge)                              0.00       0.00
  clock network delay (ideal)                             0.00       0.00
  TX_CLK_GEN/cnt_odd_pos_reg[4]/CK (SDFFRQX4M)            0.00       0.00 r
  TX_CLK_GEN/cnt_odd_pos_reg[4]/Q (SDFFRQX4M)             0.83       0.83 f
  TX_CLK_GEN/cnt_odd_pos_reg[5]/SI (SDFFRQX4M)            0.00       0.83 f
  data arrival time                                                  0.83

  clock UART_CLK (rise edge)                              0.00       0.00
  clock network delay (ideal)                             0.00       0.00
  clock uncertainty                                       0.10       0.10
  TX_CLK_GEN/cnt_odd_pos_reg[5]/CK (SDFFRQX4M)            0.00       0.10 r
  library hold time                                      -0.37      -0.27
  data required time                                                -0.27
  --------------------------------------------------------------------------
  data required time                                                -0.27
  data arrival time                                                 -0.83
  --------------------------------------------------------------------------
  slack (MET)                                                        1.10


  Startpoint: TX_CLK_GEN/cnt_even_reg[4]
              (rising edge-triggered flip-flop clocked by UART_CLK)
  Endpoint: TX_CLK_GEN/cnt_even_reg[5]
            (rising edge-triggered flip-flop clocked by UART_CLK)
  Path Group: UART_CLK
  Path Type: min

  Des/Clust/Port     Wire Load Model       Library
  ------------------------------------------------
  SYS_TOP            tsmc13_wl30           scmetro_tsmc_cl013g_rvt_ss_1p08v_125c

  Point                                                   Incr       Path
  --------------------------------------------------------------------------
  clock UART_CLK (rise edge)                              0.00       0.00
  clock network delay (ideal)                             0.00       0.00
  TX_CLK_GEN/cnt_even_reg[4]/CK (SDFFRQX4M)               0.00       0.00 r
  TX_CLK_GEN/cnt_even_reg[4]/Q (SDFFRQX4M)                0.83       0.83 f
  TX_CLK_GEN/cnt_even_reg[5]/SI (SDFFRX2M)                0.00       0.83 f
  data arrival time                                                  0.83

  clock UART_CLK (rise edge)                              0.00       0.00
  clock network delay (ideal)                             0.00       0.00
  clock uncertainty                                       0.10       0.10
  TX_CLK_GEN/cnt_even_reg[5]/CK (SDFFRX2M)                0.00       0.10 r
  library hold time                                      -0.37      -0.27
  data required time                                                -0.27
  --------------------------------------------------------------------------
  data required time                                                -0.27
  data arrival time                                                 -0.83
  --------------------------------------------------------------------------
  slack (MET)                                                        1.10


  Startpoint: RX_CLK_GEN/cnt_even_reg[2]
              (rising edge-triggered flip-flop clocked by UART_CLK)
  Endpoint: RX_CLK_GEN/cnt_even_reg[3]
            (rising edge-triggered flip-flop clocked by UART_CLK)
  Path Group: UART_CLK
  Path Type: min

  Des/Clust/Port     Wire Load Model       Library
  ------------------------------------------------
  SYS_TOP            tsmc13_wl30           scmetro_tsmc_cl013g_rvt_ss_1p08v_125c

  Point                                                   Incr       Path
  --------------------------------------------------------------------------
  clock UART_CLK (rise edge)                              0.00       0.00
  clock network delay (ideal)                             0.00       0.00
  RX_CLK_GEN/cnt_even_reg[2]/CK (SDFFRQX2M)               0.00       0.00 r
  RX_CLK_GEN/cnt_even_reg[2]/Q (SDFFRQX2M)                0.81       0.81 f
  RX_CLK_GEN/cnt_even_reg[3]/SI (SDFFRQX2M)               0.00       0.81 f
  data arrival time                                                  0.81

  clock UART_CLK (rise edge)                              0.00       0.00
  clock network delay (ideal)                             0.00       0.00
  clock uncertainty                                       0.10       0.10
  RX_CLK_GEN/cnt_even_reg[3]/CK (SDFFRQX2M)               0.00       0.10 r
  library hold time                                      -0.39      -0.29
  data required time                                                -0.29
  --------------------------------------------------------------------------
  data required time                                                -0.29
  data arrival time                                                 -0.81
  --------------------------------------------------------------------------
  slack (MET)                                                        1.10


  Startpoint: RX_CLK_GEN/cnt_odd_pos_reg[2]
              (rising edge-triggered flip-flop clocked by UART_CLK)
  Endpoint: RX_CLK_GEN/cnt_odd_pos_reg[3]
            (rising edge-triggered flip-flop clocked by UART_CLK)
  Path Group: UART_CLK
  Path Type: min

  Des/Clust/Port     Wire Load Model       Library
  ------------------------------------------------
  SYS_TOP            tsmc13_wl30           scmetro_tsmc_cl013g_rvt_ss_1p08v_125c

  Point                                                   Incr       Path
  --------------------------------------------------------------------------
  clock UART_CLK (rise edge)                              0.00       0.00
  clock network delay (ideal)                             0.00       0.00
  RX_CLK_GEN/cnt_odd_pos_reg[2]/CK (SDFFRQX4M)            0.00       0.00 r
  RX_CLK_GEN/cnt_odd_pos_reg[2]/Q (SDFFRQX4M)             0.82       0.82 f
  RX_CLK_GEN/cnt_odd_pos_reg[3]/SI (SDFFRQX2M)            0.00       0.82 f
  data arrival time                                                  0.82

  clock UART_CLK (rise edge)                              0.00       0.00
  clock network delay (ideal)                             0.00       0.00
  clock uncertainty                                       0.10       0.10
  RX_CLK_GEN/cnt_odd_pos_reg[3]/CK (SDFFRQX2M)            0.00       0.10 r
  library hold time                                      -0.38      -0.28
  data required time                                                -0.28
  --------------------------------------------------------------------------
  data required time                                                -0.28
  data arrival time                                                 -0.82
  --------------------------------------------------------------------------
  slack (MET)                                                        1.10


  Startpoint: TX_CLK_GEN/cnt_odd_pos_reg[3]
              (rising edge-triggered flip-flop clocked by UART_CLK)
  Endpoint: TX_CLK_GEN/cnt_odd_pos_reg[4]
            (rising edge-triggered flip-flop clocked by UART_CLK)
  Path Group: UART_CLK
  Path Type: min

  Des/Clust/Port     Wire Load Model       Library
  ------------------------------------------------
  SYS_TOP            tsmc13_wl30           scmetro_tsmc_cl013g_rvt_ss_1p08v_125c

  Point                                                   Incr       Path
  --------------------------------------------------------------------------
  clock UART_CLK (rise edge)                              0.00       0.00
  clock network delay (ideal)                             0.00       0.00
  TX_CLK_GEN/cnt_odd_pos_reg[3]/CK (SDFFRX4M)             0.00       0.00 r
  TX_CLK_GEN/cnt_odd_pos_reg[3]/Q (SDFFRX4M)              0.85       0.85 f
  TX_CLK_GEN/cnt_odd_pos_reg[4]/SI (SDFFRQX4M)            0.00       0.85 f
  data arrival time                                                  0.85

  clock UART_CLK (rise edge)                              0.00       0.00
  clock network delay (ideal)                             0.00       0.00
  clock uncertainty                                       0.10       0.10
  TX_CLK_GEN/cnt_odd_pos_reg[4]/CK (SDFFRQX4M)            0.00       0.10 r
  library hold time                                      -0.36      -0.26
  data required time                                                -0.26
  --------------------------------------------------------------------------
  data required time                                                -0.26
  data arrival time                                                 -0.85
  --------------------------------------------------------------------------
  slack (MET)                                                        1.11


  Startpoint: RX_CLK_GEN/cnt_odd_pos_reg[0]
              (rising edge-triggered flip-flop clocked by UART_CLK)
  Endpoint: RX_CLK_GEN/cnt_odd_pos_reg[1]
            (rising edge-triggered flip-flop clocked by UART_CLK)
  Path Group: UART_CLK
  Path Type: min

  Des/Clust/Port     Wire Load Model       Library
  ------------------------------------------------
  SYS_TOP            tsmc13_wl30           scmetro_tsmc_cl013g_rvt_ss_1p08v_125c

  Point                                                   Incr       Path
  --------------------------------------------------------------------------
  clock UART_CLK (rise edge)                              0.00       0.00
  clock network delay (ideal)                             0.00       0.00
  RX_CLK_GEN/cnt_odd_pos_reg[0]/CK (SDFFRQX2M)            0.00       0.00 r
  RX_CLK_GEN/cnt_odd_pos_reg[0]/Q (SDFFRQX2M)             0.82       0.82 f
  RX_CLK_GEN/cnt_odd_pos_reg[1]/SI (SDFFRQX2M)            0.00       0.82 f
  data arrival time                                                  0.82

  clock UART_CLK (rise edge)                              0.00       0.00
  clock network delay (ideal)                             0.00       0.00
  clock uncertainty                                       0.10       0.10
  RX_CLK_GEN/cnt_odd_pos_reg[1]/CK (SDFFRQX2M)            0.00       0.10 r
  library hold time                                      -0.39      -0.29
  data required time                                                -0.29
  --------------------------------------------------------------------------
  data required time                                                -0.29
  data arrival time                                                 -0.82
  --------------------------------------------------------------------------
  slack (MET)                                                        1.11


  Startpoint: TX_CLK_GEN/cnt_odd_pos_reg[6]
              (rising edge-triggered flip-flop clocked by UART_CLK)
  Endpoint: TX_CLK_GEN/cnt_odd_pos_reg[7]
            (rising edge-triggered flip-flop clocked by UART_CLK)
  Path Group: UART_CLK
  Path Type: min

  Des/Clust/Port     Wire Load Model       Library
  ------------------------------------------------
  SYS_TOP            tsmc13_wl30           scmetro_tsmc_cl013g_rvt_ss_1p08v_125c

  Point                                                   Incr       Path
  --------------------------------------------------------------------------
  clock UART_CLK (rise edge)                              0.00       0.00
  clock network delay (ideal)                             0.00       0.00
  TX_CLK_GEN/cnt_odd_pos_reg[6]/CK (SDFFRQX4M)            0.00       0.00 r
  TX_CLK_GEN/cnt_odd_pos_reg[6]/Q (SDFFRQX4M)             0.82       0.82 f
  TX_CLK_GEN/cnt_odd_pos_reg[7]/SI (SDFFRX1M)             0.00       0.82 f
  data arrival time                                                  0.82

  clock UART_CLK (rise edge)                              0.00       0.00
  clock network delay (ideal)                             0.00       0.00
  clock uncertainty                                       0.10       0.10
  TX_CLK_GEN/cnt_odd_pos_reg[7]/CK (SDFFRX1M)             0.00       0.10 r
  library hold time                                      -0.40      -0.30
  data required time                                                -0.30
  --------------------------------------------------------------------------
  data required time                                                -0.30
  data arrival time                                                 -0.82
  --------------------------------------------------------------------------
  slack (MET)                                                        1.12


  Startpoint: TX_CLK_GEN/cnt_even_reg[3]
              (rising edge-triggered flip-flop clocked by UART_CLK)
  Endpoint: TX_CLK_GEN/cnt_even_reg[4]
            (rising edge-triggered flip-flop clocked by UART_CLK)
  Path Group: UART_CLK
  Path Type: min

  Des/Clust/Port     Wire Load Model       Library
  ------------------------------------------------
  SYS_TOP            tsmc13_wl30           scmetro_tsmc_cl013g_rvt_ss_1p08v_125c

  Point                                                   Incr       Path
  --------------------------------------------------------------------------
  clock UART_CLK (rise edge)                              0.00       0.00
  clock network delay (ideal)                             0.00       0.00
  TX_CLK_GEN/cnt_even_reg[3]/CK (SDFFRQX4M)               0.00       0.00 r
  TX_CLK_GEN/cnt_even_reg[3]/Q (SDFFRQX4M)                0.86       0.86 f
  TX_CLK_GEN/cnt_even_reg[4]/SI (SDFFRQX4M)               0.00       0.86 f
  data arrival time                                                  0.86

  clock UART_CLK (rise edge)                              0.00       0.00
  clock network delay (ideal)                             0.00       0.00
  clock uncertainty                                       0.10       0.10
  TX_CLK_GEN/cnt_even_reg[4]/CK (SDFFRQX4M)               0.00       0.10 r
  library hold time                                      -0.38      -0.28
  data required time                                                -0.28
  --------------------------------------------------------------------------
  data required time                                                -0.28
  data arrival time                                                 -0.86
  --------------------------------------------------------------------------
  slack (MET)                                                        1.15


  Startpoint: TX_CLK_GEN/cnt_even_reg[0]
              (rising edge-triggered flip-flop clocked by UART_CLK)
  Endpoint: TX_CLK_GEN/cnt_even_reg[1]
            (rising edge-triggered flip-flop clocked by UART_CLK)
  Path Group: UART_CLK
  Path Type: min

  Des/Clust/Port     Wire Load Model       Library
  ------------------------------------------------
  SYS_TOP            tsmc13_wl30           scmetro_tsmc_cl013g_rvt_ss_1p08v_125c

  Point                                                   Incr       Path
  --------------------------------------------------------------------------
  clock UART_CLK (rise edge)                              0.00       0.00
  clock network delay (ideal)                             0.00       0.00
  TX_CLK_GEN/cnt_even_reg[0]/CK (SDFFRQX4M)               0.00       0.00 r
  TX_CLK_GEN/cnt_even_reg[0]/Q (SDFFRQX4M)                0.87       0.87 f
  TX_CLK_GEN/cnt_even_reg[1]/SI (SDFFRQX4M)               0.00       0.87 f
  data arrival time                                                  0.87

  clock UART_CLK (rise edge)                              0.00       0.00
  clock network delay (ideal)                             0.00       0.00
  clock uncertainty                                       0.10       0.10
  TX_CLK_GEN/cnt_even_reg[1]/CK (SDFFRQX4M)               0.00       0.10 r
  library hold time                                      -0.38      -0.28
  data required time                                                -0.28
  --------------------------------------------------------------------------
  data required time                                                -0.28
  data arrival time                                                 -0.87
  --------------------------------------------------------------------------
  slack (MET)                                                        1.15


  Startpoint: RX_CLK_GEN/cnt_odd_pos_reg[1]
              (rising edge-triggered flip-flop clocked by UART_CLK)
  Endpoint: RX_CLK_GEN/cnt_odd_pos_reg[2]
            (rising edge-triggered flip-flop clocked by UART_CLK)
  Path Group: UART_CLK
  Path Type: min

  Des/Clust/Port     Wire Load Model       Library
  ------------------------------------------------
  SYS_TOP            tsmc13_wl30           scmetro_tsmc_cl013g_rvt_ss_1p08v_125c

  Point                                                   Incr       Path
  --------------------------------------------------------------------------
  clock UART_CLK (rise edge)                              0.00       0.00
  clock network delay (ideal)                             0.00       0.00
  RX_CLK_GEN/cnt_odd_pos_reg[1]/CK (SDFFRQX2M)            0.00       0.00 r
  RX_CLK_GEN/cnt_odd_pos_reg[1]/Q (SDFFRQX2M)             0.73       0.73 f
  RX_CLK_GEN/U133/Y (CLKMX2X2M)                           0.49       1.22 f
  RX_CLK_GEN/cnt_odd_pos_reg[2]/D (SDFFRQX4M)             0.00       1.22 f
  data arrival time                                                  1.22

  clock UART_CLK (rise edge)                              0.00       0.00
  clock network delay (ideal)                             0.00       0.00
  clock uncertainty                                       0.10       0.10
  RX_CLK_GEN/cnt_odd_pos_reg[2]/CK (SDFFRQX4M)            0.00       0.10 r
  library hold time                                      -0.26      -0.16
  data required time                                                -0.16
  --------------------------------------------------------------------------
  data required time                                                -0.16
  data arrival time                                                 -1.22
  --------------------------------------------------------------------------
  slack (MET)                                                        1.38


  Startpoint: TX_CLK_GEN/cnt_odd_neg_reg[0]
              (falling edge-triggered flip-flop clocked by UART_CLK)
  Endpoint: TX_CLK_GEN/cnt_odd_neg_reg[1]
            (falling edge-triggered flip-flop clocked by UART_CLK)
  Path Group: UART_CLK
  Path Type: min

  Des/Clust/Port     Wire Load Model       Library
  ------------------------------------------------
  SYS_TOP            tsmc13_wl30           scmetro_tsmc_cl013g_rvt_ss_1p08v_125c

  Point                                                   Incr       Path
  --------------------------------------------------------------------------
  clock UART_CLK (fall edge)                            135.65     135.65
  clock network delay (ideal)                             0.00     135.65
  TX_CLK_GEN/cnt_odd_neg_reg[0]/CKN (SDFFNSRHX4M)         0.00     135.65 f
  TX_CLK_GEN/cnt_odd_neg_reg[0]/Q (SDFFNSRHX4M)           0.72     136.36 f
  TX_CLK_GEN/U247/Y (CLKMX2X2M)                           0.49     136.85 f
  TX_CLK_GEN/cnt_odd_neg_reg[1]/D (SDFFNSRHX1M)           0.00     136.85 f
  data arrival time                                                136.85

  clock UART_CLK (fall edge)                            135.65     135.65
  clock network delay (ideal)                             0.00     135.65
  clock uncertainty                                       0.10     135.75
  TX_CLK_GEN/cnt_odd_neg_reg[1]/CKN (SDFFNSRHX1M)         0.00     135.75 f
  library hold time                                      -0.28     135.46
  data required time                                               135.46
  --------------------------------------------------------------------------
  data required time                                               135.46
  data arrival time                                               -136.85
  --------------------------------------------------------------------------
  slack (MET)                                                        1.39


  Startpoint: TX_CLK_GEN/cnt_odd_pos_reg[2]
              (rising edge-triggered flip-flop clocked by UART_CLK)
  Endpoint: TX_CLK_GEN/cnt_odd_pos_reg[3]
            (rising edge-triggered flip-flop clocked by UART_CLK)
  Path Group: UART_CLK
  Path Type: min

  Des/Clust/Port     Wire Load Model       Library
  ------------------------------------------------
  SYS_TOP            tsmc13_wl30           scmetro_tsmc_cl013g_rvt_ss_1p08v_125c

  Point                                                   Incr       Path
  --------------------------------------------------------------------------
  clock UART_CLK (rise edge)                              0.00       0.00
  clock network delay (ideal)                             0.00       0.00
  TX_CLK_GEN/cnt_odd_pos_reg[2]/CK (SDFFRQX4M)            0.00       0.00 r
  TX_CLK_GEN/cnt_odd_pos_reg[2]/Q (SDFFRQX4M)             0.83       0.83 f
  TX_CLK_GEN/U237/Y (CLKMX2X2M)                           0.51       1.33 f
  TX_CLK_GEN/cnt_odd_pos_reg[3]/D (SDFFRX4M)              0.00       1.33 f
  data arrival time                                                  1.33

  clock UART_CLK (rise edge)                              0.00       0.00
  clock network delay (ideal)                             0.00       0.00
  clock uncertainty                                       0.10       0.10
  TX_CLK_GEN/cnt_odd_pos_reg[3]/CK (SDFFRX4M)             0.00       0.10 r
  library hold time                                      -0.19      -0.09
  data required time                                                -0.09
  --------------------------------------------------------------------------
  data required time                                                -0.09
  data arrival time                                                 -1.33
  --------------------------------------------------------------------------
  slack (MET)                                                        1.42


  Startpoint: TX_CLK_GEN/cnt_even_reg[1]
              (rising edge-triggered flip-flop clocked by UART_CLK)
  Endpoint: TX_CLK_GEN/cnt_even_reg[2]
            (rising edge-triggered flip-flop clocked by UART_CLK)
  Path Group: UART_CLK
  Path Type: min

  Des/Clust/Port     Wire Load Model       Library
  ------------------------------------------------
  SYS_TOP            tsmc13_wl30           scmetro_tsmc_cl013g_rvt_ss_1p08v_125c

  Point                                                   Incr       Path
  --------------------------------------------------------------------------
  clock UART_CLK (rise edge)                              0.00       0.00
  clock network delay (ideal)                             0.00       0.00
  TX_CLK_GEN/cnt_even_reg[1]/CK (SDFFRQX4M)               0.00       0.00 r
  TX_CLK_GEN/cnt_even_reg[1]/Q (SDFFRQX4M)                0.78       0.78 f
  TX_CLK_GEN/U38/Y (BUFX2M)                               0.43       1.21 f
  TX_CLK_GEN/cnt_even_reg[2]/SI (SDFFRQX4M)               0.00       1.21 f
  data arrival time                                                  1.21

  clock UART_CLK (rise edge)                              0.00       0.00
  clock network delay (ideal)                             0.00       0.00
  clock uncertainty                                       0.10       0.10
  TX_CLK_GEN/cnt_even_reg[2]/CK (SDFFRQX4M)               0.00       0.10 r
  library hold time                                      -0.32      -0.22
  data required time                                                -0.22
  --------------------------------------------------------------------------
  data required time                                                -0.22
  data arrival time                                                 -1.21
  --------------------------------------------------------------------------
  slack (MET)                                                        1.43


  Startpoint: RST_SYNC_2/STAGES_REG_reg[1]
              (rising edge-triggered flip-flop clocked by UART_CLK)
  Endpoint: RX_CLK_GEN/cnt_even_reg[0]
            (rising edge-triggered flip-flop clocked by UART_CLK)
  Path Group: UART_CLK
  Path Type: min

  Des/Clust/Port     Wire Load Model       Library
  ------------------------------------------------
  SYS_TOP            tsmc13_wl30           scmetro_tsmc_cl013g_rvt_ss_1p08v_125c

  Point                                                   Incr       Path
  --------------------------------------------------------------------------
  clock UART_CLK (rise edge)                              0.00       0.00
  clock network delay (ideal)                             0.00       0.00
  RST_SYNC_2/STAGES_REG_reg[1]/CK (SDFFRQX2M)             0.00       0.00 r
  RST_SYNC_2/STAGES_REG_reg[1]/Q (SDFFRQX2M)              0.80       0.80 f
  RST_SYNC_2/SYNC_RST (RST_SYNC_NUM_STAGES2_test_1_test_1_test_1)
                                                          0.00       0.80 f
  RX_CLK_GEN/test_si (ClkDiv_WIDTH4_test_1_test_1_test_1)
                                                          0.00       0.80 f
  RX_CLK_GEN/U143/Y (CLKMX2X2M)                           0.51       1.31 f
  RX_CLK_GEN/cnt_even_reg[0]/D (SDFFRQX2M)                0.00       1.31 f
  data arrival time                                                  1.31

  clock UART_CLK (rise edge)                              0.00       0.00
  clock network delay (ideal)                             0.00       0.00
  clock uncertainty                                       0.10       0.10
  RX_CLK_GEN/cnt_even_reg[0]/CK (SDFFRQX2M)               0.00       0.10 r
  library hold time                                      -0.27      -0.17
  data required time                                                -0.17
  --------------------------------------------------------------------------
  data required time                                                -0.17
  data arrival time                                                 -1.31
  --------------------------------------------------------------------------
  slack (MET)                                                        1.48


  Startpoint: RX_CLK_GEN/even_r_reg
              (rising edge-triggered flip-flop clocked by UART_CLK)
  Endpoint: RX_CLK_GEN/outA_r_reg
            (rising edge-triggered flip-flop clocked by UART_CLK)
  Path Group: UART_CLK
  Path Type: min

  Des/Clust/Port     Wire Load Model       Library
  ------------------------------------------------
  SYS_TOP            tsmc13_wl30           scmetro_tsmc_cl013g_rvt_ss_1p08v_125c

  Point                                                   Incr       Path
  --------------------------------------------------------------------------
  clock UART_CLK (rise edge)                              0.00       0.00
  clock network delay (ideal)                             0.00       0.00
  RX_CLK_GEN/even_r_reg/CK (SDFFRQX2M)                    0.00       0.00 r
  RX_CLK_GEN/even_r_reg/Q (SDFFRQX2M)                     0.80       0.80 f
  RX_CLK_GEN/U135/Y (CLKMX2X2M)                           0.51       1.32 f
  RX_CLK_GEN/outA_r_reg/D (SDFFRQX2M)                     0.00       1.32 f
  data arrival time                                                  1.32

  clock UART_CLK (rise edge)                              0.00       0.00
  clock network delay (ideal)                             0.00       0.00
  clock uncertainty                                       0.10       0.10
  RX_CLK_GEN/outA_r_reg/CK (SDFFRQX2M)                    0.00       0.10 r
  library hold time                                      -0.27      -0.17
  data required time                                                -0.17
  --------------------------------------------------------------------------
  data required time                                                -0.17
  data arrival time                                                 -1.32
  --------------------------------------------------------------------------
  slack (MET)                                                        1.48


  Startpoint: TX_CLK_GEN/even_r_reg
              (rising edge-triggered flip-flop clocked by UART_CLK)
  Endpoint: TX_CLK_GEN/outA_r_reg
            (rising edge-triggered flip-flop clocked by UART_CLK)
  Path Group: UART_CLK
  Path Type: min

  Des/Clust/Port     Wire Load Model       Library
  ------------------------------------------------
  SYS_TOP            tsmc13_wl30           scmetro_tsmc_cl013g_rvt_ss_1p08v_125c

  Point                                                   Incr       Path
  --------------------------------------------------------------------------
  clock UART_CLK (rise edge)                              0.00       0.00
  clock network delay (ideal)                             0.00       0.00
  TX_CLK_GEN/even_r_reg/CK (SDFFRQX2M)                    0.00       0.00 r
  TX_CLK_GEN/even_r_reg/Q (SDFFRQX2M)                     0.80       0.80 f
  TX_CLK_GEN/U235/Y (CLKMX2X2M)                           0.51       1.32 f
  TX_CLK_GEN/outA_r_reg/D (SDFFRQX2M)                     0.00       1.32 f
  data arrival time                                                  1.32

  clock UART_CLK (rise edge)                              0.00       0.00
  clock network delay (ideal)                             0.00       0.00
  clock uncertainty                                       0.10       0.10
  TX_CLK_GEN/outA_r_reg/CK (SDFFRQX2M)                    0.00       0.10 r
  library hold time                                      -0.27      -0.17
  data required time                                                -0.17
  --------------------------------------------------------------------------
  data required time                                                -0.17
  data arrival time                                                 -1.32
  --------------------------------------------------------------------------
  slack (MET)                                                        1.48


  Startpoint: TX_CLK_GEN/cnt_odd_pos_reg[4]
              (rising edge-triggered flip-flop clocked by UART_CLK)
  Endpoint: TX_CLK_GEN/cnt_odd_pos_reg[5]
            (rising edge-triggered flip-flop clocked by UART_CLK)
  Path Group: UART_CLK
  Path Type: min

  Des/Clust/Port     Wire Load Model       Library
  ------------------------------------------------
  SYS_TOP            tsmc13_wl30           scmetro_tsmc_cl013g_rvt_ss_1p08v_125c

  Point                                                   Incr       Path
  --------------------------------------------------------------------------
  clock UART_CLK (rise edge)                              0.00       0.00
  clock network delay (ideal)                             0.00       0.00
  TX_CLK_GEN/cnt_odd_pos_reg[4]/CK (SDFFRQX4M)            0.00       0.00 r
  TX_CLK_GEN/cnt_odd_pos_reg[4]/Q (SDFFRQX4M)             0.83       0.83 f
  TX_CLK_GEN/U225/Y (CLKMX2X2M)                           0.50       1.33 f
  TX_CLK_GEN/cnt_odd_pos_reg[5]/D (SDFFRQX4M)             0.00       1.33 f
  data arrival time                                                  1.33

  clock UART_CLK (rise edge)                              0.00       0.00
  clock network delay (ideal)                             0.00       0.00
  clock uncertainty                                       0.10       0.10
  TX_CLK_GEN/cnt_odd_pos_reg[5]/CK (SDFFRQX4M)            0.00       0.10 r
  library hold time                                      -0.26      -0.16
  data required time                                                -0.16
  --------------------------------------------------------------------------
  data required time                                                -0.16
  data arrival time                                                 -1.33
  --------------------------------------------------------------------------
  slack (MET)                                                        1.49


  Startpoint: TX_CLK_GEN/cnt_odd_pos_reg[1]
              (rising edge-triggered flip-flop clocked by UART_CLK)
  Endpoint: TX_CLK_GEN/cnt_odd_pos_reg[2]
            (rising edge-triggered flip-flop clocked by UART_CLK)
  Path Group: UART_CLK
  Path Type: min

  Des/Clust/Port     Wire Load Model       Library
  ------------------------------------------------
  SYS_TOP            tsmc13_wl30           scmetro_tsmc_cl013g_rvt_ss_1p08v_125c

  Point                                                   Incr       Path
  --------------------------------------------------------------------------
  clock UART_CLK (rise edge)                              0.00       0.00
  clock network delay (ideal)                             0.00       0.00
  TX_CLK_GEN/cnt_odd_pos_reg[1]/CK (SDFFRX2M)             0.00       0.00 r
  TX_CLK_GEN/cnt_odd_pos_reg[1]/Q (SDFFRX2M)              0.82       0.82 f
  TX_CLK_GEN/U229/Y (CLKMX2X2M)                           0.51       1.33 f
  TX_CLK_GEN/cnt_odd_pos_reg[2]/D (SDFFRQX4M)             0.00       1.33 f
  data arrival time                                                  1.33

  clock UART_CLK (rise edge)                              0.00       0.00
  clock network delay (ideal)                             0.00       0.00
  clock uncertainty                                       0.10       0.10
  TX_CLK_GEN/cnt_odd_pos_reg[2]/CK (SDFFRQX4M)            0.00       0.10 r
  library hold time                                      -0.26      -0.16
  data required time                                                -0.16
  --------------------------------------------------------------------------
  data required time                                                -0.16
  data arrival time                                                 -1.33
  --------------------------------------------------------------------------
  slack (MET)                                                        1.49


  Startpoint: RX_CLK_GEN/cnt_odd_pos_reg[2]
              (rising edge-triggered flip-flop clocked by UART_CLK)
  Endpoint: RX_CLK_GEN/cnt_odd_pos_reg[3]
            (rising edge-triggered flip-flop clocked by UART_CLK)
  Path Group: UART_CLK
  Path Type: min

  Des/Clust/Port     Wire Load Model       Library
  ------------------------------------------------
  SYS_TOP            tsmc13_wl30           scmetro_tsmc_cl013g_rvt_ss_1p08v_125c

  Point                                                   Incr       Path
  --------------------------------------------------------------------------
  clock UART_CLK (rise edge)                              0.00       0.00
  clock network delay (ideal)                             0.00       0.00
  RX_CLK_GEN/cnt_odd_pos_reg[2]/CK (SDFFRQX4M)            0.00       0.00 r
  RX_CLK_GEN/cnt_odd_pos_reg[2]/Q (SDFFRQX4M)             0.82       0.82 f
  RX_CLK_GEN/U141/Y (CLKMX2X2M)                           0.50       1.33 f
  RX_CLK_GEN/cnt_odd_pos_reg[3]/D (SDFFRQX2M)             0.00       1.33 f
  data arrival time                                                  1.33

  clock UART_CLK (rise edge)                              0.00       0.00
  clock network delay (ideal)                             0.00       0.00
  clock uncertainty                                       0.10       0.10
  RX_CLK_GEN/cnt_odd_pos_reg[3]/CK (SDFFRQX2M)            0.00       0.10 r
  library hold time                                      -0.27      -0.17
  data required time                                                -0.17
  --------------------------------------------------------------------------
  data required time                                                -0.17
  data arrival time                                                 -1.33
  --------------------------------------------------------------------------
  slack (MET)                                                        1.49


  Startpoint: RX_CLK_GEN/cnt_even_reg[2]
              (rising edge-triggered flip-flop clocked by UART_CLK)
  Endpoint: RX_CLK_GEN/cnt_even_reg[3]
            (rising edge-triggered flip-flop clocked by UART_CLK)
  Path Group: UART_CLK
  Path Type: min

  Des/Clust/Port     Wire Load Model       Library
  ------------------------------------------------
  SYS_TOP            tsmc13_wl30           scmetro_tsmc_cl013g_rvt_ss_1p08v_125c

  Point                                                   Incr       Path
  --------------------------------------------------------------------------
  clock UART_CLK (rise edge)                              0.00       0.00
  clock network delay (ideal)                             0.00       0.00
  RX_CLK_GEN/cnt_even_reg[2]/CK (SDFFRQX2M)               0.00       0.00 r
  RX_CLK_GEN/cnt_even_reg[2]/Q (SDFFRQX2M)                0.81       0.81 f
  RX_CLK_GEN/U137/Y (CLKMX2X2M)                           0.51       1.33 f
  RX_CLK_GEN/cnt_even_reg[3]/D (SDFFRQX2M)                0.00       1.33 f
  data arrival time                                                  1.33

  clock UART_CLK (rise edge)                              0.00       0.00
  clock network delay (ideal)                             0.00       0.00
  clock uncertainty                                       0.10       0.10
  RX_CLK_GEN/cnt_even_reg[3]/CK (SDFFRQX2M)               0.00       0.10 r
  library hold time                                      -0.27      -0.17
  data required time                                                -0.17
  --------------------------------------------------------------------------
  data required time                                                -0.17
  data arrival time                                                 -1.33
  --------------------------------------------------------------------------
  slack (MET)                                                        1.49


  Startpoint: RX_CLK_GEN/cnt_odd_pos_reg[0]
              (rising edge-triggered flip-flop clocked by UART_CLK)
  Endpoint: RX_CLK_GEN/cnt_odd_pos_reg[1]
            (rising edge-triggered flip-flop clocked by UART_CLK)
  Path Group: UART_CLK
  Path Type: min

  Des/Clust/Port     Wire Load Model       Library
  ------------------------------------------------
  SYS_TOP            tsmc13_wl30           scmetro_tsmc_cl013g_rvt_ss_1p08v_125c

  Point                                                   Incr       Path
  --------------------------------------------------------------------------
  clock UART_CLK (rise edge)                              0.00       0.00
  clock network delay (ideal)                             0.00       0.00
  RX_CLK_GEN/cnt_odd_pos_reg[0]/CK (SDFFRQX2M)            0.00       0.00 r
  RX_CLK_GEN/cnt_odd_pos_reg[0]/Q (SDFFRQX2M)             0.82       0.82 f
  RX_CLK_GEN/U131/Y (CLKMX2X2M)                           0.52       1.33 f
  RX_CLK_GEN/cnt_odd_pos_reg[1]/D (SDFFRQX2M)             0.00       1.33 f
  data arrival time                                                  1.33

  clock UART_CLK (rise edge)                              0.00       0.00
  clock network delay (ideal)                             0.00       0.00
  clock uncertainty                                       0.10       0.10
  RX_CLK_GEN/cnt_odd_pos_reg[1]/CK (SDFFRQX2M)            0.00       0.10 r
  library hold time                                      -0.27      -0.17
  data required time                                                -0.17
  --------------------------------------------------------------------------
  data required time                                                -0.17
  data arrival time                                                 -1.33
  --------------------------------------------------------------------------
  slack (MET)                                                        1.50


  Startpoint: TX_CLK_GEN/cnt_odd_pos_reg[3]
              (rising edge-triggered flip-flop clocked by UART_CLK)
  Endpoint: TX_CLK_GEN/cnt_odd_pos_reg[4]
            (rising edge-triggered flip-flop clocked by UART_CLK)
  Path Group: UART_CLK
  Path Type: min

  Des/Clust/Port     Wire Load Model       Library
  ------------------------------------------------
  SYS_TOP            tsmc13_wl30           scmetro_tsmc_cl013g_rvt_ss_1p08v_125c

  Point                                                   Incr       Path
  --------------------------------------------------------------------------
  clock UART_CLK (rise edge)                              0.00       0.00
  clock network delay (ideal)                             0.00       0.00
  TX_CLK_GEN/cnt_odd_pos_reg[3]/CK (SDFFRX4M)             0.00       0.00 r
  TX_CLK_GEN/cnt_odd_pos_reg[3]/Q (SDFFRX4M)              0.85       0.85 f
  TX_CLK_GEN/U231/Y (CLKMX2X2M)                           0.50       1.34 f
  TX_CLK_GEN/cnt_odd_pos_reg[4]/D (SDFFRQX4M)             0.00       1.34 f
  data arrival time                                                  1.34

  clock UART_CLK (rise edge)                              0.00       0.00
  clock network delay (ideal)                             0.00       0.00
  clock uncertainty                                       0.10       0.10
  TX_CLK_GEN/cnt_odd_pos_reg[4]/CK (SDFFRQX4M)            0.00       0.10 r
  library hold time                                      -0.26      -0.16
  data required time                                                -0.16
  --------------------------------------------------------------------------
  data required time                                                -0.16
  data arrival time                                                 -1.34
  --------------------------------------------------------------------------
  slack (MET)                                                        1.50


  Startpoint: TX_CLK_GEN/cnt_even_reg[3]
              (rising edge-triggered flip-flop clocked by UART_CLK)
  Endpoint: TX_CLK_GEN/cnt_even_reg[4]
            (rising edge-triggered flip-flop clocked by UART_CLK)
  Path Group: UART_CLK
  Path Type: min

  Des/Clust/Port     Wire Load Model       Library
  ------------------------------------------------
  SYS_TOP            tsmc13_wl30           scmetro_tsmc_cl013g_rvt_ss_1p08v_125c

  Point                                                   Incr       Path
  --------------------------------------------------------------------------
  clock UART_CLK (rise edge)                              0.00       0.00
  clock network delay (ideal)                             0.00       0.00
  TX_CLK_GEN/cnt_even_reg[3]/CK (SDFFRQX4M)               0.00       0.00 r
  TX_CLK_GEN/cnt_even_reg[3]/Q (SDFFRQX4M)                0.86       0.86 f
  TX_CLK_GEN/U227/Y (CLKMX2X2M)                           0.52       1.38 f
  TX_CLK_GEN/cnt_even_reg[4]/D (SDFFRQX4M)                0.00       1.38 f
  data arrival time                                                  1.38

  clock UART_CLK (rise edge)                              0.00       0.00
  clock network delay (ideal)                             0.00       0.00
  clock uncertainty                                       0.10       0.10
  TX_CLK_GEN/cnt_even_reg[4]/CK (SDFFRQX4M)               0.00       0.10 r
  library hold time                                      -0.26      -0.16
  data required time                                                -0.16
  --------------------------------------------------------------------------
  data required time                                                -0.16
  data arrival time                                                 -1.38
  --------------------------------------------------------------------------
  slack (MET)                                                        1.54


  Startpoint: TX_CLK_GEN/cnt_even_reg[0]
              (rising edge-triggered flip-flop clocked by UART_CLK)
  Endpoint: TX_CLK_GEN/cnt_even_reg[1]
            (rising edge-triggered flip-flop clocked by UART_CLK)
  Path Group: UART_CLK
  Path Type: min

  Des/Clust/Port     Wire Load Model       Library
  ------------------------------------------------
  SYS_TOP            tsmc13_wl30           scmetro_tsmc_cl013g_rvt_ss_1p08v_125c

  Point                                                   Incr       Path
  --------------------------------------------------------------------------
  clock UART_CLK (rise edge)                              0.00       0.00
  clock network delay (ideal)                             0.00       0.00
  TX_CLK_GEN/cnt_even_reg[0]/CK (SDFFRQX4M)               0.00       0.00 r
  TX_CLK_GEN/cnt_even_reg[0]/Q (SDFFRQX4M)                0.87       0.87 f
  TX_CLK_GEN/U215/Y (CLKMX2X2M)                           0.52       1.38 f
  TX_CLK_GEN/cnt_even_reg[1]/D (SDFFRQX4M)                0.00       1.38 f
  data arrival time                                                  1.38

  clock UART_CLK (rise edge)                              0.00       0.00
  clock network delay (ideal)                             0.00       0.00
  clock uncertainty                                       0.10       0.10
  TX_CLK_GEN/cnt_even_reg[1]/CK (SDFFRQX4M)               0.00       0.10 r
  library hold time                                      -0.26      -0.16
  data required time                                                -0.16
  --------------------------------------------------------------------------
  data required time                                                -0.16
  data arrival time                                                 -1.38
  --------------------------------------------------------------------------
  slack (MET)                                                        1.54


  Startpoint: RX_CLK_GEN/cnt_odd_neg_reg[0]
              (falling edge-triggered flip-flop clocked by UART_CLK)
  Endpoint: RX_CLK_GEN/cnt_odd_neg_reg[1]
            (falling edge-triggered flip-flop clocked by UART_CLK)
  Path Group: UART_CLK
  Path Type: min

  Des/Clust/Port     Wire Load Model       Library
  ------------------------------------------------
  SYS_TOP            tsmc13_wl30           scmetro_tsmc_cl013g_rvt_ss_1p08v_125c

  Point                                                   Incr       Path
  --------------------------------------------------------------------------
  clock UART_CLK (fall edge)                            135.65     135.65
  clock network delay (ideal)                             0.00     135.65
  RX_CLK_GEN/cnt_odd_neg_reg[0]/CKN (SDFFNSRHX2M)         0.00     135.65 f
  RX_CLK_GEN/cnt_odd_neg_reg[0]/Q (SDFFNSRHX2M)           0.52     136.16 f
  RX_CLK_GEN/U113/Y (OAI221X1M)                           0.74     136.91 r
  RX_CLK_GEN/U126/Y (CLKMX2X2M)                           0.44     137.34 r
  RX_CLK_GEN/cnt_odd_neg_reg[1]/D (SDFFNSRHX2M)           0.00     137.34 r
  data arrival time                                                137.34

  clock UART_CLK (fall edge)                            135.65     135.65
  clock network delay (ideal)                             0.00     135.65
  clock uncertainty                                       0.10     135.75
  RX_CLK_GEN/cnt_odd_neg_reg[1]/CKN (SDFFNSRHX2M)         0.00     135.75 f
  library hold time                                      -0.01     135.74
  data required time                                               135.74
  --------------------------------------------------------------------------
  data required time                                               135.74
  data arrival time                                               -137.34
  --------------------------------------------------------------------------
  slack (MET)                                                        1.61


  Startpoint: TX_CLK_GEN/cnt_odd_pos_reg[7]
              (rising edge-triggered flip-flop clocked by UART_CLK)
  Endpoint: TX_CLK_GEN/even_clk_reg
            (rising edge-triggered flip-flop clocked by UART_CLK)
  Path Group: UART_CLK
  Path Type: min

  Des/Clust/Port     Wire Load Model       Library
  ------------------------------------------------
  SYS_TOP            tsmc13_wl30           scmetro_tsmc_cl013g_rvt_ss_1p08v_125c

  Point                                                   Incr       Path
  --------------------------------------------------------------------------
  clock UART_CLK (rise edge)                              0.00       0.00
  clock network delay (ideal)                             0.00       0.00
  TX_CLK_GEN/cnt_odd_pos_reg[7]/CK (SDFFRX1M)             0.00       0.00 r
  TX_CLK_GEN/cnt_odd_pos_reg[7]/Q (SDFFRX1M)              0.66       0.66 r
  TX_CLK_GEN/U9/Y (INVX2M)                                0.34       1.00 f
  TX_CLK_GEN/U12/Y (INVX4M)                               0.54       1.54 r
  TX_CLK_GEN/even_clk_reg/SI (SDFFRQX2M)                  0.00       1.54 r
  data arrival time                                                  1.54

  clock UART_CLK (rise edge)                              0.00       0.00
  clock network delay (ideal)                             0.00       0.00
  clock uncertainty                                       0.10       0.10
  TX_CLK_GEN/even_clk_reg/CK (SDFFRQX2M)                  0.00       0.10 r
  library hold time                                      -0.25      -0.15
  data required time                                                -0.15
  --------------------------------------------------------------------------
  data required time                                                -0.15
  data arrival time                                                 -1.54
  --------------------------------------------------------------------------
  slack (MET)                                                        1.69


  Startpoint: TX_CLK_GEN/cnt_odd_pos_reg[1]
              (rising edge-triggered flip-flop clocked by UART_CLK)
  Endpoint: TX_CLK_GEN/cnt_odd_pos_reg[2]
            (rising edge-triggered flip-flop clocked by UART_CLK)
  Path Group: UART_CLK
  Path Type: min

  Des/Clust/Port     Wire Load Model       Library
  ------------------------------------------------
  SYS_TOP            tsmc13_wl30           scmetro_tsmc_cl013g_rvt_ss_1p08v_125c

  Point                                                   Incr       Path
  --------------------------------------------------------------------------
  clock UART_CLK (rise edge)                              0.00       0.00
  clock network delay (ideal)                             0.00       0.00
  TX_CLK_GEN/cnt_odd_pos_reg[1]/CK (SDFFRX2M)             0.00       0.00 r
  TX_CLK_GEN/cnt_odd_pos_reg[1]/QN (SDFFRX2M)             0.62       0.62 f
  TX_CLK_GEN/U272/Y (DLY1X1M)                             0.84       1.46 f
  TX_CLK_GEN/cnt_odd_pos_reg[2]/SI (SDFFRQX4M)            0.00       1.46 f
  data arrival time                                                  1.46

  clock UART_CLK (rise edge)                              0.00       0.00
  clock network delay (ideal)                             0.00       0.00
  clock uncertainty                                       0.10       0.10
  TX_CLK_GEN/cnt_odd_pos_reg[2]/CK (SDFFRQX4M)            0.00       0.10 r
  library hold time                                      -0.39      -0.29
  data required time                                                -0.29
  --------------------------------------------------------------------------
  data required time                                                -0.29
  data arrival time                                                 -1.46
  --------------------------------------------------------------------------
  slack (MET)                                                        1.75


  Startpoint: RX_CLK_GEN/cnt_odd_neg_reg[2]
              (falling edge-triggered flip-flop clocked by UART_CLK)
  Endpoint: RX_CLK_GEN/cnt_odd_neg_reg[3]
            (falling edge-triggered flip-flop clocked by UART_CLK)
  Path Group: UART_CLK
  Path Type: min

  Des/Clust/Port     Wire Load Model       Library
  ------------------------------------------------
  SYS_TOP            tsmc13_wl30           scmetro_tsmc_cl013g_rvt_ss_1p08v_125c

  Point                                                   Incr       Path
  --------------------------------------------------------------------------
  clock UART_CLK (fall edge)                            135.65     135.65
  clock network delay (ideal)                             0.00     135.65
  RX_CLK_GEN/cnt_odd_neg_reg[2]/CKN (SDFFNSRHX4M)         0.00     135.65 f
  RX_CLK_GEN/cnt_odd_neg_reg[2]/Q (SDFFNSRHX4M)           0.67     136.32 f
  RX_CLK_GEN/U84/Y (OAI211X1M)                            0.75     137.08 r
  RX_CLK_GEN/U154/Y (CLKMX2X2M)                           0.46     137.53 r
  RX_CLK_GEN/cnt_odd_neg_reg[3]/D (SDFFNSRHX4M)           0.00     137.53 r
  data arrival time                                                137.53

  clock UART_CLK (fall edge)                            135.65     135.65
  clock network delay (ideal)                             0.00     135.65
  clock uncertainty                                       0.10     135.75
  RX_CLK_GEN/cnt_odd_neg_reg[3]/CKN (SDFFNSRHX4M)         0.00     135.75 f
  library hold time                                       0.03     135.78
  data required time                                               135.78
  --------------------------------------------------------------------------
  data required time                                               135.78
  data arrival time                                               -137.53
  --------------------------------------------------------------------------
  slack (MET)                                                        1.75


  Startpoint: TX_CLK_GEN/cnt_odd_neg_reg[3]
              (falling edge-triggered flip-flop clocked by UART_CLK)
  Endpoint: TX_CLK_GEN/cnt_odd_neg_reg[4]
            (falling edge-triggered flip-flop clocked by UART_CLK)
  Path Group: UART_CLK
  Path Type: min

  Des/Clust/Port     Wire Load Model       Library
  ------------------------------------------------
  SYS_TOP            tsmc13_wl30           scmetro_tsmc_cl013g_rvt_ss_1p08v_125c

  Point                                                   Incr       Path
  --------------------------------------------------------------------------
  clock UART_CLK (fall edge)                            135.65     135.65
  clock network delay (ideal)                             0.00     135.65
  TX_CLK_GEN/cnt_odd_neg_reg[3]/CKN (SDFFNSRHX4M)         0.00     135.65 f
  TX_CLK_GEN/cnt_odd_neg_reg[3]/Q (SDFFNSRHX4M)           0.72     136.37 f
  TX_CLK_GEN/U56/Y (OAI21X1M)                             0.73     137.10 r
  TX_CLK_GEN/U253/Y (CLKMX2X2M)                           0.44     137.54 r
  TX_CLK_GEN/cnt_odd_neg_reg[4]/D (SDFFNSRHX4M)           0.00     137.54 r
  data arrival time                                                137.54

  clock UART_CLK (fall edge)                            135.65     135.65
  clock network delay (ideal)                             0.00     135.65
  clock uncertainty                                       0.10     135.75
  TX_CLK_GEN/cnt_odd_neg_reg[4]/CKN (SDFFNSRHX4M)         0.00     135.75 f
  library hold time                                       0.03     135.78
  data required time                                               135.78
  --------------------------------------------------------------------------
  data required time                                               135.78
  data arrival time                                               -137.54
  --------------------------------------------------------------------------
  slack (MET)                                                        1.76


  Startpoint: TX_CLK_GEN/cnt_odd_neg_reg[4]
              (falling edge-triggered flip-flop clocked by UART_CLK)
  Endpoint: TX_CLK_GEN/cnt_odd_neg_reg[5]
            (falling edge-triggered flip-flop clocked by UART_CLK)
  Path Group: UART_CLK
  Path Type: min

  Des/Clust/Port     Wire Load Model       Library
  ------------------------------------------------
  SYS_TOP            tsmc13_wl30           scmetro_tsmc_cl013g_rvt_ss_1p08v_125c

  Point                                                   Incr       Path
  --------------------------------------------------------------------------
  clock UART_CLK (fall edge)                            135.65     135.65
  clock network delay (ideal)                             0.00     135.65
  TX_CLK_GEN/cnt_odd_neg_reg[4]/CKN (SDFFNSRHX4M)         0.00     135.65 f
  TX_CLK_GEN/cnt_odd_neg_reg[4]/Q (SDFFNSRHX4M)           0.68     136.32 f
  TX_CLK_GEN/U58/Y (OAI21X1M)                             0.72     137.04 r
  TX_CLK_GEN/U209/Y (CLKMX2X2M)                           0.43     137.47 r
  TX_CLK_GEN/cnt_odd_neg_reg[5]/D (SDFFNSRHX1M)           0.00     137.47 r
  data arrival time                                                137.47

  clock UART_CLK (fall edge)                            135.65     135.65
  clock network delay (ideal)                             0.00     135.65
  clock uncertainty                                       0.10     135.75
  TX_CLK_GEN/cnt_odd_neg_reg[5]/CKN (SDFFNSRHX1M)         0.00     135.75 f
  library hold time                                      -0.04     135.71
  data required time                                               135.71
  --------------------------------------------------------------------------
  data required time                                               135.71
  data arrival time                                               -137.47
  --------------------------------------------------------------------------
  slack (MET)                                                        1.76


  Startpoint: TX_CLK_GEN/cnt_even_reg[2]
              (rising edge-triggered flip-flop clocked by UART_CLK)
  Endpoint: TX_CLK_GEN/cnt_even_reg[3]
            (rising edge-triggered flip-flop clocked by UART_CLK)
  Path Group: UART_CLK
  Path Type: min

  Des/Clust/Port     Wire Load Model       Library
  ------------------------------------------------
  SYS_TOP            tsmc13_wl30           scmetro_tsmc_cl013g_rvt_ss_1p08v_125c

  Point                                                   Incr       Path
  --------------------------------------------------------------------------
  clock UART_CLK (rise edge)                              0.00       0.00
  clock network delay (ideal)                             0.00       0.00
  TX_CLK_GEN/cnt_even_reg[2]/CK (SDFFRQX4M)               0.00       0.00 r
  TX_CLK_GEN/cnt_even_reg[2]/Q (SDFFRQX4M)                0.82       0.82 f
  TX_CLK_GEN/U25/Y (MX2XLM)                               0.76       1.58 f
  TX_CLK_GEN/cnt_even_reg[3]/D (SDFFRQX4M)                0.00       1.58 f
  data arrival time                                                  1.58

  clock UART_CLK (rise edge)                              0.00       0.00
  clock network delay (ideal)                             0.00       0.00
  clock uncertainty                                       0.10       0.10
  TX_CLK_GEN/cnt_even_reg[3]/CK (SDFFRQX4M)               0.00       0.10 r
  library hold time                                      -0.30      -0.20
  data required time                                                -0.20
  --------------------------------------------------------------------------
  data required time                                                -0.20
  data arrival time                                                 -1.58
  --------------------------------------------------------------------------
  slack (MET)                                                        1.77


  Startpoint: TX_CLK_GEN/cnt_odd_pos_reg[5]
              (rising edge-triggered flip-flop clocked by UART_CLK)
  Endpoint: TX_CLK_GEN/cnt_odd_pos_reg[6]
            (rising edge-triggered flip-flop clocked by UART_CLK)
  Path Group: UART_CLK
  Path Type: min

  Des/Clust/Port     Wire Load Model       Library
  ------------------------------------------------
  SYS_TOP            tsmc13_wl30           scmetro_tsmc_cl013g_rvt_ss_1p08v_125c

  Point                                                   Incr       Path
  --------------------------------------------------------------------------
  clock UART_CLK (rise edge)                              0.00       0.00
  clock network delay (ideal)                             0.00       0.00
  TX_CLK_GEN/cnt_odd_pos_reg[5]/CK (SDFFRQX4M)            0.00       0.00 r
  TX_CLK_GEN/cnt_odd_pos_reg[5]/Q (SDFFRQX4M)             0.82       0.82 f
  TX_CLK_GEN/U40/Y (MX2XLM)                               0.76       1.58 f
  TX_CLK_GEN/cnt_odd_pos_reg[6]/D (SDFFRQX4M)             0.00       1.58 f
  data arrival time                                                  1.58

  clock UART_CLK (rise edge)                              0.00       0.00
  clock network delay (ideal)                             0.00       0.00
  clock uncertainty                                       0.10       0.10
  TX_CLK_GEN/cnt_odd_pos_reg[6]/CK (SDFFRQX4M)            0.00       0.10 r
  library hold time                                      -0.30      -0.20
  data required time                                                -0.20
  --------------------------------------------------------------------------
  data required time                                                -0.20
  data arrival time                                                 -1.58
  --------------------------------------------------------------------------
  slack (MET)                                                        1.78


  Startpoint: TX_CLK_GEN/cnt_odd_pos_reg[0]
              (rising edge-triggered flip-flop clocked by UART_CLK)
  Endpoint: TX_CLK_GEN/cnt_odd_pos_reg[1]
            (rising edge-triggered flip-flop clocked by UART_CLK)
  Path Group: UART_CLK
  Path Type: min

  Des/Clust/Port     Wire Load Model       Library
  ------------------------------------------------
  SYS_TOP            tsmc13_wl30           scmetro_tsmc_cl013g_rvt_ss_1p08v_125c

  Point                                                   Incr       Path
  --------------------------------------------------------------------------
  clock UART_CLK (rise edge)                              0.00       0.00
  clock network delay (ideal)                             0.00       0.00
  TX_CLK_GEN/cnt_odd_pos_reg[0]/CK (SDFFRQX4M)            0.00       0.00 r
  TX_CLK_GEN/cnt_odd_pos_reg[0]/Q (SDFFRQX4M)             0.82       0.82 f
  TX_CLK_GEN/U47/Y (MX2XLM)                               0.76       1.58 f
  TX_CLK_GEN/cnt_odd_pos_reg[1]/D (SDFFRX2M)              0.00       1.58 f
  data arrival time                                                  1.58

  clock UART_CLK (rise edge)                              0.00       0.00
  clock network delay (ideal)                             0.00       0.00
  clock uncertainty                                       0.10       0.10
  TX_CLK_GEN/cnt_odd_pos_reg[1]/CK (SDFFRX2M)             0.00       0.10 r
  library hold time                                      -0.30      -0.20
  data required time                                                -0.20
  --------------------------------------------------------------------------
  data required time                                                -0.20
  data arrival time                                                 -1.58
  --------------------------------------------------------------------------
  slack (MET)                                                        1.78


  Startpoint: TX_CLK_GEN/cnt_even_reg[4]
              (rising edge-triggered flip-flop clocked by UART_CLK)
  Endpoint: TX_CLK_GEN/cnt_even_reg[5]
            (rising edge-triggered flip-flop clocked by UART_CLK)
  Path Group: UART_CLK
  Path Type: min

  Des/Clust/Port     Wire Load Model       Library
  ------------------------------------------------
  SYS_TOP            tsmc13_wl30           scmetro_tsmc_cl013g_rvt_ss_1p08v_125c

  Point                                                   Incr       Path
  --------------------------------------------------------------------------
  clock UART_CLK (rise edge)                              0.00       0.00
  clock network delay (ideal)                             0.00       0.00
  TX_CLK_GEN/cnt_even_reg[4]/CK (SDFFRQX4M)               0.00       0.00 r
  TX_CLK_GEN/cnt_even_reg[4]/Q (SDFFRQX4M)                0.83       0.83 f
  TX_CLK_GEN/U43/Y (MX2XLM)                               0.76       1.58 f
  TX_CLK_GEN/cnt_even_reg[5]/D (SDFFRX2M)                 0.00       1.58 f
  data arrival time                                                  1.58

  clock UART_CLK (rise edge)                              0.00       0.00
  clock network delay (ideal)                             0.00       0.00
  clock uncertainty                                       0.10       0.10
  TX_CLK_GEN/cnt_even_reg[5]/CK (SDFFRX2M)                0.00       0.10 r
  library hold time                                      -0.30      -0.20
  data required time                                                -0.20
  --------------------------------------------------------------------------
  data required time                                                -0.20
  data arrival time                                                 -1.58
  --------------------------------------------------------------------------
  slack (MET)                                                        1.78


  Startpoint: TX_CLK_GEN/cnt_odd_pos_reg[6]
              (rising edge-triggered flip-flop clocked by UART_CLK)
  Endpoint: TX_CLK_GEN/cnt_odd_pos_reg[7]
            (rising edge-triggered flip-flop clocked by UART_CLK)
  Path Group: UART_CLK
  Path Type: min

  Des/Clust/Port     Wire Load Model       Library
  ------------------------------------------------
  SYS_TOP            tsmc13_wl30           scmetro_tsmc_cl013g_rvt_ss_1p08v_125c

  Point                                                   Incr       Path
  --------------------------------------------------------------------------
  clock UART_CLK (rise edge)                              0.00       0.00
  clock network delay (ideal)                             0.00       0.00
  TX_CLK_GEN/cnt_odd_pos_reg[6]/CK (SDFFRQX4M)            0.00       0.00 r
  TX_CLK_GEN/cnt_odd_pos_reg[6]/Q (SDFFRQX4M)             0.82       0.82 f
  TX_CLK_GEN/U48/Y (MX2XLM)                               0.76       1.58 f
  TX_CLK_GEN/cnt_odd_pos_reg[7]/D (SDFFRX1M)              0.00       1.58 f
  data arrival time                                                  1.58

  clock UART_CLK (rise edge)                              0.00       0.00
  clock network delay (ideal)                             0.00       0.00
  clock uncertainty                                       0.10       0.10
  TX_CLK_GEN/cnt_odd_pos_reg[7]/CK (SDFFRX1M)             0.00       0.10 r
  library hold time                                      -0.31      -0.21
  data required time                                                -0.21
  --------------------------------------------------------------------------
  data required time                                                -0.21
  data arrival time                                                 -1.58
  --------------------------------------------------------------------------
  slack (MET)                                                        1.79


  Startpoint: TX_CLK_GEN/cnt_odd_pos_reg[7]
              (rising edge-triggered flip-flop clocked by UART_CLK)
  Endpoint: TX_CLK_GEN/even_clk_reg
            (rising edge-triggered flip-flop clocked by UART_CLK)
  Path Group: UART_CLK
  Path Type: min

  Des/Clust/Port     Wire Load Model       Library
  ------------------------------------------------
  SYS_TOP            tsmc13_wl30           scmetro_tsmc_cl013g_rvt_ss_1p08v_125c

  Point                                                   Incr       Path
  --------------------------------------------------------------------------
  clock UART_CLK (rise edge)                              0.00       0.00
  clock network delay (ideal)                             0.00       0.00
  TX_CLK_GEN/cnt_odd_pos_reg[7]/CK (SDFFRX1M)             0.00       0.00 r
  TX_CLK_GEN/cnt_odd_pos_reg[7]/QN (SDFFRX1M)             0.77       0.77 r
  TX_CLK_GEN/U157/Y (OAI22X1M)                            0.48       1.25 f
  TX_CLK_GEN/U243/Y (CLKMX2X2M)                           0.46       1.72 f
  TX_CLK_GEN/even_clk_reg/D (SDFFRQX2M)                   0.00       1.72 f
  data arrival time                                                  1.72

  clock UART_CLK (rise edge)                              0.00       0.00
  clock network delay (ideal)                             0.00       0.00
  clock uncertainty                                       0.10       0.10
  TX_CLK_GEN/even_clk_reg/CK (SDFFRQX2M)                  0.00       0.10 r
  library hold time                                      -0.27      -0.17
  data required time                                                -0.17
  --------------------------------------------------------------------------
  data required time                                                -0.17
  data arrival time                                                 -1.72
  --------------------------------------------------------------------------
  slack (MET)                                                        1.88


  Startpoint: RX_CLK_GEN/cnt_odd_pos_reg[3]
              (rising edge-triggered flip-flop clocked by UART_CLK)
  Endpoint: RX_CLK_GEN/even_clk_reg
            (rising edge-triggered flip-flop clocked by UART_CLK)
  Path Group: UART_CLK
  Path Type: min

  Des/Clust/Port     Wire Load Model       Library
  ------------------------------------------------
  SYS_TOP            tsmc13_wl30           scmetro_tsmc_cl013g_rvt_ss_1p08v_125c

  Point                                                   Incr       Path
  --------------------------------------------------------------------------
  clock UART_CLK (rise edge)                              0.00       0.00
  clock network delay (ideal)                             0.00       0.00
  RX_CLK_GEN/cnt_odd_pos_reg[3]/CK (SDFFRQX2M)            0.00       0.00 r
  RX_CLK_GEN/cnt_odd_pos_reg[3]/Q (SDFFRQX2M)             0.81       0.81 f
  RX_CLK_GEN/U158/Y (DLY1X1M)                             0.83       1.64 f
  RX_CLK_GEN/even_clk_reg/SI (SDFFRQX2M)                  0.00       1.64 f
  data arrival time                                                  1.64

  clock UART_CLK (rise edge)                              0.00       0.00
  clock network delay (ideal)                             0.00       0.00
  clock uncertainty                                       0.10       0.10
  RX_CLK_GEN/even_clk_reg/CK (SDFFRQX2M)                  0.00       0.10 r
  library hold time                                      -0.40      -0.30
  data required time                                                -0.30
  --------------------------------------------------------------------------
  data required time                                                -0.30
  data arrival time                                                 -1.64
  --------------------------------------------------------------------------
  slack (MET)                                                        1.94


  Startpoint: RX_CLK_GEN/cnt_even_reg[1]
              (rising edge-triggered flip-flop clocked by UART_CLK)
  Endpoint: RX_CLK_GEN/cnt_even_reg[2]
            (rising edge-triggered flip-flop clocked by UART_CLK)
  Path Group: UART_CLK
  Path Type: min

  Des/Clust/Port     Wire Load Model       Library
  ------------------------------------------------
  SYS_TOP            tsmc13_wl30           scmetro_tsmc_cl013g_rvt_ss_1p08v_125c

  Point                                                   Incr       Path
  --------------------------------------------------------------------------
  clock UART_CLK (rise edge)                              0.00       0.00
  clock network delay (ideal)                             0.00       0.00
  RX_CLK_GEN/cnt_even_reg[1]/CK (SDFFRQX2M)               0.00       0.00 r
  RX_CLK_GEN/cnt_even_reg[1]/Q (SDFFRQX2M)                0.81       0.81 f
  RX_CLK_GEN/U160/Y (DLY1X1M)                             0.83       1.65 f
  RX_CLK_GEN/cnt_even_reg[2]/SI (SDFFRQX2M)               0.00       1.65 f
  data arrival time                                                  1.65

  clock UART_CLK (rise edge)                              0.00       0.00
  clock network delay (ideal)                             0.00       0.00
  clock uncertainty                                       0.10       0.10
  RX_CLK_GEN/cnt_even_reg[2]/CK (SDFFRQX2M)               0.00       0.10 r
  library hold time                                      -0.40      -0.30
  data required time                                                -0.30
  --------------------------------------------------------------------------
  data required time                                                -0.30
  data arrival time                                                 -1.65
  --------------------------------------------------------------------------
  slack (MET)                                                        1.95


  Startpoint: RX_CLK_GEN/cnt_even_reg[0]
              (rising edge-triggered flip-flop clocked by UART_CLK)
  Endpoint: RX_CLK_GEN/cnt_even_reg[1]
            (rising edge-triggered flip-flop clocked by UART_CLK)
  Path Group: UART_CLK
  Path Type: min

  Des/Clust/Port     Wire Load Model       Library
  ------------------------------------------------
  SYS_TOP            tsmc13_wl30           scmetro_tsmc_cl013g_rvt_ss_1p08v_125c

  Point                                                   Incr       Path
  --------------------------------------------------------------------------
  clock UART_CLK (rise edge)                              0.00       0.00
  clock network delay (ideal)                             0.00       0.00
  RX_CLK_GEN/cnt_even_reg[0]/CK (SDFFRQX2M)               0.00       0.00 r
  RX_CLK_GEN/cnt_even_reg[0]/Q (SDFFRQX2M)                0.82       0.82 f
  RX_CLK_GEN/U159/Y (DLY1X1M)                             0.83       1.65 f
  RX_CLK_GEN/cnt_even_reg[1]/SI (SDFFRQX2M)               0.00       1.65 f
  data arrival time                                                  1.65

  clock UART_CLK (rise edge)                              0.00       0.00
  clock network delay (ideal)                             0.00       0.00
  clock uncertainty                                       0.10       0.10
  RX_CLK_GEN/cnt_even_reg[1]/CK (SDFFRQX2M)               0.00       0.10 r
  library hold time                                      -0.40      -0.30
  data required time                                                -0.30
  --------------------------------------------------------------------------
  data required time                                                -0.30
  data arrival time                                                 -1.65
  --------------------------------------------------------------------------
  slack (MET)                                                        1.95


  Startpoint: TX_CLK_GEN/cnt_even_reg[5]
              (rising edge-triggered flip-flop clocked by UART_CLK)
  Endpoint: TX_CLK_GEN/cnt_even_reg[6]
            (rising edge-triggered flip-flop clocked by UART_CLK)
  Path Group: UART_CLK
  Path Type: min

  Des/Clust/Port     Wire Load Model       Library
  ------------------------------------------------
  SYS_TOP            tsmc13_wl30           scmetro_tsmc_cl013g_rvt_ss_1p08v_125c

  Point                                                   Incr       Path
  --------------------------------------------------------------------------
  clock UART_CLK (rise edge)                              0.00       0.00
  clock network delay (ideal)                             0.00       0.00
  TX_CLK_GEN/cnt_even_reg[5]/CK (SDFFRX2M)                0.00       0.00 r
  TX_CLK_GEN/cnt_even_reg[5]/Q (SDFFRX2M)                 0.81       0.81 f
  TX_CLK_GEN/U269/Y (DLY1X1M)                             0.82       1.64 f
  TX_CLK_GEN/cnt_even_reg[6]/SI (SDFFRX1M)                0.00       1.64 f
  data arrival time                                                  1.64

  clock UART_CLK (rise edge)                              0.00       0.00
  clock network delay (ideal)                             0.00       0.00
  clock uncertainty                                       0.10       0.10
  TX_CLK_GEN/cnt_even_reg[6]/CK (SDFFRX1M)                0.00       0.10 r
  library hold time                                      -0.42      -0.32
  data required time                                                -0.32
  --------------------------------------------------------------------------
  data required time                                                -0.32
  data arrival time                                                 -1.64
  --------------------------------------------------------------------------
  slack (MET)                                                        1.96


  Startpoint: TX_CLK_GEN/cnt_odd_neg_reg[2]
              (falling edge-triggered flip-flop clocked by UART_CLK)
  Endpoint: TX_CLK_GEN/cnt_odd_neg_reg[3]
            (falling edge-triggered flip-flop clocked by UART_CLK)
  Path Group: UART_CLK
  Path Type: min

  Des/Clust/Port     Wire Load Model       Library
  ------------------------------------------------
  SYS_TOP            tsmc13_wl30           scmetro_tsmc_cl013g_rvt_ss_1p08v_125c

  Point                                                   Incr       Path
  --------------------------------------------------------------------------
  clock UART_CLK (fall edge)                            135.65     135.65
  clock network delay (ideal)                             0.00     135.65
  TX_CLK_GEN/cnt_odd_neg_reg[2]/CKN (SDFFNSRHX4M)         0.00     135.65 f
  TX_CLK_GEN/cnt_odd_neg_reg[2]/Q (SDFFNSRHX4M)           0.68     136.32 f
  TX_CLK_GEN/U57/Y (OAI21X1M)                             0.70     137.03 r
  TX_CLK_GEN/U23/Y (MX2XLM)                               0.67     137.70 r
  TX_CLK_GEN/cnt_odd_neg_reg[3]/D (SDFFNSRHX4M)           0.00     137.70 r
  data arrival time                                                137.70

  clock UART_CLK (fall edge)                            135.65     135.65
  clock network delay (ideal)                             0.00     135.65
  clock uncertainty                                       0.10     135.75
  TX_CLK_GEN/cnt_odd_neg_reg[3]/CKN (SDFFNSRHX4M)         0.00     135.75 f
  library hold time                                      -0.01     135.74
  data required time                                               135.74
  --------------------------------------------------------------------------
  data required time                                               135.74
  data arrival time                                               -137.70
  --------------------------------------------------------------------------
  slack (MET)                                                        1.96


  Startpoint: TX_CLK_GEN/cnt_even_reg[5]
              (rising edge-triggered flip-flop clocked by UART_CLK)
  Endpoint: TX_CLK_GEN/cnt_even_reg[6]
            (rising edge-triggered flip-flop clocked by UART_CLK)
  Path Group: UART_CLK
  Path Type: min

  Des/Clust/Port     Wire Load Model       Library
  ------------------------------------------------
  SYS_TOP            tsmc13_wl30           scmetro_tsmc_cl013g_rvt_ss_1p08v_125c

  Point                                                   Incr       Path
  --------------------------------------------------------------------------
  clock UART_CLK (rise edge)                              0.00       0.00
  clock network delay (ideal)                             0.00       0.00
  TX_CLK_GEN/cnt_even_reg[5]/CK (SDFFRX2M)                0.00       0.00 r
  TX_CLK_GEN/cnt_even_reg[5]/QN (SDFFRX2M)                0.63       0.63 f
  TX_CLK_GEN/U155/Y (OAI21X2M)                            0.58       1.21 r
  TX_CLK_GEN/U50/Y (MX2XLM)                               0.64       1.84 r
  TX_CLK_GEN/cnt_even_reg[6]/D (SDFFRX1M)                 0.00       1.84 r
  data arrival time                                                  1.84

  clock UART_CLK (rise edge)                              0.00       0.00
  clock network delay (ideal)                             0.00       0.00
  clock uncertainty                                       0.10       0.10
  TX_CLK_GEN/cnt_even_reg[6]/CK (SDFFRX1M)                0.00       0.10 r
  library hold time                                      -0.26      -0.16
  data required time                                                -0.16
  --------------------------------------------------------------------------
  data required time                                                -0.16
  data arrival time                                                 -1.84
  --------------------------------------------------------------------------
  slack (MET)                                                        2.01


  Startpoint: TX_CLK_GEN/cnt_odd_neg_reg[6]
              (falling edge-triggered flip-flop clocked by UART_CLK)
  Endpoint: TX_CLK_GEN/cnt_odd_neg_reg[7]
            (falling edge-triggered flip-flop clocked by UART_CLK)
  Path Group: UART_CLK
  Path Type: min

  Des/Clust/Port     Wire Load Model       Library
  ------------------------------------------------
  SYS_TOP            tsmc13_wl30           scmetro_tsmc_cl013g_rvt_ss_1p08v_125c

  Point                                                   Incr       Path
  --------------------------------------------------------------------------
  clock UART_CLK (fall edge)                            135.65     135.65
  clock network delay (ideal)                             0.00     135.65
  TX_CLK_GEN/cnt_odd_neg_reg[6]/CKN (SDFFNSRHX1M)         0.00     135.65 f
  TX_CLK_GEN/cnt_odd_neg_reg[6]/QN (SDFFNSRHX1M)          0.95     136.59 r
  TX_CLK_GEN/U32/Y (INVXLM)                               0.54     137.13 f
  TX_CLK_GEN/U33/Y (INVX4M)                               0.62     137.75 r
  TX_CLK_GEN/cnt_odd_neg_reg[7]/SI (SDFFNSRHX4M)          0.00     137.75 r
  data arrival time                                                137.75

  clock UART_CLK (fall edge)                            135.65     135.65
  clock network delay (ideal)                             0.00     135.65
  clock uncertainty                                       0.10     135.75
  TX_CLK_GEN/cnt_odd_neg_reg[7]/CKN (SDFFNSRHX4M)         0.00     135.75 f
  library hold time                                      -0.01     135.74
  data required time                                               135.74
  --------------------------------------------------------------------------
  data required time                                               135.74
  data arrival time                                               -137.75
  --------------------------------------------------------------------------
  slack (MET)                                                        2.02


  Startpoint: TX_CLK_GEN/cnt_even_reg[6]
              (rising edge-triggered flip-flop clocked by UART_CLK)
  Endpoint: TX_CLK_GEN/cnt_even_reg[7]
            (rising edge-triggered flip-flop clocked by UART_CLK)
  Path Group: UART_CLK
  Path Type: min

  Des/Clust/Port     Wire Load Model       Library
  ------------------------------------------------
  SYS_TOP            tsmc13_wl30           scmetro_tsmc_cl013g_rvt_ss_1p08v_125c

  Point                                                   Incr       Path
  --------------------------------------------------------------------------
  clock UART_CLK (rise edge)                              0.00       0.00
  clock network delay (ideal)                             0.00       0.00
  TX_CLK_GEN/cnt_even_reg[6]/CK (SDFFRX1M)                0.00       0.00 r
  TX_CLK_GEN/cnt_even_reg[6]/Q (SDFFRX1M)                 0.65       0.65 r
  TX_CLK_GEN/U42/Y (INVXLM)                               0.48       1.12 f
  TX_CLK_GEN/U138/Y (INVX6M)                              0.77       1.89 r
  TX_CLK_GEN/cnt_even_reg[7]/SI (SDFFRX4M)                0.00       1.89 r
  data arrival time                                                  1.89

  clock UART_CLK (rise edge)                              0.00       0.00
  clock network delay (ideal)                             0.00       0.00
  clock uncertainty                                       0.10       0.10
  TX_CLK_GEN/cnt_even_reg[7]/CK (SDFFRX4M)                0.00       0.10 r
  library hold time                                      -0.22      -0.12
  data required time                                                -0.12
  --------------------------------------------------------------------------
  data required time                                                -0.12
  data arrival time                                                 -1.89
  --------------------------------------------------------------------------
  slack (MET)                                                        2.02


  Startpoint: RX_CLK_GEN/cnt_odd_neg_reg[2]
              (falling edge-triggered flip-flop clocked by UART_CLK)
  Endpoint: RX_CLK_GEN/cnt_odd_neg_reg[3]
            (falling edge-triggered flip-flop clocked by UART_CLK)
  Path Group: UART_CLK
  Path Type: min

  Des/Clust/Port     Wire Load Model       Library
  ------------------------------------------------
  SYS_TOP            tsmc13_wl30           scmetro_tsmc_cl013g_rvt_ss_1p08v_125c

  Point                                                   Incr       Path
  --------------------------------------------------------------------------
  clock UART_CLK (fall edge)                            135.65     135.65
  clock network delay (ideal)                             0.00     135.65
  RX_CLK_GEN/cnt_odd_neg_reg[2]/CKN (SDFFNSRHX4M)         0.00     135.65 f
  RX_CLK_GEN/cnt_odd_neg_reg[2]/QN (SDFFNSRHX4M)          0.92     136.57 r
  RX_CLK_GEN/U2/Y (INVXLM)                                0.51     137.07 f
  RX_CLK_GEN/U3/Y (INVX2M)                                0.67     137.74 r
  RX_CLK_GEN/cnt_odd_neg_reg[3]/SI (SDFFNSRHX4M)          0.00     137.74 r
  data arrival time                                                137.74

  clock UART_CLK (fall edge)                            135.65     135.65
  clock network delay (ideal)                             0.00     135.65
  clock uncertainty                                       0.10     135.75
  RX_CLK_GEN/cnt_odd_neg_reg[3]/CKN (SDFFNSRHX4M)         0.00     135.75 f
  library hold time                                      -0.02     135.73
  data required time                                               135.73
  --------------------------------------------------------------------------
  data required time                                               135.73
  data arrival time                                               -137.74
  --------------------------------------------------------------------------
  slack (MET)                                                        2.02


  Startpoint: TX_CLK_GEN/cnt_odd_neg_reg[5]
              (falling edge-triggered flip-flop clocked by UART_CLK)
  Endpoint: TX_CLK_GEN/cnt_odd_neg_reg[6]
            (falling edge-triggered flip-flop clocked by UART_CLK)
  Path Group: UART_CLK
  Path Type: min

  Des/Clust/Port     Wire Load Model       Library
  ------------------------------------------------
  SYS_TOP            tsmc13_wl30           scmetro_tsmc_cl013g_rvt_ss_1p08v_125c

  Point                                                   Incr       Path
  --------------------------------------------------------------------------
  clock UART_CLK (fall edge)                            135.65     135.65
  clock network delay (ideal)                             0.00     135.65
  TX_CLK_GEN/cnt_odd_neg_reg[5]/CKN (SDFFNSRHX1M)         0.00     135.65 f
  TX_CLK_GEN/cnt_odd_neg_reg[5]/QN (SDFFNSRHX1M)          0.95     136.59 r
  TX_CLK_GEN/U30/Y (INVXLM)                               0.54     137.13 f
  TX_CLK_GEN/U31/Y (INVX4M)                               0.62     137.75 r
  TX_CLK_GEN/cnt_odd_neg_reg[6]/SI (SDFFNSRHX1M)          0.00     137.75 r
  data arrival time                                                137.75

  clock UART_CLK (fall edge)                            135.65     135.65
  clock network delay (ideal)                             0.00     135.65
  clock uncertainty                                       0.10     135.75
  TX_CLK_GEN/cnt_odd_neg_reg[6]/CKN (SDFFNSRHX1M)         0.00     135.75 f
  library hold time                                      -0.04     135.70
  data required time                                               135.70
  --------------------------------------------------------------------------
  data required time                                               135.70
  data arrival time                                               -137.75
  --------------------------------------------------------------------------
  slack (MET)                                                        2.04


  Startpoint: RX_CLK_GEN/cnt_odd_neg_reg[1]
              (falling edge-triggered flip-flop clocked by UART_CLK)
  Endpoint: RX_CLK_GEN/cnt_odd_neg_reg[2]
            (falling edge-triggered flip-flop clocked by UART_CLK)
  Path Group: UART_CLK
  Path Type: min

  Des/Clust/Port     Wire Load Model       Library
  ------------------------------------------------
  SYS_TOP            tsmc13_wl30           scmetro_tsmc_cl013g_rvt_ss_1p08v_125c

  Point                                                   Incr       Path
  --------------------------------------------------------------------------
  clock UART_CLK (fall edge)                            135.65     135.65
  clock network delay (ideal)                             0.00     135.65
  RX_CLK_GEN/cnt_odd_neg_reg[1]/CKN (SDFFNSRHX2M)         0.00     135.65 f
  RX_CLK_GEN/cnt_odd_neg_reg[1]/Q (SDFFNSRHX2M)           0.52     136.17 f
  RX_CLK_GEN/U121/Y (CLKBUFX6M)                           0.84     137.00 f
  RX_CLK_GEN/U157/Y (INVXLM)                              0.78     137.78 r
  RX_CLK_GEN/cnt_odd_neg_reg[2]/SI (SDFFNSRHX4M)          0.00     137.78 r
  data arrival time                                                137.78

  clock UART_CLK (fall edge)                            135.65     135.65
  clock network delay (ideal)                             0.00     135.65
  clock uncertainty                                       0.10     135.75
  RX_CLK_GEN/cnt_odd_neg_reg[2]/CKN (SDFFNSRHX4M)         0.00     135.75 f
  library hold time                                      -0.01     135.73
  data required time                                               135.73
  --------------------------------------------------------------------------
  data required time                                               135.73
  data arrival time                                               -137.78
  --------------------------------------------------------------------------
  slack (MET)                                                        2.05


  Startpoint: TX_CLK_GEN/cnt_even_reg[1]
              (rising edge-triggered flip-flop clocked by UART_CLK)
  Endpoint: TX_CLK_GEN/cnt_even_reg[2]
            (rising edge-triggered flip-flop clocked by UART_CLK)
  Path Group: UART_CLK
  Path Type: min

  Des/Clust/Port     Wire Load Model       Library
  ------------------------------------------------
  SYS_TOP            tsmc13_wl30           scmetro_tsmc_cl013g_rvt_ss_1p08v_125c

  Point                                                   Incr       Path
  --------------------------------------------------------------------------
  clock UART_CLK (rise edge)                              0.00       0.00
  clock network delay (ideal)                             0.00       0.00
  TX_CLK_GEN/cnt_even_reg[1]/CK (SDFFRQX4M)               0.00       0.00 r
  TX_CLK_GEN/cnt_even_reg[1]/Q (SDFFRQX4M)                0.78       0.78 f
  TX_CLK_GEN/U38/Y (BUFX2M)                               0.43       1.21 f
  TX_CLK_GEN/U21/Y (MX2XLM)                               0.69       1.90 f
  TX_CLK_GEN/cnt_even_reg[2]/D (SDFFRQX4M)                0.00       1.90 f
  data arrival time                                                  1.90

  clock UART_CLK (rise edge)                              0.00       0.00
  clock network delay (ideal)                             0.00       0.00
  clock uncertainty                                       0.10       0.10
  TX_CLK_GEN/cnt_even_reg[2]/CK (SDFFRQX4M)               0.00       0.10 r
  library hold time                                      -0.30      -0.20
  data required time                                                -0.20
  --------------------------------------------------------------------------
  data required time                                                -0.20
  data arrival time                                                 -1.90
  --------------------------------------------------------------------------
  slack (MET)                                                        2.09


  Startpoint: RX_CLK_GEN/cnt_odd_neg_reg[2]
              (falling edge-triggered flip-flop clocked by UART_CLK)
  Endpoint: RX_CLK_GEN/cnt_odd_neg_reg[2]
            (falling edge-triggered flip-flop clocked by UART_CLK)
  Path Group: UART_CLK
  Path Type: min

  Des/Clust/Port     Wire Load Model       Library
  ------------------------------------------------
  SYS_TOP            tsmc13_wl30           scmetro_tsmc_cl013g_rvt_ss_1p08v_125c

  Point                                                   Incr       Path
  --------------------------------------------------------------------------
  clock UART_CLK (fall edge)                            135.65     135.65
  clock network delay (ideal)                             0.00     135.65
  RX_CLK_GEN/cnt_odd_neg_reg[2]/CKN (SDFFNSRHX4M)         0.00     135.65 f
  RX_CLK_GEN/cnt_odd_neg_reg[2]/Q (SDFFNSRHX4M)           0.67     136.32 f
  RX_CLK_GEN/U88/Y (AOI33X1M)                             0.61     136.93 r
  RX_CLK_GEN/U87/Y (OAI21X2M)                             0.31     137.24 f
  RX_CLK_GEN/U124/Y (CLKMX2X2M)                           0.45     137.69 f
  RX_CLK_GEN/cnt_odd_neg_reg[2]/D (SDFFNSRHX4M)           0.00     137.69 f
  data arrival time                                                137.69

  clock UART_CLK (fall edge)                            135.65     135.65
  clock network delay (ideal)                             0.00     135.65
  clock uncertainty                                       0.10     135.75
  RX_CLK_GEN/cnt_odd_neg_reg[2]/CKN (SDFFNSRHX4M)         0.00     135.75 f
  library hold time                                      -0.17     135.57
  data required time                                               135.57
  --------------------------------------------------------------------------
  data required time                                               135.57
  data arrival time                                               -137.69
  --------------------------------------------------------------------------
  slack (MET)                                                        2.12


  Startpoint: TX_CLK_GEN/cnt_odd_neg_reg[2]
              (falling edge-triggered flip-flop clocked by UART_CLK)
  Endpoint: TX_CLK_GEN/cnt_odd_neg_reg[2]
            (falling edge-triggered flip-flop clocked by UART_CLK)
  Path Group: UART_CLK
  Path Type: min

  Des/Clust/Port     Wire Load Model       Library
  ------------------------------------------------
  SYS_TOP            tsmc13_wl30           scmetro_tsmc_cl013g_rvt_ss_1p08v_125c

  Point                                                   Incr       Path
  --------------------------------------------------------------------------
  clock UART_CLK (fall edge)                            135.65     135.65
  clock network delay (ideal)                             0.00     135.65
  TX_CLK_GEN/cnt_odd_neg_reg[2]/CKN (SDFFNSRHX4M)         0.00     135.65 f
  TX_CLK_GEN/cnt_odd_neg_reg[2]/Q (SDFFNSRHX4M)           0.68     136.32 f
  TX_CLK_GEN/U136/Y (AOI22X1M)                            0.61     136.93 r
  TX_CLK_GEN/U135/Y (OAI21X2M)                            0.31     137.24 f
  TX_CLK_GEN/U250/Y (CLKMX2X2M)                           0.45     137.70 f
  TX_CLK_GEN/cnt_odd_neg_reg[2]/D (SDFFNSRHX4M)           0.00     137.70 f
  data arrival time                                                137.70

  clock UART_CLK (fall edge)                            135.65     135.65
  clock network delay (ideal)                             0.00     135.65
  clock uncertainty                                       0.10     135.75
  TX_CLK_GEN/cnt_odd_neg_reg[2]/CKN (SDFFNSRHX4M)         0.00     135.75 f
  library hold time                                      -0.17     135.57
  data required time                                               135.57
  --------------------------------------------------------------------------
  data required time                                               135.57
  data arrival time                                               -137.70
  --------------------------------------------------------------------------
  slack (MET)                                                        2.12


  Startpoint: RX_CLK_GEN/cnt_odd_neg_reg[0]
              (falling edge-triggered flip-flop clocked by UART_CLK)
  Endpoint: RX_CLK_GEN/cnt_odd_neg_reg[1]
            (falling edge-triggered flip-flop clocked by UART_CLK)
  Path Group: UART_CLK
  Path Type: min

  Des/Clust/Port     Wire Load Model       Library
  ------------------------------------------------
  SYS_TOP            tsmc13_wl30           scmetro_tsmc_cl013g_rvt_ss_1p08v_125c

  Point                                                   Incr       Path
  --------------------------------------------------------------------------
  clock UART_CLK (fall edge)                            135.65     135.65
  clock network delay (ideal)                             0.00     135.65
  RX_CLK_GEN/cnt_odd_neg_reg[0]/CKN (SDFFNSRHX2M)         0.00     135.65 f
  RX_CLK_GEN/cnt_odd_neg_reg[0]/QN (SDFFNSRHX2M)          0.90     136.55 r
  RX_CLK_GEN/U9/Y (INVXLM)                                0.53     137.08 f
  RX_CLK_GEN/U11/Y (INVX4M)                               0.81     137.89 r
  RX_CLK_GEN/cnt_odd_neg_reg[1]/SI (SDFFNSRHX2M)          0.00     137.89 r
  data arrival time                                                137.89

  clock UART_CLK (fall edge)                            135.65     135.65
  clock network delay (ideal)                             0.00     135.65
  clock uncertainty                                       0.10     135.75
  RX_CLK_GEN/cnt_odd_neg_reg[1]/CKN (SDFFNSRHX2M)         0.00     135.75 f
  library hold time                                      -0.07     135.68
  data required time                                               135.68
  --------------------------------------------------------------------------
  data required time                                               135.68
  data arrival time                                               -137.89
  --------------------------------------------------------------------------
  slack (MET)                                                        2.21


  Startpoint: TX_CLK_GEN/cnt_odd_neg_reg[2]
              (falling edge-triggered flip-flop clocked by UART_CLK)
  Endpoint: TX_CLK_GEN/cnt_odd_neg_reg[3]
            (falling edge-triggered flip-flop clocked by UART_CLK)
  Path Group: UART_CLK
  Path Type: min

  Des/Clust/Port     Wire Load Model       Library
  ------------------------------------------------
  SYS_TOP            tsmc13_wl30           scmetro_tsmc_cl013g_rvt_ss_1p08v_125c

  Point                                                   Incr       Path
  --------------------------------------------------------------------------
  clock UART_CLK (fall edge)                            135.65     135.65
  clock network delay (ideal)                             0.00     135.65
  TX_CLK_GEN/cnt_odd_neg_reg[2]/CKN (SDFFNSRHX4M)         0.00     135.65 f
  TX_CLK_GEN/cnt_odd_neg_reg[2]/QN (SDFFNSRHX4M)          0.92     136.57 r
  TX_CLK_GEN/U26/Y (INVXLM)                               0.51     137.07 f
  TX_CLK_GEN/U27/Y (INVX2M)                               0.84     137.91 r
  TX_CLK_GEN/cnt_odd_neg_reg[3]/SI (SDFFNSRHX4M)          0.00     137.91 r
  data arrival time                                                137.91

  clock UART_CLK (fall edge)                            135.65     135.65
  clock network delay (ideal)                             0.00     135.65
  clock uncertainty                                       0.10     135.75
  TX_CLK_GEN/cnt_odd_neg_reg[3]/CKN (SDFFNSRHX4M)         0.00     135.75 f
  library hold time                                      -0.05     135.70
  data required time                                               135.70
  --------------------------------------------------------------------------
  data required time                                               135.70
  data arrival time                                               -137.91
  --------------------------------------------------------------------------
  slack (MET)                                                        2.21


  Startpoint: TX_CLK_GEN/cnt_odd_neg_reg[3]
              (falling edge-triggered flip-flop clocked by UART_CLK)
  Endpoint: TX_CLK_GEN/cnt_odd_neg_reg[4]
            (falling edge-triggered flip-flop clocked by UART_CLK)
  Path Group: UART_CLK
  Path Type: min

  Des/Clust/Port     Wire Load Model       Library
  ------------------------------------------------
  SYS_TOP            tsmc13_wl30           scmetro_tsmc_cl013g_rvt_ss_1p08v_125c

  Point                                                   Incr       Path
  --------------------------------------------------------------------------
  clock UART_CLK (fall edge)                            135.65     135.65
  clock network delay (ideal)                             0.00     135.65
  TX_CLK_GEN/cnt_odd_neg_reg[3]/CKN (SDFFNSRHX4M)         0.00     135.65 f
  TX_CLK_GEN/cnt_odd_neg_reg[3]/QN (SDFFNSRHX4M)          0.92     136.57 r
  TX_CLK_GEN/U28/Y (INVXLM)                               0.51     137.07 f
  TX_CLK_GEN/U29/Y (INVX2M)                               0.84     137.92 r
  TX_CLK_GEN/cnt_odd_neg_reg[4]/SI (SDFFNSRHX4M)          0.00     137.92 r
  data arrival time                                                137.92

  clock UART_CLK (fall edge)                            135.65     135.65
  clock network delay (ideal)                             0.00     135.65
  clock uncertainty                                       0.10     135.75
  TX_CLK_GEN/cnt_odd_neg_reg[4]/CKN (SDFFNSRHX4M)         0.00     135.75 f
  library hold time                                      -0.05     135.70
  data required time                                               135.70
  --------------------------------------------------------------------------
  data required time                                               135.70
  data arrival time                                               -137.92
  --------------------------------------------------------------------------
  slack (MET)                                                        2.22


  Startpoint: RX_CLK_GEN/even_clk_reg
              (rising edge-triggered flip-flop clocked by UART_CLK)
  Endpoint: RX_CLK_GEN/even_clk_reg
            (rising edge-triggered flip-flop clocked by UART_CLK)
  Path Group: UART_CLK
  Path Type: min

  Des/Clust/Port     Wire Load Model       Library
  ------------------------------------------------
  SYS_TOP            tsmc13_wl30           scmetro_tsmc_cl013g_rvt_ss_1p08v_125c

  Point                                                   Incr       Path
  --------------------------------------------------------------------------
  clock UART_CLK (rise edge)                              0.00       0.00
  clock network delay (ideal)                             0.00       0.00
  RX_CLK_GEN/even_clk_reg/CK (SDFFRQX2M)                  0.00       0.00 r
  RX_CLK_GEN/even_clk_reg/Q (SDFFRQX2M)                   0.72       0.72 f
  RX_CLK_GEN/U105/Y (CLKXOR2X2M)                          0.52       1.24 r
  RX_CLK_GEN/U104/Y (OAI22X1M)                            0.35       1.59 f
  RX_CLK_GEN/U147/Y (CLKMX2X2M)                           0.46       2.05 f
  RX_CLK_GEN/even_clk_reg/D (SDFFRQX2M)                   0.00       2.05 f
  data arrival time                                                  2.05

  clock UART_CLK (rise edge)                              0.00       0.00
  clock network delay (ideal)                             0.00       0.00
  clock uncertainty                                       0.10       0.10
  RX_CLK_GEN/even_clk_reg/CK (SDFFRQX2M)                  0.00       0.10 r
  library hold time                                      -0.27      -0.17
  data required time                                                -0.17
  --------------------------------------------------------------------------
  data required time                                                -0.17
  data arrival time                                                 -2.05
  --------------------------------------------------------------------------
  slack (MET)                                                        2.22


  Startpoint: TX_CLK_GEN/cnt_odd_neg_reg[4]
              (falling edge-triggered flip-flop clocked by UART_CLK)
  Endpoint: TX_CLK_GEN/cnt_odd_neg_reg[5]
            (falling edge-triggered flip-flop clocked by UART_CLK)
  Path Group: UART_CLK
  Path Type: min

  Des/Clust/Port     Wire Load Model       Library
  ------------------------------------------------
  SYS_TOP            tsmc13_wl30           scmetro_tsmc_cl013g_rvt_ss_1p08v_125c

  Point                                                   Incr       Path
  --------------------------------------------------------------------------
  clock UART_CLK (fall edge)                            135.65     135.65
  clock network delay (ideal)                             0.00     135.65
  TX_CLK_GEN/cnt_odd_neg_reg[4]/CKN (SDFFNSRHX4M)         0.00     135.65 f
  TX_CLK_GEN/cnt_odd_neg_reg[4]/QN (SDFFNSRHX4M)          0.92     136.57 r
  TX_CLK_GEN/U16/Y (INVXLM)                               0.51     137.07 f
  TX_CLK_GEN/U17/Y (INVX2M)                               0.84     137.91 r
  TX_CLK_GEN/cnt_odd_neg_reg[5]/SI (SDFFNSRHX1M)          0.00     137.91 r
  data arrival time                                                137.91

  clock UART_CLK (fall edge)                            135.65     135.65
  clock network delay (ideal)                             0.00     135.65
  clock uncertainty                                       0.10     135.75
  TX_CLK_GEN/cnt_odd_neg_reg[5]/CKN (SDFFNSRHX1M)         0.00     135.75 f
  library hold time                                      -0.07     135.68
  data required time                                               135.68
  --------------------------------------------------------------------------
  data required time                                               135.68
  data arrival time                                               -137.91
  --------------------------------------------------------------------------
  slack (MET)                                                        2.23


  Startpoint: RX_CLK_GEN/cnt_even_reg[1]
              (rising edge-triggered flip-flop clocked by UART_CLK)
  Endpoint: RX_CLK_GEN/cnt_even_reg[2]
            (rising edge-triggered flip-flop clocked by UART_CLK)
  Path Group: UART_CLK
  Path Type: min

  Des/Clust/Port     Wire Load Model       Library
  ------------------------------------------------
  SYS_TOP            tsmc13_wl30           scmetro_tsmc_cl013g_rvt_ss_1p08v_125c

  Point                                                   Incr       Path
  --------------------------------------------------------------------------
  clock UART_CLK (rise edge)                              0.00       0.00
  clock network delay (ideal)                             0.00       0.00
  RX_CLK_GEN/cnt_even_reg[1]/CK (SDFFRQX2M)               0.00       0.00 r
  RX_CLK_GEN/cnt_even_reg[1]/Q (SDFFRQX2M)                0.81       0.81 f
  RX_CLK_GEN/U160/Y (DLY1X1M)                             0.83       1.65 f
  RX_CLK_GEN/U139/Y (CLKMX2X2M)                           0.52       2.17 f
  RX_CLK_GEN/cnt_even_reg[2]/D (SDFFRQX2M)                0.00       2.17 f
  data arrival time                                                  2.17

  clock UART_CLK (rise edge)                              0.00       0.00
  clock network delay (ideal)                             0.00       0.00
  clock uncertainty                                       0.10       0.10
  RX_CLK_GEN/cnt_even_reg[2]/CK (SDFFRQX2M)               0.00       0.10 r
  library hold time                                      -0.27      -0.17
  data required time                                                -0.17
  --------------------------------------------------------------------------
  data required time                                                -0.17
  data arrival time                                                 -2.17
  --------------------------------------------------------------------------
  slack (MET)                                                        2.34


  Startpoint: RX_CLK_GEN/cnt_even_reg[0]
              (rising edge-triggered flip-flop clocked by UART_CLK)
  Endpoint: RX_CLK_GEN/cnt_even_reg[1]
            (rising edge-triggered flip-flop clocked by UART_CLK)
  Path Group: UART_CLK
  Path Type: min

  Des/Clust/Port     Wire Load Model       Library
  ------------------------------------------------
  SYS_TOP            tsmc13_wl30           scmetro_tsmc_cl013g_rvt_ss_1p08v_125c

  Point                                                   Incr       Path
  --------------------------------------------------------------------------
  clock UART_CLK (rise edge)                              0.00       0.00
  clock network delay (ideal)                             0.00       0.00
  RX_CLK_GEN/cnt_even_reg[0]/CK (SDFFRQX2M)               0.00       0.00 r
  RX_CLK_GEN/cnt_even_reg[0]/Q (SDFFRQX2M)                0.82       0.82 f
  RX_CLK_GEN/U159/Y (DLY1X1M)                             0.83       1.65 f
  RX_CLK_GEN/U129/Y (CLKMX2X2M)                           0.52       2.17 f
  RX_CLK_GEN/cnt_even_reg[1]/D (SDFFRQX2M)                0.00       2.17 f
  data arrival time                                                  2.17

  clock UART_CLK (rise edge)                              0.00       0.00
  clock network delay (ideal)                             0.00       0.00
  clock uncertainty                                       0.10       0.10
  RX_CLK_GEN/cnt_even_reg[1]/CK (SDFFRQX2M)               0.00       0.10 r
  library hold time                                      -0.27      -0.17
  data required time                                                -0.17
  --------------------------------------------------------------------------
  data required time                                                -0.17
  data arrival time                                                 -2.17
  --------------------------------------------------------------------------
  slack (MET)                                                        2.34


  Startpoint: TX_CLK_GEN/cnt_even_reg[6]
              (rising edge-triggered flip-flop clocked by UART_CLK)
  Endpoint: TX_CLK_GEN/cnt_even_reg[7]
            (rising edge-triggered flip-flop clocked by UART_CLK)
  Path Group: UART_CLK
  Path Type: min

  Des/Clust/Port     Wire Load Model       Library
  ------------------------------------------------
  SYS_TOP            tsmc13_wl30           scmetro_tsmc_cl013g_rvt_ss_1p08v_125c

  Point                                                   Incr       Path
  --------------------------------------------------------------------------
  clock UART_CLK (rise edge)                              0.00       0.00
  clock network delay (ideal)                             0.00       0.00
  TX_CLK_GEN/cnt_even_reg[6]/CK (SDFFRX1M)                0.00       0.00 r
  TX_CLK_GEN/cnt_even_reg[6]/Q (SDFFRX1M)                 0.60       0.60 f
  TX_CLK_GEN/U42/Y (INVXLM)                               0.61       1.22 r
  TX_CLK_GEN/U138/Y (INVX6M)                              0.55       1.76 f
  TX_CLK_GEN/U233/Y (CLKMX2X2M)                           0.50       2.27 f
  TX_CLK_GEN/cnt_even_reg[7]/D (SDFFRX4M)                 0.00       2.27 f
  data arrival time                                                  2.27

  clock UART_CLK (rise edge)                              0.00       0.00
  clock network delay (ideal)                             0.00       0.00
  clock uncertainty                                       0.10       0.10
  TX_CLK_GEN/cnt_even_reg[7]/CK (SDFFRX4M)                0.00       0.10 r
  library hold time                                      -0.19      -0.09
  data required time                                                -0.09
  --------------------------------------------------------------------------
  data required time                                                -0.09
  data arrival time                                                 -2.27
  --------------------------------------------------------------------------
  slack (MET)                                                        2.35


  Startpoint: TX_CLK_GEN/cnt_odd_neg_reg[6]
              (falling edge-triggered flip-flop clocked by UART_CLK)
  Endpoint: TX_CLK_GEN/cnt_odd_neg_reg[6]
            (falling edge-triggered flip-flop clocked by UART_CLK)
  Path Group: UART_CLK
  Path Type: min

  Des/Clust/Port     Wire Load Model       Library
  ------------------------------------------------
  SYS_TOP            tsmc13_wl30           scmetro_tsmc_cl013g_rvt_ss_1p08v_125c

  Point                                                   Incr       Path
  --------------------------------------------------------------------------
  clock UART_CLK (fall edge)                            135.65     135.65
  clock network delay (ideal)                             0.00     135.65
  TX_CLK_GEN/cnt_odd_neg_reg[6]/CKN (SDFFNSRHX1M)         0.00     135.65 f
  TX_CLK_GEN/cnt_odd_neg_reg[6]/Q (SDFFNSRHX1M)           0.84     136.49 f
  TX_CLK_GEN/add_57/A[6] (ClkDiv_WIDTH8_DW01_inc_1)       0.00     136.49 f
  TX_CLK_GEN/add_57/U5/Y (CLKXOR2X2M)                     0.47     136.96 r
  TX_CLK_GEN/add_57/SUM[6] (ClkDiv_WIDTH8_DW01_inc_1)     0.00     136.96 r
  TX_CLK_GEN/U144/Y (AOI22X1M)                            0.39     137.35 f
  TX_CLK_GEN/U143/Y (OAI21X2M)                            0.35     137.70 r
  TX_CLK_GEN/U206/Y (CLKMX2X2M)                           0.41     138.11 r
  TX_CLK_GEN/cnt_odd_neg_reg[6]/D (SDFFNSRHX1M)           0.00     138.11 r
  data arrival time                                                138.11

  clock UART_CLK (fall edge)                            135.65     135.65
  clock network delay (ideal)                             0.00     135.65
  clock uncertainty                                       0.10     135.75
  TX_CLK_GEN/cnt_odd_neg_reg[6]/CKN (SDFFNSRHX1M)         0.00     135.75 f
  library hold time                                      -0.04     135.71
  data required time                                               135.71
  --------------------------------------------------------------------------
  data required time                                               135.71
  data arrival time                                               -138.11
  --------------------------------------------------------------------------
  slack (MET)                                                        2.40


  Startpoint: RX_CLK_GEN/cnt_odd_pos_reg[0]
              (rising edge-triggered flip-flop clocked by UART_CLK)
  Endpoint: RX_CLK_GEN/cnt_odd_pos_reg[0]
            (rising edge-triggered flip-flop clocked by UART_CLK)
  Path Group: UART_CLK
  Path Type: min

  Des/Clust/Port     Wire Load Model       Library
  ------------------------------------------------
  SYS_TOP            tsmc13_wl30           scmetro_tsmc_cl013g_rvt_ss_1p08v_125c

  Point                                                   Incr       Path
  --------------------------------------------------------------------------
  clock UART_CLK (rise edge)                              0.00       0.00
  clock network delay (ideal)                             0.00       0.00
  RX_CLK_GEN/cnt_odd_pos_reg[0]/CK (SDFFRQX2M)            0.00       0.00 r
  RX_CLK_GEN/cnt_odd_pos_reg[0]/Q (SDFFRQX2M)             0.82       0.82 f
  RX_CLK_GEN/U68/Y (AOI32X1M)                             0.57       1.39 r
  RX_CLK_GEN/U67/Y (OAI21X1M)                             0.41       1.80 f
  RX_CLK_GEN/U145/Y (CLKMX2X2M)                           0.47       2.27 f
  RX_CLK_GEN/cnt_odd_pos_reg[0]/D (SDFFRQX2M)             0.00       2.27 f
  data arrival time                                                  2.27

  clock UART_CLK (rise edge)                              0.00       0.00
  clock network delay (ideal)                             0.00       0.00
  clock uncertainty                                       0.10       0.10
  RX_CLK_GEN/cnt_odd_pos_reg[0]/CK (SDFFRQX2M)            0.00       0.10 r
  library hold time                                      -0.27      -0.17
  data required time                                                -0.17
  --------------------------------------------------------------------------
  data required time                                                -0.17
  data arrival time                                                 -2.27
  --------------------------------------------------------------------------
  slack (MET)                                                        2.44


  Startpoint: TX_CLK_GEN/cnt_odd_neg_reg[7]
              (falling edge-triggered flip-flop clocked by UART_CLK)
  Endpoint: TX_CLK_GEN/cnt_odd_neg_reg[7]
            (falling edge-triggered flip-flop clocked by UART_CLK)
  Path Group: UART_CLK
  Path Type: min

  Des/Clust/Port     Wire Load Model       Library
  ------------------------------------------------
  SYS_TOP            tsmc13_wl30           scmetro_tsmc_cl013g_rvt_ss_1p08v_125c

  Point                                                   Incr       Path
  --------------------------------------------------------------------------
  clock UART_CLK (fall edge)                            135.65     135.65
  clock network delay (ideal)                             0.00     135.65
  TX_CLK_GEN/cnt_odd_neg_reg[7]/CKN (SDFFNSRHX4M)         0.00     135.65 f
  TX_CLK_GEN/cnt_odd_neg_reg[7]/Q (SDFFNSRHX4M)           0.76     136.41 f
  TX_CLK_GEN/U146/Y (AOI22X1M)                            0.64     137.04 r
  TX_CLK_GEN/U145/Y (OAI21X2M)                            0.31     137.35 f
  TX_CLK_GEN/U22/Y (MX2XLM)                               0.69     138.04 f
  TX_CLK_GEN/cnt_odd_neg_reg[7]/D (SDFFNSRHX4M)           0.00     138.04 f
  data arrival time                                                138.04

  clock UART_CLK (fall edge)                            135.65     135.65
  clock network delay (ideal)                             0.00     135.65
  clock uncertainty                                       0.10     135.75
  TX_CLK_GEN/cnt_odd_neg_reg[7]/CKN (SDFFNSRHX4M)         0.00     135.75 f
  library hold time                                      -0.21     135.54
  data required time                                               135.54
  --------------------------------------------------------------------------
  data required time                                               135.54
  data arrival time                                               -138.04
  --------------------------------------------------------------------------
  slack (MET)                                                        2.50


  Startpoint: TX_CLK_GEN/cnt_odd_pos_reg[0]
              (rising edge-triggered flip-flop clocked by UART_CLK)
  Endpoint: TX_CLK_GEN/cnt_odd_pos_reg[0]
            (rising edge-triggered flip-flop clocked by UART_CLK)
  Path Group: UART_CLK
  Path Type: min

  Des/Clust/Port     Wire Load Model       Library
  ------------------------------------------------
  SYS_TOP            tsmc13_wl30           scmetro_tsmc_cl013g_rvt_ss_1p08v_125c

  Point                                                   Incr       Path
  --------------------------------------------------------------------------
  clock UART_CLK (rise edge)                              0.00       0.00
  clock network delay (ideal)                             0.00       0.00
  TX_CLK_GEN/cnt_odd_pos_reg[0]/CK (SDFFRQX4M)            0.00       0.00 r
  TX_CLK_GEN/cnt_odd_pos_reg[0]/Q (SDFFRQX4M)             0.82       0.82 f
  TX_CLK_GEN/U100/Y (AOI22X1M)                            0.62       1.45 r
  TX_CLK_GEN/U99/Y (OAI21X1M)                             0.43       1.87 f
  TX_CLK_GEN/U217/Y (CLKMX2X2M)                           0.47       2.34 f
  TX_CLK_GEN/cnt_odd_pos_reg[0]/D (SDFFRQX4M)             0.00       2.34 f
  data arrival time                                                  2.34

  clock UART_CLK (rise edge)                              0.00       0.00
  clock network delay (ideal)                             0.00       0.00
  clock uncertainty                                       0.10       0.10
  TX_CLK_GEN/cnt_odd_pos_reg[0]/CK (SDFFRQX4M)            0.00       0.10 r
  library hold time                                      -0.26      -0.16
  data required time                                                -0.16
  --------------------------------------------------------------------------
  data required time                                                -0.16
  data arrival time                                                 -2.34
  --------------------------------------------------------------------------
  slack (MET)                                                        2.51


  Startpoint: TX_CLK_GEN/cnt_odd_neg_reg[7]
              (falling edge-triggered flip-flop clocked by UART_CLK)
  Endpoint: TX_CLK_GEN/outB_r_reg
            (falling edge-triggered flip-flop clocked by UART_CLK)
  Path Group: UART_CLK
  Path Type: min

  Des/Clust/Port     Wire Load Model       Library
  ------------------------------------------------
  SYS_TOP            tsmc13_wl30           scmetro_tsmc_cl013g_rvt_ss_1p08v_125c

  Point                                                   Incr       Path
  --------------------------------------------------------------------------
  clock UART_CLK (fall edge)                            135.65     135.65
  clock network delay (ideal)                             0.00     135.65
  TX_CLK_GEN/cnt_odd_neg_reg[7]/CKN (SDFFNSRHX4M)         0.00     135.65 f
  TX_CLK_GEN/cnt_odd_neg_reg[7]/Q (SDFFNSRHX4M)           0.76     136.41 f
  TX_CLK_GEN/U104/Y (AOI2B1X1M)                           0.59     136.99 f
  TX_CLK_GEN/U103/Y (OAI22X1M)                            0.77     137.77 r
  TX_CLK_GEN/U203/Y (CLKMX2X2M)                           0.51     138.27 r
  TX_CLK_GEN/outB_r_reg/D (SDFFNSRHX1M)                   0.00     138.27 r
  data arrival time                                                138.27

  clock UART_CLK (fall edge)                            135.65     135.65
  clock network delay (ideal)                             0.00     135.65
  clock uncertainty                                       0.10     135.75
  TX_CLK_GEN/outB_r_reg/CKN (SDFFNSRHX1M)                 0.00     135.75 f
  library hold time                                      -0.04     135.71
  data required time                                               135.71
  --------------------------------------------------------------------------
  data required time                                               135.71
  data arrival time                                               -138.27
  --------------------------------------------------------------------------
  slack (MET)                                                        2.56


  Startpoint: RX_CLK_GEN/cnt_odd_neg_reg[2]
              (falling edge-triggered flip-flop clocked by UART_CLK)
  Endpoint: RX_CLK_GEN/outB_r_reg
            (falling edge-triggered flip-flop clocked by UART_CLK)
  Path Group: UART_CLK
  Path Type: min

  Des/Clust/Port     Wire Load Model       Library
  ------------------------------------------------
  SYS_TOP            tsmc13_wl30           scmetro_tsmc_cl013g_rvt_ss_1p08v_125c

  Point                                                   Incr       Path
  --------------------------------------------------------------------------
  clock UART_CLK (fall edge)                            135.65     135.65
  clock network delay (ideal)                             0.00     135.65
  RX_CLK_GEN/cnt_odd_neg_reg[2]/CKN (SDFFNSRHX4M)         0.00     135.65 f
  RX_CLK_GEN/cnt_odd_neg_reg[2]/Q (SDFFNSRHX4M)           0.67     136.32 f
  RX_CLK_GEN/U97/Y (OAI21X1M)                             0.40     136.72 r
  RX_CLK_GEN/U72/Y (AOI32X1M)                             0.40     137.12 f
  RX_CLK_GEN/U71/Y (OAI22X1M)                             0.80     137.92 r
  RX_CLK_GEN/U152/Y (CLKMX2X2M)                           0.51     138.43 r
  RX_CLK_GEN/outB_r_reg/D (SDFFNSRHX2M)                   0.00     138.43 r
  data arrival time                                                138.43

  clock UART_CLK (fall edge)                            135.65     135.65
  clock network delay (ideal)                             0.00     135.65
  clock uncertainty                                       0.10     135.75
  RX_CLK_GEN/outB_r_reg/CKN (SDFFNSRHX2M)                 0.00     135.75 f
  library hold time                                      -0.01     135.74
  data required time                                               135.74
  --------------------------------------------------------------------------
  data required time                                               135.74
  data arrival time                                               -138.43
  --------------------------------------------------------------------------
  slack (MET)                                                        2.69


  Startpoint: TX_CLK_GEN/cnt_odd_neg_reg[1]
              (falling edge-triggered flip-flop clocked by UART_CLK)
  Endpoint: TX_CLK_GEN/cnt_odd_neg_reg[2]
            (falling edge-triggered flip-flop clocked by UART_CLK)
  Path Group: UART_CLK
  Path Type: min

  Des/Clust/Port     Wire Load Model       Library
  ------------------------------------------------
  SYS_TOP            tsmc13_wl30           scmetro_tsmc_cl013g_rvt_ss_1p08v_125c

  Point                                                   Incr       Path
  --------------------------------------------------------------------------
  clock UART_CLK (fall edge)                            135.65     135.65
  clock network delay (ideal)                             0.00     135.65
  TX_CLK_GEN/cnt_odd_neg_reg[1]/CKN (SDFFNSRHX1M)         0.00     135.65 f
  TX_CLK_GEN/cnt_odd_neg_reg[1]/Q (SDFFNSRHX1M)           0.82     136.47 r
  TX_CLK_GEN/U10/Y (INVXLM)                               0.45     136.91 f
  TX_CLK_GEN/U11/Y (INVX4M)                               0.61     137.52 r
  TX_CLK_GEN/U270/Y (DLY1X1M)                             0.90     138.42 r
  TX_CLK_GEN/cnt_odd_neg_reg[2]/SI (SDFFNSRHX4M)          0.00     138.42 r
  data arrival time                                                138.42

  clock UART_CLK (fall edge)                            135.65     135.65
  clock network delay (ideal)                             0.00     135.65
  clock uncertainty                                       0.10     135.75
  TX_CLK_GEN/cnt_odd_neg_reg[2]/CKN (SDFFNSRHX4M)         0.00     135.75 f
  library hold time                                      -0.04     135.71
  data required time                                               135.71
  --------------------------------------------------------------------------
  data required time                                               135.71
  data arrival time                                               -138.42
  --------------------------------------------------------------------------
  slack (MET)                                                        2.71


  Startpoint: TX_CLK_GEN/cnt_odd_neg_reg[0]
              (falling edge-triggered flip-flop clocked by UART_CLK)
  Endpoint: TX_CLK_GEN/cnt_odd_neg_reg[0]
            (falling edge-triggered flip-flop clocked by UART_CLK)
  Path Group: UART_CLK
  Path Type: min

  Des/Clust/Port     Wire Load Model       Library
  ------------------------------------------------
  SYS_TOP            tsmc13_wl30           scmetro_tsmc_cl013g_rvt_ss_1p08v_125c

  Point                                                   Incr       Path
  --------------------------------------------------------------------------
  clock UART_CLK (fall edge)                            135.65     135.65
  clock network delay (ideal)                             0.00     135.65
  TX_CLK_GEN/cnt_odd_neg_reg[0]/CKN (SDFFNSRHX4M)         0.00     135.65 f
  TX_CLK_GEN/cnt_odd_neg_reg[0]/Q (SDFFNSRHX4M)           0.72     136.36 f
  TX_CLK_GEN/add_57/A[0] (ClkDiv_WIDTH8_DW01_inc_1)       0.00     136.36 f
  TX_CLK_GEN/add_57/U2/Y (INVXLM)                         0.57     136.94 r
  TX_CLK_GEN/add_57/SUM[0] (ClkDiv_WIDTH8_DW01_inc_1)     0.00     136.94 r
  TX_CLK_GEN/U102/Y (AOI22X1M)                            0.48     137.42 f
  TX_CLK_GEN/U101/Y (OAI2BB1XLM)                          0.63     138.05 r
  TX_CLK_GEN/U212/Y (CLKMX2X2M)                           0.49     138.53 r
  TX_CLK_GEN/cnt_odd_neg_reg[0]/D (SDFFNSRHX4M)           0.00     138.53 r
  data arrival time                                                138.53

  clock UART_CLK (fall edge)                            135.65     135.65
  clock network delay (ideal)                             0.00     135.65
  clock uncertainty                                       0.10     135.75
  TX_CLK_GEN/cnt_odd_neg_reg[0]/CKN (SDFFNSRHX4M)         0.00     135.75 f
  library hold time                                       0.03     135.78
  data required time                                               135.78
  --------------------------------------------------------------------------
  data required time                                               135.78
  data arrival time                                               -138.53
  --------------------------------------------------------------------------
  slack (MET)                                                        2.75


  Startpoint: TX_CLK_GEN/cnt_even_reg[0]
              (rising edge-triggered flip-flop clocked by UART_CLK)
  Endpoint: TX_CLK_GEN/cnt_even_reg[0]
            (rising edge-triggered flip-flop clocked by UART_CLK)
  Path Group: UART_CLK
  Path Type: min

  Des/Clust/Port     Wire Load Model       Library
  ------------------------------------------------
  SYS_TOP            tsmc13_wl30           scmetro_tsmc_cl013g_rvt_ss_1p08v_125c

  Point                                                   Incr       Path
  --------------------------------------------------------------------------
  clock UART_CLK (rise edge)                              0.00       0.00
  clock network delay (ideal)                             0.00       0.00
  TX_CLK_GEN/cnt_even_reg[0]/CK (SDFFRQX4M)               0.00       0.00 r
  TX_CLK_GEN/cnt_even_reg[0]/Q (SDFFRQX4M)                1.04       1.04 r
  TX_CLK_GEN/U134/Y (AOI22X1M)                            0.56       1.60 f
  TX_CLK_GEN/U133/Y (OAI2BB1XLM)                          0.63       2.22 r
  TX_CLK_GEN/U219/Y (CLKMX2X2M)                           0.48       2.70 r
  TX_CLK_GEN/cnt_even_reg[0]/D (SDFFRQX4M)                0.00       2.70 r
  data arrival time                                                  2.70

  clock UART_CLK (rise edge)                              0.00       0.00
  clock network delay (ideal)                             0.00       0.00
  clock uncertainty                                       0.10       0.10
  TX_CLK_GEN/cnt_even_reg[0]/CK (SDFFRQX4M)               0.00       0.10 r
  library hold time                                      -0.21      -0.11
  data required time                                                -0.11
  --------------------------------------------------------------------------
  data required time                                                -0.11
  data arrival time                                                 -2.70
  --------------------------------------------------------------------------
  slack (MET)                                                        2.81


  Startpoint: UART_UNIT/UART_TX_UNIT/u_serializer/DATA_V_reg[0]
              (rising edge-triggered flip-flop clocked by TX_CLK)
  Endpoint: UART_TX_O (output port clocked by UART_CLK)
  Path Group: UART_CLK
  Path Type: min

  Des/Clust/Port     Wire Load Model       Library
  ------------------------------------------------
  SYS_TOP            tsmc13_wl30           scmetro_tsmc_cl013g_rvt_ss_1p08v_125c

  Point                                                   Incr       Path
  --------------------------------------------------------------------------
  clock TX_CLK (rise edge)                                0.00       0.00
  clock network delay (ideal)                             0.00       0.00
  UART_UNIT/UART_TX_UNIT/u_serializer/DATA_V_reg[0]/CK (SDFFRQX2M)
                                                          0.00       0.00 r
  UART_UNIT/UART_TX_UNIT/u_serializer/DATA_V_reg[0]/Q (SDFFRQX2M)
                                                          0.80       0.80 f
  UART_UNIT/UART_TX_UNIT/u_serializer/ser_out (Serializer_WIDTH8_test_1_test_1_test_1)
                                                          0.00       0.80 f
  UART_UNIT/UART_TX_UNIT/u_mux/ser_data (MUX)             0.00       0.80 f
  UART_UNIT/UART_TX_UNIT/u_mux/U5/Y (NAND3X2M)            0.43       1.23 r
  UART_UNIT/UART_TX_UNIT/u_mux/U3/Y (OAI21X4M)            0.35       1.58 f
  UART_UNIT/UART_TX_UNIT/u_mux/TX_OUT (MUX)               0.00       1.58 f
  UART_UNIT/UART_TX_UNIT/TX_OUT (UART_TX_WIDTH8_test_1_test_1_test_1)
                                                          0.00       1.58 f
  UART_UNIT/TX_OUT (UART_DATA_WIDTH8_test_1_test_1_test_1)
                                                          0.00       1.58 f
  UART_TX_O (out)                                         0.00       1.58 f
  data arrival time                                                  1.58

  clock UART_CLK (rise edge)                              0.00       0.00
  clock network delay (ideal)                             0.00       0.00
  clock uncertainty                                       0.10       0.10
  output external delay                                  -1.70      -1.60
  data required time                                                -1.60
  --------------------------------------------------------------------------
  data required time                                                -1.60
  data arrival time                                                 -1.58
  --------------------------------------------------------------------------
  slack (MET)                                                        3.18


  Startpoint: RX_CLK_GEN/cnt_odd_neg_reg[0]
              (falling edge-triggered flip-flop clocked by UART_CLK)
  Endpoint: RX_CLK_GEN/cnt_odd_neg_reg[0]
            (falling edge-triggered flip-flop clocked by UART_CLK)
  Path Group: UART_CLK
  Path Type: min

  Des/Clust/Port     Wire Load Model       Library
  ------------------------------------------------
  SYS_TOP            tsmc13_wl30           scmetro_tsmc_cl013g_rvt_ss_1p08v_125c

  Point                                                   Incr       Path
  --------------------------------------------------------------------------
  clock UART_CLK (fall edge)                            135.65     135.65
  clock network delay (ideal)                             0.00     135.65
  RX_CLK_GEN/cnt_odd_neg_reg[0]/CKN (SDFFNSRHX2M)         0.00     135.65 f
  RX_CLK_GEN/cnt_odd_neg_reg[0]/QN (SDFFNSRHX2M)          0.90     136.55 r
  RX_CLK_GEN/U9/Y (INVXLM)                                0.53     137.08 f
  RX_CLK_GEN/U11/Y (INVX4M)                               0.81     137.89 r
  RX_CLK_GEN/U70/Y (OAI222X1M)                            0.58     138.47 f
  RX_CLK_GEN/U150/Y (CLKMX2X2M)                           0.50     138.97 f
  RX_CLK_GEN/cnt_odd_neg_reg[0]/D (SDFFNSRHX2M)           0.00     138.97 f
  data arrival time                                                138.97

  clock UART_CLK (fall edge)                            135.65     135.65
  clock network delay (ideal)                             0.00     135.65
  clock uncertainty                                       0.10     135.75
  RX_CLK_GEN/cnt_odd_neg_reg[0]/CKN (SDFFNSRHX2M)         0.00     135.75 f
  library hold time                                      -0.23     135.52
  data required time                                               135.52
  --------------------------------------------------------------------------
  data required time                                               135.52
  data arrival time                                               -138.97
  --------------------------------------------------------------------------
  slack (MET)                                                        3.45


  Startpoint: UART_UNIT/UART_RX_UNIT/u_Stop_Check/stp_err_reg
              (rising edge-triggered flip-flop clocked by RX_CLK)
  Endpoint: framing_error
            (output port clocked by UART_CLK)
  Path Group: UART_CLK
  Path Type: min

  Des/Clust/Port     Wire Load Model       Library
  ------------------------------------------------
  SYS_TOP            tsmc13_wl30           scmetro_tsmc_cl013g_rvt_ss_1p08v_125c

  Point                                                   Incr       Path
  --------------------------------------------------------------------------
  clock RX_CLK (rise edge)                                0.00       0.00
  clock network delay (ideal)                             0.00       0.00
  UART_UNIT/UART_RX_UNIT/u_Stop_Check/stp_err_reg/CK (SDFFRQX4M)
                                                          0.00       0.00 r
  UART_UNIT/UART_RX_UNIT/u_Stop_Check/stp_err_reg/Q (SDFFRQX4M)
                                                          0.90       0.90 f
  UART_UNIT/UART_RX_UNIT/u_Stop_Check/stp_err (Stop_Check_DATA_WIDTH8_test_1_test_1_test_1)
                                                          0.00       0.90 f
  UART_UNIT/UART_RX_UNIT/Stop_Error (UART_RX_DATA_WIDTH8_test_1_test_1_test_1)
                                                          0.00       0.90 f
  UART_UNIT/Stop_Error (UART_DATA_WIDTH8_test_1_test_1_test_1)
                                                          0.00       0.90 f
  framing_error (out)                                     0.00       0.90 f
  data arrival time                                                  0.90

  clock UART_CLK (rise edge)                              0.00       0.00
  clock network delay (ideal)                             0.00       0.00
  clock uncertainty                                       0.10       0.10
  output external delay                                 -54.26     -54.16
  data required time                                               -54.16
  --------------------------------------------------------------------------
  data required time                                               -54.16
  data arrival time                                                 -0.90
  --------------------------------------------------------------------------
  slack (MET)                                                       55.06


  Startpoint: UART_UNIT/UART_RX_UNIT/u_Parity_Check/par_err_reg
              (rising edge-triggered flip-flop clocked by RX_CLK)
  Endpoint: parity_error
            (output port clocked by UART_CLK)
  Path Group: UART_CLK
  Path Type: min

  Des/Clust/Port     Wire Load Model       Library
  ------------------------------------------------
  SYS_TOP            tsmc13_wl30           scmetro_tsmc_cl013g_rvt_ss_1p08v_125c

  Point                                                   Incr       Path
  --------------------------------------------------------------------------
  clock RX_CLK (rise edge)                                0.00       0.00
  clock network delay (ideal)                             0.00       0.00
  UART_UNIT/UART_RX_UNIT/u_Parity_Check/par_err_reg/CK (SDFFRQX2M)
                                                          0.00       0.00 r
  UART_UNIT/UART_RX_UNIT/u_Parity_Check/par_err_reg/Q (SDFFRQX2M)
                                                          0.62       0.62 f
  UART_UNIT/UART_RX_UNIT/u_Parity_Check/U1/Y (INVXLM)     0.58       1.20 r
  UART_UNIT/UART_RX_UNIT/u_Parity_Check/U2/Y (INVX4M)     0.59       1.79 f
  UART_UNIT/UART_RX_UNIT/u_Parity_Check/par_err (Parity_Check_DATA_WIDTH8_test_1_test_1_test_1)
                                                          0.00       1.79 f
  UART_UNIT/UART_RX_UNIT/Parity_Error (UART_RX_DATA_WIDTH8_test_1_test_1_test_1)
                                                          0.00       1.79 f
  UART_UNIT/Parity_Error (UART_DATA_WIDTH8_test_1_test_1_test_1)
                                                          0.00       1.79 f
  parity_error (out)                                      0.00       1.79 f
  data arrival time                                                  1.79

  clock UART_CLK (rise edge)                              0.00       0.00
  clock network delay (ideal)                             0.00       0.00
  clock uncertainty                                       0.10       0.10
  output external delay                                 -54.26     -54.16
  data required time                                               -54.16
  --------------------------------------------------------------------------
  data required time                                               -54.16
  data arrival time                                                 -1.79
  --------------------------------------------------------------------------
  slack (MET)                                                       55.95


  Startpoint: RX_CLK_GEN/outA_r_reg
              (rising edge-triggered flip-flop clocked by UART_CLK)
  Endpoint: RX_CLK_GEN/outB_r_reg
            (falling edge-triggered flip-flop clocked by UART_CLK)
  Path Group: UART_CLK
  Path Type: min

  Des/Clust/Port     Wire Load Model       Library
  ------------------------------------------------
  SYS_TOP            tsmc13_wl30           scmetro_tsmc_cl013g_rvt_ss_1p08v_125c

  Point                                                   Incr       Path
  --------------------------------------------------------------------------
  clock UART_CLK (rise edge)                            271.30     271.30
  clock network delay (ideal)                             0.00     271.30
  RX_CLK_GEN/outA_r_reg/CK (SDFFRQX2M)                    0.00     271.30 r
  RX_CLK_GEN/outA_r_reg/Q (SDFFRQX2M)                     0.86     272.15 r
  RX_CLK_GEN/outB_r_reg/SI (SDFFNSRHX2M)                  0.00     272.15 r
  data arrival time                                                272.15

  clock UART_CLK (fall edge)                            135.65     135.65
  clock network delay (ideal)                             0.00     135.65
  clock uncertainty                                       0.10     135.75
  RX_CLK_GEN/outB_r_reg/CKN (SDFFNSRHX2M)                 0.00     135.75 f
  library hold time                                      -0.05     135.70
  data required time                                               135.70
  --------------------------------------------------------------------------
  data required time                                               135.70
  data arrival time                                               -272.15
  --------------------------------------------------------------------------
  slack (MET)                                                      136.46


  Startpoint: TX_CLK_GEN/outA_r_reg
              (rising edge-triggered flip-flop clocked by UART_CLK)
  Endpoint: TX_CLK_GEN/outB_r_reg
            (falling edge-triggered flip-flop clocked by UART_CLK)
  Path Group: UART_CLK
  Path Type: min

  Des/Clust/Port     Wire Load Model       Library
  ------------------------------------------------
  SYS_TOP            tsmc13_wl30           scmetro_tsmc_cl013g_rvt_ss_1p08v_125c

  Point                                                   Incr       Path
  --------------------------------------------------------------------------
  clock UART_CLK (rise edge)                            271.30     271.30
  clock network delay (ideal)                             0.00     271.30
  TX_CLK_GEN/outA_r_reg/CK (SDFFRQX2M)                    0.00     271.30 r
  TX_CLK_GEN/outA_r_reg/Q (SDFFRQX2M)                     0.86     272.15 r
  TX_CLK_GEN/outB_r_reg/SI (SDFFNSRHX1M)                  0.00     272.15 r
  data arrival time                                                272.15

  clock UART_CLK (fall edge)                            135.65     135.65
  clock network delay (ideal)                             0.00     135.65
  clock uncertainty                                       0.10     135.75
  TX_CLK_GEN/outB_r_reg/CKN (SDFFNSRHX1M)                 0.00     135.75 f
  library hold time                                      -0.05     135.69
  data required time                                               135.69
  --------------------------------------------------------------------------
  data required time                                               135.69
  data arrival time                                               -272.15
  --------------------------------------------------------------------------
  slack (MET)                                                      136.46


  Startpoint: TX_CLK_GEN/cnt_even_reg[7]
              (rising edge-triggered flip-flop clocked by UART_CLK)
  Endpoint: TX_CLK_GEN/cnt_odd_neg_reg[0]
            (falling edge-triggered flip-flop clocked by UART_CLK)
  Path Group: UART_CLK
  Path Type: min

  Des/Clust/Port     Wire Load Model       Library
  ------------------------------------------------
  SYS_TOP            tsmc13_wl30           scmetro_tsmc_cl013g_rvt_ss_1p08v_125c

  Point                                                   Incr       Path
  --------------------------------------------------------------------------
  clock UART_CLK (rise edge)                            271.30     271.30
  clock network delay (ideal)                             0.00     271.30
  TX_CLK_GEN/cnt_even_reg[7]/CK (SDFFRX4M)                0.00     271.30 r
  TX_CLK_GEN/cnt_even_reg[7]/Q (SDFFRX4M)                 0.96     272.25 r
  TX_CLK_GEN/cnt_odd_neg_reg[0]/SI (SDFFNSRHX4M)          0.00     272.25 r
  data arrival time                                                272.25

  clock UART_CLK (fall edge)                            135.65     135.65
  clock network delay (ideal)                             0.00     135.65
  clock uncertainty                                       0.10     135.75
  TX_CLK_GEN/cnt_odd_neg_reg[0]/CKN (SDFFNSRHX4M)         0.00     135.75 f
  library hold time                                      -0.03     135.72
  data required time                                               135.72
  --------------------------------------------------------------------------
  data required time                                               135.72
  data arrival time                                               -272.25
  --------------------------------------------------------------------------
  slack (MET)                                                      136.53


  Startpoint: RX_CLK_GEN/cnt_even_reg[3]
              (rising edge-triggered flip-flop clocked by UART_CLK)
  Endpoint: RX_CLK_GEN/cnt_odd_neg_reg[0]
            (falling edge-triggered flip-flop clocked by UART_CLK)
  Path Group: UART_CLK
  Path Type: min

  Des/Clust/Port     Wire Load Model       Library
  ------------------------------------------------
  SYS_TOP            tsmc13_wl30           scmetro_tsmc_cl013g_rvt_ss_1p08v_125c

  Point                                                   Incr       Path
  --------------------------------------------------------------------------
  clock UART_CLK (rise edge)                            271.30     271.30
  clock network delay (ideal)                             0.00     271.30
  RX_CLK_GEN/cnt_even_reg[3]/CK (SDFFRQX2M)               0.00     271.30 r
  RX_CLK_GEN/cnt_even_reg[3]/Q (SDFFRQX2M)                1.02     272.32 r
  RX_CLK_GEN/cnt_odd_neg_reg[0]/SI (SDFFNSRHX2M)          0.00     272.32 r
  data arrival time                                                272.32

  clock UART_CLK (fall edge)                            135.65     135.65
  clock network delay (ideal)                             0.00     135.65
  clock uncertainty                                       0.10     135.75
  RX_CLK_GEN/cnt_odd_neg_reg[0]/CKN (SDFFNSRHX2M)         0.00     135.75 f
  library hold time                                      -0.07     135.68
  data required time                                               135.68
  --------------------------------------------------------------------------
  data required time                                               135.68
  data arrival time                                               -272.32
  --------------------------------------------------------------------------
  slack (MET)                                                      136.64


  Startpoint: TX_CLK_GEN/cnt_odd_neg_reg[7]
              (falling edge-triggered flip-flop clocked by UART_CLK)
  Endpoint: TX_CLK_GEN/cnt_odd_pos_reg[0]
            (rising edge-triggered flip-flop clocked by UART_CLK)
  Path Group: UART_CLK
  Path Type: min

  Des/Clust/Port     Wire Load Model       Library
  ------------------------------------------------
  SYS_TOP            tsmc13_wl30           scmetro_tsmc_cl013g_rvt_ss_1p08v_125c

  Point                                                   Incr       Path
  --------------------------------------------------------------------------
  clock UART_CLK (fall edge)                            135.65     135.65
  clock network delay (ideal)                             0.00     135.65
  TX_CLK_GEN/cnt_odd_neg_reg[7]/CKN (SDFFNSRHX4M)         0.00     135.65 f
  TX_CLK_GEN/cnt_odd_neg_reg[7]/QN (SDFFNSRHX4M)          0.91     136.56 r
  TX_CLK_GEN/cnt_odd_pos_reg[0]/SI (SDFFRQX4M)            0.00     136.56 r
  data arrival time                                                136.56

  clock UART_CLK (rise edge)                              0.00       0.00
  clock network delay (ideal)                             0.00       0.00
  clock uncertainty                                       0.10       0.10
  TX_CLK_GEN/cnt_odd_pos_reg[0]/CK (SDFFRQX4M)            0.00       0.10 r
  library hold time                                      -0.25      -0.15
  data required time                                                -0.15
  --------------------------------------------------------------------------
  data required time                                                -0.15
  data arrival time                                               -136.56
  --------------------------------------------------------------------------
  slack (MET)                                                      136.72


  Startpoint: RX_CLK_GEN/cnt_odd_neg_reg[3]
              (falling edge-triggered flip-flop clocked by UART_CLK)
  Endpoint: RX_CLK_GEN/cnt_odd_pos_reg[0]
            (rising edge-triggered flip-flop clocked by UART_CLK)
  Path Group: UART_CLK
  Path Type: min

  Des/Clust/Port     Wire Load Model       Library
  ------------------------------------------------
  SYS_TOP            tsmc13_wl30           scmetro_tsmc_cl013g_rvt_ss_1p08v_125c

  Point                                                   Incr       Path
  --------------------------------------------------------------------------
  clock UART_CLK (fall edge)                            135.65     135.65
  clock network delay (ideal)                             0.00     135.65
  RX_CLK_GEN/cnt_odd_neg_reg[3]/CKN (SDFFNSRHX4M)         0.00     135.65 f
  RX_CLK_GEN/cnt_odd_neg_reg[3]/QN (SDFFNSRHX4M)          0.92     136.57 r
  RX_CLK_GEN/U5/Y (INVXLM)                                0.51     137.07 f
  RX_CLK_GEN/U7/Y (INVX2M)                                0.82     137.90 r
  RX_CLK_GEN/cnt_odd_pos_reg[0]/SI (SDFFRQX2M)            0.00     137.90 r
  data arrival time                                                137.90

  clock UART_CLK (rise edge)                              0.00       0.00
  clock network delay (ideal)                             0.00       0.00
  clock uncertainty                                       0.10       0.10
  RX_CLK_GEN/cnt_odd_pos_reg[0]/CK (SDFFRQX2M)            0.00       0.10 r
  library hold time                                      -0.28      -0.18
  data required time                                                -0.18
  --------------------------------------------------------------------------
  data required time                                                -0.18
  data arrival time                                               -137.90
  --------------------------------------------------------------------------
  slack (MET)                                                      138.07


1
