 
****************************************
Report : timing
        -path full
        -delay min
        -max_paths 100
Design : UART_TX
Version: O-2018.06-SP1
Date   : Tue Sep  8 03:48:33 2026
****************************************

Operating Conditions: scmetro_tsmc_cl013g_rvt_ff_1p32v_m40c   Library: scmetro_tsmc_cl013g_rvt_ff_1p32v_m40c
Wire Load Model Mode: top

  Startpoint: SE (input port clocked by clk)
  Endpoint: u_fsm/busy_reg
            (rising edge-triggered flip-flop clocked by clk)
  Path Group: INREG
  Path Type: min

  Point                                    Incr       Path
  -----------------------------------------------------------
  clock clk (rise edge)                    0.00       0.00
  clock network delay (ideal)              0.00       0.00
  input external delay                   300.00     300.00 r
  SE (in)                                  0.00     300.00 r
  u_fsm/test_se (FSM_test_1)               0.00     300.00 r
  u_fsm/busy_reg/SE (SDFFRQX2M)            0.00     300.00 r
  data arrival time                                 300.00

  clock clk (rise edge)                    0.00       0.00
  clock network delay (ideal)              0.00       0.00
  clock uncertainty                        0.01       0.01
  u_fsm/busy_reg/CK (SDFFRQX2M)            0.00       0.01 r
  library hold time                       -0.14      -0.13
  data required time                                 -0.13
  -----------------------------------------------------------
  data required time                                 -0.13
  data arrival time                                -300.00
  -----------------------------------------------------------
  slack (MET)                                       300.13


  Startpoint: SE (input port clocked by clk)
  Endpoint: u_fsm/Current_State_reg_1_
            (rising edge-triggered flip-flop clocked by clk)
  Path Group: INREG
  Path Type: min

  Point                                                   Incr       Path
  --------------------------------------------------------------------------
  clock clk (rise edge)                                   0.00       0.00
  clock network delay (ideal)                             0.00       0.00
  input external delay                                  300.00     300.00 r
  SE (in)                                                 0.00     300.00 r
  u_fsm/test_se (FSM_test_1)                              0.00     300.00 r
  u_fsm/Current_State_reg_1_/SE (SDFFRQX2M)               0.00     300.00 r
  data arrival time                                                300.00

  clock clk (rise edge)                                   0.00       0.00
  clock network delay (ideal)                             0.00       0.00
  clock uncertainty                                       0.01       0.01
  u_fsm/Current_State_reg_1_/CK (SDFFRQX2M)               0.00       0.01 r
  library hold time                                      -0.14      -0.13
  data required time                                                -0.13
  --------------------------------------------------------------------------
  data required time                                                -0.13
  data arrival time                                               -300.00
  --------------------------------------------------------------------------
  slack (MET)                                                      300.13


  Startpoint: SE (input port clocked by clk)
  Endpoint: u_fsm/Current_State_reg_2_
            (rising edge-triggered flip-flop clocked by clk)
  Path Group: INREG
  Path Type: min

  Point                                                   Incr       Path
  --------------------------------------------------------------------------
  clock clk (rise edge)                                   0.00       0.00
  clock network delay (ideal)                             0.00       0.00
  input external delay                                  300.00     300.00 r
  SE (in)                                                 0.00     300.00 r
  u_fsm/test_se (FSM_test_1)                              0.00     300.00 r
  u_fsm/Current_State_reg_2_/SE (SDFFRQX2M)               0.00     300.00 r
  data arrival time                                                300.00

  clock clk (rise edge)                                   0.00       0.00
  clock network delay (ideal)                             0.00       0.00
  clock uncertainty                                       0.01       0.01
  u_fsm/Current_State_reg_2_/CK (SDFFRQX2M)               0.00       0.01 r
  library hold time                                      -0.14      -0.13
  data required time                                                -0.13
  --------------------------------------------------------------------------
  data required time                                                -0.13
  data arrival time                                               -300.00
  --------------------------------------------------------------------------
  slack (MET)                                                      300.13


  Startpoint: SE (input port clocked by clk)
  Endpoint: u_parity/DATA_V_reg_5_
            (rising edge-triggered flip-flop clocked by clk)
  Path Group: INREG
  Path Type: min

  Point                                                   Incr       Path
  --------------------------------------------------------------------------
  clock clk (rise edge)                                   0.00       0.00
  clock network delay (ideal)                             0.00       0.00
  input external delay                                  300.00     300.00 r
  SE (in)                                                 0.00     300.00 r
  u_parity/test_se (Parity_Calc_test_1)                   0.00     300.00 r
  u_parity/DATA_V_reg_5_/SE (SDFFRQX2M)                   0.00     300.00 r
  data arrival time                                                300.00

  clock clk (rise edge)                                   0.00       0.00
  clock network delay (ideal)                             0.00       0.00
  clock uncertainty                                       0.01       0.01
  u_parity/DATA_V_reg_5_/CK (SDFFRQX2M)                   0.00       0.01 r
  library hold time                                      -0.14      -0.13
  data required time                                                -0.13
  --------------------------------------------------------------------------
  data required time                                                -0.13
  data arrival time                                               -300.00
  --------------------------------------------------------------------------
  slack (MET)                                                      300.13


  Startpoint: SE (input port clocked by clk)
  Endpoint: u_parity/DATA_V_reg_1_
            (rising edge-triggered flip-flop clocked by clk)
  Path Group: INREG
  Path Type: min

  Point                                                   Incr       Path
  --------------------------------------------------------------------------
  clock clk (rise edge)                                   0.00       0.00
  clock network delay (ideal)                             0.00       0.00
  input external delay                                  300.00     300.00 r
  SE (in)                                                 0.00     300.00 r
  u_parity/test_se (Parity_Calc_test_1)                   0.00     300.00 r
  u_parity/DATA_V_reg_1_/SE (SDFFRQX2M)                   0.00     300.00 r
  data arrival time                                                300.00

  clock clk (rise edge)                                   0.00       0.00
  clock network delay (ideal)                             0.00       0.00
  clock uncertainty                                       0.01       0.01
  u_parity/DATA_V_reg_1_/CK (SDFFRQX2M)                   0.00       0.01 r
  library hold time                                      -0.14      -0.13
  data required time                                                -0.13
  --------------------------------------------------------------------------
  data required time                                                -0.13
  data arrival time                                               -300.00
  --------------------------------------------------------------------------
  slack (MET)                                                      300.13


  Startpoint: SE (input port clocked by clk)
  Endpoint: u_parity/DATA_V_reg_4_
            (rising edge-triggered flip-flop clocked by clk)
  Path Group: INREG
  Path Type: min

  Point                                                   Incr       Path
  --------------------------------------------------------------------------
  clock clk (rise edge)                                   0.00       0.00
  clock network delay (ideal)                             0.00       0.00
  input external delay                                  300.00     300.00 r
  SE (in)                                                 0.00     300.00 r
  u_parity/test_se (Parity_Calc_test_1)                   0.00     300.00 r
  u_parity/DATA_V_reg_4_/SE (SDFFRQX2M)                   0.00     300.00 r
  data arrival time                                                300.00

  clock clk (rise edge)                                   0.00       0.00
  clock network delay (ideal)                             0.00       0.00
  clock uncertainty                                       0.01       0.01
  u_parity/DATA_V_reg_4_/CK (SDFFRQX2M)                   0.00       0.01 r
  library hold time                                      -0.14      -0.13
  data required time                                                -0.13
  --------------------------------------------------------------------------
  data required time                                                -0.13
  data arrival time                                               -300.00
  --------------------------------------------------------------------------
  slack (MET)                                                      300.13


  Startpoint: SE (input port clocked by clk)
  Endpoint: u_parity/DATA_V_reg_0_
            (rising edge-triggered flip-flop clocked by clk)
  Path Group: INREG
  Path Type: min

  Point                                                   Incr       Path
  --------------------------------------------------------------------------
  clock clk (rise edge)                                   0.00       0.00
  clock network delay (ideal)                             0.00       0.00
  input external delay                                  300.00     300.00 r
  SE (in)                                                 0.00     300.00 r
  u_parity/test_se (Parity_Calc_test_1)                   0.00     300.00 r
  u_parity/DATA_V_reg_0_/SE (SDFFRQX2M)                   0.00     300.00 r
  data arrival time                                                300.00

  clock clk (rise edge)                                   0.00       0.00
  clock network delay (ideal)                             0.00       0.00
  clock uncertainty                                       0.01       0.01
  u_parity/DATA_V_reg_0_/CK (SDFFRQX2M)                   0.00       0.01 r
  library hold time                                      -0.14      -0.13
  data required time                                                -0.13
  --------------------------------------------------------------------------
  data required time                                                -0.13
  data arrival time                                               -300.00
  --------------------------------------------------------------------------
  slack (MET)                                                      300.13


  Startpoint: SE (input port clocked by clk)
  Endpoint: u_parity/DATA_V_reg_2_
            (rising edge-triggered flip-flop clocked by clk)
  Path Group: INREG
  Path Type: min

  Point                                                   Incr       Path
  --------------------------------------------------------------------------
  clock clk (rise edge)                                   0.00       0.00
  clock network delay (ideal)                             0.00       0.00
  input external delay                                  300.00     300.00 r
  SE (in)                                                 0.00     300.00 r
  u_parity/test_se (Parity_Calc_test_1)                   0.00     300.00 r
  u_parity/DATA_V_reg_2_/SE (SDFFRQX2M)                   0.00     300.00 r
  data arrival time                                                300.00

  clock clk (rise edge)                                   0.00       0.00
  clock network delay (ideal)                             0.00       0.00
  clock uncertainty                                       0.01       0.01
  u_parity/DATA_V_reg_2_/CK (SDFFRQX2M)                   0.00       0.01 r
  library hold time                                      -0.14      -0.13
  data required time                                                -0.13
  --------------------------------------------------------------------------
  data required time                                                -0.13
  data arrival time                                               -300.00
  --------------------------------------------------------------------------
  slack (MET)                                                      300.13


  Startpoint: SE (input port clocked by clk)
  Endpoint: u_parity/DATA_V_reg_3_
            (rising edge-triggered flip-flop clocked by clk)
  Path Group: INREG
  Path Type: min

  Point                                                   Incr       Path
  --------------------------------------------------------------------------
  clock clk (rise edge)                                   0.00       0.00
  clock network delay (ideal)                             0.00       0.00
  input external delay                                  300.00     300.00 r
  SE (in)                                                 0.00     300.00 r
  u_parity/test_se (Parity_Calc_test_1)                   0.00     300.00 r
  u_parity/DATA_V_reg_3_/SE (SDFFRQX2M)                   0.00     300.00 r
  data arrival time                                                300.00

  clock clk (rise edge)                                   0.00       0.00
  clock network delay (ideal)                             0.00       0.00
  clock uncertainty                                       0.01       0.01
  u_parity/DATA_V_reg_3_/CK (SDFFRQX2M)                   0.00       0.01 r
  library hold time                                      -0.14      -0.13
  data required time                                                -0.13
  --------------------------------------------------------------------------
  data required time                                                -0.13
  data arrival time                                               -300.00
  --------------------------------------------------------------------------
  slack (MET)                                                      300.13


  Startpoint: SE (input port clocked by clk)
  Endpoint: u_parity/DATA_V_reg_6_
            (rising edge-triggered flip-flop clocked by clk)
  Path Group: INREG
  Path Type: min

  Point                                                   Incr       Path
  --------------------------------------------------------------------------
  clock clk (rise edge)                                   0.00       0.00
  clock network delay (ideal)                             0.00       0.00
  input external delay                                  300.00     300.00 r
  SE (in)                                                 0.00     300.00 r
  u_parity/test_se (Parity_Calc_test_1)                   0.00     300.00 r
  u_parity/DATA_V_reg_6_/SE (SDFFRQX2M)                   0.00     300.00 r
  data arrival time                                                300.00

  clock clk (rise edge)                                   0.00       0.00
  clock network delay (ideal)                             0.00       0.00
  clock uncertainty                                       0.01       0.01
  u_parity/DATA_V_reg_6_/CK (SDFFRQX2M)                   0.00       0.01 r
  library hold time                                      -0.14      -0.13
  data required time                                                -0.13
  --------------------------------------------------------------------------
  data required time                                                -0.13
  data arrival time                                               -300.00
  --------------------------------------------------------------------------
  slack (MET)                                                      300.13


  Startpoint: SE (input port clocked by clk)
  Endpoint: u_parity/DATA_V_reg_7_
            (rising edge-triggered flip-flop clocked by clk)
  Path Group: INREG
  Path Type: min

  Point                                                   Incr       Path
  --------------------------------------------------------------------------
  clock clk (rise edge)                                   0.00       0.00
  clock network delay (ideal)                             0.00       0.00
  input external delay                                  300.00     300.00 r
  SE (in)                                                 0.00     300.00 r
  u_parity/test_se (Parity_Calc_test_1)                   0.00     300.00 r
  u_parity/DATA_V_reg_7_/SE (SDFFRQX2M)                   0.00     300.00 r
  data arrival time                                                300.00

  clock clk (rise edge)                                   0.00       0.00
  clock network delay (ideal)                             0.00       0.00
  clock uncertainty                                       0.01       0.01
  u_parity/DATA_V_reg_7_/CK (SDFFRQX2M)                   0.00       0.01 r
  library hold time                                      -0.14      -0.13
  data required time                                                -0.13
  --------------------------------------------------------------------------
  data required time                                                -0.13
  data arrival time                                               -300.00
  --------------------------------------------------------------------------
  slack (MET)                                                      300.13


  Startpoint: SE (input port clocked by clk)
  Endpoint: u_parity/par_bit_reg
            (rising edge-triggered flip-flop clocked by clk)
  Path Group: INREG
  Path Type: min

  Point                                                   Incr       Path
  --------------------------------------------------------------------------
  clock clk (rise edge)                                   0.00       0.00
  clock network delay (ideal)                             0.00       0.00
  input external delay                                  300.00     300.00 r
  SE (in)                                                 0.00     300.00 r
  u_parity/test_se (Parity_Calc_test_1)                   0.00     300.00 r
  u_parity/par_bit_reg/SE (SDFFRQX2M)                     0.00     300.00 r
  data arrival time                                                300.00

  clock clk (rise edge)                                   0.00       0.00
  clock network delay (ideal)                             0.00       0.00
  clock uncertainty                                       0.01       0.01
  u_parity/par_bit_reg/CK (SDFFRQX2M)                     0.00       0.01 r
  library hold time                                      -0.14      -0.13
  data required time                                                -0.13
  --------------------------------------------------------------------------
  data required time                                                -0.13
  data arrival time                                               -300.00
  --------------------------------------------------------------------------
  slack (MET)                                                      300.13


  Startpoint: SE (input port clocked by clk)
  Endpoint: u_serializer/DATA_V_reg_6_
            (rising edge-triggered flip-flop clocked by clk)
  Path Group: INREG
  Path Type: min

  Point                                                   Incr       Path
  --------------------------------------------------------------------------
  clock clk (rise edge)                                   0.00       0.00
  clock network delay (ideal)                             0.00       0.00
  input external delay                                  300.00     300.00 r
  SE (in)                                                 0.00     300.00 r
  u_serializer/test_se (Serializer_test_1)                0.00     300.00 r
  u_serializer/DATA_V_reg_6_/SE (SDFFRQX2M)               0.00     300.00 r
  data arrival time                                                300.00

  clock clk (rise edge)                                   0.00       0.00
  clock network delay (ideal)                             0.00       0.00
  clock uncertainty                                       0.01       0.01
  u_serializer/DATA_V_reg_6_/CK (SDFFRQX2M)               0.00       0.01 r
  library hold time                                      -0.14      -0.13
  data required time                                                -0.13
  --------------------------------------------------------------------------
  data required time                                                -0.13
  data arrival time                                               -300.00
  --------------------------------------------------------------------------
  slack (MET)                                                      300.13


  Startpoint: SE (input port clocked by clk)
  Endpoint: u_serializer/DATA_V_reg_5_
            (rising edge-triggered flip-flop clocked by clk)
  Path Group: INREG
  Path Type: min

  Point                                                   Incr       Path
  --------------------------------------------------------------------------
  clock clk (rise edge)                                   0.00       0.00
  clock network delay (ideal)                             0.00       0.00
  input external delay                                  300.00     300.00 r
  SE (in)                                                 0.00     300.00 r
  u_serializer/test_se (Serializer_test_1)                0.00     300.00 r
  u_serializer/DATA_V_reg_5_/SE (SDFFRQX2M)               0.00     300.00 r
  data arrival time                                                300.00

  clock clk (rise edge)                                   0.00       0.00
  clock network delay (ideal)                             0.00       0.00
  clock uncertainty                                       0.01       0.01
  u_serializer/DATA_V_reg_5_/CK (SDFFRQX2M)               0.00       0.01 r
  library hold time                                      -0.14      -0.13
  data required time                                                -0.13
  --------------------------------------------------------------------------
  data required time                                                -0.13
  data arrival time                                               -300.00
  --------------------------------------------------------------------------
  slack (MET)                                                      300.13


  Startpoint: SE (input port clocked by clk)
  Endpoint: u_serializer/DATA_V_reg_4_
            (rising edge-triggered flip-flop clocked by clk)
  Path Group: INREG
  Path Type: min

  Point                                                   Incr       Path
  --------------------------------------------------------------------------
  clock clk (rise edge)                                   0.00       0.00
  clock network delay (ideal)                             0.00       0.00
  input external delay                                  300.00     300.00 r
  SE (in)                                                 0.00     300.00 r
  u_serializer/test_se (Serializer_test_1)                0.00     300.00 r
  u_serializer/DATA_V_reg_4_/SE (SDFFRQX2M)               0.00     300.00 r
  data arrival time                                                300.00

  clock clk (rise edge)                                   0.00       0.00
  clock network delay (ideal)                             0.00       0.00
  clock uncertainty                                       0.01       0.01
  u_serializer/DATA_V_reg_4_/CK (SDFFRQX2M)               0.00       0.01 r
  library hold time                                      -0.14      -0.13
  data required time                                                -0.13
  --------------------------------------------------------------------------
  data required time                                                -0.13
  data arrival time                                               -300.00
  --------------------------------------------------------------------------
  slack (MET)                                                      300.13


  Startpoint: SE (input port clocked by clk)
  Endpoint: u_serializer/DATA_V_reg_3_
            (rising edge-triggered flip-flop clocked by clk)
  Path Group: INREG
  Path Type: min

  Point                                                   Incr       Path
  --------------------------------------------------------------------------
  clock clk (rise edge)                                   0.00       0.00
  clock network delay (ideal)                             0.00       0.00
  input external delay                                  300.00     300.00 r
  SE (in)                                                 0.00     300.00 r
  u_serializer/test_se (Serializer_test_1)                0.00     300.00 r
  u_serializer/DATA_V_reg_3_/SE (SDFFRQX2M)               0.00     300.00 r
  data arrival time                                                300.00

  clock clk (rise edge)                                   0.00       0.00
  clock network delay (ideal)                             0.00       0.00
  clock uncertainty                                       0.01       0.01
  u_serializer/DATA_V_reg_3_/CK (SDFFRQX2M)               0.00       0.01 r
  library hold time                                      -0.14      -0.13
  data required time                                                -0.13
  --------------------------------------------------------------------------
  data required time                                                -0.13
  data arrival time                                               -300.00
  --------------------------------------------------------------------------
  slack (MET)                                                      300.13


  Startpoint: SE (input port clocked by clk)
  Endpoint: u_serializer/DATA_V_reg_2_
            (rising edge-triggered flip-flop clocked by clk)
  Path Group: INREG
  Path Type: min

  Point                                                   Incr       Path
  --------------------------------------------------------------------------
  clock clk (rise edge)                                   0.00       0.00
  clock network delay (ideal)                             0.00       0.00
  input external delay                                  300.00     300.00 r
  SE (in)                                                 0.00     300.00 r
  u_serializer/test_se (Serializer_test_1)                0.00     300.00 r
  u_serializer/DATA_V_reg_2_/SE (SDFFRQX2M)               0.00     300.00 r
  data arrival time                                                300.00

  clock clk (rise edge)                                   0.00       0.00
  clock network delay (ideal)                             0.00       0.00
  clock uncertainty                                       0.01       0.01
  u_serializer/DATA_V_reg_2_/CK (SDFFRQX2M)               0.00       0.01 r
  library hold time                                      -0.14      -0.13
  data required time                                                -0.13
  --------------------------------------------------------------------------
  data required time                                                -0.13
  data arrival time                                               -300.00
  --------------------------------------------------------------------------
  slack (MET)                                                      300.13


  Startpoint: SE (input port clocked by clk)
  Endpoint: u_serializer/DATA_V_reg_1_
            (rising edge-triggered flip-flop clocked by clk)
  Path Group: INREG
  Path Type: min

  Point                                                   Incr       Path
  --------------------------------------------------------------------------
  clock clk (rise edge)                                   0.00       0.00
  clock network delay (ideal)                             0.00       0.00
  input external delay                                  300.00     300.00 r
  SE (in)                                                 0.00     300.00 r
  u_serializer/test_se (Serializer_test_1)                0.00     300.00 r
  u_serializer/DATA_V_reg_1_/SE (SDFFRQX2M)               0.00     300.00 r
  data arrival time                                                300.00

  clock clk (rise edge)                                   0.00       0.00
  clock network delay (ideal)                             0.00       0.00
  clock uncertainty                                       0.01       0.01
  u_serializer/DATA_V_reg_1_/CK (SDFFRQX2M)               0.00       0.01 r
  library hold time                                      -0.14      -0.13
  data required time                                                -0.13
  --------------------------------------------------------------------------
  data required time                                                -0.13
  data arrival time                                               -300.00
  --------------------------------------------------------------------------
  slack (MET)                                                      300.13


  Startpoint: SE (input port clocked by clk)
  Endpoint: u_serializer/DATA_V_reg_7_
            (rising edge-triggered flip-flop clocked by clk)
  Path Group: INREG
  Path Type: min

  Point                                                   Incr       Path
  --------------------------------------------------------------------------
  clock clk (rise edge)                                   0.00       0.00
  clock network delay (ideal)                             0.00       0.00
  input external delay                                  300.00     300.00 r
  SE (in)                                                 0.00     300.00 r
  u_serializer/test_se (Serializer_test_1)                0.00     300.00 r
  u_serializer/DATA_V_reg_7_/SE (SDFFRQX2M)               0.00     300.00 r
  data arrival time                                                300.00

  clock clk (rise edge)                                   0.00       0.00
  clock network delay (ideal)                             0.00       0.00
  clock uncertainty                                       0.01       0.01
  u_serializer/DATA_V_reg_7_/CK (SDFFRQX2M)               0.00       0.01 r
  library hold time                                      -0.14      -0.13
  data required time                                                -0.13
  --------------------------------------------------------------------------
  data required time                                                -0.13
  data arrival time                                               -300.00
  --------------------------------------------------------------------------
  slack (MET)                                                      300.13


  Startpoint: SE (input port clocked by clk)
  Endpoint: u_serializer/ser_count_reg_1_
            (rising edge-triggered flip-flop clocked by clk)
  Path Group: INREG
  Path Type: min

  Point                                                   Incr       Path
  --------------------------------------------------------------------------
  clock clk (rise edge)                                   0.00       0.00
  clock network delay (ideal)                             0.00       0.00
  input external delay                                  300.00     300.00 r
  SE (in)                                                 0.00     300.00 r
  u_serializer/test_se (Serializer_test_1)                0.00     300.00 r
  u_serializer/ser_count_reg_1_/SE (SDFFRQX2M)            0.00     300.00 r
  data arrival time                                                300.00

  clock clk (rise edge)                                   0.00       0.00
  clock network delay (ideal)                             0.00       0.00
  clock uncertainty                                       0.01       0.01
  u_serializer/ser_count_reg_1_/CK (SDFFRQX2M)            0.00       0.01 r
  library hold time                                      -0.14      -0.13
  data required time                                                -0.13
  --------------------------------------------------------------------------
  data required time                                                -0.13
  data arrival time                                               -300.00
  --------------------------------------------------------------------------
  slack (MET)                                                      300.13


  Startpoint: SE (input port clocked by clk)
  Endpoint: u_serializer/ser_count_reg_0_
            (rising edge-triggered flip-flop clocked by clk)
  Path Group: INREG
  Path Type: min

  Point                                                   Incr       Path
  --------------------------------------------------------------------------
  clock clk (rise edge)                                   0.00       0.00
  clock network delay (ideal)                             0.00       0.00
  input external delay                                  300.00     300.00 r
  SE (in)                                                 0.00     300.00 r
  u_serializer/test_se (Serializer_test_1)                0.00     300.00 r
  u_serializer/ser_count_reg_0_/SE (SDFFRQX2M)            0.00     300.00 r
  data arrival time                                                300.00

  clock clk (rise edge)                                   0.00       0.00
  clock network delay (ideal)                             0.00       0.00
  clock uncertainty                                       0.01       0.01
  u_serializer/ser_count_reg_0_/CK (SDFFRQX2M)            0.00       0.01 r
  library hold time                                      -0.14      -0.13
  data required time                                                -0.13
  --------------------------------------------------------------------------
  data required time                                                -0.13
  data arrival time                                               -300.00
  --------------------------------------------------------------------------
  slack (MET)                                                      300.13


  Startpoint: SE (input port clocked by clk)
  Endpoint: u_serializer/DATA_V_reg_0_
            (rising edge-triggered flip-flop clocked by clk)
  Path Group: INREG
  Path Type: min

  Point                                                   Incr       Path
  --------------------------------------------------------------------------
  clock clk (rise edge)                                   0.00       0.00
  clock network delay (ideal)                             0.00       0.00
  input external delay                                  300.00     300.00 r
  SE (in)                                                 0.00     300.00 r
  u_serializer/test_se (Serializer_test_1)                0.00     300.00 r
  u_serializer/DATA_V_reg_0_/SE (SDFFRQX2M)               0.00     300.00 r
  data arrival time                                                300.00

  clock clk (rise edge)                                   0.00       0.00
  clock network delay (ideal)                             0.00       0.00
  clock uncertainty                                       0.01       0.01
  u_serializer/DATA_V_reg_0_/CK (SDFFRQX2M)               0.00       0.01 r
  library hold time                                      -0.14      -0.13
  data required time                                                -0.13
  --------------------------------------------------------------------------
  data required time                                                -0.13
  data arrival time                                               -300.00
  --------------------------------------------------------------------------
  slack (MET)                                                      300.13


  Startpoint: SE (input port clocked by clk)
  Endpoint: u_fsm/Current_State_reg_0_
            (rising edge-triggered flip-flop clocked by clk)
  Path Group: INREG
  Path Type: min

  Point                                                   Incr       Path
  --------------------------------------------------------------------------
  clock clk (rise edge)                                   0.00       0.00
  clock network delay (ideal)                             0.00       0.00
  input external delay                                  300.00     300.00 r
  SE (in)                                                 0.00     300.00 r
  u_fsm/test_se (FSM_test_1)                              0.00     300.00 r
  u_fsm/Current_State_reg_0_/SE (SDFFRX1M)                0.00     300.00 r
  data arrival time                                                300.00

  clock clk (rise edge)                                   0.00       0.00
  clock network delay (ideal)                             0.00       0.00
  clock uncertainty                                       0.01       0.01
  u_fsm/Current_State_reg_0_/CK (SDFFRX1M)                0.00       0.01 r
  library hold time                                      -0.16      -0.15
  data required time                                                -0.15
  --------------------------------------------------------------------------
  data required time                                                -0.15
  data arrival time                                               -300.00
  --------------------------------------------------------------------------
  slack (MET)                                                      300.15


  Startpoint: SE (input port clocked by clk)
  Endpoint: u_serializer/ser_count_reg_2_
            (rising edge-triggered flip-flop clocked by clk)
  Path Group: INREG
  Path Type: min

  Point                                                   Incr       Path
  --------------------------------------------------------------------------
  clock clk (rise edge)                                   0.00       0.00
  clock network delay (ideal)                             0.00       0.00
  input external delay                                  300.00     300.00 r
  SE (in)                                                 0.00     300.00 r
  u_serializer/test_se (Serializer_test_1)                0.00     300.00 r
  u_serializer/ser_count_reg_2_/SE (SDFFRX1M)             0.00     300.00 r
  data arrival time                                                300.00

  clock clk (rise edge)                                   0.00       0.00
  clock network delay (ideal)                             0.00       0.00
  clock uncertainty                                       0.01       0.01
  u_serializer/ser_count_reg_2_/CK (SDFFRX1M)             0.00       0.01 r
  library hold time                                      -0.16      -0.15
  data required time                                                -0.15
  --------------------------------------------------------------------------
  data required time                                                -0.15
  data arrival time                                               -300.00
  --------------------------------------------------------------------------
  slack (MET)                                                      300.15


  Startpoint: SI (input port clocked by clk)
  Endpoint: u_fsm/Current_State_reg_0_
            (rising edge-triggered flip-flop clocked by clk)
  Path Group: INREG
  Path Type: min

  Point                                                   Incr       Path
  --------------------------------------------------------------------------
  clock clk (rise edge)                                   0.00       0.00
  clock network delay (ideal)                             0.00       0.00
  input external delay                                  300.00     300.00 r
  SI (in)                                                 0.00     300.00 r
  u_fsm/test_si1 (FSM_test_1)                             0.00     300.00 r
  u_fsm/Current_State_reg_0_/SI (SDFFRX1M)                0.00     300.00 r
  data arrival time                                                300.00

  clock clk (rise edge)                                   0.00       0.00
  clock network delay (ideal)                             0.00       0.00
  clock uncertainty                                       0.01       0.01
  u_fsm/Current_State_reg_0_/CK (SDFFRX1M)                0.00       0.01 r
  library hold time                                      -0.19      -0.18
  data required time                                                -0.18
  --------------------------------------------------------------------------
  data required time                                                -0.18
  data arrival time                                               -300.00
  --------------------------------------------------------------------------
  slack (MET)                                                      300.18


  Startpoint: P_DATA[7] (input port clocked by clk)
  Endpoint: u_parity/DATA_V_reg_7_
            (rising edge-triggered flip-flop clocked by clk)
  Path Group: INREG
  Path Type: min

  Point                                                   Incr       Path
  --------------------------------------------------------------------------
  clock clk (rise edge)                                   0.00       0.00
  clock network delay (ideal)                             0.00       0.00
  input external delay                                  300.00     300.00 r
  P_DATA[7] (in)                                          0.02     300.02 r
  u_parity/P_DATA[7] (Parity_Calc_test_1)                 0.00     300.02 r
  u_parity/U14/Y (AO2B2X2M)                               0.14     300.16 r
  u_parity/DATA_V_reg_7_/D (SDFFRQX2M)                    0.00     300.16 r
  data arrival time                                                300.16

  clock clk (rise edge)                                   0.00       0.00
  clock network delay (ideal)                             0.00       0.00
  clock uncertainty                                       0.01       0.01
  u_parity/DATA_V_reg_7_/CK (SDFFRQX2M)                   0.00       0.01 r
  library hold time                                      -0.16      -0.15
  data required time                                                -0.15
  --------------------------------------------------------------------------
  data required time                                                -0.15
  data arrival time                                               -300.16
  --------------------------------------------------------------------------
  slack (MET)                                                      300.31


  Startpoint: P_DATA[5] (input port clocked by clk)
  Endpoint: u_parity/DATA_V_reg_5_
            (rising edge-triggered flip-flop clocked by clk)
  Path Group: INREG
  Path Type: min

  Point                                                   Incr       Path
  --------------------------------------------------------------------------
  clock clk (rise edge)                                   0.00       0.00
  clock network delay (ideal)                             0.00       0.00
  input external delay                                  300.00     300.00 r
  P_DATA[5] (in)                                          0.02     300.02 r
  u_parity/P_DATA[5] (Parity_Calc_test_1)                 0.00     300.02 r
  u_parity/U12/Y (AO2B2X2M)                               0.14     300.17 r
  u_parity/DATA_V_reg_5_/D (SDFFRQX2M)                    0.00     300.17 r
  data arrival time                                                300.17

  clock clk (rise edge)                                   0.00       0.00
  clock network delay (ideal)                             0.00       0.00
  clock uncertainty                                       0.01       0.01
  u_parity/DATA_V_reg_5_/CK (SDFFRQX2M)                   0.00       0.01 r
  library hold time                                      -0.16      -0.15
  data required time                                                -0.15
  --------------------------------------------------------------------------
  data required time                                                -0.15
  data arrival time                                               -300.17
  --------------------------------------------------------------------------
  slack (MET)                                                      300.32


  Startpoint: P_DATA[1] (input port clocked by clk)
  Endpoint: u_parity/DATA_V_reg_1_
            (rising edge-triggered flip-flop clocked by clk)
  Path Group: INREG
  Path Type: min

  Point                                                   Incr       Path
  --------------------------------------------------------------------------
  clock clk (rise edge)                                   0.00       0.00
  clock network delay (ideal)                             0.00       0.00
  input external delay                                  300.00     300.00 r
  P_DATA[1] (in)                                          0.02     300.02 r
  u_parity/P_DATA[1] (Parity_Calc_test_1)                 0.00     300.02 r
  u_parity/U8/Y (AO2B2X2M)                                0.14     300.17 r
  u_parity/DATA_V_reg_1_/D (SDFFRQX2M)                    0.00     300.17 r
  data arrival time                                                300.17

  clock clk (rise edge)                                   0.00       0.00
  clock network delay (ideal)                             0.00       0.00
  clock uncertainty                                       0.01       0.01
  u_parity/DATA_V_reg_1_/CK (SDFFRQX2M)                   0.00       0.01 r
  library hold time                                      -0.16      -0.15
  data required time                                                -0.15
  --------------------------------------------------------------------------
  data required time                                                -0.15
  data arrival time                                               -300.17
  --------------------------------------------------------------------------
  slack (MET)                                                      300.32


  Startpoint: P_DATA[4] (input port clocked by clk)
  Endpoint: u_parity/DATA_V_reg_4_
            (rising edge-triggered flip-flop clocked by clk)
  Path Group: INREG
  Path Type: min

  Point                                                   Incr       Path
  --------------------------------------------------------------------------
  clock clk (rise edge)                                   0.00       0.00
  clock network delay (ideal)                             0.00       0.00
  input external delay                                  300.00     300.00 r
  P_DATA[4] (in)                                          0.02     300.02 r
  u_parity/P_DATA[4] (Parity_Calc_test_1)                 0.00     300.02 r
  u_parity/U11/Y (AO2B2X2M)                               0.14     300.17 r
  u_parity/DATA_V_reg_4_/D (SDFFRQX2M)                    0.00     300.17 r
  data arrival time                                                300.17

  clock clk (rise edge)                                   0.00       0.00
  clock network delay (ideal)                             0.00       0.00
  clock uncertainty                                       0.01       0.01
  u_parity/DATA_V_reg_4_/CK (SDFFRQX2M)                   0.00       0.01 r
  library hold time                                      -0.16      -0.15
  data required time                                                -0.15
  --------------------------------------------------------------------------
  data required time                                                -0.15
  data arrival time                                               -300.17
  --------------------------------------------------------------------------
  slack (MET)                                                      300.32


  Startpoint: P_DATA[0] (input port clocked by clk)
  Endpoint: u_parity/DATA_V_reg_0_
            (rising edge-triggered flip-flop clocked by clk)
  Path Group: INREG
  Path Type: min

  Point                                                   Incr       Path
  --------------------------------------------------------------------------
  clock clk (rise edge)                                   0.00       0.00
  clock network delay (ideal)                             0.00       0.00
  input external delay                                  300.00     300.00 r
  P_DATA[0] (in)                                          0.02     300.02 r
  u_parity/P_DATA[0] (Parity_Calc_test_1)                 0.00     300.02 r
  u_parity/U7/Y (AO2B2X2M)                                0.14     300.17 r
  u_parity/DATA_V_reg_0_/D (SDFFRQX2M)                    0.00     300.17 r
  data arrival time                                                300.17

  clock clk (rise edge)                                   0.00       0.00
  clock network delay (ideal)                             0.00       0.00
  clock uncertainty                                       0.01       0.01
  u_parity/DATA_V_reg_0_/CK (SDFFRQX2M)                   0.00       0.01 r
  library hold time                                      -0.16      -0.15
  data required time                                                -0.15
  --------------------------------------------------------------------------
  data required time                                                -0.15
  data arrival time                                               -300.17
  --------------------------------------------------------------------------
  slack (MET)                                                      300.32


  Startpoint: P_DATA[2] (input port clocked by clk)
  Endpoint: u_parity/DATA_V_reg_2_
            (rising edge-triggered flip-flop clocked by clk)
  Path Group: INREG
  Path Type: min

  Point                                                   Incr       Path
  --------------------------------------------------------------------------
  clock clk (rise edge)                                   0.00       0.00
  clock network delay (ideal)                             0.00       0.00
  input external delay                                  300.00     300.00 r
  P_DATA[2] (in)                                          0.02     300.02 r
  u_parity/P_DATA[2] (Parity_Calc_test_1)                 0.00     300.02 r
  u_parity/U9/Y (AO2B2X2M)                                0.14     300.17 r
  u_parity/DATA_V_reg_2_/D (SDFFRQX2M)                    0.00     300.17 r
  data arrival time                                                300.17

  clock clk (rise edge)                                   0.00       0.00
  clock network delay (ideal)                             0.00       0.00
  clock uncertainty                                       0.01       0.01
  u_parity/DATA_V_reg_2_/CK (SDFFRQX2M)                   0.00       0.01 r
  library hold time                                      -0.16      -0.15
  data required time                                                -0.15
  --------------------------------------------------------------------------
  data required time                                                -0.15
  data arrival time                                               -300.17
  --------------------------------------------------------------------------
  slack (MET)                                                      300.32


  Startpoint: P_DATA[3] (input port clocked by clk)
  Endpoint: u_parity/DATA_V_reg_3_
            (rising edge-triggered flip-flop clocked by clk)
  Path Group: INREG
  Path Type: min

  Point                                                   Incr       Path
  --------------------------------------------------------------------------
  clock clk (rise edge)                                   0.00       0.00
  clock network delay (ideal)                             0.00       0.00
  input external delay                                  300.00     300.00 r
  P_DATA[3] (in)                                          0.02     300.02 r
  u_parity/P_DATA[3] (Parity_Calc_test_1)                 0.00     300.02 r
  u_parity/U10/Y (AO2B2X2M)                               0.14     300.17 r
  u_parity/DATA_V_reg_3_/D (SDFFRQX2M)                    0.00     300.17 r
  data arrival time                                                300.17

  clock clk (rise edge)                                   0.00       0.00
  clock network delay (ideal)                             0.00       0.00
  clock uncertainty                                       0.01       0.01
  u_parity/DATA_V_reg_3_/CK (SDFFRQX2M)                   0.00       0.01 r
  library hold time                                      -0.16      -0.15
  data required time                                                -0.15
  --------------------------------------------------------------------------
  data required time                                                -0.15
  data arrival time                                               -300.17
  --------------------------------------------------------------------------
  slack (MET)                                                      300.32


  Startpoint: P_DATA[6] (input port clocked by clk)
  Endpoint: u_parity/DATA_V_reg_6_
            (rising edge-triggered flip-flop clocked by clk)
  Path Group: INREG
  Path Type: min

  Point                                                   Incr       Path
  --------------------------------------------------------------------------
  clock clk (rise edge)                                   0.00       0.00
  clock network delay (ideal)                             0.00       0.00
  input external delay                                  300.00     300.00 r
  P_DATA[6] (in)                                          0.02     300.02 r
  u_parity/P_DATA[6] (Parity_Calc_test_1)                 0.00     300.02 r
  u_parity/U13/Y (AO2B2X2M)                               0.14     300.17 r
  u_parity/DATA_V_reg_6_/D (SDFFRQX2M)                    0.00     300.17 r
  data arrival time                                                300.17

  clock clk (rise edge)                                   0.00       0.00
  clock network delay (ideal)                             0.00       0.00
  clock uncertainty                                       0.01       0.01
  u_parity/DATA_V_reg_6_/CK (SDFFRQX2M)                   0.00       0.01 r
  library hold time                                      -0.16      -0.15
  data required time                                                -0.15
  --------------------------------------------------------------------------
  data required time                                                -0.15
  data arrival time                                               -300.17
  --------------------------------------------------------------------------
  slack (MET)                                                      300.32


  Startpoint: P_DATA[7] (input port clocked by clk)
  Endpoint: u_serializer/DATA_V_reg_7_
            (rising edge-triggered flip-flop clocked by clk)
  Path Group: INREG
  Path Type: min

  Point                                                   Incr       Path
  --------------------------------------------------------------------------
  clock clk (rise edge)                                   0.00       0.00
  clock network delay (ideal)                             0.00       0.00
  input external delay                                  300.00     300.00 r
  P_DATA[7] (in)                                          0.02     300.02 r
  u_serializer/DATA[7] (Serializer_test_1)                0.00     300.02 r
  u_serializer/U32/Y (AO22X1M)                            0.15     300.17 r
  u_serializer/DATA_V_reg_7_/D (SDFFRQX2M)                0.00     300.17 r
  data arrival time                                                300.17

  clock clk (rise edge)                                   0.00       0.00
  clock network delay (ideal)                             0.00       0.00
  clock uncertainty                                       0.01       0.01
  u_serializer/DATA_V_reg_7_/CK (SDFFRQX2M)               0.00       0.01 r
  library hold time                                      -0.16      -0.15
  data required time                                                -0.15
  --------------------------------------------------------------------------
  data required time                                                -0.15
  data arrival time                                               -300.17
  --------------------------------------------------------------------------
  slack (MET)                                                      300.32


  Startpoint: P_DATA[6] (input port clocked by clk)
  Endpoint: u_serializer/DATA_V_reg_6_
            (rising edge-triggered flip-flop clocked by clk)
  Path Group: INREG
  Path Type: min

  Point                                                   Incr       Path
  --------------------------------------------------------------------------
  clock clk (rise edge)                                   0.00       0.00
  clock network delay (ideal)                             0.00       0.00
  input external delay                                  300.00     300.00 r
  P_DATA[6] (in)                                          0.02     300.02 r
  u_serializer/DATA[6] (Serializer_test_1)                0.00     300.02 r
  u_serializer/U31/Y (AOI22X1M)                           0.10     300.12 f
  u_serializer/U30/Y (OAI2BB1X2M)                         0.06     300.19 r
  u_serializer/DATA_V_reg_6_/D (SDFFRQX2M)                0.00     300.19 r
  data arrival time                                                300.19

  clock clk (rise edge)                                   0.00       0.00
  clock network delay (ideal)                             0.00       0.00
  clock uncertainty                                       0.01       0.01
  u_serializer/DATA_V_reg_6_/CK (SDFFRQX2M)               0.00       0.01 r
  library hold time                                      -0.16      -0.15
  data required time                                                -0.15
  --------------------------------------------------------------------------
  data required time                                                -0.15
  data arrival time                                               -300.19
  --------------------------------------------------------------------------
  slack (MET)                                                      300.34


  Startpoint: P_DATA[5] (input port clocked by clk)
  Endpoint: u_serializer/DATA_V_reg_5_
            (rising edge-triggered flip-flop clocked by clk)
  Path Group: INREG
  Path Type: min

  Point                                                   Incr       Path
  --------------------------------------------------------------------------
  clock clk (rise edge)                                   0.00       0.00
  clock network delay (ideal)                             0.00       0.00
  input external delay                                  300.00     300.00 r
  P_DATA[5] (in)                                          0.02     300.02 r
  u_serializer/DATA[5] (Serializer_test_1)                0.00     300.02 r
  u_serializer/U29/Y (AOI22X1M)                           0.10     300.12 f
  u_serializer/U28/Y (OAI2BB1X2M)                         0.06     300.19 r
  u_serializer/DATA_V_reg_5_/D (SDFFRQX2M)                0.00     300.19 r
  data arrival time                                                300.19

  clock clk (rise edge)                                   0.00       0.00
  clock network delay (ideal)                             0.00       0.00
  clock uncertainty                                       0.01       0.01
  u_serializer/DATA_V_reg_5_/CK (SDFFRQX2M)               0.00       0.01 r
  library hold time                                      -0.16      -0.15
  data required time                                                -0.15
  --------------------------------------------------------------------------
  data required time                                                -0.15
  data arrival time                                               -300.19
  --------------------------------------------------------------------------
  slack (MET)                                                      300.34


  Startpoint: P_DATA[4] (input port clocked by clk)
  Endpoint: u_serializer/DATA_V_reg_4_
            (rising edge-triggered flip-flop clocked by clk)
  Path Group: INREG
  Path Type: min

  Point                                                   Incr       Path
  --------------------------------------------------------------------------
  clock clk (rise edge)                                   0.00       0.00
  clock network delay (ideal)                             0.00       0.00
  input external delay                                  300.00     300.00 r
  P_DATA[4] (in)                                          0.02     300.02 r
  u_serializer/DATA[4] (Serializer_test_1)                0.00     300.02 r
  u_serializer/U27/Y (AOI22X1M)                           0.10     300.12 f
  u_serializer/U26/Y (OAI2BB1X2M)                         0.06     300.19 r
  u_serializer/DATA_V_reg_4_/D (SDFFRQX2M)                0.00     300.19 r
  data arrival time                                                300.19

  clock clk (rise edge)                                   0.00       0.00
  clock network delay (ideal)                             0.00       0.00
  clock uncertainty                                       0.01       0.01
  u_serializer/DATA_V_reg_4_/CK (SDFFRQX2M)               0.00       0.01 r
  library hold time                                      -0.16      -0.15
  data required time                                                -0.15
  --------------------------------------------------------------------------
  data required time                                                -0.15
  data arrival time                                               -300.19
  --------------------------------------------------------------------------
  slack (MET)                                                      300.34


  Startpoint: P_DATA[3] (input port clocked by clk)
  Endpoint: u_serializer/DATA_V_reg_3_
            (rising edge-triggered flip-flop clocked by clk)
  Path Group: INREG
  Path Type: min

  Point                                                   Incr       Path
  --------------------------------------------------------------------------
  clock clk (rise edge)                                   0.00       0.00
  clock network delay (ideal)                             0.00       0.00
  input external delay                                  300.00     300.00 r
  P_DATA[3] (in)                                          0.02     300.02 r
  u_serializer/DATA[3] (Serializer_test_1)                0.00     300.02 r
  u_serializer/U25/Y (AOI22X1M)                           0.10     300.12 f
  u_serializer/U24/Y (OAI2BB1X2M)                         0.06     300.19 r
  u_serializer/DATA_V_reg_3_/D (SDFFRQX2M)                0.00     300.19 r
  data arrival time                                                300.19

  clock clk (rise edge)                                   0.00       0.00
  clock network delay (ideal)                             0.00       0.00
  clock uncertainty                                       0.01       0.01
  u_serializer/DATA_V_reg_3_/CK (SDFFRQX2M)               0.00       0.01 r
  library hold time                                      -0.16      -0.15
  data required time                                                -0.15
  --------------------------------------------------------------------------
  data required time                                                -0.15
  data arrival time                                               -300.19
  --------------------------------------------------------------------------
  slack (MET)                                                      300.34


  Startpoint: P_DATA[2] (input port clocked by clk)
  Endpoint: u_serializer/DATA_V_reg_2_
            (rising edge-triggered flip-flop clocked by clk)
  Path Group: INREG
  Path Type: min

  Point                                                   Incr       Path
  --------------------------------------------------------------------------
  clock clk (rise edge)                                   0.00       0.00
  clock network delay (ideal)                             0.00       0.00
  input external delay                                  300.00     300.00 r
  P_DATA[2] (in)                                          0.02     300.02 r
  u_serializer/DATA[2] (Serializer_test_1)                0.00     300.02 r
  u_serializer/U23/Y (AOI22X1M)                           0.10     300.12 f
  u_serializer/U22/Y (OAI2BB1X2M)                         0.06     300.19 r
  u_serializer/DATA_V_reg_2_/D (SDFFRQX2M)                0.00     300.19 r
  data arrival time                                                300.19

  clock clk (rise edge)                                   0.00       0.00
  clock network delay (ideal)                             0.00       0.00
  clock uncertainty                                       0.01       0.01
  u_serializer/DATA_V_reg_2_/CK (SDFFRQX2M)               0.00       0.01 r
  library hold time                                      -0.16      -0.15
  data required time                                                -0.15
  --------------------------------------------------------------------------
  data required time                                                -0.15
  data arrival time                                               -300.19
  --------------------------------------------------------------------------
  slack (MET)                                                      300.34


  Startpoint: P_DATA[1] (input port clocked by clk)
  Endpoint: u_serializer/DATA_V_reg_1_
            (rising edge-triggered flip-flop clocked by clk)
  Path Group: INREG
  Path Type: min

  Point                                                   Incr       Path
  --------------------------------------------------------------------------
  clock clk (rise edge)                                   0.00       0.00
  clock network delay (ideal)                             0.00       0.00
  input external delay                                  300.00     300.00 r
  P_DATA[1] (in)                                          0.02     300.02 r
  u_serializer/DATA[1] (Serializer_test_1)                0.00     300.02 r
  u_serializer/U21/Y (AOI22X1M)                           0.10     300.12 f
  u_serializer/U20/Y (OAI2BB1X2M)                         0.06     300.19 r
  u_serializer/DATA_V_reg_1_/D (SDFFRQX2M)                0.00     300.19 r
  data arrival time                                                300.19

  clock clk (rise edge)                                   0.00       0.00
  clock network delay (ideal)                             0.00       0.00
  clock uncertainty                                       0.01       0.01
  u_serializer/DATA_V_reg_1_/CK (SDFFRQX2M)               0.00       0.01 r
  library hold time                                      -0.16      -0.15
  data required time                                                -0.15
  --------------------------------------------------------------------------
  data required time                                                -0.15
  data arrival time                                               -300.19
  --------------------------------------------------------------------------
  slack (MET)                                                      300.34


  Startpoint: P_DATA[0] (input port clocked by clk)
  Endpoint: u_serializer/DATA_V_reg_0_
            (rising edge-triggered flip-flop clocked by clk)
  Path Group: INREG
  Path Type: min

  Point                                                   Incr       Path
  --------------------------------------------------------------------------
  clock clk (rise edge)                                   0.00       0.00
  clock network delay (ideal)                             0.00       0.00
  input external delay                                  300.00     300.00 r
  P_DATA[0] (in)                                          0.02     300.02 r
  u_serializer/DATA[0] (Serializer_test_1)                0.00     300.02 r
  u_serializer/U19/Y (AOI22X1M)                           0.10     300.12 f
  u_serializer/U18/Y (OAI2BB1X2M)                         0.06     300.19 r
  u_serializer/DATA_V_reg_0_/D (SDFFRQX2M)                0.00     300.19 r
  data arrival time                                                300.19

  clock clk (rise edge)                                   0.00       0.00
  clock network delay (ideal)                             0.00       0.00
  clock uncertainty                                       0.01       0.01
  u_serializer/DATA_V_reg_0_/CK (SDFFRQX2M)               0.00       0.01 r
  library hold time                                      -0.16      -0.15
  data required time                                                -0.15
  --------------------------------------------------------------------------
  data required time                                                -0.15
  data arrival time                                               -300.19
  --------------------------------------------------------------------------
  slack (MET)                                                      300.34


  Startpoint: PAR_EN (input port clocked by clk)
  Endpoint: u_parity/par_bit_reg
            (rising edge-triggered flip-flop clocked by clk)
  Path Group: INREG
  Path Type: min

  Point                                                   Incr       Path
  --------------------------------------------------------------------------
  clock clk (rise edge)                                   0.00       0.00
  clock network delay (ideal)                             0.00       0.00
  input external delay                                  300.00     300.00 r
  PAR_EN (in)                                             0.03     300.03 r
  u_parity/PAR_EN (Parity_Calc_test_1)                    0.00     300.03 r
  u_parity/U4/Y (INVX2M)                                  0.04     300.07 f
  u_parity/U3/Y (OAI2BB2X1M)                              0.13     300.20 r
  u_parity/par_bit_reg/D (SDFFRQX2M)                      0.00     300.20 r
  data arrival time                                                300.20

  clock clk (rise edge)                                   0.00       0.00
  clock network delay (ideal)                             0.00       0.00
  clock uncertainty                                       0.01       0.01
  u_parity/par_bit_reg/CK (SDFFRQX2M)                     0.00       0.01 r
  library hold time                                      -0.16      -0.15
  data required time                                                -0.15
  --------------------------------------------------------------------------
  data required time                                                -0.15
  data arrival time                                               -300.20
  --------------------------------------------------------------------------
  slack (MET)                                                      300.35


  Startpoint: Data_Valid (input port clocked by clk)
  Endpoint: u_fsm/Current_State_reg_0_
            (rising edge-triggered flip-flop clocked by clk)
  Path Group: INREG
  Path Type: min

  Point                                                   Incr       Path
  --------------------------------------------------------------------------
  clock clk (rise edge)                                   0.00       0.00
  clock network delay (ideal)                             0.00       0.00
  input external delay                                  300.00     300.00 f
  Data_Valid (in)                                         0.03     300.03 f
  u_fsm/Data_Valid (FSM_test_1)                           0.00     300.03 f
  u_fsm/U15/Y (AOI2B1X1M)                                 0.13     300.16 r
  u_fsm/U14/Y (OAI22X1M)                                  0.09     300.24 f
  u_fsm/Current_State_reg_0_/D (SDFFRX1M)                 0.00     300.24 f
  data arrival time                                                300.24

  clock clk (rise edge)                                   0.00       0.00
  clock network delay (ideal)                             0.00       0.00
  clock uncertainty                                       0.01       0.01
  u_fsm/Current_State_reg_0_/CK (SDFFRX1M)                0.00       0.01 r
  library hold time                                      -0.23      -0.22
  data required time                                                -0.22
  --------------------------------------------------------------------------
  data required time                                                -0.22
  data arrival time                                               -300.24
  --------------------------------------------------------------------------
  slack (MET)                                                      300.46


  Startpoint: PAR_EN (input port clocked by clk)
  Endpoint: u_fsm/Current_State_reg_2_
            (rising edge-triggered flip-flop clocked by clk)
  Path Group: INREG
  Path Type: min

  Point                                                   Incr       Path
  --------------------------------------------------------------------------
  clock clk (rise edge)                                   0.00       0.00
  clock network delay (ideal)                             0.00       0.00
  input external delay                                  300.00     300.00 f
  PAR_EN (in)                                             0.02     300.02 f
  u_fsm/PAR_EN (FSM_test_1)                               0.00     300.02 f
  u_fsm/U17/Y (AOI2B1X1M)                                 0.21     300.23 f
  u_fsm/U16/Y (NOR2BX2M)                                  0.09     300.32 r
  u_fsm/Current_State_reg_2_/D (SDFFRQX2M)                0.00     300.32 r
  data arrival time                                                300.32

  clock clk (rise edge)                                   0.00       0.00
  clock network delay (ideal)                             0.00       0.00
  clock uncertainty                                       0.01       0.01
  u_fsm/Current_State_reg_2_/CK (SDFFRQX2M)               0.00       0.01 r
  library hold time                                      -0.17      -0.16
  data required time                                                -0.16
  --------------------------------------------------------------------------
  data required time                                                -0.16
  data arrival time                                               -300.32
  --------------------------------------------------------------------------
  slack (MET)                                                      300.48


  Startpoint: u_fsm/busy_reg
              (rising edge-triggered flip-flop clocked by clk)
  Endpoint: SO (output port clocked by clk)
  Path Group: REGOUT
  Path Type: min

  Point                                    Incr       Path
  -----------------------------------------------------------
  clock clk (rise edge)                    0.00       0.00
  clock network delay (ideal)              0.00       0.00
  u_fsm/busy_reg/CK (SDFFRQX2M)            0.00       0.00 r
  u_fsm/busy_reg/Q (SDFFRQX2M)             0.74       0.74 f
  u_fsm/busy (FSM_test_1)                  0.00       0.74 f
  SO (out)                                 0.00       0.74 f
  data arrival time                                   0.74

  clock clk (rise edge)                    0.00       0.00
  clock network delay (ideal)              0.00       0.00
  clock uncertainty                        0.01       0.01
  output external delay                 -300.00    -299.99
  data required time                               -299.99
  -----------------------------------------------------------
  data required time                               -299.99
  data arrival time                                  -0.74
  -----------------------------------------------------------
  slack (MET)                                       300.73


  Startpoint: u_serializer/DATA_V_reg_0_
              (rising edge-triggered flip-flop clocked by clk)
  Endpoint: TX_OUT (output port clocked by clk)
  Path Group: REGOUT
  Path Type: min

  Point                                                   Incr       Path
  --------------------------------------------------------------------------
  clock clk (rise edge)                                   0.00       0.00
  clock network delay (ideal)                             0.00       0.00
  u_serializer/DATA_V_reg_0_/CK (SDFFRQX2M)               0.00       0.00 r
  u_serializer/DATA_V_reg_0_/Q (SDFFRQX2M)                0.43       0.43 f
  u_serializer/ser_out (Serializer_test_1)                0.00       0.43 f
  u_mux/ser_data (MUX)                                    0.00       0.43 f
  u_mux/U4/Y (NAND3X2M)                                   0.11       0.55 r
  u_mux/U3/Y (OAI21X4M)                                   0.21       0.76 f
  u_mux/TX_OUT (MUX)                                      0.00       0.76 f
  TX_OUT (out)                                            0.00       0.76 f
  data arrival time                                                  0.76

  clock clk (rise edge)                                   0.00       0.00
  clock network delay (ideal)                             0.00       0.00
  clock uncertainty                                       0.01       0.01
  output external delay                                -300.00    -299.99
  data required time                                              -299.99
  --------------------------------------------------------------------------
  data required time                                              -299.99
  data arrival time                                                 -0.76
  --------------------------------------------------------------------------
  slack (MET)                                                      300.75


  Startpoint: u_fsm/busy_reg
              (rising edge-triggered flip-flop clocked by clk)
  Endpoint: Busy (output port clocked by clk)
  Path Group: REGOUT
  Path Type: min

  Point                                    Incr       Path
  -----------------------------------------------------------
  clock clk (rise edge)                    0.00       0.00
  clock network delay (ideal)              0.00       0.00
  u_fsm/busy_reg/CK (SDFFRQX2M)            0.00       0.00 r
  u_fsm/busy_reg/Q (SDFFRQX2M)             0.74       0.74 f
  u_fsm/busy (FSM_test_1)                  0.00       0.74 f
  U1/Y (BUFX2M)                            0.53       1.27 f
  Busy (out)                               0.00       1.27 f
  data arrival time                                   1.27

  clock clk (rise edge)                    0.00       0.00
  clock network delay (ideal)              0.00       0.00
  clock uncertainty                        0.01       0.01
  output external delay                 -300.00    -299.99
  data required time                               -299.99
  -----------------------------------------------------------
  data required time                               -299.99
  data arrival time                                  -1.27
  -----------------------------------------------------------
  slack (MET)                                       301.26


  Startpoint: u_serializer/DATA_V_reg_5_
              (rising edge-triggered flip-flop clocked by clk)
  Endpoint: u_serializer/DATA_V_reg_6_
            (rising edge-triggered flip-flop clocked by clk)
  Path Group: clk
  Path Type: min

  Point                                                   Incr       Path
  --------------------------------------------------------------------------
  clock clk (rise edge)                                   0.00       0.00
  clock network delay (ideal)                             0.00       0.00
  u_serializer/DATA_V_reg_5_/CK (SDFFRQX2M)               0.00       0.00 r
  u_serializer/DATA_V_reg_5_/Q (SDFFRQX2M)                0.36       0.36 r
  u_serializer/DATA_V_reg_6_/SI (SDFFRQX2M)               0.00       0.36 r
  data arrival time                                                  0.36

  clock clk (rise edge)                                   0.00       0.00
  clock network delay (ideal)                             0.00       0.00
  clock uncertainty                                       0.01       0.01
  u_serializer/DATA_V_reg_6_/CK (SDFFRQX2M)               0.00       0.01 r
  library hold time                                      -0.18      -0.17
  data required time                                                -0.17
  --------------------------------------------------------------------------
  data required time                                                -0.17
  data arrival time                                                 -0.36
  --------------------------------------------------------------------------
  slack (MET)                                                        0.53


  Startpoint: u_serializer/DATA_V_reg_4_
              (rising edge-triggered flip-flop clocked by clk)
  Endpoint: u_serializer/DATA_V_reg_5_
            (rising edge-triggered flip-flop clocked by clk)
  Path Group: clk
  Path Type: min

  Point                                                   Incr       Path
  --------------------------------------------------------------------------
  clock clk (rise edge)                                   0.00       0.00
  clock network delay (ideal)                             0.00       0.00
  u_serializer/DATA_V_reg_4_/CK (SDFFRQX2M)               0.00       0.00 r
  u_serializer/DATA_V_reg_4_/Q (SDFFRQX2M)                0.36       0.36 r
  u_serializer/DATA_V_reg_5_/SI (SDFFRQX2M)               0.00       0.36 r
  data arrival time                                                  0.36

  clock clk (rise edge)                                   0.00       0.00
  clock network delay (ideal)                             0.00       0.00
  clock uncertainty                                       0.01       0.01
  u_serializer/DATA_V_reg_5_/CK (SDFFRQX2M)               0.00       0.01 r
  library hold time                                      -0.18      -0.17
  data required time                                                -0.17
  --------------------------------------------------------------------------
  data required time                                                -0.17
  data arrival time                                                 -0.36
  --------------------------------------------------------------------------
  slack (MET)                                                        0.53


  Startpoint: u_serializer/DATA_V_reg_3_
              (rising edge-triggered flip-flop clocked by clk)
  Endpoint: u_serializer/DATA_V_reg_4_
            (rising edge-triggered flip-flop clocked by clk)
  Path Group: clk
  Path Type: min

  Point                                                   Incr       Path
  --------------------------------------------------------------------------
  clock clk (rise edge)                                   0.00       0.00
  clock network delay (ideal)                             0.00       0.00
  u_serializer/DATA_V_reg_3_/CK (SDFFRQX2M)               0.00       0.00 r
  u_serializer/DATA_V_reg_3_/Q (SDFFRQX2M)                0.36       0.36 r
  u_serializer/DATA_V_reg_4_/SI (SDFFRQX2M)               0.00       0.36 r
  data arrival time                                                  0.36

  clock clk (rise edge)                                   0.00       0.00
  clock network delay (ideal)                             0.00       0.00
  clock uncertainty                                       0.01       0.01
  u_serializer/DATA_V_reg_4_/CK (SDFFRQX2M)               0.00       0.01 r
  library hold time                                      -0.18      -0.17
  data required time                                                -0.17
  --------------------------------------------------------------------------
  data required time                                                -0.17
  data arrival time                                                 -0.36
  --------------------------------------------------------------------------
  slack (MET)                                                        0.53


  Startpoint: u_serializer/DATA_V_reg_2_
              (rising edge-triggered flip-flop clocked by clk)
  Endpoint: u_serializer/DATA_V_reg_3_
            (rising edge-triggered flip-flop clocked by clk)
  Path Group: clk
  Path Type: min

  Point                                                   Incr       Path
  --------------------------------------------------------------------------
  clock clk (rise edge)                                   0.00       0.00
  clock network delay (ideal)                             0.00       0.00
  u_serializer/DATA_V_reg_2_/CK (SDFFRQX2M)               0.00       0.00 r
  u_serializer/DATA_V_reg_2_/Q (SDFFRQX2M)                0.36       0.36 r
  u_serializer/DATA_V_reg_3_/SI (SDFFRQX2M)               0.00       0.36 r
  data arrival time                                                  0.36

  clock clk (rise edge)                                   0.00       0.00
  clock network delay (ideal)                             0.00       0.00
  clock uncertainty                                       0.01       0.01
  u_serializer/DATA_V_reg_3_/CK (SDFFRQX2M)               0.00       0.01 r
  library hold time                                      -0.18      -0.17
  data required time                                                -0.17
  --------------------------------------------------------------------------
  data required time                                                -0.17
  data arrival time                                                 -0.36
  --------------------------------------------------------------------------
  slack (MET)                                                        0.53


  Startpoint: u_serializer/DATA_V_reg_6_
              (rising edge-triggered flip-flop clocked by clk)
  Endpoint: u_serializer/DATA_V_reg_7_
            (rising edge-triggered flip-flop clocked by clk)
  Path Group: clk
  Path Type: min

  Point                                                   Incr       Path
  --------------------------------------------------------------------------
  clock clk (rise edge)                                   0.00       0.00
  clock network delay (ideal)                             0.00       0.00
  u_serializer/DATA_V_reg_6_/CK (SDFFRQX2M)               0.00       0.00 r
  u_serializer/DATA_V_reg_6_/Q (SDFFRQX2M)                0.36       0.36 r
  u_serializer/DATA_V_reg_7_/SI (SDFFRQX2M)               0.00       0.36 r
  data arrival time                                                  0.36

  clock clk (rise edge)                                   0.00       0.00
  clock network delay (ideal)                             0.00       0.00
  clock uncertainty                                       0.01       0.01
  u_serializer/DATA_V_reg_7_/CK (SDFFRQX2M)               0.00       0.01 r
  library hold time                                      -0.18      -0.17
  data required time                                                -0.17
  --------------------------------------------------------------------------
  data required time                                                -0.17
  data arrival time                                                 -0.36
  --------------------------------------------------------------------------
  slack (MET)                                                        0.53


  Startpoint: u_parity/DATA_V_reg_6_
              (rising edge-triggered flip-flop clocked by clk)
  Endpoint: u_parity/DATA_V_reg_7_
            (rising edge-triggered flip-flop clocked by clk)
  Path Group: clk
  Path Type: min

  Point                                                   Incr       Path
  --------------------------------------------------------------------------
  clock clk (rise edge)                                   0.00       0.00
  clock network delay (ideal)                             0.00       0.00
  u_parity/DATA_V_reg_6_/CK (SDFFRQX2M)                   0.00       0.00 r
  u_parity/DATA_V_reg_6_/Q (SDFFRQX2M)                    0.36       0.36 r
  u_parity/DATA_V_reg_7_/SI (SDFFRQX2M)                   0.00       0.36 r
  data arrival time                                                  0.36

  clock clk (rise edge)                                   0.00       0.00
  clock network delay (ideal)                             0.00       0.00
  clock uncertainty                                       0.01       0.01
  u_parity/DATA_V_reg_7_/CK (SDFFRQX2M)                   0.00       0.01 r
  library hold time                                      -0.18      -0.17
  data required time                                                -0.17
  --------------------------------------------------------------------------
  data required time                                                -0.17
  data arrival time                                                 -0.36
  --------------------------------------------------------------------------
  slack (MET)                                                        0.53


  Startpoint: u_parity/DATA_V_reg_1_
              (rising edge-triggered flip-flop clocked by clk)
  Endpoint: u_parity/DATA_V_reg_2_
            (rising edge-triggered flip-flop clocked by clk)
  Path Group: clk
  Path Type: min

  Point                                                   Incr       Path
  --------------------------------------------------------------------------
  clock clk (rise edge)                                   0.00       0.00
  clock network delay (ideal)                             0.00       0.00
  u_parity/DATA_V_reg_1_/CK (SDFFRQX2M)                   0.00       0.00 r
  u_parity/DATA_V_reg_1_/Q (SDFFRQX2M)                    0.36       0.36 r
  u_parity/DATA_V_reg_2_/SI (SDFFRQX2M)                   0.00       0.36 r
  data arrival time                                                  0.36

  clock clk (rise edge)                                   0.00       0.00
  clock network delay (ideal)                             0.00       0.00
  clock uncertainty                                       0.01       0.01
  u_parity/DATA_V_reg_2_/CK (SDFFRQX2M)                   0.00       0.01 r
  library hold time                                      -0.18      -0.17
  data required time                                                -0.17
  --------------------------------------------------------------------------
  data required time                                                -0.17
  data arrival time                                                 -0.36
  --------------------------------------------------------------------------
  slack (MET)                                                        0.53


  Startpoint: u_parity/DATA_V_reg_5_
              (rising edge-triggered flip-flop clocked by clk)
  Endpoint: u_parity/DATA_V_reg_6_
            (rising edge-triggered flip-flop clocked by clk)
  Path Group: clk
  Path Type: min

  Point                                                   Incr       Path
  --------------------------------------------------------------------------
  clock clk (rise edge)                                   0.00       0.00
  clock network delay (ideal)                             0.00       0.00
  u_parity/DATA_V_reg_5_/CK (SDFFRQX2M)                   0.00       0.00 r
  u_parity/DATA_V_reg_5_/Q (SDFFRQX2M)                    0.36       0.36 r
  u_parity/DATA_V_reg_6_/SI (SDFFRQX2M)                   0.00       0.36 r
  data arrival time                                                  0.36

  clock clk (rise edge)                                   0.00       0.00
  clock network delay (ideal)                             0.00       0.00
  clock uncertainty                                       0.01       0.01
  u_parity/DATA_V_reg_6_/CK (SDFFRQX2M)                   0.00       0.01 r
  library hold time                                      -0.18      -0.17
  data required time                                                -0.17
  --------------------------------------------------------------------------
  data required time                                                -0.17
  data arrival time                                                 -0.36
  --------------------------------------------------------------------------
  slack (MET)                                                        0.53


  Startpoint: u_serializer/DATA_V_reg_7_
              (rising edge-triggered flip-flop clocked by clk)
  Endpoint: u_serializer/ser_count_reg_0_
            (rising edge-triggered flip-flop clocked by clk)
  Path Group: clk
  Path Type: min

  Point                                                   Incr       Path
  --------------------------------------------------------------------------
  clock clk (rise edge)                                   0.00       0.00
  clock network delay (ideal)                             0.00       0.00
  u_serializer/DATA_V_reg_7_/CK (SDFFRQX2M)               0.00       0.00 r
  u_serializer/DATA_V_reg_7_/Q (SDFFRQX2M)                0.36       0.36 r
  u_serializer/ser_count_reg_0_/SI (SDFFRQX2M)            0.00       0.36 r
  data arrival time                                                  0.36

  clock clk (rise edge)                                   0.00       0.00
  clock network delay (ideal)                             0.00       0.00
  clock uncertainty                                       0.01       0.01
  u_serializer/ser_count_reg_0_/CK (SDFFRQX2M)            0.00       0.01 r
  library hold time                                      -0.18      -0.17
  data required time                                                -0.17
  --------------------------------------------------------------------------
  data required time                                                -0.17
  data arrival time                                                 -0.36
  --------------------------------------------------------------------------
  slack (MET)                                                        0.53


  Startpoint: u_serializer/DATA_V_reg_1_
              (rising edge-triggered flip-flop clocked by clk)
  Endpoint: u_serializer/DATA_V_reg_2_
            (rising edge-triggered flip-flop clocked by clk)
  Path Group: clk
  Path Type: min

  Point                                                   Incr       Path
  --------------------------------------------------------------------------
  clock clk (rise edge)                                   0.00       0.00
  clock network delay (ideal)                             0.00       0.00
  u_serializer/DATA_V_reg_1_/CK (SDFFRQX2M)               0.00       0.00 r
  u_serializer/DATA_V_reg_1_/Q (SDFFRQX2M)                0.36       0.36 r
  u_serializer/DATA_V_reg_2_/SI (SDFFRQX2M)               0.00       0.36 r
  data arrival time                                                  0.36

  clock clk (rise edge)                                   0.00       0.00
  clock network delay (ideal)                             0.00       0.00
  clock uncertainty                                       0.01       0.01
  u_serializer/DATA_V_reg_2_/CK (SDFFRQX2M)               0.00       0.01 r
  library hold time                                      -0.18      -0.17
  data required time                                                -0.17
  --------------------------------------------------------------------------
  data required time                                                -0.17
  data arrival time                                                 -0.36
  --------------------------------------------------------------------------
  slack (MET)                                                        0.53


  Startpoint: u_parity/DATA_V_reg_4_
              (rising edge-triggered flip-flop clocked by clk)
  Endpoint: u_parity/DATA_V_reg_5_
            (rising edge-triggered flip-flop clocked by clk)
  Path Group: clk
  Path Type: min

  Point                                                   Incr       Path
  --------------------------------------------------------------------------
  clock clk (rise edge)                                   0.00       0.00
  clock network delay (ideal)                             0.00       0.00
  u_parity/DATA_V_reg_4_/CK (SDFFRQX2M)                   0.00       0.00 r
  u_parity/DATA_V_reg_4_/Q (SDFFRQX2M)                    0.36       0.36 r
  u_parity/DATA_V_reg_5_/SI (SDFFRQX2M)                   0.00       0.36 r
  data arrival time                                                  0.36

  clock clk (rise edge)                                   0.00       0.00
  clock network delay (ideal)                             0.00       0.00
  clock uncertainty                                       0.01       0.01
  u_parity/DATA_V_reg_5_/CK (SDFFRQX2M)                   0.00       0.01 r
  library hold time                                      -0.18      -0.17
  data required time                                                -0.17
  --------------------------------------------------------------------------
  data required time                                                -0.17
  data arrival time                                                 -0.36
  --------------------------------------------------------------------------
  slack (MET)                                                        0.54


  Startpoint: u_parity/DATA_V_reg_0_
              (rising edge-triggered flip-flop clocked by clk)
  Endpoint: u_parity/DATA_V_reg_1_
            (rising edge-triggered flip-flop clocked by clk)
  Path Group: clk
  Path Type: min

  Point                                                   Incr       Path
  --------------------------------------------------------------------------
  clock clk (rise edge)                                   0.00       0.00
  clock network delay (ideal)                             0.00       0.00
  u_parity/DATA_V_reg_0_/CK (SDFFRQX2M)                   0.00       0.00 r
  u_parity/DATA_V_reg_0_/Q (SDFFRQX2M)                    0.36       0.36 r
  u_parity/DATA_V_reg_1_/SI (SDFFRQX2M)                   0.00       0.36 r
  data arrival time                                                  0.36

  clock clk (rise edge)                                   0.00       0.00
  clock network delay (ideal)                             0.00       0.00
  clock uncertainty                                       0.01       0.01
  u_parity/DATA_V_reg_1_/CK (SDFFRQX2M)                   0.00       0.01 r
  library hold time                                      -0.18      -0.17
  data required time                                                -0.17
  --------------------------------------------------------------------------
  data required time                                                -0.17
  data arrival time                                                 -0.36
  --------------------------------------------------------------------------
  slack (MET)                                                        0.54


  Startpoint: u_parity/DATA_V_reg_2_
              (rising edge-triggered flip-flop clocked by clk)
  Endpoint: u_parity/DATA_V_reg_3_
            (rising edge-triggered flip-flop clocked by clk)
  Path Group: clk
  Path Type: min

  Point                                                   Incr       Path
  --------------------------------------------------------------------------
  clock clk (rise edge)                                   0.00       0.00
  clock network delay (ideal)                             0.00       0.00
  u_parity/DATA_V_reg_2_/CK (SDFFRQX2M)                   0.00       0.00 r
  u_parity/DATA_V_reg_2_/Q (SDFFRQX2M)                    0.36       0.36 r
  u_parity/DATA_V_reg_3_/SI (SDFFRQX2M)                   0.00       0.36 r
  data arrival time                                                  0.36

  clock clk (rise edge)                                   0.00       0.00
  clock network delay (ideal)                             0.00       0.00
  clock uncertainty                                       0.01       0.01
  u_parity/DATA_V_reg_3_/CK (SDFFRQX2M)                   0.00       0.01 r
  library hold time                                      -0.18      -0.17
  data required time                                                -0.17
  --------------------------------------------------------------------------
  data required time                                                -0.17
  data arrival time                                                 -0.36
  --------------------------------------------------------------------------
  slack (MET)                                                        0.54


  Startpoint: u_parity/par_bit_reg
              (rising edge-triggered flip-flop clocked by clk)
  Endpoint: u_serializer/DATA_V_reg_0_
            (rising edge-triggered flip-flop clocked by clk)
  Path Group: clk
  Path Type: min

  Point                                                   Incr       Path
  --------------------------------------------------------------------------
  clock clk (rise edge)                                   0.00       0.00
  clock network delay (ideal)                             0.00       0.00
  u_parity/par_bit_reg/CK (SDFFRQX2M)                     0.00       0.00 r
  u_parity/par_bit_reg/Q (SDFFRQX2M)                      0.37       0.37 r
  u_parity/par_bit (Parity_Calc_test_1)                   0.00       0.37 r
  u_serializer/test_si (Serializer_test_1)                0.00       0.37 r
  u_serializer/DATA_V_reg_0_/SI (SDFFRQX2M)               0.00       0.37 r
  data arrival time                                                  0.37

  clock clk (rise edge)                                   0.00       0.00
  clock network delay (ideal)                             0.00       0.00
  clock uncertainty                                       0.01       0.01
  u_serializer/DATA_V_reg_0_/CK (SDFFRQX2M)               0.00       0.01 r
  library hold time                                      -0.18      -0.17
  data required time                                                -0.17
  --------------------------------------------------------------------------
  data required time                                                -0.17
  data arrival time                                                 -0.37
  --------------------------------------------------------------------------
  slack (MET)                                                        0.54


  Startpoint: u_parity/DATA_V_reg_3_
              (rising edge-triggered flip-flop clocked by clk)
  Endpoint: u_parity/DATA_V_reg_4_
            (rising edge-triggered flip-flop clocked by clk)
  Path Group: clk
  Path Type: min

  Point                                                   Incr       Path
  --------------------------------------------------------------------------
  clock clk (rise edge)                                   0.00       0.00
  clock network delay (ideal)                             0.00       0.00
  u_parity/DATA_V_reg_3_/CK (SDFFRQX2M)                   0.00       0.00 r
  u_parity/DATA_V_reg_3_/Q (SDFFRQX2M)                    0.37       0.37 r
  u_parity/DATA_V_reg_4_/SI (SDFFRQX2M)                   0.00       0.37 r
  data arrival time                                                  0.37

  clock clk (rise edge)                                   0.00       0.00
  clock network delay (ideal)                             0.00       0.00
  clock uncertainty                                       0.01       0.01
  u_parity/DATA_V_reg_4_/CK (SDFFRQX2M)                   0.00       0.01 r
  library hold time                                      -0.18      -0.17
  data required time                                                -0.17
  --------------------------------------------------------------------------
  data required time                                                -0.17
  data arrival time                                                 -0.37
  --------------------------------------------------------------------------
  slack (MET)                                                        0.54


  Startpoint: u_serializer/DATA_V_reg_0_
              (rising edge-triggered flip-flop clocked by clk)
  Endpoint: u_serializer/DATA_V_reg_1_
            (rising edge-triggered flip-flop clocked by clk)
  Path Group: clk
  Path Type: min

  Point                                                   Incr       Path
  --------------------------------------------------------------------------
  clock clk (rise edge)                                   0.00       0.00
  clock network delay (ideal)                             0.00       0.00
  u_serializer/DATA_V_reg_0_/CK (SDFFRQX2M)               0.00       0.00 r
  u_serializer/DATA_V_reg_0_/Q (SDFFRQX2M)                0.37       0.37 r
  u_serializer/DATA_V_reg_1_/SI (SDFFRQX2M)               0.00       0.37 r
  data arrival time                                                  0.37

  clock clk (rise edge)                                   0.00       0.00
  clock network delay (ideal)                             0.00       0.00
  clock uncertainty                                       0.01       0.01
  u_serializer/DATA_V_reg_1_/CK (SDFFRQX2M)               0.00       0.01 r
  library hold time                                      -0.18      -0.17
  data required time                                                -0.17
  --------------------------------------------------------------------------
  data required time                                                -0.17
  data arrival time                                                 -0.37
  --------------------------------------------------------------------------
  slack (MET)                                                        0.54


  Startpoint: u_parity/DATA_V_reg_7_
              (rising edge-triggered flip-flop clocked by clk)
  Endpoint: u_parity/par_bit_reg
            (rising edge-triggered flip-flop clocked by clk)
  Path Group: clk
  Path Type: min

  Point                                                   Incr       Path
  --------------------------------------------------------------------------
  clock clk (rise edge)                                   0.00       0.00
  clock network delay (ideal)                             0.00       0.00
  u_parity/DATA_V_reg_7_/CK (SDFFRQX2M)                   0.00       0.00 r
  u_parity/DATA_V_reg_7_/Q (SDFFRQX2M)                    0.37       0.37 r
  u_parity/par_bit_reg/SI (SDFFRQX2M)                     0.00       0.37 r
  data arrival time                                                  0.37

  clock clk (rise edge)                                   0.00       0.00
  clock network delay (ideal)                             0.00       0.00
  clock uncertainty                                       0.01       0.01
  u_parity/par_bit_reg/CK (SDFFRQX2M)                     0.00       0.01 r
  library hold time                                      -0.18      -0.17
  data required time                                                -0.17
  --------------------------------------------------------------------------
  data required time                                                -0.17
  data arrival time                                                 -0.37
  --------------------------------------------------------------------------
  slack (MET)                                                        0.54


  Startpoint: u_serializer/ser_count_reg_2_
              (rising edge-triggered flip-flop clocked by clk)
  Endpoint: u_fsm/busy_reg
            (rising edge-triggered flip-flop clocked by clk)
  Path Group: clk
  Path Type: min

  Point                                                   Incr       Path
  --------------------------------------------------------------------------
  clock clk (rise edge)                                   0.00       0.00
  clock network delay (ideal)                             0.00       0.00
  u_serializer/ser_count_reg_2_/CK (SDFFRX1M)             0.00       0.00 r
  u_serializer/ser_count_reg_2_/Q (SDFFRX1M)              0.38       0.38 r
  u_serializer/test_so (Serializer_test_1)                0.00       0.38 r
  u_fsm/test_si2 (FSM_test_1)                             0.00       0.38 r
  u_fsm/busy_reg/SI (SDFFRQX2M)                           0.00       0.38 r
  data arrival time                                                  0.38

  clock clk (rise edge)                                   0.00       0.00
  clock network delay (ideal)                             0.00       0.00
  clock uncertainty                                       0.01       0.01
  u_fsm/busy_reg/CK (SDFFRQX2M)                           0.00       0.01 r
  library hold time                                      -0.18      -0.17
  data required time                                                -0.17
  --------------------------------------------------------------------------
  data required time                                                -0.17
  data arrival time                                                 -0.38
  --------------------------------------------------------------------------
  slack (MET)                                                        0.55


  Startpoint: u_fsm/Current_State_reg_1_
              (rising edge-triggered flip-flop clocked by clk)
  Endpoint: u_fsm/Current_State_reg_2_
            (rising edge-triggered flip-flop clocked by clk)
  Path Group: clk
  Path Type: min

  Point                                                   Incr       Path
  --------------------------------------------------------------------------
  clock clk (rise edge)                                   0.00       0.00
  clock network delay (ideal)                             0.00       0.00
  u_fsm/Current_State_reg_1_/CK (SDFFRQX2M)               0.00       0.00 r
  u_fsm/Current_State_reg_1_/Q (SDFFRQX2M)                0.39       0.39 r
  u_fsm/Current_State_reg_2_/SI (SDFFRQX2M)               0.00       0.39 r
  data arrival time                                                  0.39

  clock clk (rise edge)                                   0.00       0.00
  clock network delay (ideal)                             0.00       0.00
  clock uncertainty                                       0.01       0.01
  u_fsm/Current_State_reg_2_/CK (SDFFRQX2M)               0.00       0.01 r
  library hold time                                      -0.19      -0.18
  data required time                                                -0.18
  --------------------------------------------------------------------------
  data required time                                                -0.18
  data arrival time                                                 -0.39
  --------------------------------------------------------------------------
  slack (MET)                                                        0.57


  Startpoint: u_serializer/ser_count_reg_0_
              (rising edge-triggered flip-flop clocked by clk)
  Endpoint: u_serializer/ser_count_reg_1_
            (rising edge-triggered flip-flop clocked by clk)
  Path Group: clk
  Path Type: min

  Point                                                   Incr       Path
  --------------------------------------------------------------------------
  clock clk (rise edge)                                   0.00       0.00
  clock network delay (ideal)                             0.00       0.00
  u_serializer/ser_count_reg_0_/CK (SDFFRQX2M)            0.00       0.00 r
  u_serializer/ser_count_reg_0_/Q (SDFFRQX2M)             0.40       0.40 r
  u_serializer/ser_count_reg_1_/SI (SDFFRQX2M)            0.00       0.40 r
  data arrival time                                                  0.40

  clock clk (rise edge)                                   0.00       0.00
  clock network delay (ideal)                             0.00       0.00
  clock uncertainty                                       0.01       0.01
  u_serializer/ser_count_reg_1_/CK (SDFFRQX2M)            0.00       0.01 r
  library hold time                                      -0.19      -0.18
  data required time                                                -0.18
  --------------------------------------------------------------------------
  data required time                                                -0.18
  data arrival time                                                 -0.40
  --------------------------------------------------------------------------
  slack (MET)                                                        0.58


  Startpoint: u_serializer/ser_count_reg_1_
              (rising edge-triggered flip-flop clocked by clk)
  Endpoint: u_serializer/ser_count_reg_2_
            (rising edge-triggered flip-flop clocked by clk)
  Path Group: clk
  Path Type: min

  Point                                                   Incr       Path
  --------------------------------------------------------------------------
  clock clk (rise edge)                                   0.00       0.00
  clock network delay (ideal)                             0.00       0.00
  u_serializer/ser_count_reg_1_/CK (SDFFRQX2M)            0.00       0.00 r
  u_serializer/ser_count_reg_1_/Q (SDFFRQX2M)             0.38       0.38 r
  u_serializer/ser_count_reg_2_/SI (SDFFRX1M)             0.00       0.38 r
  data arrival time                                                  0.38

  clock clk (rise edge)                                   0.00       0.00
  clock network delay (ideal)                             0.00       0.00
  clock uncertainty                                       0.01       0.01
  u_serializer/ser_count_reg_2_/CK (SDFFRX1M)             0.00       0.01 r
  library hold time                                      -0.21      -0.20
  data required time                                                -0.20
  --------------------------------------------------------------------------
  data required time                                                -0.20
  data arrival time                                                 -0.38
  --------------------------------------------------------------------------
  slack (MET)                                                        0.58


  Startpoint: u_fsm/Current_State_reg_2_
              (rising edge-triggered flip-flop clocked by clk)
  Endpoint: u_parity/DATA_V_reg_0_
            (rising edge-triggered flip-flop clocked by clk)
  Path Group: clk
  Path Type: min

  Point                                                   Incr       Path
  --------------------------------------------------------------------------
  clock clk (rise edge)                                   0.00       0.00
  clock network delay (ideal)                             0.00       0.00
  u_fsm/Current_State_reg_2_/CK (SDFFRQX2M)               0.00       0.00 r
  u_fsm/Current_State_reg_2_/Q (SDFFRQX2M)                0.41       0.41 r
  u_fsm/test_so1 (FSM_test_1)                             0.00       0.41 r
  u_parity/test_si (Parity_Calc_test_1)                   0.00       0.41 r
  u_parity/DATA_V_reg_0_/SI (SDFFRQX2M)                   0.00       0.41 r
  data arrival time                                                  0.41

  clock clk (rise edge)                                   0.00       0.00
  clock network delay (ideal)                             0.00       0.00
  clock uncertainty                                       0.01       0.01
  u_parity/DATA_V_reg_0_/CK (SDFFRQX2M)                   0.00       0.01 r
  library hold time                                      -0.19      -0.18
  data required time                                                -0.18
  --------------------------------------------------------------------------
  data required time                                                -0.18
  data arrival time                                                 -0.41
  --------------------------------------------------------------------------
  slack (MET)                                                        0.59


  Startpoint: u_serializer/ser_count_reg_2_
              (rising edge-triggered flip-flop clocked by clk)
  Endpoint: u_serializer/ser_count_reg_2_
            (rising edge-triggered flip-flop clocked by clk)
  Path Group: clk
  Path Type: min

  Point                                                   Incr       Path
  --------------------------------------------------------------------------
  clock clk (rise edge)                                   0.00       0.00
  clock network delay (ideal)                             0.00       0.00
  u_serializer/ser_count_reg_2_/CK (SDFFRX1M)             0.00       0.00 r
  u_serializer/ser_count_reg_2_/QN (SDFFRX1M)             0.29       0.29 f
  u_serializer/U33/Y (OAI32X1M)                           0.13       0.42 r
  u_serializer/ser_count_reg_2_/D (SDFFRX1M)              0.00       0.42 r
  data arrival time                                                  0.42

  clock clk (rise edge)                                   0.00       0.00
  clock network delay (ideal)                             0.00       0.00
  clock uncertainty                                       0.01       0.01
  u_serializer/ser_count_reg_2_/CK (SDFFRX1M)             0.00       0.01 r
  library hold time                                      -0.19      -0.18
  data required time                                                -0.18
  --------------------------------------------------------------------------
  data required time                                                -0.18
  data arrival time                                                 -0.42
  --------------------------------------------------------------------------
  slack (MET)                                                        0.60


  Startpoint: u_fsm/Current_State_reg_0_
              (rising edge-triggered flip-flop clocked by clk)
  Endpoint: u_fsm/Current_State_reg_2_
            (rising edge-triggered flip-flop clocked by clk)
  Path Group: clk
  Path Type: min

  Point                                                   Incr       Path
  --------------------------------------------------------------------------
  clock clk (rise edge)                                   0.00       0.00
  clock network delay (ideal)                             0.00       0.00
  u_fsm/Current_State_reg_0_/CK (SDFFRX1M)                0.00       0.00 r
  u_fsm/Current_State_reg_0_/QN (SDFFRX1M)                0.30       0.30 r
  u_fsm/U17/Y (AOI2B1X1M)                                 0.07       0.36 f
  u_fsm/U16/Y (NOR2BX2M)                                  0.09       0.45 r
  u_fsm/Current_State_reg_2_/D (SDFFRQX2M)                0.00       0.45 r
  data arrival time                                                  0.45

  clock clk (rise edge)                                   0.00       0.00
  clock network delay (ideal)                             0.00       0.00
  clock uncertainty                                       0.01       0.01
  u_fsm/Current_State_reg_2_/CK (SDFFRQX2M)               0.00       0.01 r
  library hold time                                      -0.17      -0.16
  data required time                                                -0.16
  --------------------------------------------------------------------------
  data required time                                                -0.16
  data arrival time                                                 -0.45
  --------------------------------------------------------------------------
  slack (MET)                                                        0.61


  Startpoint: u_fsm/Current_State_reg_0_
              (rising edge-triggered flip-flop clocked by clk)
  Endpoint: u_fsm/Current_State_reg_1_
            (rising edge-triggered flip-flop clocked by clk)
  Path Group: clk
  Path Type: min

  Point                                                   Incr       Path
  --------------------------------------------------------------------------
  clock clk (rise edge)                                   0.00       0.00
  clock network delay (ideal)                             0.00       0.00
  u_fsm/Current_State_reg_0_/CK (SDFFRX1M)                0.00       0.00 r
  u_fsm/Current_State_reg_0_/Q (SDFFRX1M)                 0.44       0.44 r
  u_fsm/Current_State_reg_1_/SI (SDFFRQX2M)               0.00       0.44 r
  data arrival time                                                  0.44

  clock clk (rise edge)                                   0.00       0.00
  clock network delay (ideal)                             0.00       0.00
  clock uncertainty                                       0.01       0.01
  u_fsm/Current_State_reg_1_/CK (SDFFRQX2M)               0.00       0.01 r
  library hold time                                      -0.19      -0.18
  data required time                                                -0.18
  --------------------------------------------------------------------------
  data required time                                                -0.18
  data arrival time                                                 -0.44
  --------------------------------------------------------------------------
  slack (MET)                                                        0.62


  Startpoint: u_serializer/DATA_V_reg_6_
              (rising edge-triggered flip-flop clocked by clk)
  Endpoint: u_serializer/DATA_V_reg_6_
            (rising edge-triggered flip-flop clocked by clk)
  Path Group: clk
  Path Type: min

  Point                                                   Incr       Path
  --------------------------------------------------------------------------
  clock clk (rise edge)                                   0.00       0.00
  clock network delay (ideal)                             0.00       0.00
  u_serializer/DATA_V_reg_6_/CK (SDFFRQX2M)               0.00       0.00 r
  u_serializer/DATA_V_reg_6_/Q (SDFFRQX2M)                0.36       0.36 r
  u_serializer/U30/Y (OAI2BB1X2M)                         0.12       0.49 r
  u_serializer/DATA_V_reg_6_/D (SDFFRQX2M)                0.00       0.49 r
  data arrival time                                                  0.49

  clock clk (rise edge)                                   0.00       0.00
  clock network delay (ideal)                             0.00       0.00
  clock uncertainty                                       0.01       0.01
  u_serializer/DATA_V_reg_6_/CK (SDFFRQX2M)               0.00       0.01 r
  library hold time                                      -0.16      -0.15
  data required time                                                -0.15
  --------------------------------------------------------------------------
  data required time                                                -0.15
  data arrival time                                                 -0.49
  --------------------------------------------------------------------------
  slack (MET)                                                        0.64


  Startpoint: u_serializer/DATA_V_reg_5_
              (rising edge-triggered flip-flop clocked by clk)
  Endpoint: u_serializer/DATA_V_reg_5_
            (rising edge-triggered flip-flop clocked by clk)
  Path Group: clk
  Path Type: min

  Point                                                   Incr       Path
  --------------------------------------------------------------------------
  clock clk (rise edge)                                   0.00       0.00
  clock network delay (ideal)                             0.00       0.00
  u_serializer/DATA_V_reg_5_/CK (SDFFRQX2M)               0.00       0.00 r
  u_serializer/DATA_V_reg_5_/Q (SDFFRQX2M)                0.36       0.36 r
  u_serializer/U28/Y (OAI2BB1X2M)                         0.12       0.49 r
  u_serializer/DATA_V_reg_5_/D (SDFFRQX2M)                0.00       0.49 r
  data arrival time                                                  0.49

  clock clk (rise edge)                                   0.00       0.00
  clock network delay (ideal)                             0.00       0.00
  clock uncertainty                                       0.01       0.01
  u_serializer/DATA_V_reg_5_/CK (SDFFRQX2M)               0.00       0.01 r
  library hold time                                      -0.16      -0.15
  data required time                                                -0.15
  --------------------------------------------------------------------------
  data required time                                                -0.15
  data arrival time                                                 -0.49
  --------------------------------------------------------------------------
  slack (MET)                                                        0.64


  Startpoint: u_serializer/DATA_V_reg_4_
              (rising edge-triggered flip-flop clocked by clk)
  Endpoint: u_serializer/DATA_V_reg_4_
            (rising edge-triggered flip-flop clocked by clk)
  Path Group: clk
  Path Type: min

  Point                                                   Incr       Path
  --------------------------------------------------------------------------
  clock clk (rise edge)                                   0.00       0.00
  clock network delay (ideal)                             0.00       0.00
  u_serializer/DATA_V_reg_4_/CK (SDFFRQX2M)               0.00       0.00 r
  u_serializer/DATA_V_reg_4_/Q (SDFFRQX2M)                0.36       0.36 r
  u_serializer/U26/Y (OAI2BB1X2M)                         0.12       0.49 r
  u_serializer/DATA_V_reg_4_/D (SDFFRQX2M)                0.00       0.49 r
  data arrival time                                                  0.49

  clock clk (rise edge)                                   0.00       0.00
  clock network delay (ideal)                             0.00       0.00
  clock uncertainty                                       0.01       0.01
  u_serializer/DATA_V_reg_4_/CK (SDFFRQX2M)               0.00       0.01 r
  library hold time                                      -0.16      -0.15
  data required time                                                -0.15
  --------------------------------------------------------------------------
  data required time                                                -0.15
  data arrival time                                                 -0.49
  --------------------------------------------------------------------------
  slack (MET)                                                        0.64


  Startpoint: u_serializer/DATA_V_reg_3_
              (rising edge-triggered flip-flop clocked by clk)
  Endpoint: u_serializer/DATA_V_reg_3_
            (rising edge-triggered flip-flop clocked by clk)
  Path Group: clk
  Path Type: min

  Point                                                   Incr       Path
  --------------------------------------------------------------------------
  clock clk (rise edge)                                   0.00       0.00
  clock network delay (ideal)                             0.00       0.00
  u_serializer/DATA_V_reg_3_/CK (SDFFRQX2M)               0.00       0.00 r
  u_serializer/DATA_V_reg_3_/Q (SDFFRQX2M)                0.36       0.36 r
  u_serializer/U24/Y (OAI2BB1X2M)                         0.12       0.49 r
  u_serializer/DATA_V_reg_3_/D (SDFFRQX2M)                0.00       0.49 r
  data arrival time                                                  0.49

  clock clk (rise edge)                                   0.00       0.00
  clock network delay (ideal)                             0.00       0.00
  clock uncertainty                                       0.01       0.01
  u_serializer/DATA_V_reg_3_/CK (SDFFRQX2M)               0.00       0.01 r
  library hold time                                      -0.16      -0.15
  data required time                                                -0.15
  --------------------------------------------------------------------------
  data required time                                                -0.15
  data arrival time                                                 -0.49
  --------------------------------------------------------------------------
  slack (MET)                                                        0.64


  Startpoint: u_serializer/DATA_V_reg_2_
              (rising edge-triggered flip-flop clocked by clk)
  Endpoint: u_serializer/DATA_V_reg_2_
            (rising edge-triggered flip-flop clocked by clk)
  Path Group: clk
  Path Type: min

  Point                                                   Incr       Path
  --------------------------------------------------------------------------
  clock clk (rise edge)                                   0.00       0.00
  clock network delay (ideal)                             0.00       0.00
  u_serializer/DATA_V_reg_2_/CK (SDFFRQX2M)               0.00       0.00 r
  u_serializer/DATA_V_reg_2_/Q (SDFFRQX2M)                0.36       0.36 r
  u_serializer/U22/Y (OAI2BB1X2M)                         0.12       0.49 r
  u_serializer/DATA_V_reg_2_/D (SDFFRQX2M)                0.00       0.49 r
  data arrival time                                                  0.49

  clock clk (rise edge)                                   0.00       0.00
  clock network delay (ideal)                             0.00       0.00
  clock uncertainty                                       0.01       0.01
  u_serializer/DATA_V_reg_2_/CK (SDFFRQX2M)               0.00       0.01 r
  library hold time                                      -0.16      -0.15
  data required time                                                -0.15
  --------------------------------------------------------------------------
  data required time                                                -0.15
  data arrival time                                                 -0.49
  --------------------------------------------------------------------------
  slack (MET)                                                        0.64


  Startpoint: u_serializer/DATA_V_reg_1_
              (rising edge-triggered flip-flop clocked by clk)
  Endpoint: u_serializer/DATA_V_reg_1_
            (rising edge-triggered flip-flop clocked by clk)
  Path Group: clk
  Path Type: min

  Point                                                   Incr       Path
  --------------------------------------------------------------------------
  clock clk (rise edge)                                   0.00       0.00
  clock network delay (ideal)                             0.00       0.00
  u_serializer/DATA_V_reg_1_/CK (SDFFRQX2M)               0.00       0.00 r
  u_serializer/DATA_V_reg_1_/Q (SDFFRQX2M)                0.36       0.36 r
  u_serializer/U20/Y (OAI2BB1X2M)                         0.13       0.49 r
  u_serializer/DATA_V_reg_1_/D (SDFFRQX2M)                0.00       0.49 r
  data arrival time                                                  0.49

  clock clk (rise edge)                                   0.00       0.00
  clock network delay (ideal)                             0.00       0.00
  clock uncertainty                                       0.01       0.01
  u_serializer/DATA_V_reg_1_/CK (SDFFRQX2M)               0.00       0.01 r
  library hold time                                      -0.16      -0.15
  data required time                                                -0.15
  --------------------------------------------------------------------------
  data required time                                                -0.15
  data arrival time                                                 -0.49
  --------------------------------------------------------------------------
  slack (MET)                                                        0.64


  Startpoint: u_parity/DATA_V_reg_6_
              (rising edge-triggered flip-flop clocked by clk)
  Endpoint: u_parity/DATA_V_reg_6_
            (rising edge-triggered flip-flop clocked by clk)
  Path Group: clk
  Path Type: min

  Point                                                   Incr       Path
  --------------------------------------------------------------------------
  clock clk (rise edge)                                   0.00       0.00
  clock network delay (ideal)                             0.00       0.00
  u_parity/DATA_V_reg_6_/CK (SDFFRQX2M)                   0.00       0.00 r
  u_parity/DATA_V_reg_6_/Q (SDFFRQX2M)                    0.36       0.36 r
  u_parity/U13/Y (AO2B2X2M)                               0.13       0.49 r
  u_parity/DATA_V_reg_6_/D (SDFFRQX2M)                    0.00       0.49 r
  data arrival time                                                  0.49

  clock clk (rise edge)                                   0.00       0.00
  clock network delay (ideal)                             0.00       0.00
  clock uncertainty                                       0.01       0.01
  u_parity/DATA_V_reg_6_/CK (SDFFRQX2M)                   0.00       0.01 r
  library hold time                                      -0.16      -0.15
  data required time                                                -0.15
  --------------------------------------------------------------------------
  data required time                                                -0.15
  data arrival time                                                 -0.49
  --------------------------------------------------------------------------
  slack (MET)                                                        0.64


  Startpoint: u_parity/DATA_V_reg_5_
              (rising edge-triggered flip-flop clocked by clk)
  Endpoint: u_parity/DATA_V_reg_5_
            (rising edge-triggered flip-flop clocked by clk)
  Path Group: clk
  Path Type: min

  Point                                                   Incr       Path
  --------------------------------------------------------------------------
  clock clk (rise edge)                                   0.00       0.00
  clock network delay (ideal)                             0.00       0.00
  u_parity/DATA_V_reg_5_/CK (SDFFRQX2M)                   0.00       0.00 r
  u_parity/DATA_V_reg_5_/Q (SDFFRQX2M)                    0.36       0.36 r
  u_parity/U12/Y (AO2B2X2M)                               0.13       0.49 r
  u_parity/DATA_V_reg_5_/D (SDFFRQX2M)                    0.00       0.49 r
  data arrival time                                                  0.49

  clock clk (rise edge)                                   0.00       0.00
  clock network delay (ideal)                             0.00       0.00
  clock uncertainty                                       0.01       0.01
  u_parity/DATA_V_reg_5_/CK (SDFFRQX2M)                   0.00       0.01 r
  library hold time                                      -0.16      -0.15
  data required time                                                -0.15
  --------------------------------------------------------------------------
  data required time                                                -0.15
  data arrival time                                                 -0.49
  --------------------------------------------------------------------------
  slack (MET)                                                        0.64


  Startpoint: u_parity/DATA_V_reg_1_
              (rising edge-triggered flip-flop clocked by clk)
  Endpoint: u_parity/DATA_V_reg_1_
            (rising edge-triggered flip-flop clocked by clk)
  Path Group: clk
  Path Type: min

  Point                                                   Incr       Path
  --------------------------------------------------------------------------
  clock clk (rise edge)                                   0.00       0.00
  clock network delay (ideal)                             0.00       0.00
  u_parity/DATA_V_reg_1_/CK (SDFFRQX2M)                   0.00       0.00 r
  u_parity/DATA_V_reg_1_/Q (SDFFRQX2M)                    0.36       0.36 r
  u_parity/U8/Y (AO2B2X2M)                                0.13       0.49 r
  u_parity/DATA_V_reg_1_/D (SDFFRQX2M)                    0.00       0.49 r
  data arrival time                                                  0.49

  clock clk (rise edge)                                   0.00       0.00
  clock network delay (ideal)                             0.00       0.00
  clock uncertainty                                       0.01       0.01
  u_parity/DATA_V_reg_1_/CK (SDFFRQX2M)                   0.00       0.01 r
  library hold time                                      -0.16      -0.15
  data required time                                                -0.15
  --------------------------------------------------------------------------
  data required time                                                -0.15
  data arrival time                                                 -0.49
  --------------------------------------------------------------------------
  slack (MET)                                                        0.64


  Startpoint: u_parity/DATA_V_reg_4_
              (rising edge-triggered flip-flop clocked by clk)
  Endpoint: u_parity/DATA_V_reg_4_
            (rising edge-triggered flip-flop clocked by clk)
  Path Group: clk
  Path Type: min

  Point                                                   Incr       Path
  --------------------------------------------------------------------------
  clock clk (rise edge)                                   0.00       0.00
  clock network delay (ideal)                             0.00       0.00
  u_parity/DATA_V_reg_4_/CK (SDFFRQX2M)                   0.00       0.00 r
  u_parity/DATA_V_reg_4_/Q (SDFFRQX2M)                    0.36       0.36 r
  u_parity/U11/Y (AO2B2X2M)                               0.13       0.49 r
  u_parity/DATA_V_reg_4_/D (SDFFRQX2M)                    0.00       0.49 r
  data arrival time                                                  0.49

  clock clk (rise edge)                                   0.00       0.00
  clock network delay (ideal)                             0.00       0.00
  clock uncertainty                                       0.01       0.01
  u_parity/DATA_V_reg_4_/CK (SDFFRQX2M)                   0.00       0.01 r
  library hold time                                      -0.16      -0.15
  data required time                                                -0.15
  --------------------------------------------------------------------------
  data required time                                                -0.15
  data arrival time                                                 -0.49
  --------------------------------------------------------------------------
  slack (MET)                                                        0.65


  Startpoint: u_parity/DATA_V_reg_0_
              (rising edge-triggered flip-flop clocked by clk)
  Endpoint: u_parity/DATA_V_reg_0_
            (rising edge-triggered flip-flop clocked by clk)
  Path Group: clk
  Path Type: min

  Point                                                   Incr       Path
  --------------------------------------------------------------------------
  clock clk (rise edge)                                   0.00       0.00
  clock network delay (ideal)                             0.00       0.00
  u_parity/DATA_V_reg_0_/CK (SDFFRQX2M)                   0.00       0.00 r
  u_parity/DATA_V_reg_0_/Q (SDFFRQX2M)                    0.36       0.36 r
  u_parity/U7/Y (AO2B2X2M)                                0.13       0.49 r
  u_parity/DATA_V_reg_0_/D (SDFFRQX2M)                    0.00       0.49 r
  data arrival time                                                  0.49

  clock clk (rise edge)                                   0.00       0.00
  clock network delay (ideal)                             0.00       0.00
  clock uncertainty                                       0.01       0.01
  u_parity/DATA_V_reg_0_/CK (SDFFRQX2M)                   0.00       0.01 r
  library hold time                                      -0.16      -0.15
  data required time                                                -0.15
  --------------------------------------------------------------------------
  data required time                                                -0.15
  data arrival time                                                 -0.49
  --------------------------------------------------------------------------
  slack (MET)                                                        0.65


  Startpoint: u_parity/DATA_V_reg_2_
              (rising edge-triggered flip-flop clocked by clk)
  Endpoint: u_parity/DATA_V_reg_2_
            (rising edge-triggered flip-flop clocked by clk)
  Path Group: clk
  Path Type: min

  Point                                                   Incr       Path
  --------------------------------------------------------------------------
  clock clk (rise edge)                                   0.00       0.00
  clock network delay (ideal)                             0.00       0.00
  u_parity/DATA_V_reg_2_/CK (SDFFRQX2M)                   0.00       0.00 r
  u_parity/DATA_V_reg_2_/Q (SDFFRQX2M)                    0.36       0.36 r
  u_parity/U9/Y (AO2B2X2M)                                0.13       0.50 r
  u_parity/DATA_V_reg_2_/D (SDFFRQX2M)                    0.00       0.50 r
  data arrival time                                                  0.50

  clock clk (rise edge)                                   0.00       0.00
  clock network delay (ideal)                             0.00       0.00
  clock uncertainty                                       0.01       0.01
  u_parity/DATA_V_reg_2_/CK (SDFFRQX2M)                   0.00       0.01 r
  library hold time                                      -0.16      -0.15
  data required time                                                -0.15
  --------------------------------------------------------------------------
  data required time                                                -0.15
  data arrival time                                                 -0.50
  --------------------------------------------------------------------------
  slack (MET)                                                        0.65


  Startpoint: u_serializer/DATA_V_reg_0_
              (rising edge-triggered flip-flop clocked by clk)
  Endpoint: u_serializer/DATA_V_reg_0_
            (rising edge-triggered flip-flop clocked by clk)
  Path Group: clk
  Path Type: min

  Point                                                   Incr       Path
  --------------------------------------------------------------------------
  clock clk (rise edge)                                   0.00       0.00
  clock network delay (ideal)                             0.00       0.00
  u_serializer/DATA_V_reg_0_/CK (SDFFRQX2M)               0.00       0.00 r
  u_serializer/DATA_V_reg_0_/Q (SDFFRQX2M)                0.37       0.37 r
  u_serializer/U18/Y (OAI2BB1X2M)                         0.13       0.50 r
  u_serializer/DATA_V_reg_0_/D (SDFFRQX2M)                0.00       0.50 r
  data arrival time                                                  0.50

  clock clk (rise edge)                                   0.00       0.00
  clock network delay (ideal)                             0.00       0.00
  clock uncertainty                                       0.01       0.01
  u_serializer/DATA_V_reg_0_/CK (SDFFRQX2M)               0.00       0.01 r
  library hold time                                      -0.16      -0.15
  data required time                                                -0.15
  --------------------------------------------------------------------------
  data required time                                                -0.15
  data arrival time                                                 -0.50
  --------------------------------------------------------------------------
  slack (MET)                                                        0.65


  Startpoint: u_parity/DATA_V_reg_3_
              (rising edge-triggered flip-flop clocked by clk)
  Endpoint: u_parity/DATA_V_reg_3_
            (rising edge-triggered flip-flop clocked by clk)
  Path Group: clk
  Path Type: min

  Point                                                   Incr       Path
  --------------------------------------------------------------------------
  clock clk (rise edge)                                   0.00       0.00
  clock network delay (ideal)                             0.00       0.00
  u_parity/DATA_V_reg_3_/CK (SDFFRQX2M)                   0.00       0.00 r
  u_parity/DATA_V_reg_3_/Q (SDFFRQX2M)                    0.37       0.37 r
  u_parity/U10/Y (AO2B2X2M)                               0.13       0.50 r
  u_parity/DATA_V_reg_3_/D (SDFFRQX2M)                    0.00       0.50 r
  data arrival time                                                  0.50

  clock clk (rise edge)                                   0.00       0.00
  clock network delay (ideal)                             0.00       0.00
  clock uncertainty                                       0.01       0.01
  u_parity/DATA_V_reg_3_/CK (SDFFRQX2M)                   0.00       0.01 r
  library hold time                                      -0.16      -0.15
  data required time                                                -0.15
  --------------------------------------------------------------------------
  data required time                                                -0.15
  data arrival time                                                 -0.50
  --------------------------------------------------------------------------
  slack (MET)                                                        0.65


  Startpoint: u_serializer/DATA_V_reg_7_
              (rising edge-triggered flip-flop clocked by clk)
  Endpoint: u_serializer/DATA_V_reg_7_
            (rising edge-triggered flip-flop clocked by clk)
  Path Group: clk
  Path Type: min

  Point                                                   Incr       Path
  --------------------------------------------------------------------------
  clock clk (rise edge)                                   0.00       0.00
  clock network delay (ideal)                             0.00       0.00
  u_serializer/DATA_V_reg_7_/CK (SDFFRQX2M)               0.00       0.00 r
  u_serializer/DATA_V_reg_7_/Q (SDFFRQX2M)                0.36       0.36 r
  u_serializer/U32/Y (AO22X1M)                            0.14       0.50 r
  u_serializer/DATA_V_reg_7_/D (SDFFRQX2M)                0.00       0.50 r
  data arrival time                                                  0.50

  clock clk (rise edge)                                   0.00       0.00
  clock network delay (ideal)                             0.00       0.00
  clock uncertainty                                       0.01       0.01
  u_serializer/DATA_V_reg_7_/CK (SDFFRQX2M)               0.00       0.01 r
  library hold time                                      -0.16      -0.15
  data required time                                                -0.15
  --------------------------------------------------------------------------
  data required time                                                -0.15
  data arrival time                                                 -0.50
  --------------------------------------------------------------------------
  slack (MET)                                                        0.65


  Startpoint: u_parity/DATA_V_reg_7_
              (rising edge-triggered flip-flop clocked by clk)
  Endpoint: u_parity/DATA_V_reg_7_
            (rising edge-triggered flip-flop clocked by clk)
  Path Group: clk
  Path Type: min

  Point                                                   Incr       Path
  --------------------------------------------------------------------------
  clock clk (rise edge)                                   0.00       0.00
  clock network delay (ideal)                             0.00       0.00
  u_parity/DATA_V_reg_7_/CK (SDFFRQX2M)                   0.00       0.00 r
  u_parity/DATA_V_reg_7_/Q (SDFFRQX2M)                    0.37       0.37 r
  u_parity/U14/Y (AO2B2X2M)                               0.13       0.50 r
  u_parity/DATA_V_reg_7_/D (SDFFRQX2M)                    0.00       0.50 r
  data arrival time                                                  0.50

  clock clk (rise edge)                                   0.00       0.00
  clock network delay (ideal)                             0.00       0.00
  clock uncertainty                                       0.01       0.01
  u_parity/DATA_V_reg_7_/CK (SDFFRQX2M)                   0.00       0.01 r
  library hold time                                      -0.16      -0.15
  data required time                                                -0.15
  --------------------------------------------------------------------------
  data required time                                                -0.15
  data arrival time                                                 -0.50
  --------------------------------------------------------------------------
  slack (MET)                                                        0.66


  Startpoint: u_serializer/ser_count_reg_0_
              (rising edge-triggered flip-flop clocked by clk)
  Endpoint: u_serializer/ser_count_reg_0_
            (rising edge-triggered flip-flop clocked by clk)
  Path Group: clk
  Path Type: min

  Point                                                   Incr       Path
  --------------------------------------------------------------------------
  clock clk (rise edge)                                   0.00       0.00
  clock network delay (ideal)                             0.00       0.00
  u_serializer/ser_count_reg_0_/CK (SDFFRQX2M)            0.00       0.00 r
  u_serializer/ser_count_reg_0_/Q (SDFFRQX2M)             0.40       0.40 r
  u_serializer/U37/Y (NOR2X2M)                            0.07       0.46 f
  u_serializer/ser_count_reg_0_/D (SDFFRQX2M)             0.00       0.46 f
  data arrival time                                                  0.46

  clock clk (rise edge)                                   0.00       0.00
  clock network delay (ideal)                             0.00       0.00
  clock uncertainty                                       0.01       0.01
  u_serializer/ser_count_reg_0_/CK (SDFFRQX2M)            0.00       0.01 r
  library hold time                                      -0.21      -0.20
  data required time                                                -0.20
  --------------------------------------------------------------------------
  data required time                                                -0.20
  data arrival time                                                 -0.46
  --------------------------------------------------------------------------
  slack (MET)                                                        0.67


  Startpoint: u_parity/par_bit_reg
              (rising edge-triggered flip-flop clocked by clk)
  Endpoint: u_parity/par_bit_reg
            (rising edge-triggered flip-flop clocked by clk)
  Path Group: clk
  Path Type: min

  Point                                    Incr       Path
  -----------------------------------------------------------
  clock clk (rise edge)                    0.00       0.00
  clock network delay (ideal)              0.00       0.00
  u_parity/par_bit_reg/CK (SDFFRQX2M)      0.00       0.00 r
  u_parity/par_bit_reg/Q (SDFFRQX2M)       0.37       0.37 r
  u_parity/U3/Y (OAI2BB2X1M)               0.15       0.51 r
  u_parity/par_bit_reg/D (SDFFRQX2M)       0.00       0.51 r
  data arrival time                                   0.51

  clock clk (rise edge)                    0.00       0.00
  clock network delay (ideal)              0.00       0.00
  clock uncertainty                        0.01       0.01
  u_parity/par_bit_reg/CK (SDFFRQX2M)      0.00       0.01 r
  library hold time                       -0.16      -0.15
  data required time                                 -0.15
  -----------------------------------------------------------
  data required time                                 -0.15
  data arrival time                                  -0.51
  -----------------------------------------------------------
  slack (MET)                                         0.67


  Startpoint: u_serializer/ser_count_reg_2_
              (rising edge-triggered flip-flop clocked by clk)
  Endpoint: u_fsm/Current_State_reg_0_
            (rising edge-triggered flip-flop clocked by clk)
  Path Group: clk
  Path Type: min

  Point                                                   Incr       Path
  --------------------------------------------------------------------------
  clock clk (rise edge)                                   0.00       0.00
  clock network delay (ideal)                             0.00       0.00
  u_serializer/ser_count_reg_2_/CK (SDFFRX1M)             0.00       0.00 r
  u_serializer/ser_count_reg_2_/QN (SDFFRX1M)             0.32       0.32 r
  u_serializer/U36/Y (NOR3X2M)                            0.07       0.40 f
  u_serializer/ser_done (Serializer_test_1)               0.00       0.40 f
  u_fsm/ser_done (FSM_test_1)                             0.00       0.40 f
  u_fsm/U14/Y (OAI22X1M)                                  0.09       0.49 r
  u_fsm/Current_State_reg_0_/D (SDFFRX1M)                 0.00       0.49 r
  data arrival time                                                  0.49

  clock clk (rise edge)                                   0.00       0.00
  clock network delay (ideal)                             0.00       0.00
  clock uncertainty                                       0.01       0.01
  u_fsm/Current_State_reg_0_/CK (SDFFRX1M)                0.00       0.01 r
  library hold time                                      -0.19      -0.18
  data required time                                                -0.18
  --------------------------------------------------------------------------
  data required time                                                -0.18
  data arrival time                                                 -0.49
  --------------------------------------------------------------------------
  slack (MET)                                                        0.67


  Startpoint: u_fsm/Current_State_reg_2_
              (rising edge-triggered flip-flop clocked by clk)
  Endpoint: u_fsm/Current_State_reg_1_
            (rising edge-triggered flip-flop clocked by clk)
  Path Group: clk
  Path Type: min

  Point                                                   Incr       Path
  --------------------------------------------------------------------------
  clock clk (rise edge)                                   0.00       0.00
  clock network delay (ideal)                             0.00       0.00
  u_fsm/Current_State_reg_2_/CK (SDFFRQX2M)               0.00       0.00 r
  u_fsm/Current_State_reg_2_/Q (SDFFRQX2M)                0.41       0.41 r
  u_fsm/U19/Y (OAI21X2M)                                  0.07       0.48 f
  u_fsm/Current_State_reg_1_/D (SDFFRQX2M)                0.00       0.48 f
  data arrival time                                                  0.48

  clock clk (rise edge)                                   0.00       0.00
  clock network delay (ideal)                             0.00       0.00
  clock uncertainty                                       0.01       0.01
  u_fsm/Current_State_reg_1_/CK (SDFFRQX2M)               0.00       0.01 r
  library hold time                                      -0.21      -0.20
  data required time                                                -0.20
  --------------------------------------------------------------------------
  data required time                                                -0.20
  data arrival time                                                 -0.48
  --------------------------------------------------------------------------
  slack (MET)                                                        0.68


  Startpoint: u_fsm/Current_State_reg_0_
              (rising edge-triggered flip-flop clocked by clk)
  Endpoint: u_fsm/busy_reg
            (rising edge-triggered flip-flop clocked by clk)
  Path Group: clk
  Path Type: min

  Point                                                   Incr       Path
  --------------------------------------------------------------------------
  clock clk (rise edge)                                   0.00       0.00
  clock network delay (ideal)                             0.00       0.00
  u_fsm/Current_State_reg_0_/CK (SDFFRX1M)                0.00       0.00 r
  u_fsm/Current_State_reg_0_/QN (SDFFRX1M)                0.27       0.27 f
  u_fsm/U12/Y (NOR2X2M)                                   0.13       0.40 r
  u_fsm/U9/Y (INVX2M)                                     0.08       0.49 f
  u_fsm/U20/Y (OAI21X2M)                                  0.05       0.54 r
  u_fsm/busy_reg/D (SDFFRQX2M)                            0.00       0.54 r
  data arrival time                                                  0.54

  clock clk (rise edge)                                   0.00       0.00
  clock network delay (ideal)                             0.00       0.00
  clock uncertainty                                       0.01       0.01
  u_fsm/busy_reg/CK (SDFFRQX2M)                           0.00       0.01 r
  library hold time                                      -0.16      -0.15
  data required time                                                -0.15
  --------------------------------------------------------------------------
  data required time                                                -0.15
  data arrival time                                                 -0.54
  --------------------------------------------------------------------------
  slack (MET)                                                        0.69


  Startpoint: u_serializer/ser_count_reg_0_
              (rising edge-triggered flip-flop clocked by clk)
  Endpoint: u_serializer/ser_count_reg_1_
            (rising edge-triggered flip-flop clocked by clk)
  Path Group: clk
  Path Type: min

  Point                                                   Incr       Path
  --------------------------------------------------------------------------
  clock clk (rise edge)                                   0.00       0.00
  clock network delay (ideal)                             0.00       0.00
  u_serializer/ser_count_reg_0_/CK (SDFFRQX2M)            0.00       0.00 r
  u_serializer/ser_count_reg_0_/Q (SDFFRQX2M)             0.40       0.40 r
  u_serializer/U39/Y (XNOR2X2M)                           0.07       0.46 f
  u_serializer/U38/Y (NOR2X2M)                            0.08       0.54 r
  u_serializer/ser_count_reg_1_/D (SDFFRQX2M)             0.00       0.54 r
  data arrival time                                                  0.54

  clock clk (rise edge)                                   0.00       0.00
  clock network delay (ideal)                             0.00       0.00
  clock uncertainty                                       0.01       0.01
  u_serializer/ser_count_reg_1_/CK (SDFFRQX2M)            0.00       0.01 r
  library hold time                                      -0.17      -0.16
  data required time                                                -0.16
  --------------------------------------------------------------------------
  data required time                                                -0.16
  data arrival time                                                 -0.54
  --------------------------------------------------------------------------
  slack (MET)                                                        0.70


1
