
                           Design Compiler Graphical 
                                 DC Ultra (TM)
                                  DFTMAX (TM)
                              Power Compiler (TM)
                                 DesignWare (R)
                                 DC Expert (TM)
                               Design Vision (TM)
                               HDL Compiler (TM)
                               VHDL Compiler (TM)
                                  DFT Compiler
                               Design Compiler(R)

               Version O-2018.06-SP1 for linux64 - Jul 19, 2018 

                    Copyright (c) 1988 - 2018 Synopsys, Inc.
   This software and the associated documentation are proprietary to Synopsys,
 Inc. This software may only be used in accordance with the terms and conditions
 of a written license agreement with Synopsys, Inc. All other use, reproduction,
            or distribution of this software is strictly prohibited.
Initializing...
Initializing gui preferences from file  /home/ICer/.synopsys_dv_prefs.tcl
########################### Define Top Module ############################
set top_module SYS_TOP
SYS_TOP
##################### Define Working Library Directory ######################
define_design_lib work -path ./work
1
############################# Formality Setup File ##########################
set_svf $top_module.svf
1
################## Design Compiler Library Files #setup ######################
puts "###########################################"
###########################################
puts "#      #setting Design Libraries           #"
#      #setting Design Libraries           #
puts "###########################################"
###########################################
#Add the path of the libraries to the search_path variable
lappend search_path /home/ICer/Assignments/FINAL_SYSTEM/std_cells
. /home/synopsys/syn/O-2018.06-SP1/libraries/syn /home/synopsys/syn/O-2018.06-SP1/minpower/syn /home/synopsys/syn/O-2018.06-SP1/dw/syn_ver /home/synopsys/syn/O-2018.06-SP1/dw/sim_ver /home/ICer/Assignments/FINAL_SYSTEM/std_cells
lappend search_path /home/ICer/Assignments/FINAL_SYSTEM/RTL
. /home/synopsys/syn/O-2018.06-SP1/libraries/syn /home/synopsys/syn/O-2018.06-SP1/minpower/syn /home/synopsys/syn/O-2018.06-SP1/dw/syn_ver /home/synopsys/syn/O-2018.06-SP1/dw/sim_ver /home/ICer/Assignments/FINAL_SYSTEM/std_cells /home/ICer/Assignments/FINAL_SYSTEM/RTL
set SSLIB "scmetro_tsmc_cl013g_rvt_ss_1p08v_125c.db"
scmetro_tsmc_cl013g_rvt_ss_1p08v_125c.db
set TTLIB "scmetro_tsmc_cl013g_rvt_tt_1p2v_25c.db"
scmetro_tsmc_cl013g_rvt_tt_1p2v_25c.db
set FFLIB "scmetro_tsmc_cl013g_rvt_ff_1p32v_m40c.db"
scmetro_tsmc_cl013g_rvt_ff_1p32v_m40c.db
## Standard Cell libraries 
set target_library [list $SSLIB $TTLIB $FFLIB]
scmetro_tsmc_cl013g_rvt_ss_1p08v_125c.db scmetro_tsmc_cl013g_rvt_tt_1p2v_25c.db scmetro_tsmc_cl013g_rvt_ff_1p32v_m40c.db
## Standard Cell & Hard Macros libraries 
set link_library [list * $SSLIB $TTLIB $FFLIB]  
* scmetro_tsmc_cl013g_rvt_ss_1p08v_125c.db scmetro_tsmc_cl013g_rvt_tt_1p2v_25c.db scmetro_tsmc_cl013g_rvt_ff_1p32v_m40c.db
######################## Reading RTL Files #################################
puts "###########################################"
###########################################
puts "#             Reading RTL Files           #"
#             Reading RTL Files           #
puts "###########################################"
###########################################
set file_format verilog
verilog
analyze -format $file_format ALU.v
Running PRESTO HDLC
Compiling source file /home/ICer/Assignments/FINAL_SYSTEM/RTL/ALU.v
Presto compilation completed successfully.
Loading db file '/home/ICer/Assignments/FINAL_SYSTEM/std_cells/scmetro_tsmc_cl013g_rvt_ss_1p08v_125c.db'
Loading db file '/home/ICer/Assignments/FINAL_SYSTEM/std_cells/scmetro_tsmc_cl013g_rvt_tt_1p2v_25c.db'
Loading db file '/home/ICer/Assignments/FINAL_SYSTEM/std_cells/scmetro_tsmc_cl013g_rvt_ff_1p32v_m40c.db'
1
analyze -format $file_format ClkDiv.v
Running PRESTO HDLC
Compiling source file /home/ICer/Assignments/FINAL_SYSTEM/RTL/ClkDiv.v
Presto compilation completed successfully.
1
analyze -format $file_format CLK_GATE.v
Running PRESTO HDLC
Compiling source file /home/ICer/Assignments/FINAL_SYSTEM/RTL/CLK_GATE.v
Presto compilation completed successfully.
1
analyze -format $file_format Data_Sampling.v
Running PRESTO HDLC
Compiling source file /home/ICer/Assignments/FINAL_SYSTEM/RTL/Data_Sampling.v
Presto compilation completed successfully.
1
analyze -format $file_format DATA_SYNC.v
Running PRESTO HDLC
Compiling source file /home/ICer/Assignments/FINAL_SYSTEM/RTL/DATA_SYNC.v
Presto compilation completed successfully.
1
analyze -format $file_format deserializer.v
Running PRESTO HDLC
Compiling source file /home/ICer/Assignments/FINAL_SYSTEM/RTL/deserializer.v
Presto compilation completed successfully.
1
analyze -format $file_format edge_bit_counter.v
Running PRESTO HDLC
Compiling source file /home/ICer/Assignments/FINAL_SYSTEM/RTL/edge_bit_counter.v
Presto compilation completed successfully.
1
analyze -format $file_format FIFO_MEM.v
Running PRESTO HDLC
Compiling source file /home/ICer/Assignments/FINAL_SYSTEM/RTL/FIFO_MEM.v
Presto compilation completed successfully.
1
analyze -format $file_format FIFO_rptr_empty.v
Running PRESTO HDLC
Compiling source file /home/ICer/Assignments/FINAL_SYSTEM/RTL/FIFO_rptr_empty.v
Presto compilation completed successfully.
1
analyze -format $file_format FIFO_TOP.v
Running PRESTO HDLC
Compiling source file /home/ICer/Assignments/FINAL_SYSTEM/RTL/FIFO_TOP.v
Presto compilation completed successfully.
1
analyze -format $file_format FIFO_wptr_full.v
Running PRESTO HDLC
Compiling source file /home/ICer/Assignments/FINAL_SYSTEM/RTL/FIFO_wptr_full.v
Presto compilation completed successfully.
1
analyze -format $file_format SYS_TOP.v
Running PRESTO HDLC
Compiling source file ./SYS_TOP.v
Presto compilation completed successfully.
1
analyze -format $file_format FSM.v
Running PRESTO HDLC
Compiling source file /home/ICer/Assignments/FINAL_SYSTEM/RTL/FSM.v
Presto compilation completed successfully.
1
analyze -format $file_format FSM_RX.v
Running PRESTO HDLC
Compiling source file /home/ICer/Assignments/FINAL_SYSTEM/RTL/FSM_RX.v
Presto compilation completed successfully.
1
analyze -format $file_format MUX.v
Running PRESTO HDLC
Compiling source file /home/ICer/Assignments/FINAL_SYSTEM/RTL/MUX.v
Presto compilation completed successfully.
1
analyze -format $file_format mux2X1.v
Running PRESTO HDLC
Compiling source file /home/ICer/Assignments/FINAL_SYSTEM/RTL/mux2X1.v
Presto compilation completed successfully.
1
analyze -format $file_format Parity_Calc.v
Running PRESTO HDLC
Compiling source file /home/ICer/Assignments/FINAL_SYSTEM/RTL/Parity_Calc.v
Presto compilation completed successfully.
1
analyze -format $file_format Parity_Check.v
Running PRESTO HDLC
Compiling source file /home/ICer/Assignments/FINAL_SYSTEM/RTL/Parity_Check.v
Presto compilation completed successfully.
1
analyze -format $file_format Prescale_MUX.v
Running PRESTO HDLC
Compiling source file /home/ICer/Assignments/FINAL_SYSTEM/RTL/Prescale_MUX.v
Presto compilation completed successfully.
1
analyze -format $file_format PULSE_GEN.v
Running PRESTO HDLC
Compiling source file /home/ICer/Assignments/FINAL_SYSTEM/RTL/PULSE_GEN.v
Presto compilation completed successfully.
1
analyze -format $file_format Register_File.v
Running PRESTO HDLC
Compiling source file /home/ICer/Assignments/FINAL_SYSTEM/RTL/Register_File.v
Presto compilation completed successfully.
1
analyze -format $file_format RST_SYNC.v
Running PRESTO HDLC
Compiling source file /home/ICer/Assignments/FINAL_SYSTEM/RTL/RST_SYNC.v
Presto compilation completed successfully.
1
analyze -format $file_format serializer.v
Running PRESTO HDLC
Compiling source file /home/ICer/Assignments/FINAL_SYSTEM/RTL/serializer.v
Presto compilation completed successfully.
1
analyze -format $file_format Start_Check.v
Running PRESTO HDLC
Compiling source file /home/ICer/Assignments/FINAL_SYSTEM/RTL/Start_Check.v
Presto compilation completed successfully.
1
analyze -format $file_format Stop_Check.v
Running PRESTO HDLC
Compiling source file /home/ICer/Assignments/FINAL_SYSTEM/RTL/Stop_Check.v
Presto compilation completed successfully.
1
analyze -format $file_format sync_r2w.v
Running PRESTO HDLC
Compiling source file /home/ICer/Assignments/FINAL_SYSTEM/RTL/sync_r2w.v
Presto compilation completed successfully.
1
analyze -format $file_format sync_w2r.v
Running PRESTO HDLC
Compiling source file /home/ICer/Assignments/FINAL_SYSTEM/RTL/sync_w2r.v
Presto compilation completed successfully.
1
analyze -format $file_format SYS_CTRL.v
Running PRESTO HDLC
Compiling source file /home/ICer/Assignments/FINAL_SYSTEM/RTL/SYS_CTRL.v
Presto compilation completed successfully.
1
analyze -format $file_format UART.v
Running PRESTO HDLC
Compiling source file /home/ICer/Assignments/FINAL_SYSTEM/RTL/UART.v
Presto compilation completed successfully.
1
analyze -format $file_format UART_RX.v
Running PRESTO HDLC
Compiling source file /home/ICer/Assignments/FINAL_SYSTEM/RTL/UART_RX.v
Presto compilation completed successfully.
1
analyze -format $file_format UART_TX.v
Running PRESTO HDLC
Compiling source file /home/ICer/Assignments/FINAL_SYSTEM/RTL/UART_TX.v
Presto compilation completed successfully.
1
elaborate -lib work SYS_TOP
Loading db file '/home/synopsys/syn/O-2018.06-SP1/libraries/syn/gtech.db'
Loading db file '/home/synopsys/syn/O-2018.06-SP1/libraries/syn/standard.sldb'
  Loading link library 'scmetro_tsmc_cl013g_rvt_ss_1p08v_125c'
  Loading link library 'scmetro_tsmc_cl013g_rvt_tt_1p2v_25c'
  Loading link library 'scmetro_tsmc_cl013g_rvt_ff_1p32v_m40c'
  Loading link library 'gtech'
Running PRESTO HDLC
Presto compilation completed successfully.
Elaborated 1 design.
Current design is now 'SYS_TOP'.
Information: Building the design 'RST_SYNC_NUM_STAGES2_test_0_test_1'. (HDL-193)
Presto compilation completed successfully.
Information: Building the design 'RST_SYNC_NUM_STAGES2_test_1_test_1'. (HDL-193)
Presto compilation completed successfully.
Information: Building the design 'ClkDiv_WIDTH4_test_1_test_1'. (HDL-193)
Presto compilation completed successfully.
Information: Building the design 'Prescale_MUX_DIV_RATIO_WIDTH4'. (HDL-193)
Presto compilation completed successfully.
Information: Building the design 'ClkDiv_WIDTH8_test_1_test_1'. (HDL-193)
Presto compilation completed successfully.
Information: Building the design 'UART_DATA_WIDTH8_test_1_test_1'. (HDL-193)
Presto compilation completed successfully.
Information: Building the design 'PULSE_GEN_test_1_test_1'. (HDL-193)
Presto compilation completed successfully.
Information: Building the design 'DATA_SYNC_NUM_STAGES2_BUS_WIDTH8_test_1_test_1'. (HDL-193)
Presto compilation completed successfully.
Information: Building the design 'FIFO_TOP_DATA_WIDTH8_ADDR_SIZE3_test_1_test_1'. (HDL-193)
Presto compilation completed successfully.
Information: Building the design 'CLK_GATE'. (HDL-193)
Presto compilation completed successfully.
Information: Building the design 'ALU_OPERAND_WIDTH8_OUT_WIDTH16_test_1_test_1'. (HDL-193)
Presto compilation completed successfully.
Information: Building the design 'Register_File_DEPTH16_DATA_WIDTH8_ADDRESS_WIDTH4_test_1_test_1'. (HDL-193)
Presto compilation completed successfully.
Information: Building the design 'SYS_CTRL_OP_WIDTH8_ALU_OUT_WIDTH16_REG_WIDTH8_REG_DEPTH16_ADDRESS_WIDTH4_UART_DATA_WIDTH8_test_1_test_1'. (HDL-193)
Presto compilation completed successfully.
Information: Building the design 'mux2X1_1'. (HDL-193)
Presto compilation completed successfully.
Information: Building the design 'mux2X1_5'. (HDL-193)
Presto compilation completed successfully.
Information: Building the design 'mux2X1_4'. (HDL-193)
Presto compilation completed successfully.
Information: Building the design 'mux2X1_3'. (HDL-193)
Presto compilation completed successfully.
Information: Building the design 'mux2X1_2'. (HDL-193)
Presto compilation completed successfully.
Information: Building the design 'mux2X1_0'. (HDL-193)
Presto compilation completed successfully.
Information: Building the design 'mux2X1_7'. (HDL-193)
Presto compilation completed successfully.
Information: Building the design 'mux2X1_6'. (HDL-193)
Presto compilation completed successfully.
Information: Building the design 'ClkDiv_WIDTH8_DW01_inc_0'. (HDL-193)
Presto compilation completed successfully.
Information: Building the design 'ClkDiv_WIDTH8_DW01_inc_1'. (HDL-193)
Presto compilation completed successfully.
Information: Building the design 'ClkDiv_WIDTH8_DW01_inc_2'. (HDL-193)
Presto compilation completed successfully.
Information: Building the design 'ClkDiv_WIDTH8_DW01_inc_3'. (HDL-193)
Presto compilation completed successfully.
Information: Building the design 'UART_TX_WIDTH8_test_1_test_1'. (HDL-193)
Presto compilation completed successfully.
Information: Building the design 'UART_RX_DATA_WIDTH8_test_1_test_1'. (HDL-193)
Presto compilation completed successfully.
Information: Building the design 'sync_r2w_ADDR_SIZE3_test_1_test_1'. (HDL-193)
Presto compilation completed successfully.
Information: Building the design 'sync_w2r_ADDR_SIZE3_test_1_test_1'. (HDL-193)
Presto compilation completed successfully.
Information: Building the design 'FIFO_MEM_DATA_WIDTH8_ADDR_SIZE3_test_1_test_1'. (HDL-193)
Presto compilation completed successfully.
Information: Building the design 'FIFO_rptr_empty_ADDR_SIZE3_test_1_test_1'. (HDL-193)
Presto compilation completed successfully.
Information: Building the design 'FIFO_wptr_full_ADDR_SIZE3_test_1_test_1'. (HDL-193)
Presto compilation completed successfully.
Information: Building the design 'ALU_OPERAND_WIDTH8_OUT_WIDTH16_DW_div_uns_0'. (HDL-193)
Presto compilation completed successfully.
Information: Building the design 'ALU_OPERAND_WIDTH8_OUT_WIDTH16_DW01_sub_0'. (HDL-193)
Presto compilation completed successfully.
Information: Building the design 'ALU_OPERAND_WIDTH8_OUT_WIDTH16_DW01_add_0'. (HDL-193)
Presto compilation completed successfully.
Information: Building the design 'ALU_OPERAND_WIDTH8_OUT_WIDTH16_DW02_mult_0'. (HDL-193)
Presto compilation completed successfully.
Information: Building the design 'FSM_test_1_test_1'. (HDL-193)
Presto compilation completed successfully.
Information: Building the design 'Serializer_WIDTH8_test_1_test_1'. (HDL-193)
Presto compilation completed successfully.
Information: Building the design 'Parity_Calc_WIDTH8_test_1_test_1'. (HDL-193)
Presto compilation completed successfully.
Information: Building the design 'MUX'. (HDL-193)

Statistics for case statements in always block at line 15 in file
	'/home/ICer/Assignments/FINAL_SYSTEM/RTL/MUX.v'
===============================================
|           Line           |  full/ parallel  |
===============================================
|            16            |    auto/auto     |
===============================================
Presto compilation completed successfully.
Information: Building the design 'FSM_RX_DATA_WIDTH8_test_1_test_1'. (HDL-193)
Presto compilation completed successfully.
Information: Building the design 'edge_bit_counter_DATA_WIDTH8_test_1_test_1'. (HDL-193)
Presto compilation completed successfully.
Information: Building the design 'Data_Sampling_DATA_WIDTH8_test_1_test_1'. (HDL-193)
Presto compilation completed successfully.
Information: Building the design 'deserializer_DATA_WIDTH8_test_1_test_1'. (HDL-193)
Presto compilation completed successfully.
Information: Building the design 'Start_Check_DATA_WIDTH8_test_1_test_1'. (HDL-193)
Presto compilation completed successfully.
Information: Building the design 'Parity_Check_DATA_WIDTH8_test_1_test_1'. (HDL-193)
Presto compilation completed successfully.
Information: Building the design 'Stop_Check_DATA_WIDTH8_test_1_test_1'. (HDL-193)
Presto compilation completed successfully.
Information: Building the design 'ALU_OPERAND_WIDTH8_OUT_WIDTH16_DW01_add_1'. (HDL-193)
Presto compilation completed successfully.
1
###################### Defining toplevel ###################################
current_design $top_module
Current design is 'SYS_TOP'.
{SYS_TOP}
#################### Liniking All The Design Parts #########################
puts "###############################################"
###############################################
puts "######## Liniking All The Design Parts ########"
######## Liniking All The Design Parts ########
puts "###############################################"
###############################################
#link 
#################### Liniking All The Design Parts #########################
puts "###############################################"
###############################################
puts "######## checking design consistency ##########"
######## checking design consistency ##########
puts "###############################################"
###############################################
check_design
 
****************************************
check_design summary:
Version:     O-2018.06-SP1
Date:        Mon Oct  5 18:34:15 2026
****************************************

                   Name                                            Total
--------------------------------------------------------------------------------
Inputs/Outputs                                                     39
    Unconnected ports (LINT-28)                                    31
    Feedthrough (LINT-29)                                           7
    Constant outputs (LINT-52)                                      1

Cells                                                              22
    Connected to power or ground (LINT-32)                         19
    Nets connected to multiple pins on same cell (LINT-33)          3

Nets                                                                1
    Unloaded nets (LINT-2)                                          1
--------------------------------------------------------------------------------

Warning: In design 'SYS_TOP', net 'TX_CLK_GEN/SYNOPSYS_UNCONNECTED__0' driven by pin 'TX_CLK_GEN/add_92/SUM[0]' has no loads. (LINT-2)
Warning: In design 'ClkDiv_WIDTH8_DW01_inc_0', port 'A[8]' is not connected to any nets. (LINT-28)
Warning: In design 'ClkDiv_WIDTH8_DW01_inc_0', port 'SUM[0]' is not connected to any nets. (LINT-28)
Warning: In design 'ALU_OPERAND_WIDTH8_OUT_WIDTH16_DW_div_uns_0', port 'remainder[7]' is not connected to any nets. (LINT-28)
Warning: In design 'ALU_OPERAND_WIDTH8_OUT_WIDTH16_DW_div_uns_0', port 'remainder[6]' is not connected to any nets. (LINT-28)
Warning: In design 'ALU_OPERAND_WIDTH8_OUT_WIDTH16_DW_div_uns_0', port 'remainder[5]' is not connected to any nets. (LINT-28)
Warning: In design 'ALU_OPERAND_WIDTH8_OUT_WIDTH16_DW_div_uns_0', port 'remainder[4]' is not connected to any nets. (LINT-28)
Warning: In design 'ALU_OPERAND_WIDTH8_OUT_WIDTH16_DW_div_uns_0', port 'remainder[3]' is not connected to any nets. (LINT-28)
Warning: In design 'ALU_OPERAND_WIDTH8_OUT_WIDTH16_DW_div_uns_0', port 'remainder[2]' is not connected to any nets. (LINT-28)
Warning: In design 'ALU_OPERAND_WIDTH8_OUT_WIDTH16_DW_div_uns_0', port 'remainder[1]' is not connected to any nets. (LINT-28)
Warning: In design 'ALU_OPERAND_WIDTH8_OUT_WIDTH16_DW_div_uns_0', port 'remainder[0]' is not connected to any nets. (LINT-28)
Warning: In design 'ALU_OPERAND_WIDTH8_OUT_WIDTH16_DW_div_uns_0', port 'divide_by_0' is not connected to any nets. (LINT-28)
Warning: In design 'ALU_OPERAND_WIDTH8_OUT_WIDTH16_DW01_sub_0', port 'A[8]' is not connected to any nets. (LINT-28)
Warning: In design 'ALU_OPERAND_WIDTH8_OUT_WIDTH16_DW01_sub_0', port 'B[8]' is not connected to any nets. (LINT-28)
Warning: In design 'ALU_OPERAND_WIDTH8_OUT_WIDTH16_DW01_sub_0', port 'CI' is not connected to any nets. (LINT-28)
Warning: In design 'ALU_OPERAND_WIDTH8_OUT_WIDTH16_DW01_sub_0', port 'CO' is not connected to any nets. (LINT-28)
Warning: In design 'ALU_OPERAND_WIDTH8_OUT_WIDTH16_DW01_add_0', port 'A[8]' is not connected to any nets. (LINT-28)
Warning: In design 'ALU_OPERAND_WIDTH8_OUT_WIDTH16_DW01_add_0', port 'B[8]' is not connected to any nets. (LINT-28)
Warning: In design 'ALU_OPERAND_WIDTH8_OUT_WIDTH16_DW01_add_0', port 'CI' is not connected to any nets. (LINT-28)
Warning: In design 'ALU_OPERAND_WIDTH8_OUT_WIDTH16_DW01_add_0', port 'CO' is not connected to any nets. (LINT-28)
Warning: In design 'ALU_OPERAND_WIDTH8_OUT_WIDTH16_DW02_mult_0', port 'TC' is not connected to any nets. (LINT-28)
Warning: In design 'Data_Sampling_DATA_WIDTH8_test_1_test_1', port 'Prescale[0]' is not connected to any nets. (LINT-28)
Warning: In design 'ALU_OPERAND_WIDTH8_OUT_WIDTH16_DW01_add_1', port 'A[13]' is not connected to any nets. (LINT-28)
Warning: In design 'ALU_OPERAND_WIDTH8_OUT_WIDTH16_DW01_add_1', port 'B[6]' is not connected to any nets. (LINT-28)
Warning: In design 'ALU_OPERAND_WIDTH8_OUT_WIDTH16_DW01_add_1', port 'B[5]' is not connected to any nets. (LINT-28)
Warning: In design 'ALU_OPERAND_WIDTH8_OUT_WIDTH16_DW01_add_1', port 'B[4]' is not connected to any nets. (LINT-28)
Warning: In design 'ALU_OPERAND_WIDTH8_OUT_WIDTH16_DW01_add_1', port 'B[3]' is not connected to any nets. (LINT-28)
Warning: In design 'ALU_OPERAND_WIDTH8_OUT_WIDTH16_DW01_add_1', port 'B[2]' is not connected to any nets. (LINT-28)
Warning: In design 'ALU_OPERAND_WIDTH8_OUT_WIDTH16_DW01_add_1', port 'B[1]' is not connected to any nets. (LINT-28)
Warning: In design 'ALU_OPERAND_WIDTH8_OUT_WIDTH16_DW01_add_1', port 'B[0]' is not connected to any nets. (LINT-28)
Warning: In design 'ALU_OPERAND_WIDTH8_OUT_WIDTH16_DW01_add_1', port 'CI' is not connected to any nets. (LINT-28)
Warning: In design 'ALU_OPERAND_WIDTH8_OUT_WIDTH16_DW01_add_1', port 'CO' is not connected to any nets. (LINT-28)
Warning: In design 'ALU_OPERAND_WIDTH8_OUT_WIDTH16_DW01_add_1', input port 'A[6]' is connected directly to output port 'SUM[6]'. (LINT-29)
Warning: In design 'ALU_OPERAND_WIDTH8_OUT_WIDTH16_DW01_add_1', input port 'A[5]' is connected directly to output port 'SUM[5]'. (LINT-29)
Warning: In design 'ALU_OPERAND_WIDTH8_OUT_WIDTH16_DW01_add_1', input port 'A[4]' is connected directly to output port 'SUM[4]'. (LINT-29)
Warning: In design 'ALU_OPERAND_WIDTH8_OUT_WIDTH16_DW01_add_1', input port 'A[3]' is connected directly to output port 'SUM[3]'. (LINT-29)
Warning: In design 'ALU_OPERAND_WIDTH8_OUT_WIDTH16_DW01_add_1', input port 'A[2]' is connected directly to output port 'SUM[2]'. (LINT-29)
Warning: In design 'ALU_OPERAND_WIDTH8_OUT_WIDTH16_DW01_add_1', input port 'A[1]' is connected directly to output port 'SUM[1]'. (LINT-29)
Warning: In design 'ALU_OPERAND_WIDTH8_OUT_WIDTH16_DW01_add_1', input port 'A[0]' is connected directly to output port 'SUM[0]'. (LINT-29)
Warning: In design 'SYS_TOP', a pin on submodule 'RX_CLK_GEN' is connected to logic 1 or logic 0. (LINT-32)
   Pin 'i_clk_en' is connected to logic 1. 
Warning: In design 'SYS_TOP', a pin on submodule 'TX_CLK_GEN' is connected to logic 1 or logic 0. (LINT-32)
   Pin 'i_clk_en' is connected to logic 1. 
Warning: In design 'ClkDiv_WIDTH8_test_1_test_1', a pin on submodule 'add_92' is connected to logic 1 or logic 0. (LINT-32)
   Pin 'A[8]' is connected to logic 0. 
Warning: In design 'ALU_OPERAND_WIDTH8_OUT_WIDTH16_test_1_test_1', a pin on submodule 'sub_52' is connected to logic 1 or logic 0. (LINT-32)
   Pin 'A[8]' is connected to logic 0. 
Warning: In design 'ALU_OPERAND_WIDTH8_OUT_WIDTH16_test_1_test_1', a pin on submodule 'sub_52' is connected to logic 1 or logic 0. (LINT-32)
   Pin 'B[8]' is connected to logic 0. 
Warning: In design 'ALU_OPERAND_WIDTH8_OUT_WIDTH16_test_1_test_1', a pin on submodule 'sub_52' is connected to logic 1 or logic 0. (LINT-32)
   Pin 'CI' is connected to logic 0. 
Warning: In design 'ALU_OPERAND_WIDTH8_OUT_WIDTH16_test_1_test_1', a pin on submodule 'add_49' is connected to logic 1 or logic 0. (LINT-32)
   Pin 'A[8]' is connected to logic 0. 
Warning: In design 'ALU_OPERAND_WIDTH8_OUT_WIDTH16_test_1_test_1', a pin on submodule 'add_49' is connected to logic 1 or logic 0. (LINT-32)
   Pin 'B[8]' is connected to logic 0. 
Warning: In design 'ALU_OPERAND_WIDTH8_OUT_WIDTH16_test_1_test_1', a pin on submodule 'add_49' is connected to logic 1 or logic 0. (LINT-32)
   Pin 'CI' is connected to logic 0. 
Warning: In design 'ALU_OPERAND_WIDTH8_OUT_WIDTH16_test_1_test_1', a pin on submodule 'mult_55' is connected to logic 1 or logic 0. (LINT-32)
   Pin 'TC' is connected to logic 0. 
Warning: In design 'ALU_OPERAND_WIDTH8_OUT_WIDTH16_DW02_mult_0', a pin on submodule 'FS_1' is connected to logic 1 or logic 0. (LINT-32)
   Pin 'A[13]' is connected to logic 0. 
Warning: In design 'ALU_OPERAND_WIDTH8_OUT_WIDTH16_DW02_mult_0', a pin on submodule 'FS_1' is connected to logic 1 or logic 0. (LINT-32)
   Pin 'B[6]' is connected to logic 0. 
Warning: In design 'ALU_OPERAND_WIDTH8_OUT_WIDTH16_DW02_mult_0', a pin on submodule 'FS_1' is connected to logic 1 or logic 0. (LINT-32)
   Pin 'B[5]' is connected to logic 0. 
Warning: In design 'ALU_OPERAND_WIDTH8_OUT_WIDTH16_DW02_mult_0', a pin on submodule 'FS_1' is connected to logic 1 or logic 0. (LINT-32)
   Pin 'B[4]' is connected to logic 0. 
Warning: In design 'ALU_OPERAND_WIDTH8_OUT_WIDTH16_DW02_mult_0', a pin on submodule 'FS_1' is connected to logic 1 or logic 0. (LINT-32)
   Pin 'B[3]' is connected to logic 0. 
Warning: In design 'ALU_OPERAND_WIDTH8_OUT_WIDTH16_DW02_mult_0', a pin on submodule 'FS_1' is connected to logic 1 or logic 0. (LINT-32)
   Pin 'B[2]' is connected to logic 0. 
Warning: In design 'ALU_OPERAND_WIDTH8_OUT_WIDTH16_DW02_mult_0', a pin on submodule 'FS_1' is connected to logic 1 or logic 0. (LINT-32)
   Pin 'B[1]' is connected to logic 0. 
Warning: In design 'ALU_OPERAND_WIDTH8_OUT_WIDTH16_DW02_mult_0', a pin on submodule 'FS_1' is connected to logic 1 or logic 0. (LINT-32)
   Pin 'B[0]' is connected to logic 0. 
Warning: In design 'ALU_OPERAND_WIDTH8_OUT_WIDTH16_DW02_mult_0', a pin on submodule 'FS_1' is connected to logic 1 or logic 0. (LINT-32)
   Pin 'CI' is connected to logic 0. 
Warning: In design 'ALU_OPERAND_WIDTH8_OUT_WIDTH16_test_1_test_1', the same net is connected to more than one pin on submodule 'sub_52'. (LINT-33)
   Net '*Logic0*' is connected to pins 'A[8]', 'B[8]'', 'CI'.
Warning: In design 'ALU_OPERAND_WIDTH8_OUT_WIDTH16_test_1_test_1', the same net is connected to more than one pin on submodule 'add_49'. (LINT-33)
   Net '*Logic0*' is connected to pins 'A[8]', 'B[8]'', 'CI'.
Warning: In design 'ALU_OPERAND_WIDTH8_OUT_WIDTH16_DW02_mult_0', the same net is connected to more than one pin on submodule 'FS_1'. (LINT-33)
   Net '*Logic0*' is connected to pins 'A[13]', 'B[6]'', 'B[5]', 'B[4]', 'B[3]', 'B[2]', 'B[1]', 'B[0]', 'CI'.
Warning: In design 'SYS_CTRL_OP_WIDTH8_ALU_OUT_WIDTH16_REG_WIDTH8_REG_DEPTH16_ADDRESS_WIDTH4_UART_DATA_WIDTH8_test_1_test_1', output port 'clk_div_en' is connected directly to 'logic 1'. (LINT-52)
1
#################### Define Design Constraints #########################
puts "###############################################"
###############################################
puts "############ Design Constraints #### ##########"
############ Design Constraints #### ##########
puts "###############################################"
###############################################
source ./cons.tcl
Warning: Can't find clock 'scan_clk' in design 'SYS_TOP'. (UID-95)
Warning: Design rule attributes from the driving cell will be
	set on the port. (UID-401)
Warning: Design rule attributes from the driving cell will be
	set on the port. (UID-401)
Warning: Design rule attributes from the driving cell will be
	set on the port. (UID-401)
Warning: Design rule attributes from the driving cell will be
	set on the port. (UID-401)
Warning: Design rule attributes from the driving cell will be
	set on the port. (UID-401)
Warning: Design rule attributes from the driving cell will be
	set on the port. (UID-401)
Warning: Design rule attributes from the driving cell will be
	set on the port. (UID-401)
Using operating conditions 'scmetro_tsmc_cl013g_rvt_ss_1p08v_125c' found in library 'scmetro_tsmc_cl013g_rvt_ss_1p08v_125c'.
Using operating conditions 'scmetro_tsmc_cl013g_rvt_ff_1p32v_m40c' found in library 'scmetro_tsmc_cl013g_rvt_ff_1p32v_m40c'.
#################### Archirecture Scan Chains #########################
puts "###############################################"
###############################################
puts "############ Configure scan chains ############"
############ Configure scan chains ############
puts "###############################################"
###############################################
set_scan_configuration -clock_mixing no_mix                         -style multiplexed_flip_flop                        -replace true -max_length 100  
Accepted scan configuration for modes: all_dft
1
###################### Mapping and optimization ########################
puts "###############################################"
###############################################
puts "########## Mapping & Optimization #############"
########## Mapping & Optimization #############
puts "###############################################"
###############################################
#test_ready compile
compile -scan
Information: Choosing a test methodology will restrict the optimization of sequential cells. (UIO-12)
Information: Evaluating DesignWare library utilization. (UISN-27)

============================================================================
| DesignWare Building Block Library  |         Version         | Available |
============================================================================
| Basic DW Building Blocks           | O-2018.06-DWBB_201806.1 |     *     |
| Licensed DW Building Blocks        |                         |           |
============================================================================


Information: There are 62 potential problems in your design. Please run 'check_design' for more information. (LINT-99)


Warning: Operating condition scmetro_tsmc_cl013g_rvt_ss_1p08v_125c set on design SYS_TOP has different process,
voltage and temperatures parameters than the parameters at which target library 
scmetro_tsmc_cl013g_rvt_tt_1p2v_25c is characterized. Delays may be inaccurate as a result. (OPT-998)

  Beginning Pass 1 Mapping
  ------------------------
  Processing 'mux2X1_6'
  Processing 'mux2X1_7'
  Processing 'mux2X1_0'
  Processing 'mux2X1_2'
  Processing 'mux2X1_3'
  Processing 'mux2X1_4'
  Processing 'mux2X1_5'
  Processing 'mux2X1_1'
  Processing 'SYS_CTRL_OP_WIDTH8_ALU_OUT_WIDTH16_REG_WIDTH8_REG_DEPTH16_ADDRESS_WIDTH4_UART_DATA_WIDTH8_test_1_test_1'
  Processing 'Register_File_DEPTH16_DATA_WIDTH8_ADDRESS_WIDTH4_test_1_test_1'
  Processing 'ALU_OPERAND_WIDTH8_OUT_WIDTH16_DW01_add_1'
  Processing 'ALU_OPERAND_WIDTH8_OUT_WIDTH16_DW02_mult_0'
  Processing 'ALU_OPERAND_WIDTH8_OUT_WIDTH16_DW01_add_0'
  Processing 'ALU_OPERAND_WIDTH8_OUT_WIDTH16_DW01_sub_0'
  Processing 'ALU_OPERAND_WIDTH8_OUT_WIDTH16_DW_div_uns_0'
  Processing 'ALU_OPERAND_WIDTH8_OUT_WIDTH16_test_1_test_1'
  Processing 'CLK_GATE'
  Processing 'FIFO_wptr_full_ADDR_SIZE3_test_1_test_1'
  Processing 'FIFO_rptr_empty_ADDR_SIZE3_test_1_test_1'
  Processing 'FIFO_MEM_DATA_WIDTH8_ADDR_SIZE3_test_1_test_1'
  Processing 'sync_w2r_ADDR_SIZE3_test_1_test_1'
  Processing 'sync_r2w_ADDR_SIZE3_test_1_test_1'
  Processing 'FIFO_TOP_DATA_WIDTH8_ADDR_SIZE3_test_1_test_1'
  Processing 'DATA_SYNC_NUM_STAGES2_BUS_WIDTH8_test_1_test_1'
  Processing 'PULSE_GEN_test_1_test_1'
  Processing 'Stop_Check_DATA_WIDTH8_test_1_test_1'
  Processing 'Parity_Check_DATA_WIDTH8_test_1_test_1'
  Processing 'Start_Check_DATA_WIDTH8_test_1_test_1'
  Processing 'deserializer_DATA_WIDTH8_test_1_test_1'
  Processing 'Data_Sampling_DATA_WIDTH8_test_1_test_1'
  Processing 'edge_bit_counter_DATA_WIDTH8_test_1_test_1'
  Processing 'FSM_RX_DATA_WIDTH8_test_1_test_1'
  Processing 'UART_RX_DATA_WIDTH8_test_1_test_1'
  Processing 'MUX'
  Processing 'Parity_Calc_WIDTH8_test_1_test_1'
  Processing 'Serializer_WIDTH8_test_1_test_1'
  Processing 'FSM_test_1_test_1'
  Processing 'UART_TX_WIDTH8_test_1_test_1'
  Processing 'UART_DATA_WIDTH8_test_1_test_1'
  Processing 'ClkDiv_WIDTH8_DW01_inc_3'
  Processing 'ClkDiv_WIDTH8_DW01_inc_2'
  Processing 'ClkDiv_WIDTH8_DW01_inc_1'
  Processing 'ClkDiv_WIDTH8_DW01_inc_0'
  Processing 'ClkDiv_WIDTH8_test_1_test_1'
  Processing 'Prescale_MUX_DIV_RATIO_WIDTH4'
  Processing 'ClkDiv_WIDTH4_test_1_test_1'
  Processing 'RST_SYNC_NUM_STAGES2_test_1_test_1'
  Processing 'RST_SYNC_NUM_STAGES2_test_0_test_1'
  Processing 'SYS_TOP'

  Updating timing information
Information: Updating design information... (UID-85)

  Beginning Mapping Optimizations  (Medium effort)
  -------------------------------
Loading db file '/home/ICer/Assignments/FINAL_SYSTEM/std_cells/scmetro_tsmc_cl013g_rvt_tt_1p2v_25c.db'
Loading db file '/home/ICer/Assignments/FINAL_SYSTEM/std_cells/scmetro_tsmc_cl013g_rvt_ff_1p32v_m40c.db'

                                  TOTAL                                      
   ELAPSED            WORST NEG   SETUP    DESIGN                            
    TIME      AREA      SLACK     COST    RULE COST         ENDPOINT         
  --------- --------- --------- --------- --------- -------------------------
    0:00:12   73570.8      4.10       4.9     299.1                          
    0:00:12   73570.8      4.10       4.9     299.1                          
    0:00:12   73570.8      4.10       4.9     299.1                          
    0:00:12   73566.1      4.10       4.7     299.0                          
    0:00:12   73566.1      4.10       4.7     299.0                          
    0:00:14   39262.9     16.26      38.4      95.5                          
    0:00:15   39613.6     12.34      24.6      95.1                          
    0:00:16   39501.8     11.37      21.9      91.2                          
    0:00:16   39495.9     10.43      18.8      91.2                          
    0:00:16   39431.2     10.48      19.0      91.2                          
    0:00:16   39515.9      9.04      15.1      91.2                          
    0:00:16   39493.6      8.38      12.6      91.2                          
    0:00:16   39467.7      7.86      12.0      91.2                          
    0:00:17   39505.3      7.39      10.9      91.2                          
    0:00:17   39498.3      7.32      10.7      91.2                          
    0:00:17   39515.9      7.12      10.1      91.0                          
    0:00:17   39558.3      7.10      10.3      91.0                          
    0:00:17   39564.2      7.09      10.3      91.0                          
    0:00:17   39583.0      6.60       9.3      91.0                          
    0:00:17   39612.4      6.53       9.2      91.0                          
    0:00:17   39612.4      6.53       9.2      91.0                          
    0:00:17   39612.4      6.53       9.2      91.0                          
    0:00:17   39612.4      6.53       9.2      91.0                          
    0:00:18   39640.7      6.53       9.2      67.7                          
    0:00:18   39713.6      6.53       9.2      48.6                          
    0:00:18   39776.0      6.47       9.2      38.6                          
    0:00:18   39784.2      6.47       9.2      38.2                          
    0:00:18   39785.4      6.47       9.2      38.2                          
    0:00:18   39785.4      6.47       9.2      38.2                          
    0:00:18   39785.4      6.47       9.2      38.2                          
    0:00:18   39785.4      6.47       9.2      38.2                          
    0:00:19   40030.2      4.42       5.7      41.1 ALU_UNIT/ALU_OUT_reg[0]/D
    0:00:19   40111.4      4.29      12.7      56.2 ALU_UNIT/ALU_OUT_reg[0]/D
    0:00:19   40133.7      4.05      11.7      69.2 ALU_UNIT/ALU_OUT_reg[0]/D
    0:00:20   40220.8      3.76      11.2      72.2                          
    0:00:20   40260.8      3.72      11.0      72.1                          
    0:00:20   40334.9      3.63      10.9      72.2                          
    0:00:20   40365.5      3.56      10.8      72.4                          
    0:00:20   40434.9      3.30      10.3      74.4                          
    0:00:20   40424.4      3.20      10.1      73.5                          
    0:00:20   40505.5      3.16      10.0      74.2                          
    0:00:21   40632.6      3.08       9.9      74.5                          
    0:00:21   40743.2      2.80       9.5      75.1                          
    0:00:21   40993.9      2.16       6.5      74.9                          
    0:00:21   41049.2      2.06       6.2      76.4                          
    0:00:21   41072.7      2.03       6.2      77.3                          
    0:00:21   41088.0      1.97       5.1      76.9                          
    0:00:21   41202.2      1.84       5.0      75.6                          
    0:00:22   41231.6      1.74       4.9      75.6                          
    0:00:22   41202.2      1.66       4.8      75.6                          
    0:00:22   41275.1      1.62       4.5      76.6                          
    0:00:22   41275.1      1.53       4.2      76.4                          
    0:00:22   41292.8      1.44       3.9      75.4                          
    0:00:22   41396.3      1.41       3.2      70.5                          



  Beginning Delay Optimization Phase
  ----------------------------------

                                  TOTAL                                      
   ELAPSED            WORST NEG   SETUP    DESIGN                            
    TIME      AREA      SLACK     COST    RULE COST         ENDPOINT         
  --------- --------- --------- --------- --------- -------------------------
    0:00:22   41396.3      1.41       3.2      70.5                          
    0:00:23   41425.7      1.41       3.1      70.5 ALU_UNIT/ALU_OUT_reg[0]/D
    0:00:23   41544.6      0.72       0.7      64.3 ALU_UNIT/ALU_OUT_reg[0]/D
    0:00:23   41565.8      0.63       0.6      63.9 ALU_UNIT/ALU_OUT_reg[0]/D
    0:00:23   41604.6      0.55       0.6      63.6 ALU_UNIT/ALU_OUT_reg[0]/D
    0:00:24   41611.6      0.46       0.5      62.8 ALU_UNIT/ALU_OUT_reg[0]/D
    0:00:24   41628.1      0.43       0.4      62.8 ALU_UNIT/ALU_OUT_reg[0]/D
    0:00:24   41641.1      0.38       0.4      62.8 ALU_UNIT/ALU_OUT_reg[0]/D
    0:00:24   41604.6      0.36       0.4      65.3 ALU_UNIT/ALU_OUT_reg[0]/D
    0:00:25   41637.5      0.32       0.3      65.9 ALU_UNIT/ALU_OUT_reg[0]/D
    0:00:25   41656.4      0.31       0.3      65.9 ALU_UNIT/ALU_OUT_reg[0]/D
    0:00:25   41734.0      0.29       0.3      68.5 ALU_UNIT/ALU_OUT_reg[0]/D
    0:00:25   41714.0      0.28       0.3      68.5 ALU_UNIT/ALU_OUT_reg[0]/D
    0:00:25   41704.6      0.25       0.2      68.5 ALU_UNIT/ALU_OUT_reg[0]/D
    0:00:26   41729.3      0.18       0.2      68.5 ALU_UNIT/ALU_OUT_reg[0]/D
    0:00:26   41728.1      0.18       0.2      68.5 ALU_UNIT/ALU_OUT_reg[0]/D
    0:00:26   41762.3      0.17       0.2      70.7 ALU_UNIT/ALU_OUT_reg[0]/D
    0:00:26   41761.1      0.16       0.2      70.6 ALU_UNIT/ALU_OUT_reg[0]/D
    0:00:27   41797.6      0.15       0.2      70.6 ALU_UNIT/ALU_OUT_reg[0]/D
    0:00:27   41790.5      0.15       0.2      70.6 ALU_UNIT/ALU_OUT_reg[0]/D
    0:00:28   41817.6      0.12       0.1      70.6 ALU_UNIT/ALU_OUT_reg[0]/D
    0:00:28   41822.3      0.12       0.1      70.6 ALU_UNIT/ALU_OUT_reg[0]/D
    0:00:28   41829.3      0.11       0.1      69.6 ALU_UNIT/ALU_OUT_reg[0]/D
    0:00:29   41827.0      0.10       0.1      69.6 ALU_UNIT/ALU_OUT_reg[0]/D
    0:00:29   41825.8      0.10       0.1      69.6 ALU_UNIT/ALU_OUT_reg[0]/D
    0:00:29   41851.7      0.07       0.1      69.6 ALU_UNIT/ALU_OUT_reg[0]/D
    0:00:29   41849.3      0.07       0.1      69.6 ALU_UNIT/ALU_OUT_reg[0]/D
    0:00:30   41852.9      0.07       0.1      69.6 ALU_UNIT/ALU_OUT_reg[0]/D
    0:00:30   41832.9      0.06       0.1      69.6 ALU_UNIT/ALU_OUT_reg[0]/D
    0:00:30   41788.1      0.05       0.0      69.5 ALU_UNIT/ALU_OUT_reg[0]/D
    0:00:30   41779.9      0.04       0.0      69.5 ALU_UNIT/ALU_OUT_reg[0]/D
    0:00:30   41784.6      0.04       0.0      69.5 ALU_UNIT/ALU_OUT_reg[0]/D
    0:00:30   41783.4      0.04       0.0      69.5 ALU_UNIT/ALU_OUT_reg[0]/D
    0:00:30   41795.2      0.00       0.0      69.0                          
    0:00:31   41671.7      0.00       0.0      94.5                          
    0:00:31   41642.2      0.00       0.0     102.7                          


  Beginning Design Rule Fixing  (max_transition)  (max_capacitance)
  ----------------------------

                                  TOTAL                                      
   ELAPSED            WORST NEG   SETUP    DESIGN                            
    TIME      AREA      SLACK     COST    RULE COST         ENDPOINT         
  --------- --------- --------- --------- --------- -------------------------
    0:00:31   41642.2      0.00       0.0     102.7                          
    0:00:32   41763.4      0.00       0.0      53.0 UART_UNIT/UART_RX_UNIT/u_edge_bit_counter/n15
    0:00:32   41741.1      0.00       0.0      35.3 TX_CLK_GEN/cnt_odd_pos[5]
    0:00:33   41804.6      0.00       0.0      10.9 RX_CLK_GEN/n16           
    0:00:33   41861.1      0.00       0.0       0.9 ALU_UNIT/div_58/n54      
    0:00:33   41851.7      0.00       0.0       0.0                          


  Beginning Area-Recovery Phase  (cleanup)
  -----------------------------

                                  TOTAL                                      
   ELAPSED            WORST NEG   SETUP    DESIGN                            
    TIME      AREA      SLACK     COST    RULE COST         ENDPOINT         
  --------- --------- --------- --------- --------- -------------------------
    0:00:33   41851.7      0.00       0.0       0.0                          
    0:00:33   41851.7      0.00       0.0       0.0                          
    0:00:33   40936.2      0.85       0.8       0.0                          
    0:00:34   40676.2      0.41       0.4       0.0                          
    0:00:34   40499.7      0.38       0.4       0.0                          
    0:00:34   40411.4      0.38       0.4       0.0                          
    0:00:34   40382.0      0.38       0.4       0.0                          
    0:00:34   40339.6      0.40       0.4       0.0                          
    0:00:34   40294.9      0.42       0.4       0.0                          
    0:00:34   40273.7      0.42       0.4       0.0                          
    0:00:34   40259.6      0.42       0.4       0.0                          
    0:00:34   40245.5      0.42       0.4       0.0                          
    0:00:34   40230.2      0.42       0.4       0.0                          
    0:00:34   40216.1      0.42       0.4       0.0                          
    0:00:34   40202.0      0.42       0.4       0.0                          
    0:00:34   40187.8      0.42       0.4       0.0                          
    0:00:34   40187.8      0.42       0.4       0.0                          
    0:00:34   40283.1      0.24       0.2       0.0 ALU_UNIT/ALU_OUT_reg[0]/D
    0:00:35   40344.3      0.12       0.1       0.0 ALU_UNIT/ALU_OUT_reg[0]/D
    0:00:35   40339.6      0.12       0.1       0.0 ALU_UNIT/ALU_OUT_reg[0]/D
    0:00:35   40343.2      0.12       0.1       0.0 ALU_UNIT/ALU_OUT_reg[0]/D
    0:00:36   40419.6      0.09       0.1       0.0 ALU_UNIT/ALU_OUT_reg[0]/D
    0:00:36   40535.0      0.00       0.0       0.0                          
    0:00:36   39679.5      3.06       5.2       0.0                          
    0:00:36   39510.1      3.09       5.2       0.0                          
    0:00:36   39473.6      3.07       5.1       0.0                          
    0:00:36   39473.6      3.07       5.1       0.0                          
    0:00:36   39473.6      3.07       5.1       0.0                          
    0:00:36   39473.6      3.07       5.1       0.0                          
    0:00:36   39473.6      3.07       5.1       0.0                          
    0:00:36   39473.6      3.07       5.1       0.0                          
    0:00:37   39820.7      0.83       1.0       0.0 ALU_UNIT/ALU_OUT_reg[0]/D
    0:00:37   39993.7      0.34       0.5       0.0 ALU_UNIT/ALU_OUT_reg[0]/D
    0:00:37   40083.1      0.01       0.0       0.0 ALU_UNIT/ALU_OUT_reg[0]/D
    0:00:38   40061.9      0.00       0.0       0.0                          
Loading db file '/home/ICer/Assignments/FINAL_SYSTEM/std_cells/scmetro_tsmc_cl013g_rvt_ss_1p08v_125c.db'


Note: Symbol # after min delay cost means estimated hold TNS across all active scenarios 


  Optimization Complete
  ---------------------
1
################################################################### 
# Setting Test Timing Variables
################################################################### 
# Preclock Measure Protocol (default protocol)
set test_default_period 100
100
set test_default_delay 0
0
set test_default_bidir_delay 0
0
set test_default_strobe 20
20
set test_default_strobe_width 0
0
########################## Define DFT Signals ##########################
set_dft_signal -port [get_ports scan_clk]  -type ScanClock   -view existing_dft  -timing {30 60}
Accepted dft signal specification for modes: all_dft
1
set_dft_signal -port [get_ports scan_rst]  -type Reset       -view existing_dft  -active_state 0
Accepted dft signal specification for modes: all_dft
1
set_dft_signal -port [get_ports test_mode] -type Constant    -view existing_dft  -active_state 1 
Accepted dft signal specification for modes: all_dft
1
set_dft_signal -port [get_ports test_mode] -type TestMode    -view spec          -active_state 1 
Accepted dft signal specification for modes: all_dft
1
set_dft_signal -port [get_ports SE]        -type ScanEnable  -view spec          -active_state 1   -usage scan
Accepted dft signal specification for modes: all_dft
1
set_dft_signal -port [get_ports SI]        -type ScanDataIn  -view spec 
Accepted dft signal specification for modes: all_dft
1
set_dft_signal -port [get_ports SO]        -type ScanDataOut -view spec  
Accepted dft signal specification for modes: all_dft
1
############################# Create Test Protocol #######################
create_test_protocol
In mode: all_dft...

Information: Starting test protocol creation. (TEST-219)
  ...reading user specified clock signals...
Information: Identified system/test clock port scan_clk (30.0,60.0). (TEST-265)
  ...reading user specified asynchronous signals...
Information: Identified active low asynchronous control port scan_rst. (TEST-266)
1
###################### Pre-DFT Design Rule Checking #######################
dft_drc -verbose
In mode: all_dft...
  Pre-DFT DRC enabled

Information: Starting test design rule checking. (TEST-222)
  Loading test protocol
  ...basic checks...
  ...basic sequential cell checks...
  	...checking for scan equivalents...
  ...checking vector rules...
  ...checking pre-dft rules...

-----------------------------------------------------------------
Begin Other violations...

Warning: Cell CLK_GATE_UNIT/U0 has constant 1 value. (TEST-505)

Other violations completed...
-----------------------------------------------------------------

-----------------------------------------------------------------
  DRC Report

  Total violations: 1

-----------------------------------------------------------------

1 OTHER VIOLATION
     1 Cell is constant 1 violation (TEST-505)


Warning: Violations occurred during test design rule checking. (TEST-124)

-----------------------------------------------------------------
  Sequential Cell Report

  1 out of 391 sequential cells have violations

-----------------------------------------------------------------

SEQUENTIAL CELLS WITH VIOLATIONS
      *   1 cell has constant 1 value
         CLK_GATE_UNIT/U0
SEQUENTIAL CELLS WITHOUT VIOLATIONS
      * 390 cells are valid scan cells
         RST_SYNC_1/STAGES_REG_reg[1]
         RST_SYNC_1/STAGES_REG_reg[0]
         RST_SYNC_2/STAGES_REG_reg[1]
         RST_SYNC_2/STAGES_REG_reg[0]
         RX_CLK_GEN/even_r_reg
         RX_CLK_GEN/even_clk_reg
         RX_CLK_GEN/cnt_odd_neg_reg[1]
         RX_CLK_GEN/cnt_odd_pos_reg[1]
         RX_CLK_GEN/cnt_odd_pos_reg[0]
         RX_CLK_GEN/cnt_even_reg[2]
         RX_CLK_GEN/cnt_even_reg[1]
         RX_CLK_GEN/cnt_odd_pos_reg[3]
         RX_CLK_GEN/cnt_even_reg[0]
         RX_CLK_GEN/outA_r_reg
         RX_CLK_GEN/cnt_even_reg[3]
         RX_CLK_GEN/outB_r_reg
         RX_CLK_GEN/cnt_odd_neg_reg[0]
         RX_CLK_GEN/cnt_odd_pos_reg[2]
         RX_CLK_GEN/cnt_odd_neg_reg[3]
         RX_CLK_GEN/cnt_odd_neg_reg[2]
         TX_CLK_GEN/outB_r_reg
         TX_CLK_GEN/even_r_reg
         TX_CLK_GEN/even_clk_reg
         TX_CLK_GEN/outA_r_reg
         TX_CLK_GEN/cnt_odd_neg_reg[5]
         TX_CLK_GEN/cnt_odd_neg_reg[6]
         TX_CLK_GEN/cnt_odd_neg_reg[0]
         TX_CLK_GEN/cnt_even_reg[6]
         TX_CLK_GEN/cnt_even_reg[7]
         TX_CLK_GEN/cnt_odd_pos_reg[3]
         TX_CLK_GEN/cnt_even_reg[0]
         TX_CLK_GEN/cnt_even_reg[3]
         TX_CLK_GEN/cnt_odd_pos_reg[1]
         TX_CLK_GEN/cnt_even_reg[5]
         TX_CLK_GEN/cnt_odd_pos_reg[7]
         TX_CLK_GEN/cnt_odd_pos_reg[2]
         TX_CLK_GEN/cnt_odd_neg_reg[3]
         TX_CLK_GEN/cnt_odd_pos_reg[4]
         TX_CLK_GEN/cnt_odd_neg_reg[7]
         TX_CLK_GEN/cnt_odd_pos_reg[5]
         TX_CLK_GEN/cnt_odd_pos_reg[0]
         TX_CLK_GEN/cnt_even_reg[2]
         TX_CLK_GEN/cnt_even_reg[4]
         TX_CLK_GEN/cnt_odd_pos_reg[6]
         TX_CLK_GEN/cnt_even_reg[1]
         TX_CLK_GEN/cnt_odd_neg_reg[4]
         TX_CLK_GEN/cnt_odd_neg_reg[2]
         TX_CLK_GEN/cnt_odd_neg_reg[1]
         RD_INC_UNIT/LVL_SIG_reg_reg
         DATA_SYNC_UNIT/pulse_gen_reg_reg
         DATA_SYNC_UNIT/enable_reg_reg[1]
         DATA_SYNC_UNIT/enable_reg_reg[0]
         DATA_SYNC_UNIT/sync_bus_reg[2]
         DATA_SYNC_UNIT/sync_bus_reg[3]
         DATA_SYNC_UNIT/enable_pulse_reg
         DATA_SYNC_UNIT/sync_bus_reg[1]
         DATA_SYNC_UNIT/sync_bus_reg[6]
         DATA_SYNC_UNIT/sync_bus_reg[7]
         DATA_SYNC_UNIT/sync_bus_reg[4]
         DATA_SYNC_UNIT/sync_bus_reg[5]
         DATA_SYNC_UNIT/sync_bus_reg[0]
         ALU_UNIT/ALU_OUT_reg[15]
         ALU_UNIT/ALU_OUT_reg[5]
         ALU_UNIT/ALU_OUT_reg[4]
         ALU_UNIT/ALU_OUT_reg[3]
         ALU_UNIT/ALU_OUT_reg[2]
         ALU_UNIT/ALU_OUT_reg[1]
         ALU_UNIT/ALU_OUT_reg[14]
         ALU_UNIT/ALU_OUT_reg[13]
         ALU_UNIT/ALU_OUT_reg[12]
         ALU_UNIT/ALU_OUT_reg[11]
         ALU_UNIT/ALU_OUT_reg[10]
         ALU_UNIT/ALU_OUT_reg[9]
         ALU_UNIT/ALU_OUT_reg[8]
         ALU_UNIT/ALU_OUT_reg[6]
         ALU_UNIT/ALU_OUT_reg[7]
         ALU_UNIT/OUT_VALID_reg
         ALU_UNIT/ALU_OUT_reg[0]
         REG_FILE_UNIT/regfile_reg[11][7]
         REG_FILE_UNIT/regfile_reg[11][6]
         REG_FILE_UNIT/regfile_reg[11][5]
         REG_FILE_UNIT/regfile_reg[11][4]
         REG_FILE_UNIT/regfile_reg[11][3]
         REG_FILE_UNIT/regfile_reg[11][2]
         REG_FILE_UNIT/regfile_reg[11][1]
         REG_FILE_UNIT/regfile_reg[11][0]
         REG_FILE_UNIT/regfile_reg[15][6]
         REG_FILE_UNIT/regfile_reg[15][5]
         REG_FILE_UNIT/regfile_reg[15][4]
         REG_FILE_UNIT/regfile_reg[15][3]
         REG_FILE_UNIT/regfile_reg[15][2]
         REG_FILE_UNIT/regfile_reg[15][1]
         REG_FILE_UNIT/regfile_reg[15][0]
         REG_FILE_UNIT/regfile_reg[10][7]
         REG_FILE_UNIT/regfile_reg[10][6]
         REG_FILE_UNIT/regfile_reg[10][5]
         REG_FILE_UNIT/regfile_reg[10][4]
         REG_FILE_UNIT/regfile_reg[10][3]
         REG_FILE_UNIT/regfile_reg[10][2]
         REG_FILE_UNIT/regfile_reg[10][1]
         REG_FILE_UNIT/regfile_reg[10][0]
         REG_FILE_UNIT/regfile_reg[14][7]
         REG_FILE_UNIT/regfile_reg[14][6]
         REG_FILE_UNIT/regfile_reg[14][5]
         REG_FILE_UNIT/regfile_reg[14][4]
         REG_FILE_UNIT/regfile_reg[14][3]
         REG_FILE_UNIT/regfile_reg[14][2]
         REG_FILE_UNIT/regfile_reg[14][1]
         REG_FILE_UNIT/regfile_reg[14][0]
         REG_FILE_UNIT/regfile_reg[5][6]
         REG_FILE_UNIT/regfile_reg[5][5]
         REG_FILE_UNIT/regfile_reg[5][4]
         REG_FILE_UNIT/regfile_reg[5][2]
         REG_FILE_UNIT/regfile_reg[5][1]
         REG_FILE_UNIT/regfile_reg[4][7]
         REG_FILE_UNIT/regfile_reg[4][6]
         REG_FILE_UNIT/regfile_reg[4][5]
         REG_FILE_UNIT/regfile_reg[4][4]
         REG_FILE_UNIT/regfile_reg[4][3]
         REG_FILE_UNIT/regfile_reg[4][2]
         REG_FILE_UNIT/regfile_reg[4][1]
         REG_FILE_UNIT/regfile_reg[4][0]
         REG_FILE_UNIT/regfile_reg[5][7]
         REG_FILE_UNIT/regfile_reg[5][3]
         REG_FILE_UNIT/regfile_reg[5][0]
         REG_FILE_UNIT/regfile_reg[15][7]
         REG_FILE_UNIT/regfile_reg[9][6]
         REG_FILE_UNIT/regfile_reg[9][5]
         REG_FILE_UNIT/regfile_reg[9][4]
         REG_FILE_UNIT/regfile_reg[9][2]
         REG_FILE_UNIT/regfile_reg[9][1]
         REG_FILE_UNIT/regfile_reg[8][7]
         REG_FILE_UNIT/regfile_reg[8][6]
         REG_FILE_UNIT/regfile_reg[8][5]
         REG_FILE_UNIT/regfile_reg[8][4]
         REG_FILE_UNIT/regfile_reg[8][3]
         REG_FILE_UNIT/regfile_reg[8][2]
         REG_FILE_UNIT/regfile_reg[8][1]
         REG_FILE_UNIT/regfile_reg[8][0]
         REG_FILE_UNIT/regfile_reg[9][7]
         REG_FILE_UNIT/regfile_reg[9][3]
         REG_FILE_UNIT/regfile_reg[9][0]
         REG_FILE_UNIT/regfile_reg[13][6]
         REG_FILE_UNIT/regfile_reg[13][5]
         REG_FILE_UNIT/regfile_reg[13][4]
         REG_FILE_UNIT/regfile_reg[13][2]
         REG_FILE_UNIT/regfile_reg[13][1]
         REG_FILE_UNIT/regfile_reg[12][7]
         REG_FILE_UNIT/regfile_reg[12][6]
         REG_FILE_UNIT/regfile_reg[12][5]
         REG_FILE_UNIT/regfile_reg[12][4]
         REG_FILE_UNIT/regfile_reg[12][3]
         REG_FILE_UNIT/regfile_reg[12][2]
         REG_FILE_UNIT/regfile_reg[12][1]
         REG_FILE_UNIT/regfile_reg[12][0]
         REG_FILE_UNIT/regfile_reg[13][7]
         REG_FILE_UNIT/regfile_reg[13][3]
         REG_FILE_UNIT/regfile_reg[13][0]
         REG_FILE_UNIT/regfile_reg[7][7]
         REG_FILE_UNIT/regfile_reg[7][6]
         REG_FILE_UNIT/regfile_reg[7][5]
         REG_FILE_UNIT/regfile_reg[7][4]
         REG_FILE_UNIT/regfile_reg[7][3]
         REG_FILE_UNIT/regfile_reg[7][1]
         REG_FILE_UNIT/regfile_reg[7][0]
         REG_FILE_UNIT/regfile_reg[6][7]
         REG_FILE_UNIT/regfile_reg[6][6]
         REG_FILE_UNIT/regfile_reg[6][5]
         REG_FILE_UNIT/regfile_reg[6][4]
         REG_FILE_UNIT/regfile_reg[6][3]
         REG_FILE_UNIT/regfile_reg[6][2]
         REG_FILE_UNIT/regfile_reg[6][1]
         REG_FILE_UNIT/regfile_reg[6][0]
         REG_FILE_UNIT/RdData_reg[7]
         REG_FILE_UNIT/RdData_reg[6]
         REG_FILE_UNIT/RdData_reg[5]
         REG_FILE_UNIT/RdData_reg[4]
         REG_FILE_UNIT/RdData_reg[3]
         REG_FILE_UNIT/RdData_reg[2]
         REG_FILE_UNIT/RdData_reg[1]
         REG_FILE_UNIT/RdData_reg[0]
         REG_FILE_UNIT/regfile_reg[7][2]
         REG_FILE_UNIT/regfile_reg[2][5]
         REG_FILE_UNIT/regfile_reg[2][4]
         REG_FILE_UNIT/regfile_reg[2][6]
         REG_FILE_UNIT/regfile_reg[2][2]
         REG_FILE_UNIT/regfile_reg[2][3]
         REG_FILE_UNIT/regfile_reg[0][0]
         REG_FILE_UNIT/regfile_reg[0][2]
         REG_FILE_UNIT/regfile_reg[1][1]
         REG_FILE_UNIT/regfile_reg[0][6]
         REG_FILE_UNIT/regfile_reg[0][4]
         REG_FILE_UNIT/regfile_reg[0][5]
         REG_FILE_UNIT/regfile_reg[3][6]
         REG_FILE_UNIT/regfile_reg[3][7]
         REG_FILE_UNIT/regfile_reg[2][1]
         REG_FILE_UNIT/RdData_Valid_reg
         REG_FILE_UNIT/regfile_reg[3][0]
         REG_FILE_UNIT/regfile_reg[1][5]
         REG_FILE_UNIT/regfile_reg[1][6]
         REG_FILE_UNIT/regfile_reg[3][5]
         REG_FILE_UNIT/regfile_reg[2][7]
         REG_FILE_UNIT/regfile_reg[2][0]
         REG_FILE_UNIT/regfile_reg[3][2]
         REG_FILE_UNIT/regfile_reg[3][1]
         REG_FILE_UNIT/regfile_reg[3][4]
         REG_FILE_UNIT/regfile_reg[3][3]
         REG_FILE_UNIT/regfile_reg[1][2]
         REG_FILE_UNIT/regfile_reg[0][3]
         REG_FILE_UNIT/regfile_reg[1][3]
         REG_FILE_UNIT/regfile_reg[0][1]
         REG_FILE_UNIT/regfile_reg[1][4]
         REG_FILE_UNIT/regfile_reg[0][7]
         REG_FILE_UNIT/regfile_reg[1][0]
         REG_FILE_UNIT/regfile_reg[1][7]
         SYS_CTRL_UNIT/ALU_OUT_STORED_reg[8]
         SYS_CTRL_UNIT/ALU_OUT_STORED_reg[9]
         SYS_CTRL_UNIT/ALU_OUT_STORED_reg[10]
         SYS_CTRL_UNIT/ALU_OUT_STORED_reg[11]
         SYS_CTRL_UNIT/ALU_OUT_STORED_reg[12]
         SYS_CTRL_UNIT/ALU_OUT_STORED_reg[13]
         SYS_CTRL_UNIT/ALU_OUT_STORED_reg[14]
         SYS_CTRL_UNIT/ALU_OUT_STORED_reg[15]
         SYS_CTRL_UNIT/ALU_OUT_STORED_reg[0]
         SYS_CTRL_UNIT/ALU_OUT_STORED_reg[2]
         SYS_CTRL_UNIT/ALU_OUT_STORED_reg[3]
         SYS_CTRL_UNIT/ALU_OUT_STORED_reg[4]
         SYS_CTRL_UNIT/ALU_OUT_STORED_reg[5]
         SYS_CTRL_UNIT/ALU_OUT_STORED_reg[6]
         SYS_CTRL_UNIT/ALU_OUT_STORED_reg[1]
         SYS_CTRL_UNIT/ALU_OUT_STORED_reg[7]
         SYS_CTRL_UNIT/Address_STORED_reg[1]
         SYS_CTRL_UNIT/Address_STORED_reg[2]
         SYS_CTRL_UNIT/Address_STORED_reg[3]
         SYS_CTRL_UNIT/Address_STORED_reg[0]
         SYS_CTRL_UNIT/Current_State_reg[3]
         SYS_CTRL_UNIT/Current_State_reg[0]
         SYS_CTRL_UNIT/Current_State_reg[2]
         SYS_CTRL_UNIT/Current_State_reg[1]
         FIFO_UNIT/sync_r2w/wq1_rptr_reg[3]
         FIFO_UNIT/sync_r2w/wq1_rptr_reg[2]
         FIFO_UNIT/sync_r2w/wq1_rptr_reg[1]
         FIFO_UNIT/sync_r2w/wq1_rptr_reg[0]
         FIFO_UNIT/sync_r2w/wq2_rptr_reg[1]
         FIFO_UNIT/sync_r2w/wq2_rptr_reg[0]
         FIFO_UNIT/sync_r2w/wq2_rptr_reg[2]
         FIFO_UNIT/sync_r2w/wq2_rptr_reg[3]
         FIFO_UNIT/sync_w2r/rq1_wptr_reg[3]
         FIFO_UNIT/sync_w2r/rq1_wptr_reg[2]
         FIFO_UNIT/sync_w2r/rq1_wptr_reg[1]
         FIFO_UNIT/sync_w2r/rq1_wptr_reg[0]
         FIFO_UNIT/sync_w2r/rq2_wptr_reg[1]
         FIFO_UNIT/sync_w2r/rq2_wptr_reg[0]
         FIFO_UNIT/sync_w2r/rq2_wptr_reg[3]
         FIFO_UNIT/sync_w2r/rq2_wptr_reg[2]
         FIFO_UNIT/fifomem/mem_reg[5][7]
         FIFO_UNIT/fifomem/mem_reg[5][6]
         FIFO_UNIT/fifomem/mem_reg[5][5]
         FIFO_UNIT/fifomem/mem_reg[5][4]
         FIFO_UNIT/fifomem/mem_reg[5][3]
         FIFO_UNIT/fifomem/mem_reg[5][2]
         FIFO_UNIT/fifomem/mem_reg[5][1]
         FIFO_UNIT/fifomem/mem_reg[5][0]
         FIFO_UNIT/fifomem/mem_reg[4][7]
         FIFO_UNIT/fifomem/mem_reg[4][6]
         FIFO_UNIT/fifomem/mem_reg[4][5]
         FIFO_UNIT/fifomem/mem_reg[4][4]
         FIFO_UNIT/fifomem/mem_reg[4][3]
         FIFO_UNIT/fifomem/mem_reg[4][2]
         FIFO_UNIT/fifomem/mem_reg[4][1]
         FIFO_UNIT/fifomem/mem_reg[4][0]
         FIFO_UNIT/fifomem/mem_reg[7][6]
         FIFO_UNIT/fifomem/mem_reg[7][5]
         FIFO_UNIT/fifomem/mem_reg[7][4]
         FIFO_UNIT/fifomem/mem_reg[7][3]
         FIFO_UNIT/fifomem/mem_reg[7][2]
         FIFO_UNIT/fifomem/mem_reg[7][1]
         FIFO_UNIT/fifomem/mem_reg[7][0]
         FIFO_UNIT/fifomem/mem_reg[6][7]
         FIFO_UNIT/fifomem/mem_reg[6][6]
         FIFO_UNIT/fifomem/mem_reg[6][5]
         FIFO_UNIT/fifomem/mem_reg[6][4]
         FIFO_UNIT/fifomem/mem_reg[6][3]
         FIFO_UNIT/fifomem/mem_reg[6][2]
         FIFO_UNIT/fifomem/mem_reg[6][1]
         FIFO_UNIT/fifomem/mem_reg[6][0]
         FIFO_UNIT/fifomem/mem_reg[7][7]
         FIFO_UNIT/fifomem/mem_reg[3][7]
         FIFO_UNIT/fifomem/mem_reg[2][7]
         FIFO_UNIT/fifomem/mem_reg[2][6]
         FIFO_UNIT/fifomem/mem_reg[2][5]
         FIFO_UNIT/fifomem/mem_reg[2][4]
         FIFO_UNIT/fifomem/mem_reg[2][3]
         FIFO_UNIT/fifomem/mem_reg[2][2]
         FIFO_UNIT/fifomem/mem_reg[2][1]
         FIFO_UNIT/fifomem/mem_reg[2][0]
         FIFO_UNIT/fifomem/mem_reg[3][6]
         FIFO_UNIT/fifomem/mem_reg[3][5]
         FIFO_UNIT/fifomem/mem_reg[3][4]
         FIFO_UNIT/fifomem/mem_reg[3][3]
         FIFO_UNIT/fifomem/mem_reg[3][2]
         FIFO_UNIT/fifomem/mem_reg[3][1]
         FIFO_UNIT/fifomem/mem_reg[3][0]
         FIFO_UNIT/fifomem/mem_reg[1][7]
         FIFO_UNIT/fifomem/mem_reg[0][7]
         FIFO_UNIT/fifomem/mem_reg[1][6]
         FIFO_UNIT/fifomem/mem_reg[1][5]
         FIFO_UNIT/fifomem/mem_reg[1][4]
         FIFO_UNIT/fifomem/mem_reg[1][3]
         FIFO_UNIT/fifomem/mem_reg[1][2]
         FIFO_UNIT/fifomem/mem_reg[1][1]
         FIFO_UNIT/fifomem/mem_reg[1][0]
         FIFO_UNIT/fifomem/mem_reg[0][6]
         FIFO_UNIT/fifomem/mem_reg[0][5]
         FIFO_UNIT/fifomem/mem_reg[0][4]
         FIFO_UNIT/fifomem/mem_reg[0][3]
         FIFO_UNIT/fifomem/mem_reg[0][2]
         FIFO_UNIT/fifomem/mem_reg[0][1]
         FIFO_UNIT/fifomem/mem_reg[0][0]
         FIFO_UNIT/rptr_empty/rptr_reg[3]
         FIFO_UNIT/rptr_empty/rptr_reg[2]
         FIFO_UNIT/rptr_empty/rptr_reg[1]
         FIFO_UNIT/rptr_empty/rptr_reg[0]
         FIFO_UNIT/rptr_empty/rbin_reg[3]
         FIFO_UNIT/rptr_empty/rempty_reg
         FIFO_UNIT/rptr_empty/rbin_reg[0]
         FIFO_UNIT/rptr_empty/rbin_reg[2]
         FIFO_UNIT/rptr_empty/rbin_reg[1]
         FIFO_UNIT/wptr_full/wptr_reg[3]
         FIFO_UNIT/wptr_full/wptr_reg[2]
         FIFO_UNIT/wptr_full/wptr_reg[1]
         FIFO_UNIT/wptr_full/wptr_reg[0]
         FIFO_UNIT/wptr_full/wbin_reg[3]
         FIFO_UNIT/wptr_full/wfull_reg
         FIFO_UNIT/wptr_full/wbin_reg[2]
         FIFO_UNIT/wptr_full/wbin_reg[1]
         FIFO_UNIT/wptr_full/wbin_reg[0]
         UART_UNIT/UART_TX_UNIT/u_fsm/Current_State_reg[2]
         UART_UNIT/UART_TX_UNIT/u_fsm/Current_State_reg[1]
         UART_UNIT/UART_TX_UNIT/u_fsm/Current_State_reg[0]
         UART_UNIT/UART_TX_UNIT/u_fsm/busy_reg
         UART_UNIT/UART_TX_UNIT/u_serializer/DATA_V_reg[7]
         UART_UNIT/UART_TX_UNIT/u_serializer/DATA_V_reg[6]
         UART_UNIT/UART_TX_UNIT/u_serializer/DATA_V_reg[5]
         UART_UNIT/UART_TX_UNIT/u_serializer/DATA_V_reg[4]
         UART_UNIT/UART_TX_UNIT/u_serializer/DATA_V_reg[3]
         UART_UNIT/UART_TX_UNIT/u_serializer/DATA_V_reg[2]
         UART_UNIT/UART_TX_UNIT/u_serializer/DATA_V_reg[1]
         UART_UNIT/UART_TX_UNIT/u_serializer/ser_count_reg[0]
         UART_UNIT/UART_TX_UNIT/u_serializer/ser_count_reg[1]
         UART_UNIT/UART_TX_UNIT/u_serializer/ser_count_reg[2]
         UART_UNIT/UART_TX_UNIT/u_serializer/DATA_V_reg[0]
         UART_UNIT/UART_TX_UNIT/u_parity/DATA_V_reg[5]
         UART_UNIT/UART_TX_UNIT/u_parity/DATA_V_reg[1]
         UART_UNIT/UART_TX_UNIT/u_parity/DATA_V_reg[4]
         UART_UNIT/UART_TX_UNIT/u_parity/DATA_V_reg[0]
         UART_UNIT/UART_TX_UNIT/u_parity/DATA_V_reg[3]
         UART_UNIT/UART_TX_UNIT/u_parity/DATA_V_reg[2]
         UART_UNIT/UART_TX_UNIT/u_parity/DATA_V_reg[6]
         UART_UNIT/UART_TX_UNIT/u_parity/DATA_V_reg[7]
         UART_UNIT/UART_TX_UNIT/u_parity/par_bit_reg
         UART_UNIT/UART_RX_UNIT/u_FSM_RX/Data_Valid_reg
         UART_UNIT/UART_RX_UNIT/u_FSM_RX/Current_State_reg[0]
         UART_UNIT/UART_RX_UNIT/u_FSM_RX/Current_State_reg[2]
         UART_UNIT/UART_RX_UNIT/u_FSM_RX/Current_State_reg[1]
         UART_UNIT/UART_RX_UNIT/u_edge_bit_counter/edge_cnt_reg[5]
         UART_UNIT/UART_RX_UNIT/u_edge_bit_counter/edge_cnt_reg[4]
         UART_UNIT/UART_RX_UNIT/u_edge_bit_counter/edge_cnt_reg[3]
         UART_UNIT/UART_RX_UNIT/u_edge_bit_counter/edge_cnt_reg[2]
         UART_UNIT/UART_RX_UNIT/u_edge_bit_counter/edge_cnt_reg[1]
         UART_UNIT/UART_RX_UNIT/u_edge_bit_counter/bit_cnt_reg[0]
         UART_UNIT/UART_RX_UNIT/u_edge_bit_counter/bit_cnt_reg[2]
         UART_UNIT/UART_RX_UNIT/u_edge_bit_counter/bit_cnt_reg[3]
         UART_UNIT/UART_RX_UNIT/u_edge_bit_counter/edge_cnt_reg[0]
         UART_UNIT/UART_RX_UNIT/u_edge_bit_counter/bit_cnt_reg[1]
         UART_UNIT/UART_RX_UNIT/u_Data_Sampling/Data_Sampled_reg_reg[2]
         UART_UNIT/UART_RX_UNIT/u_Data_Sampling/Data_Sampled_reg_reg[0]
         UART_UNIT/UART_RX_UNIT/u_Data_Sampling/Data_Sampled_reg_reg[1]
         UART_UNIT/UART_RX_UNIT/u_Data_Sampling/sampled_bit_reg
         UART_UNIT/UART_RX_UNIT/u_deserializer/P_DATA_reg[0]
         UART_UNIT/UART_RX_UNIT/u_deserializer/P_DATA_reg[7]
         UART_UNIT/UART_RX_UNIT/u_deserializer/P_DATA_reg[5]
         UART_UNIT/UART_RX_UNIT/u_deserializer/P_DATA_reg[2]
         UART_UNIT/UART_RX_UNIT/u_deserializer/P_DATA_reg[6]
         UART_UNIT/UART_RX_UNIT/u_deserializer/P_DATA_reg[1]
         UART_UNIT/UART_RX_UNIT/u_deserializer/P_DATA_reg[3]
         UART_UNIT/UART_RX_UNIT/u_deserializer/P_DATA_reg[4]
         UART_UNIT/UART_RX_UNIT/u_Start_Check/strt_glitch_reg
         UART_UNIT/UART_RX_UNIT/u_Parity_Check/par_err_reg
         UART_UNIT/UART_RX_UNIT/u_Stop_Check/stp_err_reg

Information: Test design rule checking completed. (TEST-123)
1
############################# Preview DFT ##############################
preview_dft -show scan_summary
  Information: Using test design rule information from previous dft_drc run.
  Architecting Scan Chains

****************************************
Preview_dft report
For    : 'Insert_dft' command
Design : SYS_TOP
Version: O-2018.06-SP1
Date   : Mon Oct  5 18:34:56 2026
****************************************

Number of chains: 4
Scan methodology: full_scan
Scan style: multiplexed_flip_flop
Clock domain: no_mix

Chain      Scan Ports (si --> so)        # of Cells   Inst/Chain               Clock (port, time, edge)
-----      ----------------------        ----------   ----------               ------------------------
S 1        SI[3] -->  SO[3]                      98   ALU_UNIT/ALU_OUT_reg[0]  (scan_clk, 30.0, rising) 
S 2        SI[2] -->  SO[2]                      98   FIFO_UNIT/rptr_empty/rptr_reg[0]
                            (scan_clk, 30.0, rising) 
S 3        SI[1] -->  SO[1]                      97   REG_FILE_UNIT/regfile_reg[7][3]
                            (scan_clk, 30.0, rising) 
S 4        SI[0] -->  SO[0]                      97   SYS_CTRL_UNIT/ALU_OUT_STORED_reg[8]
                            (scan_clk, 30.0, rising) 
1
############################# Insert DFT ##############################
insert_dft
  Information: Using test design rule information from previous dft_drc run.
  Architecting Scan Chains
  Routing Scan Chains
  Routing Global Signals
  Mapping New Logic
Resetting current test mode
  Beginning Mapping Optimizations
  -------------------------------

                                  TOTAL                                      
   ELAPSED            WORST NEG   SETUP    DESIGN                            
    TIME      AREA      SLACK     COST    RULE COST         ENDPOINT         
  --------- --------- --------- --------- --------- -------------------------


  Beginning Phase 1 Design Rule Fixing  (max_transition)  (max_capacitance)
  ------------------------------------

                                  TOTAL                                      
   ELAPSED            WORST NEG   SETUP    DESIGN                            
    TIME      AREA      SLACK     COST    RULE COST         ENDPOINT         
  --------- --------- --------- --------- --------- -------------------------
    0:00:42 1440973.6     40.97      54.8     214.1 SE                       
    0:00:42 1440973.6     40.97      54.8     214.1 SE                       
    0:00:42 1440973.6     40.97      54.8     214.1 SE                       
    0:00:42 1441547.8     13.63      13.8     233.3 net19877                 
    0:00:42 1441547.8     13.63      13.8     233.3 net19877                 
    0:00:42 1441547.8     13.63      13.8     233.3 net19877                 
    0:00:42 1441697.2     13.63      13.8     224.9 net19887                 
    0:00:42 1442271.3      0.15       0.1     238.0 net19878                 
    0:00:42 1442271.3      0.15       0.1     238.0 net19878                 
    0:00:42 1442271.3      0.15       0.1     238.0 net19878                 
    0:00:42 1442420.7      0.15       0.1     231.8 net19897                 
    0:00:42 1442713.7      0.15       0.1     220.6 net19879                 
    0:00:42 1442713.7      0.15       0.1     220.6 net19879                 
    0:00:42 1442713.7      0.15       0.1     220.6 net19879                 
    0:00:42 1442713.7      0.15       0.1     220.6 net19879                 
    0:00:42 1442713.7      0.15       0.1     220.6 net19879                 
    0:00:42 1442863.1      0.15       0.1     223.5 net19906                 
    0:00:42 1442863.1      0.15       0.1     223.5 net19906                 
    0:00:42 1442863.1      0.15       0.1     223.5 net19906                 
    0:00:42 1443012.5      0.15       0.1     230.1 net19905                 
    0:00:42 1443012.5      0.15       0.1     230.1 net19905                 
    0:00:42 1443012.5      0.15       0.1     230.1 net19905                 
    0:00:42 1443161.9      0.15       0.1     228.1 net19888                 
    0:00:42 1443161.9      0.15       0.1     228.1 net19888                 
    0:00:42 1443161.9      0.15       0.1     228.1 net19888                 
    0:00:42 1443018.4      0.15       0.1     228.9 net19877                 
    0:00:42 1443018.4      0.15       0.1     228.9 net19877                 
    0:00:42 1443018.4      0.15       0.1     228.9 net19877                 
    0:00:42 1443167.8      0.15       0.1     228.8 net19878                 
    0:00:42 1443317.2      0.15       0.1     227.4 net19898                 
    0:00:42 1443317.2      0.15       0.1     227.4 net19898                 
    0:00:42 1443317.2      0.15       0.1     227.4 net19898                 
    0:00:42 1443747.8      0.15       0.1     226.1 net19875                 
    0:00:42 1443747.8      0.15       0.1     226.1 net19875                 
    0:00:42 1443747.8      0.15       0.1     226.1 net19875                 
    0:00:42 1443747.8      0.15       0.1     225.1 net19887                 
    0:00:42 1443747.8      0.15       0.1     225.1 net19887                 
    0:00:42 1443747.8      0.15       0.1     225.1 net19887                 
    0:00:42 1443747.8      0.15       0.1     224.0 net19897                 
    0:00:42 1443747.8      0.15       0.1     224.0 net19897                 
    0:00:42 1443747.8      0.15       0.1     224.0 net19897                 
    0:00:42 1443897.2      0.15       0.1     224.0 net19906                 
    0:00:42 1444046.6      0.15       0.1     224.0 net19927                 
    0:00:42 1444196.0      0.15       0.1     223.9 net19929                 
    0:00:42 1444339.6      0.15       0.1     223.9 net19876                 
    0:00:42 1444339.6      0.15       0.1     223.9 net19905                 
    0:00:42 1444339.6      0.15       0.1     223.9 net19905                 
    0:00:42 1444483.1      0.15       0.1     223.9 net19878                 
    0:00:42 1444770.2      0.15       0.1     223.9 net19888                 
    0:00:42 1445057.2      0.15       0.1     223.9 net19898                 
    0:00:42 1445206.6      0.15       0.1     224.0 net19942                 
    0:00:42 1445356.1      0.15       0.1     224.1 net19946                 
    0:00:42 1445069.0      0.15       0.1     224.0 net19885                 
    0:00:42 1445212.5      0.15       0.1     224.0 net19895                 
    0:00:42 1445212.5      0.15       0.1     224.0 net19922                 
    0:00:42 1445361.9      0.15       0.1     224.0 net19921                 
    0:00:42 1445505.5      0.15       0.1     224.0 REG_FILE_UNIT/n1         
    0:00:42 1445649.0      0.15       0.1     224.0 REG_FILE_UNIT/n132       
    0:00:42 1445792.5      0.15       0.1     224.0 REG_FILE_UNIT/n2         
    0:00:43 1445941.9      0.15       0.1     224.0 net19951                 
    0:00:43 1445792.5      0.15       0.1     165.9 net19893                 
    0:00:43 1446086.6      0.15       0.1     161.3 n13                      
    0:00:43 1446086.6      0.15       0.1     161.3 n13                      
    0:00:43 1446086.6      0.15       0.1     159.9 net19966                 
    0:00:43 1446086.6      0.15       0.1     159.9 net19966                 
    0:00:43 1446086.6      0.15       0.1     159.8 net19966                 
    0:00:43 1445937.2      0.15       0.1     115.4 net19903                 
    0:00:43 1446231.4      0.15       0.1     115.4 n13                      
    0:00:43 1446231.4      0.15       0.1     115.4 n13                      
    0:00:43 1446231.4      0.15       0.1     115.4 n13                      
    0:00:43 1446374.9      0.15       0.1     114.3 net19965                 
    0:00:43 1446518.4      0.15       0.1     114.1 net19970                 
    0:00:43 1447092.5      0.15       0.1     114.2 REG_FILE_UNIT/REG3[2]    
    0:00:43 1447092.5      0.15       0.1     114.2 REG_FILE_UNIT/REG3[2]    
    0:00:43 1447092.5      0.15       0.1     114.2 REG_FILE_UNIT/REG3[2]    
    0:00:43 1447092.5      0.15       0.1     114.2 REG_FILE_UNIT/REG3[2]    
    0:00:43 1447983.1      0.15       0.1     113.8 FIFO_UNIT/wptr_full/waddr[1]
    0:00:43 1447983.1      0.15       0.1     113.8 FIFO_UNIT/wptr_full/waddr[1]
    0:00:43 1447983.1      0.15       0.1     113.8 FIFO_UNIT/wptr_full/waddr[1]
    0:00:43 1447983.1      0.15       0.1     113.8 FIFO_UNIT/wptr_full/waddr[1]
    0:00:43 1447983.1      0.15       0.1     113.8 FIFO_UNIT/wptr_full/waddr[1]
    0:00:43 1447983.1      0.15       0.1     113.8 FIFO_UNIT/wptr_full/waddr[1]
    0:00:43 1447983.1      0.15       0.1     113.8 FIFO_UNIT/wptr_full/waddr[1]
    0:00:43 1447983.1      0.15       0.1     113.8 FIFO_UNIT/wptr_full/waddr[1]
    0:00:43 1447983.1      0.15       0.1     113.8 FIFO_UNIT/wptr_full/waddr[1]
    0:00:43 1447983.1      0.15       0.1     113.8 FIFO_UNIT/wptr_full/waddr[1]
    0:00:43 1449143.2      0.15       0.1     113.5 TX_CLK_GEN/n21           
    0:00:43 1449143.2      0.15       0.1     113.5 TX_CLK_GEN/n21           
    0:00:43 1449143.2      0.15       0.1     113.5 TX_CLK_GEN/n21           
    0:00:43 1449143.2      0.15       0.1     113.5 TX_CLK_GEN/n21           
    0:00:43 1449143.2      0.15       0.1     113.5 TX_CLK_GEN/n21           
    0:00:43 1449143.2      0.15       0.1     113.5 TX_CLK_GEN/n21           
    0:00:43 1449143.2      0.15       0.1     113.5 TX_CLK_GEN/n21           
    0:00:43 1449143.2      0.15       0.1     113.5 TX_CLK_GEN/n21           
    0:00:43 1449143.2      0.15       0.1     113.5 TX_CLK_GEN/n21           
    0:00:43 1449143.2      0.15       0.1     113.5 TX_CLK_GEN/n21           
    0:00:43 1449143.2      0.15       0.1     113.5 TX_CLK_GEN/n21           
    0:00:43 1450291.4      0.15       0.1     113.3 REG_FILE_UNIT/n121       
    0:00:43 1450291.4      0.15       0.1     113.3 REG_FILE_UNIT/n121       
    0:00:43 1450291.4      0.15       0.1     113.3 REG_FILE_UNIT/n121       
    0:00:43 1450291.4      0.15       0.1     113.3 REG_FILE_UNIT/n121       
    0:00:43 1450291.4      0.15       0.1     113.3 REG_FILE_UNIT/n121       
    0:00:43 1450291.4      0.15       0.1     113.3 REG_FILE_UNIT/n121       
    0:00:43 1450291.4      0.15       0.1     113.3 REG_FILE_UNIT/n121       
    0:00:43 1450291.4      0.15       0.1     113.3 REG_FILE_UNIT/n121       
    0:00:43 1450291.4      0.15       0.1     113.3 REG_FILE_UNIT/n121       
    0:00:43 1450291.4      0.15       0.1     113.3 REG_FILE_UNIT/n121       
    0:00:43 1450877.3      0.15       0.1     113.1 RX_CLK_GEN/cnt_even[0]   
    0:00:43 1450877.3      0.15       0.1     113.1 RX_CLK_GEN/cnt_even[0]   
    0:00:43 1450877.3      0.15       0.1     113.1 RX_CLK_GEN/cnt_even[0]   
    0:00:43 1450877.3      0.15       0.1     113.1 RX_CLK_GEN/cnt_even[0]   
    0:00:43 1450877.3      0.15       0.1     113.1 RX_CLK_GEN/cnt_even[0]   
    0:00:43 1450877.3      0.15       0.1     113.1 RX_CLK_GEN/cnt_even[0]   
    0:00:43 1451469.1      0.15       0.1     112.9 UART_UNIT/UART_TX_UNIT/u_serializer/ser_count[1]
    0:00:43 1451469.1      0.15       0.1     112.9 UART_UNIT/UART_TX_UNIT/u_serializer/ser_count[1]
    0:00:43 1451469.1      0.15       0.1     112.9 UART_UNIT/UART_TX_UNIT/u_serializer/ser_count[1]
    0:00:43 1451469.1      0.15       0.1     112.9 UART_UNIT/UART_TX_UNIT/u_serializer/ser_count[1]
    0:00:43 1452060.8      0.15       0.1     112.7 UART_UNIT/UART_TX_UNIT/u_serializer/DATA_V[4]
    0:00:43 1452060.8      0.15       0.1     112.7 UART_UNIT/UART_TX_UNIT/u_serializer/DATA_V[4]
    0:00:43 1452060.8      0.15       0.1     112.7 UART_UNIT/UART_TX_UNIT/u_serializer/DATA_V[4]
    0:00:43 1452060.8      0.15       0.1     112.7 UART_UNIT/UART_TX_UNIT/u_serializer/DATA_V[4]
    0:00:43 1452060.8      0.15       0.1     112.7 UART_UNIT/UART_TX_UNIT/u_serializer/DATA_V[4]
    0:00:43 1452652.6      0.15       0.1     112.5 UART_UNIT/UART_TX_UNIT/u_serializer/ser_count[0]
    0:00:43 1452652.6      0.15       0.1     112.5 UART_UNIT/UART_TX_UNIT/u_serializer/ser_count[0]
    0:00:43 1452652.6      0.15       0.1     112.5 UART_UNIT/UART_TX_UNIT/u_serializer/ser_count[0]
    0:00:43 1452652.6      0.15       0.1     112.5 UART_UNIT/UART_TX_UNIT/u_serializer/ser_count[0]
    0:00:43 1452652.6      0.15       0.1     112.5 UART_UNIT/UART_TX_UNIT/u_serializer/ser_count[0]
    0:00:43 1452652.6      0.15       0.1     112.5 UART_UNIT/UART_TX_UNIT/u_serializer/ser_count[0]
    0:00:43 1453244.4      0.15       0.1     112.4 RX_CLK_GEN/cnt_odd_pos[3]
    0:00:43 1453244.4      0.15       0.1     112.4 RX_CLK_GEN/cnt_odd_pos[3]
    0:00:43 1453244.4      0.15       0.1     112.4 RX_CLK_GEN/cnt_odd_pos[3]
    0:00:43 1453244.4      0.15       0.1     112.4 RX_CLK_GEN/cnt_odd_pos[3]
    0:00:43 1453244.4      0.15       0.1     112.4 RX_CLK_GEN/cnt_odd_pos[3]
    0:00:43 1453244.4      0.15       0.1     112.4 RX_CLK_GEN/cnt_odd_pos[3]
    0:00:43 1453244.4      0.15       0.1     112.4 RX_CLK_GEN/cnt_odd_pos[3]
    0:00:43 1453842.0      0.15       0.1     112.3 UART_UNIT/UART_TX_UNIT/u_serializer/DATA_V[7]
    0:00:43 1453842.0      0.15       0.1     112.3 UART_UNIT/UART_TX_UNIT/u_serializer/DATA_V[7]
    0:00:43 1453842.0      0.15       0.1     112.3 UART_UNIT/UART_TX_UNIT/u_serializer/DATA_V[7]
    0:00:43 1453842.0      0.15       0.1     112.3 UART_UNIT/UART_TX_UNIT/u_serializer/DATA_V[7]
    0:00:43 1453842.0      0.15       0.1     112.3 UART_UNIT/UART_TX_UNIT/u_serializer/DATA_V[7]
    0:00:43 1453842.0      0.15       0.1     112.3 UART_UNIT/UART_TX_UNIT/u_serializer/DATA_V[7]
    0:00:43 1453842.0      0.15       0.1     112.3 UART_UNIT/UART_TX_UNIT/u_serializer/DATA_V[7]
    0:00:43 1454290.3      0.15       0.1     112.2 UART_UNIT/UART_TX_UNIT/u_parity/DATA_V[0]
    0:00:43 1454290.3      0.15       0.1     112.2 UART_UNIT/UART_TX_UNIT/u_parity/DATA_V[0]
    0:00:43 1454290.3      0.15       0.1     112.2 UART_UNIT/UART_TX_UNIT/u_parity/DATA_V[0]
    0:00:43 1454290.3      0.15       0.1     112.2 UART_UNIT/UART_TX_UNIT/u_parity/DATA_V[0]
    0:00:43 1454738.5      0.15       0.1     112.1 UART_UNIT/UART_TX_UNIT/u_parity/par_bit
    0:00:43 1454738.5      0.15       0.1     112.1 UART_UNIT/UART_TX_UNIT/u_parity/par_bit
    0:00:43 1454738.5      0.15       0.1     112.1 UART_UNIT/UART_TX_UNIT/u_parity/par_bit
    0:00:43 1455186.8      0.15       0.1     112.0 UART_UNIT/UART_TX_UNIT/u_parity/DATA_V[2]
    0:00:43 1455186.8      0.15       0.1     112.0 UART_UNIT/UART_TX_UNIT/u_parity/DATA_V[2]
    0:00:43 1455186.8      0.15       0.1     112.0 UART_UNIT/UART_TX_UNIT/u_parity/DATA_V[2]
    0:00:43 1455186.8      0.15       0.1     112.0 UART_UNIT/UART_TX_UNIT/u_parity/DATA_V[2]
    0:00:43 1455784.4      0.15       0.1     111.9 SYS_CTRL_UNIT/n141       
    0:00:43 1455784.4      0.15       0.1     111.9 SYS_CTRL_UNIT/n141       
    0:00:43 1455784.4      0.15       0.1     111.9 SYS_CTRL_UNIT/n141       
    0:00:43 1455784.4      0.15       0.1     111.9 SYS_CTRL_UNIT/n141       
    0:00:43 1456795.0      0.15       0.1     111.8 SYS_CTRL_UNIT/n146       
    0:00:43 1456795.0      0.15       0.1     111.8 SYS_CTRL_UNIT/n146       
    0:00:43 1456795.0      0.15       0.1     111.8 SYS_CTRL_UNIT/n146       
    0:00:43 1456795.0      0.15       0.1     111.8 SYS_CTRL_UNIT/n146       
    0:00:43 1456795.0      0.15       0.1     111.8 SYS_CTRL_UNIT/n146       
    0:00:43 1456795.0      0.15       0.1     111.8 SYS_CTRL_UNIT/n146       
    0:00:43 1456795.0      0.15       0.1     111.8 SYS_CTRL_UNIT/n146       
    0:00:43 1456795.0      0.15       0.1     111.8 SYS_CTRL_UNIT/n146       
    0:00:43 1456795.0      0.15       0.1     111.8 SYS_CTRL_UNIT/n146       
    0:00:43 1456939.7      0.15       0.1      98.8 net19913                 
    0:00:43 1456939.7      0.15       0.1      98.8 net19913                 
    0:00:43 1456939.7      0.15       0.1      98.8 net19913                 
    0:00:43 1457085.6      0.15       0.1      79.2 net19965                 
    0:00:43 1457085.6      0.15       0.1      79.2 net19965                 
    0:00:43 1457085.6      0.15       0.1      79.2 net19965                 
    0:00:43 1457085.6      0.15       0.1      79.2 net19965                 
    0:00:43 1457085.6      0.15       0.1      79.2 net19965                 
    0:00:43 1457085.6      0.15       0.1      79.2 net19965                 
    0:00:43 1457085.6      0.15       0.1      79.2 net19965                 
    0:00:43 1456637.4      0.15       0.1      67.3 net19969                 
    0:00:43 1456637.4      0.15       0.1      67.3 net19969                 
    0:00:43 1456637.4      0.15       0.1      67.3 net19969                 
    0:00:43 1456637.4      0.15       0.1      67.3 net19969                 
    0:00:43 1456924.4      0.15       0.1      69.7 net19970                 
    0:00:43 1456924.4      0.15       0.1      69.7 net19970                 
    0:00:43 1457662.1      0.15       0.1      73.2 net20123                 
    0:00:43 1457662.1      0.15       0.1      73.2 net20123                 
    0:00:43 1457662.1      0.15       0.1      73.2 net20123                 
    0:00:43 1457662.1      0.15       0.1      73.2 net20123                 
    0:00:43 1457662.1      0.15       0.1      73.2 net20123                 
    0:00:43 1457662.1      0.15       0.1      73.2 net20123                 
    0:00:43 1457949.2      0.15       0.1      72.9 net20117                 
    0:00:43 1458098.6      0.15       0.1      72.3 SO[0]                    
    0:00:43 1459246.8      0.15       0.1      71.5 net19970                 
    0:00:43 1459246.8      0.15       0.1      71.5 net19970                 
    0:00:43 1459246.8      0.15       0.1      71.5 net19970                 
    0:00:43 1459246.8      0.15       0.1      71.5 net19970                 
    0:00:43 1460108.0      0.15       0.1      71.4 net19973                 
    0:00:43 1460108.0      0.15       0.1      71.4 net19973                 
    0:00:43 1460108.0      0.15       0.1      71.4 net19973                 
    0:00:43 1460108.0      0.15       0.1      71.4 net19973                 
    0:00:43 1460108.0      0.15       0.1      71.4 net19973                 
    0:00:43 1460108.0      0.15       0.1      71.4 net19973                 
    0:00:43 1460102.1      0.15       0.1      45.1 net19913                 
    0:00:43 1459955.0      0.15       0.1      39.5 net20133                 
    0:00:43 1459955.0      0.15       0.1      39.5 net20133                 
    0:00:43 1460385.6      0.15       0.1      34.5 net20137                 
    0:00:43 1460385.6      0.15       0.1      34.5 net20137                 
    0:00:43 1460385.6      0.15       0.1      34.5 net20137                 
    0:00:43 1460385.6      0.15       0.1      34.5 net20137                 
    0:00:43 1460238.5      0.15       0.1      32.3 n13                      
    0:00:44 1460387.9      0.15       0.1      30.3 net20186                 
    0:00:44 1460537.3      0.15       0.1      30.3 net20190                 
    0:00:44 1460967.9      0.15       0.1      28.9 net20185                 
    0:00:44 1460967.9      0.15       0.1      28.9 net20185                 
    0:00:44 1460967.9      0.15       0.1      28.9 net20185                 
    0:00:44 1461398.5      0.15       0.1      28.6 net20196                 
    0:00:44 1461398.5      0.15       0.1      28.6 net20196                 
    0:00:44 1461398.5      0.15       0.1      28.6 net20196                 
    0:00:44 1461829.1      0.15       0.1      28.3 net20195                 
    0:00:44 1461829.1      0.15       0.1      28.3 net20195                 
    0:00:44 1461829.1      0.15       0.1      28.3 net20195                 
    0:00:44 1461392.6      0.15       0.1      28.2 net20148                 
    0:00:44 1461255.0      0.12       0.1      28.2 ALU_UNIT/ALU_OUT_reg[0]/D
    0:00:44 1461255.0      0.12       0.1      28.2 ALU_UNIT/ALU_OUT_reg[0]/D
    0:00:44 1461416.1      0.11       0.1      28.2 ALU_UNIT/ALU_OUT_reg[0]/D
    0:00:44 1461883.2      0.00       0.0      28.2 ALU_UNIT/ALU_OUT_reg[0]/D
    0:00:44 1461883.2      0.00       0.0      28.2 ALU_UNIT/ALU_OUT_reg[0]/D
    0:00:44 1461883.2      0.00       0.0      28.2 ALU_UNIT/ALU_OUT_reg[0]/D
    0:00:44 1461883.2      0.00       0.0      28.2 ALU_UNIT/ALU_OUT_reg[0]/D
    0:00:44 1461883.2      0.00       0.0      28.2 ALU_UNIT/ALU_OUT_reg[0]/D
    0:00:44 1461883.2      0.00       0.0      28.2 ALU_UNIT/ALU_OUT_reg[0]/D
    0:00:44 1461883.2      0.00       0.0      28.2 ALU_UNIT/ALU_OUT_reg[0]/D
    0:00:44 1462032.6      0.00       0.0      28.2 REG_FILE_UNIT/test_seb   
    0:00:44 1462182.0      0.00       0.0      28.1 REG_FILE_UNIT/test_seb   
    0:00:44 1462331.5      0.00       0.0      28.1 REG_FILE_UNIT/test_seb   
    0:00:44 1462480.9      0.00       0.0      28.1 REG_FILE_UNIT/test_seb   
    0:00:44 1462630.3      0.00       0.0      28.0 REG_FILE_UNIT/test_seb   
    0:00:44 1462779.7      0.00       0.0      28.0 REG_FILE_UNIT/test_seb   
    0:00:44 1462929.1      0.00       0.0      28.0 REG_FILE_UNIT/test_seb   
    0:00:44 1463078.5      0.00       0.0      27.9 REG_FILE_UNIT/test_seb   
    0:00:44 1463228.0      0.00       0.0      27.9 REG_FILE_UNIT/test_seb   
    0:00:44 1463377.4      0.00       0.0      27.9 REG_FILE_UNIT/test_seb   
    0:00:44 1463526.8      0.00       0.0      27.8 REG_FILE_UNIT/test_seb   
    0:00:44 1463676.2      0.00       0.0      27.8 REG_FILE_UNIT/test_seb   
    0:00:45 1463825.6      0.00       0.0      27.8 REG_FILE_UNIT/test_seb   
    0:00:45 1463975.0      0.00       0.0      27.7 REG_FILE_UNIT/test_seb   
    0:00:45 1464124.4      0.00       0.0      27.7 REG_FILE_UNIT/test_seb   
    0:00:45 1464273.9      0.00       0.0      27.7 REG_FILE_UNIT/test_seb   
    0:00:45 1464423.3      0.00       0.0      27.6 REG_FILE_UNIT/test_seb   
    0:00:45 1464572.7      0.00       0.0      27.6 REG_FILE_UNIT/test_seb   
    0:00:45 1464722.1      0.00       0.0      27.6 REG_FILE_UNIT/test_seb   
    0:00:45 1464871.5      0.00       0.0      27.5 REG_FILE_UNIT/test_seb   
    0:00:45 1465020.9      0.00       0.0      27.5 REG_FILE_UNIT/test_seb   
    0:00:45 1465170.3      0.00       0.0      27.5 REG_FILE_UNIT/test_seb   
    0:00:45 1465319.8      0.00       0.0      27.4 REG_FILE_UNIT/test_seb   
    0:00:45 1465469.2      0.00       0.0      27.4 REG_FILE_UNIT/test_seb   
    0:00:45 1465618.6      0.00       0.0      27.4 REG_FILE_UNIT/test_seb   
    0:00:45 1465768.0      0.00       0.0      27.3 REG_FILE_UNIT/test_seb   
    0:00:45 1465917.4      0.00       0.0      27.3 REG_FILE_UNIT/test_seb   
    0:00:45 1466066.8      0.00       0.0      27.3 REG_FILE_UNIT/test_seb   
    0:00:45 1466216.3      0.00       0.0      27.2 REG_FILE_UNIT/test_seb   
    0:00:45 1466365.7      0.00       0.0      27.2 REG_FILE_UNIT/test_seb   
    0:00:45 1466515.1      0.00       0.0      27.2 REG_FILE_UNIT/test_seb   
    0:00:45 1466664.5      0.00       0.0      27.2 REG_FILE_UNIT/test_seb   
    0:00:45 1466813.9      0.00       0.0      27.1 REG_FILE_UNIT/test_seb   
    0:00:45 1466963.3      0.00       0.0      27.1 REG_FILE_UNIT/test_seb   
    0:00:45 1467112.7      0.00       0.0      27.1 REG_FILE_UNIT/test_seb   
    0:00:45 1467262.2      0.00       0.0      27.0 REG_FILE_UNIT/test_seb   
    0:00:45 1467411.6      0.00       0.0      27.0 REG_FILE_UNIT/test_seb   
    0:00:45 1467561.0      0.00       0.0      27.0 REG_FILE_UNIT/test_seb   
    0:00:45 1467710.4      0.00       0.0      26.9 REG_FILE_UNIT/test_seb   
    0:00:45 1467859.8      0.00       0.0      26.9 REG_FILE_UNIT/test_seb   
    0:00:45 1468009.2      0.00       0.0      26.9 REG_FILE_UNIT/test_seb   
    0:00:45 1468158.6      0.00       0.0      26.8 REG_FILE_UNIT/test_seb   
    0:00:45 1468308.1      0.00       0.0      26.8 REG_FILE_UNIT/test_seb   
    0:00:45 1468457.5      0.00       0.0      26.8 REG_FILE_UNIT/test_seb   
    0:00:45 1468606.9      0.00       0.0      26.7 REG_FILE_UNIT/test_seb   
    0:00:45 1468756.3      0.00       0.0      26.7 REG_FILE_UNIT/test_seb   
    0:00:45 1468905.7      0.00       0.0      26.7 REG_FILE_UNIT/test_seb   
    0:00:45 1469055.1      0.00       0.0      26.6 REG_FILE_UNIT/test_seb   
    0:00:45 1469204.6      0.00       0.0      26.6 REG_FILE_UNIT/test_seb   
    0:00:45 1469354.0      0.00       0.0      26.6 REG_FILE_UNIT/test_seb   
    0:00:45 1469503.4      0.00       0.0      26.5 REG_FILE_UNIT/test_seb   
    0:00:45 1469652.8      0.00       0.0      26.5 REG_FILE_UNIT/test_seb   
    0:00:45 1469802.2      0.00       0.0      26.5 REG_FILE_UNIT/test_seb   
    0:00:45 1469951.6      0.00       0.0      26.4 REG_FILE_UNIT/test_seb   
    0:00:45 1470101.0      0.00       0.0      26.4 REG_FILE_UNIT/test_seb   
    0:00:45 1470250.5      0.00       0.0      26.4 REG_FILE_UNIT/test_seb   
    0:00:45 1470399.9      0.00       0.0      26.3 REG_FILE_UNIT/test_seb   
    0:00:45 1470549.3      0.00       0.0      26.3 REG_FILE_UNIT/test_seb   
    0:00:45 1470698.7      0.00       0.0      26.3 REG_FILE_UNIT/test_seb   
    0:00:45 1470848.1      0.00       0.0      26.2 REG_FILE_UNIT/test_seb   
    0:00:45 1470997.5      0.00       0.0      26.2 REG_FILE_UNIT/test_seb   
    0:00:45 1471146.9      0.00       0.0      26.2 REG_FILE_UNIT/test_seb   
    0:00:45 1471296.4      0.00       0.0      26.1 REG_FILE_UNIT/test_seb   
    0:00:45 1471445.8      0.00       0.0      26.1 REG_FILE_UNIT/test_seb   
    0:00:45 1471595.2      0.00       0.0      26.1 REG_FILE_UNIT/test_seb   
    0:00:45 1471744.6      0.00       0.0      26.0 REG_FILE_UNIT/test_seb   
    0:00:45 1471894.0      0.00       0.0      26.0 REG_FILE_UNIT/test_seb   
    0:00:45 1472043.4      0.00       0.0      26.0 REG_FILE_UNIT/test_seb   
    0:00:45 1472192.9      0.00       0.0      25.9 REG_FILE_UNIT/test_seb   
    0:00:45 1472342.3      0.00       0.0      25.9 REG_FILE_UNIT/test_seb   
    0:00:45 1472491.7      0.00       0.0      25.9 REG_FILE_UNIT/test_seb   
    0:00:45 1472641.1      0.00       0.0      25.8 REG_FILE_UNIT/test_seb   
    0:00:45 1472790.5      0.00       0.0      25.8 REG_FILE_UNIT/test_seb   
    0:00:45 1472939.9      0.00       0.0      25.8 FIFO_UNIT/fifomem/test_seb
    0:00:46 1473089.3      0.00       0.0      25.8 REG_FILE_UNIT/test_seb   
    0:00:46 1473238.8      0.00       0.0      25.7 FIFO_UNIT/fifomem/test_seb
    0:00:47 1473388.2      0.00       0.0      25.7 REG_FILE_UNIT/test_seb   
    0:00:47 1473537.6      0.00       0.0      25.7 FIFO_UNIT/fifomem/test_seb
    0:00:47 1473687.0      0.00       0.0      25.6 REG_FILE_UNIT/test_seb   
    0:00:47 1473836.4      0.00       0.0      25.6 FIFO_UNIT/fifomem/test_seb
    0:00:48 1473985.8      0.00       0.0      25.6 REG_FILE_UNIT/test_seb   
    0:00:48 1474135.2      0.00       0.0      25.5 FIFO_UNIT/fifomem/test_seb
    0:00:49 1474284.7      0.00       0.0      25.5 REG_FILE_UNIT/test_seb   
    0:00:49 1474434.1      0.00       0.0      25.5 FIFO_UNIT/fifomem/test_seb
    0:00:49 1474583.5      0.00       0.0      25.4 REG_FILE_UNIT/test_seb   
    0:00:49 1474732.9      0.00       0.0      25.4 FIFO_UNIT/fifomem/test_seb
    0:00:50 1474882.3      0.00       0.0      25.4 REG_FILE_UNIT/test_seb   
    0:00:50 1475031.7      0.00       0.0      25.3 FIFO_UNIT/fifomem/test_seb
    0:00:51 1475181.2      0.00       0.0      25.3 REG_FILE_UNIT/test_seb   
    0:00:51 1475330.6      0.00       0.0      25.3 FIFO_UNIT/fifomem/test_seb
    0:00:51 1475480.0      0.00       0.0      25.2 REG_FILE_UNIT/test_seb   
    0:00:51 1475629.4      0.00       0.0      25.2 FIFO_UNIT/fifomem/test_seb
    0:00:52 1475778.8      0.00       0.0      25.2 REG_FILE_UNIT/test_seb   
    0:00:52 1475928.2      0.00       0.0      25.1 FIFO_UNIT/fifomem/test_seb
    0:00:53 1476077.6      0.00       0.0      25.1 REG_FILE_UNIT/test_seb   
    0:00:53 1476227.1      0.00       0.0      25.1 FIFO_UNIT/fifomem/test_seb
    0:00:53 1476376.5      0.00       0.0      25.0 REG_FILE_UNIT/test_seb   
    0:00:53 1476525.9      0.00       0.0      25.0 FIFO_UNIT/fifomem/test_seb
    0:00:54 1476675.3      0.00       0.0      25.0 REG_FILE_UNIT/test_seb   
    0:00:54 1476824.7      0.00       0.0      24.9 FIFO_UNIT/fifomem/test_seb
    0:00:54 1476974.1      0.00       0.0      24.9 REG_FILE_UNIT/test_seb   
    0:00:55 1477123.5      0.00       0.0      24.9 FIFO_UNIT/fifomem/test_seb
    0:00:55 1477273.0      0.00       0.0      24.8 REG_FILE_UNIT/test_seb   
    0:00:55 1477422.4      0.00       0.0      24.8 FIFO_UNIT/fifomem/test_seb
    0:00:56 1477571.8      0.00       0.0      24.8 REG_FILE_UNIT/test_seb   
    0:00:56 1477721.2      0.00       0.0      24.7 FIFO_UNIT/fifomem/test_seb
    0:00:56 1477870.6      0.00       0.0      24.7 REG_FILE_UNIT/test_seb   
    0:00:56 1478020.0      0.00       0.0      24.7 FIFO_UNIT/fifomem/test_seb
    0:00:57 1478169.5      0.00       0.0      24.6 REG_FILE_UNIT/test_seb   
    0:00:57 1478318.9      0.00       0.0      24.6 FIFO_UNIT/fifomem/test_seb
    0:00:58 1478468.3      0.00       0.0      24.6 REG_FILE_UNIT/test_seb   
    0:00:58 1478617.7      0.00       0.0      24.5 FIFO_UNIT/fifomem/test_seb
    0:00:58 1478767.1      0.00       0.0      24.5 REG_FILE_UNIT/test_seb   
    0:00:58 1478916.5      0.00       0.0      24.5 FIFO_UNIT/fifomem/test_seb
    0:00:59 1479065.9      0.00       0.0      24.4 REG_FILE_UNIT/test_seb   
    0:00:59 1479215.4      0.00       0.0      24.4 FIFO_UNIT/fifomem/test_seb
    0:01:00 1479364.8      0.00       0.0      24.4 REG_FILE_UNIT/test_seb   
    0:01:00 1479514.2      0.00       0.0      24.4 FIFO_UNIT/fifomem/test_seb
    0:01:00 1479663.6      0.00       0.0      24.3 REG_FILE_UNIT/test_seb   
    0:01:00 1479813.0      0.00       0.0      24.3 FIFO_UNIT/fifomem/test_seb
    0:01:01 1479962.4      0.00       0.0      24.3 REG_FILE_UNIT/test_seb   
    0:01:01 1480111.8      0.00       0.0      24.2 FIFO_UNIT/fifomem/test_seb
    0:01:02 1480261.3      0.00       0.0      24.2 REG_FILE_UNIT/test_seb   
    0:01:02 1480410.7      0.00       0.0      24.2 FIFO_UNIT/fifomem/test_seb
    0:01:02 1480560.1      0.00       0.0      24.1 REG_FILE_UNIT/test_seb   
    0:01:02 1480709.5      0.00       0.0      24.1 FIFO_UNIT/fifomem/test_seb
    0:01:03 1480858.9      0.00       0.0      24.1 REG_FILE_UNIT/test_seb   
    0:01:03 1481008.3      0.00       0.0      24.0 FIFO_UNIT/fifomem/test_seb
    0:01:04 1481157.8      0.00       0.0      24.0 REG_FILE_UNIT/test_seb   
    0:01:04 1481307.2      0.00       0.0      24.0 FIFO_UNIT/fifomem/test_seb
    0:01:04 1481456.6      0.00       0.0      23.9 REG_FILE_UNIT/test_seb   
    0:01:04 1481606.0      0.00       0.0      23.9 FIFO_UNIT/fifomem/test_seb
    0:01:05 1481755.4      0.00       0.0      23.9 REG_FILE_UNIT/test_seb   
    0:01:05 1481904.8      0.00       0.0      23.8 FIFO_UNIT/fifomem/test_seb
    0:01:06 1482054.2      0.00       0.0      23.8 REG_FILE_UNIT/test_seb   
    0:01:06 1482203.7      0.00       0.0      23.8 FIFO_UNIT/fifomem/test_seb
    0:01:06 1482353.1      0.00       0.0      23.7 REG_FILE_UNIT/test_seb   
    0:01:06 1482502.5      0.00       0.0      23.7 FIFO_UNIT/fifomem/test_seb
    0:01:07 1482651.9      0.00       0.0      23.7 REG_FILE_UNIT/test_seb   
    0:01:07 1482801.3      0.00       0.0      23.6 FIFO_UNIT/fifomem/test_seb
    0:01:08 1482950.7      0.00       0.0      23.6 REG_FILE_UNIT/test_seb   
    0:01:08 1483100.1      0.00       0.0      23.6 FIFO_UNIT/fifomem/test_seb
    0:01:08 1483249.6      0.00       0.0      23.5 REG_FILE_UNIT/test_seb   
    0:01:08 1483399.0      0.00       0.0      23.5 FIFO_UNIT/fifomem/test_seb
    0:01:09 1483548.4      0.00       0.0      23.5 REG_FILE_UNIT/test_seb   
    0:01:09 1483697.8      0.00       0.0      23.4 FIFO_UNIT/fifomem/test_seb
    0:01:09 1483847.2      0.00       0.0      23.4 REG_FILE_UNIT/test_seb   
    0:01:09 1483996.6      0.00       0.0      23.4 FIFO_UNIT/fifomem/test_seb
    0:01:10 1484146.1      0.00       0.0      23.3 REG_FILE_UNIT/test_seb   
    0:01:10 1484295.5      0.00       0.0      23.3 FIFO_UNIT/fifomem/test_seb
    0:01:11 1484444.9      0.00       0.0      23.3 REG_FILE_UNIT/test_seb   
    0:01:11 1484594.3      0.00       0.0      23.2 FIFO_UNIT/fifomem/test_seb
    0:01:11 1484743.7      0.00       0.0      23.2 REG_FILE_UNIT/test_seb   
    0:01:11 1484893.1      0.00       0.0      23.2 FIFO_UNIT/fifomem/test_seb
    0:01:12 1485042.5      0.00       0.0      23.1 REG_FILE_UNIT/test_seb   
    0:01:12 1485192.0      0.00       0.0      23.1 FIFO_UNIT/fifomem/test_seb
    0:01:13 1485341.4      0.00       0.0      23.1 REG_FILE_UNIT/test_seb   
    0:01:13 1485490.8      0.00       0.0      23.1 FIFO_UNIT/fifomem/test_seb
    0:01:13 1485640.2      0.00       0.0      23.0 REG_FILE_UNIT/test_seb   
    0:01:13 1485789.6      0.00       0.0      23.0 FIFO_UNIT/fifomem/test_seb
    0:01:14 1485939.0      0.00       0.0      23.0 REG_FILE_UNIT/test_seb   
    0:01:14 1486088.4      0.00       0.0      22.9 FIFO_UNIT/fifomem/test_seb
    0:01:14 1486237.9      0.00       0.0      22.9 REG_FILE_UNIT/test_seb   
    0:01:14 1486387.3      0.00       0.0      22.9 FIFO_UNIT/fifomem/test_seb
    0:01:15 1486536.7      0.00       0.0      22.8 REG_FILE_UNIT/test_seb   
    0:01:15 1486686.1      0.00       0.0      22.8 FIFO_UNIT/fifomem/test_seb
    0:01:15 1486835.5      0.00       0.0      22.8 REG_FILE_UNIT/test_seb   
    0:01:15 1486984.9      0.00       0.0      22.7 FIFO_UNIT/fifomem/test_seb
    0:01:16 1487134.4      0.00       0.0      22.7 REG_FILE_UNIT/test_seb   
    0:01:16 1487283.8      0.00       0.0      22.7 FIFO_UNIT/fifomem/test_seb
    0:01:16 1487433.2      0.00       0.0      22.6 REG_FILE_UNIT/test_seb   
    0:01:16 1487582.6      0.00       0.0      22.6 FIFO_UNIT/fifomem/test_seb
    0:01:17 1487732.0      0.00       0.0      22.6 REG_FILE_UNIT/test_seb   
    0:01:17 1487881.4      0.00       0.0      22.5 FIFO_UNIT/fifomem/test_seb
    0:01:17 1488030.8      0.00       0.0      22.5 REG_FILE_UNIT/test_seb   
    0:01:17 1488180.3      0.00       0.0      22.5 FIFO_UNIT/fifomem/test_seb
    0:01:18 1488329.7      0.00       0.0      22.4 REG_FILE_UNIT/test_seb   
    0:01:18 1488479.1      0.00       0.0      22.4 FIFO_UNIT/fifomem/test_seb
    0:01:18 1488628.5      0.00       0.0      22.4 REG_FILE_UNIT/test_seb   
    0:01:18 1488777.9      0.00       0.0      22.3 UART_UNIT/UART_TX_UNIT/u_serializer/test_seb
    0:01:18 1488927.3      0.00       0.0      22.3 FIFO_UNIT/fifomem/test_seb
    0:01:18 1489076.7      0.00       0.0      22.3 REG_FILE_UNIT/test_seb   
    0:01:18 1489226.2      0.00       0.0      22.2 UART_UNIT/UART_TX_UNIT/u_serializer/test_seb
    0:01:18 1489375.6      0.00       0.0      22.2 UART_UNIT/UART_RX_UNIT/u_edge_bit_counter/test_seb
    0:01:18 1489525.0      0.00       0.0      22.2 FIFO_UNIT/fifomem/test_seb
    0:01:19 1489674.4      0.00       0.0      22.1 REG_FILE_UNIT/test_seb   
    0:01:19 1489823.8      0.00       0.0      22.1 UART_UNIT/UART_TX_UNIT/u_parity/test_seb
    0:01:19 1489973.2      0.00       0.0      22.1 FIFO_UNIT/wptr_full/test_seb
    0:01:19 1490122.6      0.00       0.0      22.0 UART_UNIT/UART_TX_UNIT/u_serializer/test_seb
    0:01:19 1490272.0      0.00       0.0      22.0 FIFO_UNIT/rptr_empty/test_seb
    0:01:19 1490421.5      0.00       0.0      22.0 UART_UNIT/UART_RX_UNIT/u_edge_bit_counter/test_seb
    0:01:19 1490570.9      0.00       0.0      21.9 FIFO_UNIT/fifomem/test_seb
    0:01:19 1490720.3      0.00       0.0      21.9 REG_FILE_UNIT/test_seb   
    0:01:19 1491317.9      0.00       0.0      21.8 FIFO_UNIT/sync_r2w/test_seb
    0:01:19 1491317.9      0.00       0.0      21.8 FIFO_UNIT/sync_r2w/test_seb
    0:01:19 1491317.9      0.00       0.0      21.8 FIFO_UNIT/sync_r2w/test_seb
    0:01:19 1491915.6      0.00       0.0      21.6 FIFO_UNIT/sync_w2r/test_seb
    0:01:19 1491915.6      0.00       0.0      21.6 FIFO_UNIT/sync_w2r/test_seb
    0:01:19 1491915.6      0.00       0.0      21.6 FIFO_UNIT/sync_w2r/test_seb
    0:01:19 1492513.3      0.00       0.0      21.5 UART_UNIT/UART_TX_UNIT/u_parity/test_seb
    0:01:19 1492513.3      0.00       0.0      21.5 UART_UNIT/UART_TX_UNIT/u_parity/test_seb
    0:01:19 1492513.3      0.00       0.0      21.5 UART_UNIT/UART_TX_UNIT/u_parity/test_seb
    0:01:19 1493110.9      0.00       0.0      21.4 FIFO_UNIT/wptr_full/test_seb
    0:01:19 1493110.9      0.00       0.0      21.4 FIFO_UNIT/wptr_full/test_seb
    0:01:19 1493110.9      0.00       0.0      21.4 FIFO_UNIT/wptr_full/test_seb
    0:01:19 1493708.6      0.00       0.0      21.2 UART_UNIT/UART_TX_UNIT/u_serializer/test_seb
    0:01:19 1493708.6      0.00       0.0      21.2 UART_UNIT/UART_TX_UNIT/u_serializer/test_seb
    0:01:19 1493708.6      0.00       0.0      21.2 UART_UNIT/UART_TX_UNIT/u_serializer/test_seb
    0:01:19 1494306.2      0.00       0.0      21.1 FIFO_UNIT/rptr_empty/test_seb
    0:01:19 1494306.2      0.00       0.0      21.1 FIFO_UNIT/rptr_empty/test_seb
    0:01:19 1494306.2      0.00       0.0      21.1 FIFO_UNIT/rptr_empty/test_seb
    0:01:19 1494903.9      0.00       0.0      21.0 UART_UNIT/UART_RX_UNIT/u_edge_bit_counter/test_seb
    0:01:19 1494903.9      0.00       0.0      21.0 UART_UNIT/UART_RX_UNIT/u_edge_bit_counter/test_seb
    0:01:19 1494903.9      0.00       0.0      21.0 UART_UNIT/UART_RX_UNIT/u_edge_bit_counter/test_seb
    0:01:19 1495501.5      0.00       0.0      20.8 UART_UNIT/UART_RX_UNIT/u_deserializer/test_seb
    0:01:19 1495501.5      0.00       0.0      20.8 UART_UNIT/UART_RX_UNIT/u_deserializer/test_seb
    0:01:19 1495501.5      0.00       0.0      20.8 UART_UNIT/UART_RX_UNIT/u_deserializer/test_seb
    0:01:19 1496099.2      0.00       0.0      20.7 FIFO_UNIT/fifomem/test_seb
    0:01:19 1496099.2      0.00       0.0      20.7 FIFO_UNIT/fifomem/test_seb
    0:01:19 1496099.2      0.00       0.0      20.7 FIFO_UNIT/fifomem/test_seb
    0:01:19 1496696.9      0.00       0.0      20.6 REG_FILE_UNIT/test_seb   
    0:01:19 1496696.9      0.00       0.0      20.6 REG_FILE_UNIT/test_seb   
    0:01:19 1496696.9      0.00       0.0      20.6 REG_FILE_UNIT/test_seb   
    0:01:19 1496846.3      0.00       0.0      20.5 UART_UNIT/UART_RX_UNIT/test_seb
    0:01:19 1496995.7      0.00       0.0      20.5 UART_UNIT/UART_RX_UNIT/test_seb
    0:01:19 1497294.5      0.00       0.0      20.4 FIFO_UNIT/sync_r2w/test_seb
    0:01:19 1497294.5      0.00       0.0      20.4 FIFO_UNIT/sync_r2w/test_seb
    0:01:19 1497294.5      0.00       0.0      20.4 FIFO_UNIT/sync_r2w/test_seb
    0:01:19 1497593.3      0.00       0.0      20.4 UART_UNIT/UART_TX_UNIT/u_fsm/test_seb
    0:01:19 1497593.3      0.00       0.0      20.4 UART_UNIT/UART_TX_UNIT/u_fsm/test_seb
    0:01:19 1497593.3      0.00       0.0      20.4 UART_UNIT/UART_TX_UNIT/u_fsm/test_seb
    0:01:19 1497892.2      0.00       0.0      20.3 FIFO_UNIT/sync_w2r/test_seb
    0:01:19 1497892.2      0.00       0.0      20.3 FIFO_UNIT/sync_w2r/test_seb
    0:01:19 1497892.2      0.00       0.0      20.3 FIFO_UNIT/sync_w2r/test_seb
    0:01:19 1498191.0      0.00       0.0      20.2 UART_UNIT/UART_TX_UNIT/u_parity/test_seb
    0:01:19 1498191.0      0.00       0.0      20.2 UART_UNIT/UART_TX_UNIT/u_parity/test_seb
    0:01:19 1498191.0      0.00       0.0      20.2 UART_UNIT/UART_TX_UNIT/u_parity/test_seb
    0:01:19 1498489.8      0.00       0.0      20.2 FIFO_UNIT/wptr_full/test_seb
    0:01:19 1498489.8      0.00       0.0      20.2 FIFO_UNIT/wptr_full/test_seb
    0:01:19 1498489.8      0.00       0.0      20.2 FIFO_UNIT/wptr_full/test_seb
    0:01:19 1498788.7      0.00       0.0      20.1 UART_UNIT/UART_TX_UNIT/u_serializer/test_seb
    0:01:19 1498788.7      0.00       0.0      20.1 UART_UNIT/UART_TX_UNIT/u_serializer/test_seb
    0:01:19 1498788.7      0.00       0.0      20.1 UART_UNIT/UART_TX_UNIT/u_serializer/test_seb
    0:01:19 1499087.5      0.00       0.0      20.1 FIFO_UNIT/rptr_empty/test_seb
    0:01:19 1499087.5      0.00       0.0      20.1 FIFO_UNIT/rptr_empty/test_seb
    0:01:19 1499087.5      0.00       0.0      20.1 FIFO_UNIT/rptr_empty/test_seb
    0:01:20 1499386.3      0.00       0.0      20.0 UART_UNIT/UART_RX_UNIT/u_edge_bit_counter/test_seb
    0:01:20 1499386.3      0.00       0.0      20.0 UART_UNIT/UART_RX_UNIT/u_edge_bit_counter/test_seb
    0:01:20 1499386.3      0.00       0.0      20.0 UART_UNIT/UART_RX_UNIT/u_edge_bit_counter/test_seb
    0:01:20 1499685.1      0.00       0.0      19.9 UART_UNIT/UART_RX_UNIT/u_Data_Sampling/test_seb
    0:01:20 1499685.1      0.00       0.0      19.9 UART_UNIT/UART_RX_UNIT/u_Data_Sampling/test_seb
    0:01:20 1499685.1      0.00       0.0      19.9 UART_UNIT/UART_RX_UNIT/u_Data_Sampling/test_seb
    0:01:20 1499984.0      0.00       0.0      19.9 UART_UNIT/UART_RX_UNIT/u_deserializer/test_seb
    0:01:20 1499984.0      0.00       0.0      19.9 UART_UNIT/UART_RX_UNIT/u_deserializer/test_seb
    0:01:20 1499984.0      0.00       0.0      19.9 UART_UNIT/UART_RX_UNIT/u_deserializer/test_seb
    0:01:20 1500282.8      0.00       0.0      19.8 FIFO_UNIT/fifomem/test_seb
    0:01:20 1500282.8      0.00       0.0      19.8 FIFO_UNIT/fifomem/test_seb
    0:01:20 1500282.8      0.00       0.0      19.8 FIFO_UNIT/fifomem/test_seb
    0:01:20 1500581.6      0.00       0.0      19.7 UART_UNIT/UART_RX_UNIT/u_FSM_RX/test_seb
    0:01:20 1500581.6      0.00       0.0      19.7 UART_UNIT/UART_RX_UNIT/u_FSM_RX/test_seb
    0:01:20 1500581.6      0.00       0.0      19.7 UART_UNIT/UART_RX_UNIT/u_FSM_RX/test_seb
    0:01:20 1500880.5      0.00       0.0      19.7 REG_FILE_UNIT/test_seb   
    0:01:20 1500880.5      0.00       0.0      19.7 REG_FILE_UNIT/test_seb   
    0:01:20 1500880.5      0.00       0.0      19.7 REG_FILE_UNIT/test_seb   
    0:01:20 1501328.7      0.00       0.0      19.6 UART_UNIT/UART_TX_UNIT/test_seb
    0:01:20 1501328.7      0.00       0.0      19.6 UART_UNIT/UART_TX_UNIT/test_seb
    0:01:20 1501328.7      0.00       0.0      19.6 UART_UNIT/UART_TX_UNIT/test_seb
    0:01:20 1501478.1      0.00       0.0      19.5 UART_UNIT/UART_TX_UNIT/test_seb
    0:01:20 1501627.5      0.00       0.0      19.5 FIFO_UNIT/sync_r2w/test_seb
    0:01:20 1501776.9      0.00       0.0      19.5 FIFO_UNIT/sync_w2r/test_seb
    0:01:20 1501926.4      0.00       0.0      19.4 FIFO_UNIT/wptr_full/test_seb
    0:01:20 1502075.8      0.00       0.0      19.4 FIFO_UNIT/rptr_empty/test_seb
    0:01:20 1502225.2      0.00       0.0      19.4 UART_UNIT/UART_TX_UNIT/test_seb
    0:01:20 1502374.6      0.00       0.0      19.4 UART_UNIT/UART_RX_UNIT/u_edge_bit_counter/test_seb
    0:01:20 1502524.0      0.00       0.0      19.3 UART_UNIT/UART_RX_UNIT/u_Data_Sampling/test_seb
    0:01:20 1502673.4      0.00       0.0      19.3 UART_UNIT/UART_RX_UNIT/u_deserializer/test_seb
    0:01:20 1502822.8      0.00       0.0      19.3 FIFO_UNIT/fifomem/test_seb
    0:01:20 1502972.3      0.00       0.0      19.2 UART_UNIT/UART_RX_UNIT/u_FSM_RX/test_seb
    0:01:20 1503121.7      0.00       0.0      19.2 REG_FILE_UNIT/test_seb   
    0:01:20 1503271.1      0.00       0.0      19.1 TX_CLK_GEN/test_seb      
    0:01:20 1503420.5      0.00       0.0      19.0 TX_CLK_GEN/test_seb      
    0:01:20 1503569.9      0.00       0.0      18.9 TX_CLK_GEN/test_seb      
    0:01:20 1503719.3      0.00       0.0      18.8 TX_CLK_GEN/test_seb      
    0:01:20 1503868.7      0.00       0.0      18.7 TX_CLK_GEN/test_seb      
    0:01:20 1504018.2      0.00       0.0      18.6 SYS_CTRL_UNIT/test_seb   
    0:01:20 1504024.0      0.00       0.0      18.6 REG_FILE_UNIT/net20005   
    0:01:20 1504029.9      0.00       0.0      18.6 REG_FILE_UNIT/net20002   
    0:01:20 1504179.3      0.00       0.0      18.6 REG_FILE_UNIT/test_sea   
    0:01:20 1504185.2      0.00       0.0      18.5 REG_FILE_UNIT/net20017   
    0:01:20 1504191.1      0.00       0.0      18.5 REG_FILE_UNIT/net20014   
    0:01:20 1504047.6      0.00       0.0      18.5 RX_CLK_GEN/net20105      
    0:01:20 1503904.0      0.00       0.0      18.5 TX_CLK_GEN/net20111      
    0:01:20 1504053.5      0.00       0.0      18.4 TX_CLK_GEN/test_seb      
    0:01:20 1504202.9      0.00       0.0      18.3 SYS_CTRL_UNIT/test_seb   
    0:01:20 1504059.3      0.00       0.0      17.4 net20182                 
    0:01:20 1504657.0      0.00       0.0      13.8 net20192                 
    0:01:20 1504657.0      0.00       0.0      13.8 net20192                 
    0:01:20 1504657.0      0.00       0.0      13.8 net20192                 
    0:01:20 1504657.0      0.00       0.0      13.8 net20192                 
    0:01:20 1504507.6      0.00       0.0      12.7 net20192                 
    0:01:20 1504220.5      0.00       0.0      12.7 net20173                 
    0:01:20 1503933.5      0.00       0.0      12.7 net20170                 
    0:01:20 1503646.4      0.00       0.0      12.7 net20194                 
    0:01:20 1503359.3      0.00       0.0      12.7 net20212                 
    0:01:20 1503072.3      0.00       0.0      12.6 net20218                 
    0:01:20 1503215.8      0.00       0.0      12.5 net20192                 
    0:01:20 1503502.9      0.00       0.0      12.5 TX_CLK_GEN/test_seb      
    0:01:20 1503789.9      0.00       0.0      12.4 SYS_CTRL_UNIT/test_seb   
    0:01:20 1503933.5      0.00       0.0      12.3 TX_CLK_GEN/test_seb      
    0:01:20 1504077.0      0.00       0.0      12.2 SYS_CTRL_UNIT/test_seb   
    0:01:20 1504226.4      0.00       0.0      12.1 TX_CLK_GEN/test_seb      
    0:01:20 1504375.8      0.00       0.0      12.0 SYS_CTRL_UNIT/test_seb   
    0:01:20 1504674.7      0.00       0.0      12.0 UART_UNIT/UART_RX_UNIT/strt_glitch
    0:01:20 1504674.7      0.00       0.0      12.0 UART_UNIT/UART_RX_UNIT/strt_glitch
    0:01:20 1504674.7      0.00       0.0      12.0 UART_UNIT/UART_RX_UNIT/strt_glitch
    0:01:20 1504824.1      0.00       0.0      12.0 UART_UNIT/UART_TX_UNIT/u_serializer/test_si
    0:01:20 1505122.9      0.00       0.0      11.9 UART_UNIT/UART_RX_UNIT/P_DATA[7]
    0:01:20 1505122.9      0.00       0.0      11.9 UART_UNIT/UART_RX_UNIT/P_DATA[7]
    0:01:20 1505122.9      0.00       0.0      11.9 UART_UNIT/UART_RX_UNIT/P_DATA[7]


  Beginning Phase 2 Design Rule Fixing  (max_transition)  (max_capacitance)
  ------------------------------------

                                  TOTAL                                      
   ELAPSED            WORST NEG   SETUP    DESIGN                            
    TIME      AREA      SLACK     COST    RULE COST         ENDPOINT         
  --------- --------- --------- --------- --------- -------------------------
    0:01:20 1505128.8      0.00       0.0      12.0 SYS_CTRL_UNIT/net20886   
    0:01:20 1505134.7      0.00       0.0      12.1 TX_CLK_GEN/net20884      
    0:01:20 1505284.1      0.00       0.0      12.1 TX_CLK_GEN/net20877      
    0:01:20 1505433.5      0.00       0.0      12.1 SYS_CTRL_UNIT/net20881   
    0:01:20 1505582.9      0.00       0.0      12.0 TX_CLK_GEN/net20888      
    0:01:20 1505732.3      0.00       0.0      11.8 SYS_CTRL_UNIT/net20890   

1
compile -scan -incremental
Information: Choosing a test methodology will restrict the optimization of sequential cells. (UIO-12)

Information: There are 72 potential problems in your design. Please run 'check_design' for more information. (LINT-99)


Warning: Operating condition scmetro_tsmc_cl013g_rvt_ss_1p08v_125c set on design SYS_TOP has different process,
voltage and temperatures parameters than the parameters at which target library 
scmetro_tsmc_cl013g_rvt_tt_1p2v_25c is characterized. Delays may be inaccurate as a result. (OPT-998)

  Beginning Pass 1 Mapping  (Incremental)
  ------------------------

  Updating timing information
Information: Updating design information... (UID-85)

  Beginning Mapping Optimizations  (Medium effort)  (Incremental)
  -------------------------------

  Beginning Incremental Implementation Selection
  ----------------------------------------------

  Beginning Delay Optimization Phase
  ----------------------------------

                                  TOTAL                                      
   ELAPSED            WORST NEG   SETUP    DESIGN                            
    TIME      AREA      SLACK     COST    RULE COST         ENDPOINT         
  --------- --------- --------- --------- --------- -------------------------
    0:00:02   43845.0      0.00       0.0      11.8                          
    0:00:03   43845.0      0.00       0.0      11.8                          
    0:00:03   43747.4      0.00       0.0      51.9                          


  Beginning Design Rule Fixing  (max_transition)  (max_capacitance)
  ----------------------------

                                  TOTAL                                      
   ELAPSED            WORST NEG   SETUP    DESIGN                            
    TIME      AREA      SLACK     COST    RULE COST         ENDPOINT         
  --------- --------- --------- --------- --------- -------------------------
    0:00:03   43747.4      0.00       0.0      51.9                          
    0:00:04   43803.8      0.00       0.0      21.0 REG_FILE_UNIT/n996       
    0:00:04   43889.7      0.00       0.0       0.3 TX_CLK_GEN/n86           
    0:00:04   43905.0      0.00       0.0       0.0                          
Loading db file '/home/ICer/Assignments/FINAL_SYSTEM/std_cells/scmetro_tsmc_cl013g_rvt_tt_1p2v_25c.db'
Loading db file '/home/ICer/Assignments/FINAL_SYSTEM/std_cells/scmetro_tsmc_cl013g_rvt_ff_1p32v_m40c.db'
Loading db file '/home/ICer/Assignments/FINAL_SYSTEM/std_cells/scmetro_tsmc_cl013g_rvt_ss_1p08v_125c.db'


Note: Symbol # after min delay cost means estimated hold TNS across all active scenarios 


  Optimization Complete
  ---------------------
1
###################### Design Rule Checking #######################
dft_drc -verbose -coverage_estimate
In mode: Internal_scan...
  Design has scan chains in this mode
  Design is scan routed
  Post-DFT DRC enabled

Information: Starting test design rule checking. (TEST-222)
  Loading test protocol
  ...basic checks...
  ...basic sequential cell checks...
  ...checking vector rules...
  ...checking clock rules...
  ...checking scan chain rules...
  ...checking scan compression rules...
  ...checking X-state rules...
  ...checking tristate rules...
  ...extracting scan details...

-----------------------------------------------------------------
Begin Other violations...

Warning: Cell CLK_GATE_UNIT/U0 has constant 1 value. (TEST-505)

Other violations completed...
-----------------------------------------------------------------

-----------------------------------------------------------------
  DRC Report

  Total violations: 1

-----------------------------------------------------------------

1 OTHER VIOLATION
     1 Cell is constant 1 violation (TEST-505)


Warning: Violations occurred during test design rule checking. (TEST-124)

-----------------------------------------------------------------
  Sequential Cell Report

  1 out of 391 sequential cells have violations

-----------------------------------------------------------------

SEQUENTIAL CELLS WITH VIOLATIONS
      *   1 cell has constant 1 value
         CLK_GATE_UNIT/U0
SEQUENTIAL CELLS WITHOUT VIOLATIONS
      * 390 cells are valid scan cells
         RST_SYNC_1/STAGES_REG_reg[1]
         RST_SYNC_1/STAGES_REG_reg[0]
         RST_SYNC_2/STAGES_REG_reg[1]
         RST_SYNC_2/STAGES_REG_reg[0]
         RX_CLK_GEN/even_r_reg
         RX_CLK_GEN/even_clk_reg
         RX_CLK_GEN/cnt_odd_neg_reg[1]
         RX_CLK_GEN/cnt_odd_pos_reg[1]
         RX_CLK_GEN/cnt_odd_pos_reg[0]
         RX_CLK_GEN/cnt_even_reg[2]
         RX_CLK_GEN/cnt_even_reg[1]
         RX_CLK_GEN/cnt_odd_pos_reg[3]
         RX_CLK_GEN/cnt_even_reg[0]
         RX_CLK_GEN/outA_r_reg
         RX_CLK_GEN/cnt_even_reg[3]
         RX_CLK_GEN/outB_r_reg
         RX_CLK_GEN/cnt_odd_neg_reg[0]
         RX_CLK_GEN/cnt_odd_neg_reg[3]
         RX_CLK_GEN/cnt_odd_neg_reg[2]
         RX_CLK_GEN/cnt_odd_pos_reg[2]
         TX_CLK_GEN/outB_r_reg
         TX_CLK_GEN/even_r_reg
         TX_CLK_GEN/even_clk_reg
         TX_CLK_GEN/outA_r_reg
         TX_CLK_GEN/cnt_even_reg[6]
         TX_CLK_GEN/cnt_odd_pos_reg[1]
         TX_CLK_GEN/cnt_even_reg[5]
         TX_CLK_GEN/cnt_odd_neg_reg[3]
         TX_CLK_GEN/cnt_odd_neg_reg[7]
         TX_CLK_GEN/cnt_odd_neg_reg[4]
         TX_CLK_GEN/cnt_odd_neg_reg[2]
         TX_CLK_GEN/cnt_even_reg[7]
         TX_CLK_GEN/cnt_odd_neg_reg[0]
         TX_CLK_GEN/cnt_even_reg[0]
         TX_CLK_GEN/cnt_even_reg[3]
         TX_CLK_GEN/cnt_odd_pos_reg[2]
         TX_CLK_GEN/cnt_even_reg[4]
         TX_CLK_GEN/cnt_odd_pos_reg[4]
         TX_CLK_GEN/cnt_odd_pos_reg[3]
         TX_CLK_GEN/cnt_odd_pos_reg[6]
         TX_CLK_GEN/cnt_even_reg[1]
         TX_CLK_GEN/cnt_even_reg[2]
         TX_CLK_GEN/cnt_odd_pos_reg[5]
         TX_CLK_GEN/cnt_odd_pos_reg[0]
         TX_CLK_GEN/cnt_odd_neg_reg[6]
         TX_CLK_GEN/cnt_odd_neg_reg[5]
         TX_CLK_GEN/cnt_odd_pos_reg[7]
         TX_CLK_GEN/cnt_odd_neg_reg[1]
         RD_INC_UNIT/LVL_SIG_reg_reg
         DATA_SYNC_UNIT/pulse_gen_reg_reg
         DATA_SYNC_UNIT/enable_reg_reg[1]
         DATA_SYNC_UNIT/enable_reg_reg[0]
         DATA_SYNC_UNIT/sync_bus_reg[2]
         DATA_SYNC_UNIT/sync_bus_reg[3]
         DATA_SYNC_UNIT/sync_bus_reg[1]
         DATA_SYNC_UNIT/sync_bus_reg[6]
         DATA_SYNC_UNIT/sync_bus_reg[7]
         DATA_SYNC_UNIT/sync_bus_reg[4]
         DATA_SYNC_UNIT/sync_bus_reg[5]
         DATA_SYNC_UNIT/sync_bus_reg[0]
         DATA_SYNC_UNIT/enable_pulse_reg
         ALU_UNIT/ALU_OUT_reg[15]
         ALU_UNIT/ALU_OUT_reg[5]
         ALU_UNIT/ALU_OUT_reg[4]
         ALU_UNIT/ALU_OUT_reg[3]
         ALU_UNIT/ALU_OUT_reg[2]
         ALU_UNIT/ALU_OUT_reg[1]
         ALU_UNIT/ALU_OUT_reg[14]
         ALU_UNIT/ALU_OUT_reg[13]
         ALU_UNIT/ALU_OUT_reg[12]
         ALU_UNIT/ALU_OUT_reg[11]
         ALU_UNIT/ALU_OUT_reg[10]
         ALU_UNIT/ALU_OUT_reg[9]
         ALU_UNIT/ALU_OUT_reg[8]
         ALU_UNIT/ALU_OUT_reg[6]
         ALU_UNIT/ALU_OUT_reg[7]
         ALU_UNIT/ALU_OUT_reg[0]
         ALU_UNIT/OUT_VALID_reg
         REG_FILE_UNIT/regfile_reg[11][7]
         REG_FILE_UNIT/regfile_reg[11][6]
         REG_FILE_UNIT/regfile_reg[11][5]
         REG_FILE_UNIT/regfile_reg[11][4]
         REG_FILE_UNIT/regfile_reg[11][3]
         REG_FILE_UNIT/regfile_reg[11][2]
         REG_FILE_UNIT/regfile_reg[11][1]
         REG_FILE_UNIT/regfile_reg[11][0]
         REG_FILE_UNIT/regfile_reg[15][6]
         REG_FILE_UNIT/regfile_reg[15][5]
         REG_FILE_UNIT/regfile_reg[15][4]
         REG_FILE_UNIT/regfile_reg[15][3]
         REG_FILE_UNIT/regfile_reg[15][2]
         REG_FILE_UNIT/regfile_reg[15][1]
         REG_FILE_UNIT/regfile_reg[15][0]
         REG_FILE_UNIT/regfile_reg[10][7]
         REG_FILE_UNIT/regfile_reg[10][6]
         REG_FILE_UNIT/regfile_reg[10][5]
         REG_FILE_UNIT/regfile_reg[10][4]
         REG_FILE_UNIT/regfile_reg[10][3]
         REG_FILE_UNIT/regfile_reg[10][2]
         REG_FILE_UNIT/regfile_reg[10][1]
         REG_FILE_UNIT/regfile_reg[10][0]
         REG_FILE_UNIT/regfile_reg[14][7]
         REG_FILE_UNIT/regfile_reg[14][6]
         REG_FILE_UNIT/regfile_reg[14][5]
         REG_FILE_UNIT/regfile_reg[14][4]
         REG_FILE_UNIT/regfile_reg[14][3]
         REG_FILE_UNIT/regfile_reg[14][2]
         REG_FILE_UNIT/regfile_reg[14][1]
         REG_FILE_UNIT/regfile_reg[14][0]
         REG_FILE_UNIT/regfile_reg[5][6]
         REG_FILE_UNIT/regfile_reg[5][5]
         REG_FILE_UNIT/regfile_reg[5][4]
         REG_FILE_UNIT/regfile_reg[5][2]
         REG_FILE_UNIT/regfile_reg[5][1]
         REG_FILE_UNIT/regfile_reg[4][7]
         REG_FILE_UNIT/regfile_reg[4][6]
         REG_FILE_UNIT/regfile_reg[4][5]
         REG_FILE_UNIT/regfile_reg[4][4]
         REG_FILE_UNIT/regfile_reg[4][3]
         REG_FILE_UNIT/regfile_reg[4][2]
         REG_FILE_UNIT/regfile_reg[4][1]
         REG_FILE_UNIT/regfile_reg[4][0]
         REG_FILE_UNIT/regfile_reg[5][7]
         REG_FILE_UNIT/regfile_reg[5][3]
         REG_FILE_UNIT/regfile_reg[5][0]
         REG_FILE_UNIT/regfile_reg[15][7]
         REG_FILE_UNIT/regfile_reg[9][6]
         REG_FILE_UNIT/regfile_reg[9][5]
         REG_FILE_UNIT/regfile_reg[9][4]
         REG_FILE_UNIT/regfile_reg[9][2]
         REG_FILE_UNIT/regfile_reg[9][1]
         REG_FILE_UNIT/regfile_reg[8][7]
         REG_FILE_UNIT/regfile_reg[8][6]
         REG_FILE_UNIT/regfile_reg[8][5]
         REG_FILE_UNIT/regfile_reg[8][4]
         REG_FILE_UNIT/regfile_reg[8][3]
         REG_FILE_UNIT/regfile_reg[8][2]
         REG_FILE_UNIT/regfile_reg[8][1]
         REG_FILE_UNIT/regfile_reg[8][0]
         REG_FILE_UNIT/regfile_reg[9][7]
         REG_FILE_UNIT/regfile_reg[9][3]
         REG_FILE_UNIT/regfile_reg[9][0]
         REG_FILE_UNIT/regfile_reg[13][6]
         REG_FILE_UNIT/regfile_reg[13][5]
         REG_FILE_UNIT/regfile_reg[13][4]
         REG_FILE_UNIT/regfile_reg[13][2]
         REG_FILE_UNIT/regfile_reg[13][1]
         REG_FILE_UNIT/regfile_reg[12][7]
         REG_FILE_UNIT/regfile_reg[12][6]
         REG_FILE_UNIT/regfile_reg[12][5]
         REG_FILE_UNIT/regfile_reg[12][4]
         REG_FILE_UNIT/regfile_reg[12][3]
         REG_FILE_UNIT/regfile_reg[12][2]
         REG_FILE_UNIT/regfile_reg[12][1]
         REG_FILE_UNIT/regfile_reg[12][0]
         REG_FILE_UNIT/regfile_reg[13][7]
         REG_FILE_UNIT/regfile_reg[13][3]
         REG_FILE_UNIT/regfile_reg[13][0]
         REG_FILE_UNIT/regfile_reg[7][7]
         REG_FILE_UNIT/regfile_reg[7][6]
         REG_FILE_UNIT/regfile_reg[7][5]
         REG_FILE_UNIT/regfile_reg[7][4]
         REG_FILE_UNIT/regfile_reg[7][3]
         REG_FILE_UNIT/regfile_reg[7][1]
         REG_FILE_UNIT/regfile_reg[7][0]
         REG_FILE_UNIT/regfile_reg[6][7]
         REG_FILE_UNIT/regfile_reg[6][6]
         REG_FILE_UNIT/regfile_reg[6][5]
         REG_FILE_UNIT/regfile_reg[6][4]
         REG_FILE_UNIT/regfile_reg[6][3]
         REG_FILE_UNIT/regfile_reg[6][2]
         REG_FILE_UNIT/regfile_reg[6][1]
         REG_FILE_UNIT/regfile_reg[6][0]
         REG_FILE_UNIT/RdData_reg[7]
         REG_FILE_UNIT/RdData_reg[6]
         REG_FILE_UNIT/RdData_reg[5]
         REG_FILE_UNIT/RdData_reg[4]
         REG_FILE_UNIT/RdData_reg[3]
         REG_FILE_UNIT/RdData_reg[2]
         REG_FILE_UNIT/RdData_reg[1]
         REG_FILE_UNIT/RdData_reg[0]
         REG_FILE_UNIT/regfile_reg[7][2]
         REG_FILE_UNIT/regfile_reg[2][5]
         REG_FILE_UNIT/regfile_reg[2][4]
         REG_FILE_UNIT/regfile_reg[2][6]
         REG_FILE_UNIT/regfile_reg[2][2]
         REG_FILE_UNIT/regfile_reg[2][3]
         REG_FILE_UNIT/regfile_reg[0][0]
         REG_FILE_UNIT/regfile_reg[0][2]
         REG_FILE_UNIT/regfile_reg[1][1]
         REG_FILE_UNIT/regfile_reg[0][6]
         REG_FILE_UNIT/regfile_reg[0][4]
         REG_FILE_UNIT/regfile_reg[0][5]
         REG_FILE_UNIT/regfile_reg[2][1]
         REG_FILE_UNIT/RdData_Valid_reg
         REG_FILE_UNIT/regfile_reg[3][0]
         REG_FILE_UNIT/regfile_reg[1][5]
         REG_FILE_UNIT/regfile_reg[1][6]
         REG_FILE_UNIT/regfile_reg[3][5]
         REG_FILE_UNIT/regfile_reg[2][7]
         REG_FILE_UNIT/regfile_reg[2][0]
         REG_FILE_UNIT/regfile_reg[3][2]
         REG_FILE_UNIT/regfile_reg[3][1]
         REG_FILE_UNIT/regfile_reg[3][4]
         REG_FILE_UNIT/regfile_reg[3][3]
         REG_FILE_UNIT/regfile_reg[1][2]
         REG_FILE_UNIT/regfile_reg[0][3]
         REG_FILE_UNIT/regfile_reg[1][3]
         REG_FILE_UNIT/regfile_reg[0][1]
         REG_FILE_UNIT/regfile_reg[1][4]
         REG_FILE_UNIT/regfile_reg[0][7]
         REG_FILE_UNIT/regfile_reg[1][0]
         REG_FILE_UNIT/regfile_reg[1][7]
         REG_FILE_UNIT/regfile_reg[3][6]
         REG_FILE_UNIT/regfile_reg[3][7]
         SYS_CTRL_UNIT/ALU_OUT_STORED_reg[8]
         SYS_CTRL_UNIT/ALU_OUT_STORED_reg[9]
         SYS_CTRL_UNIT/ALU_OUT_STORED_reg[10]
         SYS_CTRL_UNIT/ALU_OUT_STORED_reg[11]
         SYS_CTRL_UNIT/ALU_OUT_STORED_reg[12]
         SYS_CTRL_UNIT/ALU_OUT_STORED_reg[13]
         SYS_CTRL_UNIT/ALU_OUT_STORED_reg[14]
         SYS_CTRL_UNIT/ALU_OUT_STORED_reg[15]
         SYS_CTRL_UNIT/ALU_OUT_STORED_reg[0]
         SYS_CTRL_UNIT/ALU_OUT_STORED_reg[2]
         SYS_CTRL_UNIT/ALU_OUT_STORED_reg[3]
         SYS_CTRL_UNIT/ALU_OUT_STORED_reg[4]
         SYS_CTRL_UNIT/ALU_OUT_STORED_reg[5]
         SYS_CTRL_UNIT/ALU_OUT_STORED_reg[6]
         SYS_CTRL_UNIT/ALU_OUT_STORED_reg[1]
         SYS_CTRL_UNIT/ALU_OUT_STORED_reg[7]
         SYS_CTRL_UNIT/Address_STORED_reg[1]
         SYS_CTRL_UNIT/Address_STORED_reg[2]
         SYS_CTRL_UNIT/Address_STORED_reg[3]
         SYS_CTRL_UNIT/Address_STORED_reg[0]
         SYS_CTRL_UNIT/Current_State_reg[3]
         SYS_CTRL_UNIT/Current_State_reg[0]
         SYS_CTRL_UNIT/Current_State_reg[2]
         SYS_CTRL_UNIT/Current_State_reg[1]
         FIFO_UNIT/sync_r2w/wq1_rptr_reg[3]
         FIFO_UNIT/sync_r2w/wq1_rptr_reg[2]
         FIFO_UNIT/sync_r2w/wq1_rptr_reg[1]
         FIFO_UNIT/sync_r2w/wq1_rptr_reg[0]
         FIFO_UNIT/sync_r2w/wq2_rptr_reg[1]
         FIFO_UNIT/sync_r2w/wq2_rptr_reg[0]
         FIFO_UNIT/sync_r2w/wq2_rptr_reg[2]
         FIFO_UNIT/sync_r2w/wq2_rptr_reg[3]
         FIFO_UNIT/sync_w2r/rq1_wptr_reg[3]
         FIFO_UNIT/sync_w2r/rq1_wptr_reg[2]
         FIFO_UNIT/sync_w2r/rq1_wptr_reg[1]
         FIFO_UNIT/sync_w2r/rq1_wptr_reg[0]
         FIFO_UNIT/sync_w2r/rq2_wptr_reg[1]
         FIFO_UNIT/sync_w2r/rq2_wptr_reg[0]
         FIFO_UNIT/sync_w2r/rq2_wptr_reg[3]
         FIFO_UNIT/sync_w2r/rq2_wptr_reg[2]
         FIFO_UNIT/fifomem/mem_reg[5][7]
         FIFO_UNIT/fifomem/mem_reg[5][6]
         FIFO_UNIT/fifomem/mem_reg[5][5]
         FIFO_UNIT/fifomem/mem_reg[5][4]
         FIFO_UNIT/fifomem/mem_reg[5][3]
         FIFO_UNIT/fifomem/mem_reg[5][2]
         FIFO_UNIT/fifomem/mem_reg[5][1]
         FIFO_UNIT/fifomem/mem_reg[5][0]
         FIFO_UNIT/fifomem/mem_reg[4][7]
         FIFO_UNIT/fifomem/mem_reg[4][6]
         FIFO_UNIT/fifomem/mem_reg[4][5]
         FIFO_UNIT/fifomem/mem_reg[4][4]
         FIFO_UNIT/fifomem/mem_reg[4][3]
         FIFO_UNIT/fifomem/mem_reg[4][2]
         FIFO_UNIT/fifomem/mem_reg[4][1]
         FIFO_UNIT/fifomem/mem_reg[4][0]
         FIFO_UNIT/fifomem/mem_reg[7][6]
         FIFO_UNIT/fifomem/mem_reg[7][5]
         FIFO_UNIT/fifomem/mem_reg[7][4]
         FIFO_UNIT/fifomem/mem_reg[7][3]
         FIFO_UNIT/fifomem/mem_reg[7][2]
         FIFO_UNIT/fifomem/mem_reg[7][1]
         FIFO_UNIT/fifomem/mem_reg[7][0]
         FIFO_UNIT/fifomem/mem_reg[6][7]
         FIFO_UNIT/fifomem/mem_reg[6][6]
         FIFO_UNIT/fifomem/mem_reg[6][5]
         FIFO_UNIT/fifomem/mem_reg[6][4]
         FIFO_UNIT/fifomem/mem_reg[6][3]
         FIFO_UNIT/fifomem/mem_reg[6][2]
         FIFO_UNIT/fifomem/mem_reg[6][1]
         FIFO_UNIT/fifomem/mem_reg[6][0]
         FIFO_UNIT/fifomem/mem_reg[7][7]
         FIFO_UNIT/fifomem/mem_reg[3][7]
         FIFO_UNIT/fifomem/mem_reg[2][7]
         FIFO_UNIT/fifomem/mem_reg[2][6]
         FIFO_UNIT/fifomem/mem_reg[2][5]
         FIFO_UNIT/fifomem/mem_reg[2][4]
         FIFO_UNIT/fifomem/mem_reg[2][3]
         FIFO_UNIT/fifomem/mem_reg[2][2]
         FIFO_UNIT/fifomem/mem_reg[2][1]
         FIFO_UNIT/fifomem/mem_reg[2][0]
         FIFO_UNIT/fifomem/mem_reg[3][6]
         FIFO_UNIT/fifomem/mem_reg[3][5]
         FIFO_UNIT/fifomem/mem_reg[3][4]
         FIFO_UNIT/fifomem/mem_reg[3][3]
         FIFO_UNIT/fifomem/mem_reg[3][2]
         FIFO_UNIT/fifomem/mem_reg[3][1]
         FIFO_UNIT/fifomem/mem_reg[3][0]
         FIFO_UNIT/fifomem/mem_reg[1][7]
         FIFO_UNIT/fifomem/mem_reg[0][7]
         FIFO_UNIT/fifomem/mem_reg[1][6]
         FIFO_UNIT/fifomem/mem_reg[1][5]
         FIFO_UNIT/fifomem/mem_reg[1][4]
         FIFO_UNIT/fifomem/mem_reg[1][3]
         FIFO_UNIT/fifomem/mem_reg[1][2]
         FIFO_UNIT/fifomem/mem_reg[1][1]
         FIFO_UNIT/fifomem/mem_reg[1][0]
         FIFO_UNIT/fifomem/mem_reg[0][6]
         FIFO_UNIT/fifomem/mem_reg[0][5]
         FIFO_UNIT/fifomem/mem_reg[0][4]
         FIFO_UNIT/fifomem/mem_reg[0][3]
         FIFO_UNIT/fifomem/mem_reg[0][2]
         FIFO_UNIT/fifomem/mem_reg[0][1]
         FIFO_UNIT/fifomem/mem_reg[0][0]
         FIFO_UNIT/rptr_empty/rptr_reg[3]
         FIFO_UNIT/rptr_empty/rptr_reg[2]
         FIFO_UNIT/rptr_empty/rptr_reg[1]
         FIFO_UNIT/rptr_empty/rptr_reg[0]
         FIFO_UNIT/rptr_empty/rbin_reg[3]
         FIFO_UNIT/rptr_empty/rempty_reg
         FIFO_UNIT/rptr_empty/rbin_reg[0]
         FIFO_UNIT/rptr_empty/rbin_reg[2]
         FIFO_UNIT/rptr_empty/rbin_reg[1]
         FIFO_UNIT/wptr_full/wptr_reg[3]
         FIFO_UNIT/wptr_full/wptr_reg[2]
         FIFO_UNIT/wptr_full/wptr_reg[1]
         FIFO_UNIT/wptr_full/wptr_reg[0]
         FIFO_UNIT/wptr_full/wbin_reg[3]
         FIFO_UNIT/wptr_full/wfull_reg
         FIFO_UNIT/wptr_full/wbin_reg[2]
         FIFO_UNIT/wptr_full/wbin_reg[1]
         FIFO_UNIT/wptr_full/wbin_reg[0]
         UART_UNIT/UART_TX_UNIT/u_fsm/Current_State_reg[2]
         UART_UNIT/UART_TX_UNIT/u_fsm/Current_State_reg[1]
         UART_UNIT/UART_TX_UNIT/u_fsm/Current_State_reg[0]
         UART_UNIT/UART_TX_UNIT/u_fsm/busy_reg
         UART_UNIT/UART_TX_UNIT/u_serializer/DATA_V_reg[7]
         UART_UNIT/UART_TX_UNIT/u_serializer/DATA_V_reg[6]
         UART_UNIT/UART_TX_UNIT/u_serializer/DATA_V_reg[5]
         UART_UNIT/UART_TX_UNIT/u_serializer/DATA_V_reg[4]
         UART_UNIT/UART_TX_UNIT/u_serializer/DATA_V_reg[3]
         UART_UNIT/UART_TX_UNIT/u_serializer/DATA_V_reg[2]
         UART_UNIT/UART_TX_UNIT/u_serializer/DATA_V_reg[1]
         UART_UNIT/UART_TX_UNIT/u_serializer/ser_count_reg[0]
         UART_UNIT/UART_TX_UNIT/u_serializer/ser_count_reg[1]
         UART_UNIT/UART_TX_UNIT/u_serializer/ser_count_reg[2]
         UART_UNIT/UART_TX_UNIT/u_serializer/DATA_V_reg[0]
         UART_UNIT/UART_TX_UNIT/u_parity/DATA_V_reg[5]
         UART_UNIT/UART_TX_UNIT/u_parity/DATA_V_reg[1]
         UART_UNIT/UART_TX_UNIT/u_parity/DATA_V_reg[4]
         UART_UNIT/UART_TX_UNIT/u_parity/DATA_V_reg[0]
         UART_UNIT/UART_TX_UNIT/u_parity/DATA_V_reg[3]
         UART_UNIT/UART_TX_UNIT/u_parity/DATA_V_reg[2]
         UART_UNIT/UART_TX_UNIT/u_parity/DATA_V_reg[6]
         UART_UNIT/UART_TX_UNIT/u_parity/DATA_V_reg[7]
         UART_UNIT/UART_TX_UNIT/u_parity/par_bit_reg
         UART_UNIT/UART_RX_UNIT/u_FSM_RX/Data_Valid_reg
         UART_UNIT/UART_RX_UNIT/u_FSM_RX/Current_State_reg[0]
         UART_UNIT/UART_RX_UNIT/u_FSM_RX/Current_State_reg[1]
         UART_UNIT/UART_RX_UNIT/u_FSM_RX/Current_State_reg[2]
         UART_UNIT/UART_RX_UNIT/u_edge_bit_counter/edge_cnt_reg[5]
         UART_UNIT/UART_RX_UNIT/u_edge_bit_counter/edge_cnt_reg[4]
         UART_UNIT/UART_RX_UNIT/u_edge_bit_counter/edge_cnt_reg[1]
         UART_UNIT/UART_RX_UNIT/u_edge_bit_counter/bit_cnt_reg[2]
         UART_UNIT/UART_RX_UNIT/u_edge_bit_counter/edge_cnt_reg[3]
         UART_UNIT/UART_RX_UNIT/u_edge_bit_counter/edge_cnt_reg[0]
         UART_UNIT/UART_RX_UNIT/u_edge_bit_counter/bit_cnt_reg[1]
         UART_UNIT/UART_RX_UNIT/u_edge_bit_counter/bit_cnt_reg[3]
         UART_UNIT/UART_RX_UNIT/u_edge_bit_counter/edge_cnt_reg[2]
         UART_UNIT/UART_RX_UNIT/u_edge_bit_counter/bit_cnt_reg[0]
         UART_UNIT/UART_RX_UNIT/u_Data_Sampling/Data_Sampled_reg_reg[2]
         UART_UNIT/UART_RX_UNIT/u_Data_Sampling/Data_Sampled_reg_reg[0]
         UART_UNIT/UART_RX_UNIT/u_Data_Sampling/Data_Sampled_reg_reg[1]
         UART_UNIT/UART_RX_UNIT/u_Data_Sampling/sampled_bit_reg
         UART_UNIT/UART_RX_UNIT/u_deserializer/P_DATA_reg[0]
         UART_UNIT/UART_RX_UNIT/u_deserializer/P_DATA_reg[7]
         UART_UNIT/UART_RX_UNIT/u_deserializer/P_DATA_reg[6]
         UART_UNIT/UART_RX_UNIT/u_deserializer/P_DATA_reg[3]
         UART_UNIT/UART_RX_UNIT/u_deserializer/P_DATA_reg[1]
         UART_UNIT/UART_RX_UNIT/u_deserializer/P_DATA_reg[4]
         UART_UNIT/UART_RX_UNIT/u_deserializer/P_DATA_reg[5]
         UART_UNIT/UART_RX_UNIT/u_deserializer/P_DATA_reg[2]
         UART_UNIT/UART_RX_UNIT/u_Start_Check/strt_glitch_reg
         UART_UNIT/UART_RX_UNIT/u_Parity_Check/par_err_reg
         UART_UNIT/UART_RX_UNIT/u_Stop_Check/stp_err_reg

....Inferring feed-through connections....
Information: Test design rule checking completed. (TEST-123)
  Running test coverage estimation...
 28882 faults were added to fault list.
 ATPG performed for stuck fault model using internal pattern source.
 ----------------------------------------------------------
 #patterns     #faults     #ATPG faults  test      process
 stored     detect/active  red/au/abort  coverage  CPU time
 ---------  -------------  ------------  --------  --------
 Begin deterministic ATPG: #uncollapsed_faults=24307, abort_limit=10...
 0           14098  10207         2/0/0    64.14%      0.01
 0            2214   7897        32/0/1    72.10%      0.07
 0            1347   6390       126/1/2    77.24%      0.09
 0             486   5739       236/2/3    79.41%      0.13
 0             548   5154       264/2/3    81.45%      0.14
 0             365   4744       301/2/3    82.88%      0.15
 0             298   4368       367/2/3    84.17%      0.17
 0             196   4124       408/2/3    85.01%      0.18
 0             264   3641       563/4/3    86.61%      0.23
 0             183   3424       587/4/3    87.38%      0.25
 0             196   3175       634/4/3    88.25%      0.26
 0             146   2923       720/4/3    89.12%      0.28
 0              78   2796       756/4/4    89.56%      0.29
 0              79   2537       895/4/4    90.43%      0.32
 0              87   2242      1067/4/4    91.45%      0.34
 0              99   1907      1261/4/4    92.61%      0.38
 0              94   1737      1310/4/4    93.22%      0.40
 0              76   1376      1531/4/4    94.51%      0.48
 0              93   1109      1672/4/4    95.48%      0.53
 0              69    497      2098/4/5    97.75%      0.62
 0              83    375      2127/4/5    98.22%      0.63
 0              92    245      2158/4/5    98.72%      0.65
 0              50      5      2310/4/5    99.64%      0.68
 
            Pattern Summary Report
 -----------------------------------------------
 #internal patterns                           0
 -----------------------------------------------
 

     Uncollapsed Stuck Fault Summary Report
 -----------------------------------------------
 fault class                     code   #faults
 ------------------------------  ----  ---------
 Detected                         DT      25542
 Possibly detected                PT          0
 Undetectable                     UD       3249
 ATPG untestable                  AU         86
 Not detected                     ND          5
 -----------------------------------------------
 total faults                             28882
 test coverage                            99.64%
 -----------------------------------------------
  Information: The test coverage above may be inferior
               than the real test coverage with customized
               protocol and test simulation library.
1
#############################################################################
# Write out files
#############################################################################
set_svf -off
1
write_file -format verilog -hierarchy -output $top_module.v
Writing verilog file '/home/ICer/Assignments/FINAL_SYSTEM/DFT/SYS_TOP.v'.
Warning: Verilog 'assign' or 'tran' statements are written out. (VO-4)
Warning: Changed wire name test_so1 to test_so1_snps_wire in module ClkDiv_WIDTH8_test_1_test_1_test_1.  Please use the change_names command to make the correct changes before invoking the verilog writer. (VO-2)
Warning: Verilog writer has added 1 nets to module ClkDiv_WIDTH8_test_1_test_1_test_1 using SYNOPSYS_UNCONNECTED_ as prefix.  Please use the change_names command to make the correct changes before invoking the verilog writer.  (VO-11)
1
write_file -format ddc -hierarchy -output $top_module.ddc
Writing ddc file 'SYS_TOP.ddc'.
1
write_sdc  -nosplit $top_module.sdc
1
write_sdf           $top_module.sdf
Information: Annotated 'cell' delays are assumed to include load delay. (UID-282)
Information: Writing timing information to file '/home/ICer/Assignments/FINAL_SYSTEM/DFT/SYS_TOP.sdf'. (WT-3)
Information: Updating design information... (UID-85)
1
####################### reporting ##########################################
report_area -hierarchy > area_dft.rpt
report_power -hierarchy > power_dft.rpt
report_timing -max_paths 100 -delay_type min > hold_dft.rpt
report_timing -max_paths 100 -delay_type max > setup_dft.rpt
report_clock -attributes > clocks_dft.rpt
report_constraint -all_violators > constraints_dft.rpt
################# starting graphical user interface #######################
#gui_start
#exit
dc_shell> 