 
****************************************
Report : timing
        -path full
        -delay min
        -max_paths 100
Design : SYS_TOP
Version: O-2018.06-SP1
Date   : Mon Oct  5 16:43:16 2026
****************************************

Operating Conditions: scmetro_tsmc_cl013g_rvt_ff_1p32v_m40c   Library: scmetro_tsmc_cl013g_rvt_ff_1p32v_m40c
Wire Load Model Mode: top

  Startpoint: SYS_CTRL_UNIT/Current_State_reg[3]
              (rising edge-triggered flip-flop clocked by REF_CLK)
  Endpoint: ALU_UNIT/OUT_VALID_reg
            (rising edge-triggered flip-flop clocked by ALU_CLK)
  Path Group: ALU_CLK
  Path Type: min

  Point                                                   Incr       Path
  --------------------------------------------------------------------------
  clock REF_CLK (rise edge)                               0.00       0.00
  clock network delay (ideal)                             0.00       0.00
  SYS_CTRL_UNIT/Current_State_reg[3]/CK (DFFRQX2M)        0.00       0.00 r
  SYS_CTRL_UNIT/Current_State_reg[3]/Q (DFFRQX2M)         0.43       0.43 r
  SYS_CTRL_UNIT/U41/Y (NOR2X2M)                           0.09       0.53 f
  SYS_CTRL_UNIT/U45/Y (NAND3X2M)                          0.11       0.63 r
  SYS_CTRL_UNIT/U20/Y (NOR2X2M)                           0.08       0.72 f
  SYS_CTRL_UNIT/EN (SYS_CTRL_OP_WIDTH8_ALU_OUT_WIDTH16_REG_WIDTH8_REG_DEPTH16_ADDRESS_WIDTH4_UART_DATA_WIDTH8)
                                                          0.00       0.72 f
  ALU_UNIT/EN (ALU_OPERAND_WIDTH8_OUT_WIDTH16)            0.00       0.72 f
  ALU_UNIT/OUT_VALID_reg/D (DFFRQX2M)                     0.00       0.72 f
  data arrival time                                                  0.72

  clock ALU_CLK (rise edge)                               0.00       0.00
  clock network delay (ideal)                             0.00       0.00
  clock uncertainty                                       0.10       0.10
  ALU_UNIT/OUT_VALID_reg/CK (DFFRQX2M)                    0.00       0.10 r
  library hold time                                      -0.03       0.07
  data required time                                                 0.07
  --------------------------------------------------------------------------
  data required time                                                 0.07
  data arrival time                                                 -0.72
  --------------------------------------------------------------------------
  slack (MET)                                                        0.65


  Startpoint: SYS_CTRL_UNIT/Current_State_reg[3]
              (rising edge-triggered flip-flop clocked by REF_CLK)
  Endpoint: ALU_UNIT/ALU_OUT_reg[15]
            (rising edge-triggered flip-flop clocked by ALU_CLK)
  Path Group: ALU_CLK
  Path Type: min

  Point                                                   Incr       Path
  --------------------------------------------------------------------------
  clock REF_CLK (rise edge)                               0.00       0.00
  clock network delay (ideal)                             0.00       0.00
  SYS_CTRL_UNIT/Current_State_reg[3]/CK (DFFRQX2M)        0.00       0.00 r
  SYS_CTRL_UNIT/Current_State_reg[3]/Q (DFFRQX2M)         0.43       0.43 r
  SYS_CTRL_UNIT/U41/Y (NOR2X2M)                           0.09       0.53 f
  SYS_CTRL_UNIT/U45/Y (NAND3X2M)                          0.11       0.63 r
  SYS_CTRL_UNIT/U20/Y (NOR2X2M)                           0.08       0.72 f
  SYS_CTRL_UNIT/EN (SYS_CTRL_OP_WIDTH8_ALU_OUT_WIDTH16_REG_WIDTH8_REG_DEPTH16_ADDRESS_WIDTH4_UART_DATA_WIDTH8)
                                                          0.00       0.72 f
  ALU_UNIT/EN (ALU_OPERAND_WIDTH8_OUT_WIDTH16)            0.00       0.72 f
  ALU_UNIT/U2/Y (OAI31X1M)                                0.23       0.94 r
  ALU_UNIT/U61/Y (OAI2BB1X2M)                             0.08       1.03 f
  ALU_UNIT/ALU_OUT_reg[15]/D (DFFRQX2M)                   0.00       1.03 f
  data arrival time                                                  1.03

  clock ALU_CLK (rise edge)                               0.00       0.00
  clock network delay (ideal)                             0.00       0.00
  clock uncertainty                                       0.10       0.10
  ALU_UNIT/ALU_OUT_reg[15]/CK (DFFRQX2M)                  0.00       0.10 r
  library hold time                                      -0.03       0.07
  data required time                                                 0.07
  --------------------------------------------------------------------------
  data required time                                                 0.07
  data arrival time                                                 -1.03
  --------------------------------------------------------------------------
  slack (MET)                                                        0.95


  Startpoint: SYS_CTRL_UNIT/Current_State_reg[3]
              (rising edge-triggered flip-flop clocked by REF_CLK)
  Endpoint: ALU_UNIT/ALU_OUT_reg[14]
            (rising edge-triggered flip-flop clocked by ALU_CLK)
  Path Group: ALU_CLK
  Path Type: min

  Point                                                   Incr       Path
  --------------------------------------------------------------------------
  clock REF_CLK (rise edge)                               0.00       0.00
  clock network delay (ideal)                             0.00       0.00
  SYS_CTRL_UNIT/Current_State_reg[3]/CK (DFFRQX2M)        0.00       0.00 r
  SYS_CTRL_UNIT/Current_State_reg[3]/Q (DFFRQX2M)         0.43       0.43 r
  SYS_CTRL_UNIT/U41/Y (NOR2X2M)                           0.09       0.53 f
  SYS_CTRL_UNIT/U45/Y (NAND3X2M)                          0.11       0.63 r
  SYS_CTRL_UNIT/U20/Y (NOR2X2M)                           0.08       0.72 f
  SYS_CTRL_UNIT/EN (SYS_CTRL_OP_WIDTH8_ALU_OUT_WIDTH16_REG_WIDTH8_REG_DEPTH16_ADDRESS_WIDTH4_UART_DATA_WIDTH8)
                                                          0.00       0.72 f
  ALU_UNIT/EN (ALU_OPERAND_WIDTH8_OUT_WIDTH16)            0.00       0.72 f
  ALU_UNIT/U2/Y (OAI31X1M)                                0.23       0.94 r
  ALU_UNIT/U60/Y (OAI2BB1X2M)                             0.08       1.03 f
  ALU_UNIT/ALU_OUT_reg[14]/D (DFFRQX2M)                   0.00       1.03 f
  data arrival time                                                  1.03

  clock ALU_CLK (rise edge)                               0.00       0.00
  clock network delay (ideal)                             0.00       0.00
  clock uncertainty                                       0.10       0.10
  ALU_UNIT/ALU_OUT_reg[14]/CK (DFFRQX2M)                  0.00       0.10 r
  library hold time                                      -0.03       0.07
  data required time                                                 0.07
  --------------------------------------------------------------------------
  data required time                                                 0.07
  data arrival time                                                 -1.03
  --------------------------------------------------------------------------
  slack (MET)                                                        0.95


  Startpoint: SYS_CTRL_UNIT/Current_State_reg[3]
              (rising edge-triggered flip-flop clocked by REF_CLK)
  Endpoint: ALU_UNIT/ALU_OUT_reg[13]
            (rising edge-triggered flip-flop clocked by ALU_CLK)
  Path Group: ALU_CLK
  Path Type: min

  Point                                                   Incr       Path
  --------------------------------------------------------------------------
  clock REF_CLK (rise edge)                               0.00       0.00
  clock network delay (ideal)                             0.00       0.00
  SYS_CTRL_UNIT/Current_State_reg[3]/CK (DFFRQX2M)        0.00       0.00 r
  SYS_CTRL_UNIT/Current_State_reg[3]/Q (DFFRQX2M)         0.43       0.43 r
  SYS_CTRL_UNIT/U41/Y (NOR2X2M)                           0.09       0.53 f
  SYS_CTRL_UNIT/U45/Y (NAND3X2M)                          0.11       0.63 r
  SYS_CTRL_UNIT/U20/Y (NOR2X2M)                           0.08       0.72 f
  SYS_CTRL_UNIT/EN (SYS_CTRL_OP_WIDTH8_ALU_OUT_WIDTH16_REG_WIDTH8_REG_DEPTH16_ADDRESS_WIDTH4_UART_DATA_WIDTH8)
                                                          0.00       0.72 f
  ALU_UNIT/EN (ALU_OPERAND_WIDTH8_OUT_WIDTH16)            0.00       0.72 f
  ALU_UNIT/U2/Y (OAI31X1M)                                0.23       0.94 r
  ALU_UNIT/U65/Y (OAI2BB1X2M)                             0.08       1.03 f
  ALU_UNIT/ALU_OUT_reg[13]/D (DFFRQX2M)                   0.00       1.03 f
  data arrival time                                                  1.03

  clock ALU_CLK (rise edge)                               0.00       0.00
  clock network delay (ideal)                             0.00       0.00
  clock uncertainty                                       0.10       0.10
  ALU_UNIT/ALU_OUT_reg[13]/CK (DFFRQX2M)                  0.00       0.10 r
  library hold time                                      -0.03       0.07
  data required time                                                 0.07
  --------------------------------------------------------------------------
  data required time                                                 0.07
  data arrival time                                                 -1.03
  --------------------------------------------------------------------------
  slack (MET)                                                        0.95


  Startpoint: SYS_CTRL_UNIT/Current_State_reg[3]
              (rising edge-triggered flip-flop clocked by REF_CLK)
  Endpoint: ALU_UNIT/ALU_OUT_reg[12]
            (rising edge-triggered flip-flop clocked by ALU_CLK)
  Path Group: ALU_CLK
  Path Type: min

  Point                                                   Incr       Path
  --------------------------------------------------------------------------
  clock REF_CLK (rise edge)                               0.00       0.00
  clock network delay (ideal)                             0.00       0.00
  SYS_CTRL_UNIT/Current_State_reg[3]/CK (DFFRQX2M)        0.00       0.00 r
  SYS_CTRL_UNIT/Current_State_reg[3]/Q (DFFRQX2M)         0.43       0.43 r
  SYS_CTRL_UNIT/U41/Y (NOR2X2M)                           0.09       0.53 f
  SYS_CTRL_UNIT/U45/Y (NAND3X2M)                          0.11       0.63 r
  SYS_CTRL_UNIT/U20/Y (NOR2X2M)                           0.08       0.72 f
  SYS_CTRL_UNIT/EN (SYS_CTRL_OP_WIDTH8_ALU_OUT_WIDTH16_REG_WIDTH8_REG_DEPTH16_ADDRESS_WIDTH4_UART_DATA_WIDTH8)
                                                          0.00       0.72 f
  ALU_UNIT/EN (ALU_OPERAND_WIDTH8_OUT_WIDTH16)            0.00       0.72 f
  ALU_UNIT/U2/Y (OAI31X1M)                                0.23       0.94 r
  ALU_UNIT/U64/Y (OAI2BB1X2M)                             0.08       1.03 f
  ALU_UNIT/ALU_OUT_reg[12]/D (DFFRQX2M)                   0.00       1.03 f
  data arrival time                                                  1.03

  clock ALU_CLK (rise edge)                               0.00       0.00
  clock network delay (ideal)                             0.00       0.00
  clock uncertainty                                       0.10       0.10
  ALU_UNIT/ALU_OUT_reg[12]/CK (DFFRQX2M)                  0.00       0.10 r
  library hold time                                      -0.03       0.07
  data required time                                                 0.07
  --------------------------------------------------------------------------
  data required time                                                 0.07
  data arrival time                                                 -1.03
  --------------------------------------------------------------------------
  slack (MET)                                                        0.95


  Startpoint: SYS_CTRL_UNIT/Current_State_reg[3]
              (rising edge-triggered flip-flop clocked by REF_CLK)
  Endpoint: ALU_UNIT/ALU_OUT_reg[11]
            (rising edge-triggered flip-flop clocked by ALU_CLK)
  Path Group: ALU_CLK
  Path Type: min

  Point                                                   Incr       Path
  --------------------------------------------------------------------------
  clock REF_CLK (rise edge)                               0.00       0.00
  clock network delay (ideal)                             0.00       0.00
  SYS_CTRL_UNIT/Current_State_reg[3]/CK (DFFRQX2M)        0.00       0.00 r
  SYS_CTRL_UNIT/Current_State_reg[3]/Q (DFFRQX2M)         0.43       0.43 r
  SYS_CTRL_UNIT/U41/Y (NOR2X2M)                           0.09       0.53 f
  SYS_CTRL_UNIT/U45/Y (NAND3X2M)                          0.11       0.63 r
  SYS_CTRL_UNIT/U20/Y (NOR2X2M)                           0.08       0.72 f
  SYS_CTRL_UNIT/EN (SYS_CTRL_OP_WIDTH8_ALU_OUT_WIDTH16_REG_WIDTH8_REG_DEPTH16_ADDRESS_WIDTH4_UART_DATA_WIDTH8)
                                                          0.00       0.72 f
  ALU_UNIT/EN (ALU_OPERAND_WIDTH8_OUT_WIDTH16)            0.00       0.72 f
  ALU_UNIT/U2/Y (OAI31X1M)                                0.23       0.94 r
  ALU_UNIT/U63/Y (OAI2BB1X2M)                             0.08       1.03 f
  ALU_UNIT/ALU_OUT_reg[11]/D (DFFRQX2M)                   0.00       1.03 f
  data arrival time                                                  1.03

  clock ALU_CLK (rise edge)                               0.00       0.00
  clock network delay (ideal)                             0.00       0.00
  clock uncertainty                                       0.10       0.10
  ALU_UNIT/ALU_OUT_reg[11]/CK (DFFRQX2M)                  0.00       0.10 r
  library hold time                                      -0.03       0.07
  data required time                                                 0.07
  --------------------------------------------------------------------------
  data required time                                                 0.07
  data arrival time                                                 -1.03
  --------------------------------------------------------------------------
  slack (MET)                                                        0.95


  Startpoint: SYS_CTRL_UNIT/Current_State_reg[3]
              (rising edge-triggered flip-flop clocked by REF_CLK)
  Endpoint: ALU_UNIT/ALU_OUT_reg[10]
            (rising edge-triggered flip-flop clocked by ALU_CLK)
  Path Group: ALU_CLK
  Path Type: min

  Point                                                   Incr       Path
  --------------------------------------------------------------------------
  clock REF_CLK (rise edge)                               0.00       0.00
  clock network delay (ideal)                             0.00       0.00
  SYS_CTRL_UNIT/Current_State_reg[3]/CK (DFFRQX2M)        0.00       0.00 r
  SYS_CTRL_UNIT/Current_State_reg[3]/Q (DFFRQX2M)         0.43       0.43 r
  SYS_CTRL_UNIT/U41/Y (NOR2X2M)                           0.09       0.53 f
  SYS_CTRL_UNIT/U45/Y (NAND3X2M)                          0.11       0.63 r
  SYS_CTRL_UNIT/U20/Y (NOR2X2M)                           0.08       0.72 f
  SYS_CTRL_UNIT/EN (SYS_CTRL_OP_WIDTH8_ALU_OUT_WIDTH16_REG_WIDTH8_REG_DEPTH16_ADDRESS_WIDTH4_UART_DATA_WIDTH8)
                                                          0.00       0.72 f
  ALU_UNIT/EN (ALU_OPERAND_WIDTH8_OUT_WIDTH16)            0.00       0.72 f
  ALU_UNIT/U2/Y (OAI31X1M)                                0.23       0.94 r
  ALU_UNIT/U62/Y (OAI2BB1X2M)                             0.08       1.03 f
  ALU_UNIT/ALU_OUT_reg[10]/D (DFFRQX2M)                   0.00       1.03 f
  data arrival time                                                  1.03

  clock ALU_CLK (rise edge)                               0.00       0.00
  clock network delay (ideal)                             0.00       0.00
  clock uncertainty                                       0.10       0.10
  ALU_UNIT/ALU_OUT_reg[10]/CK (DFFRQX2M)                  0.00       0.10 r
  library hold time                                      -0.03       0.07
  data required time                                                 0.07
  --------------------------------------------------------------------------
  data required time                                                 0.07
  data arrival time                                                 -1.03
  --------------------------------------------------------------------------
  slack (MET)                                                        0.95


  Startpoint: SYS_CTRL_UNIT/Current_State_reg[3]
              (rising edge-triggered flip-flop clocked by REF_CLK)
  Endpoint: ALU_UNIT/ALU_OUT_reg[9]
            (rising edge-triggered flip-flop clocked by ALU_CLK)
  Path Group: ALU_CLK
  Path Type: min

  Point                                                   Incr       Path
  --------------------------------------------------------------------------
  clock REF_CLK (rise edge)                               0.00       0.00
  clock network delay (ideal)                             0.00       0.00
  SYS_CTRL_UNIT/Current_State_reg[3]/CK (DFFRQX2M)        0.00       0.00 r
  SYS_CTRL_UNIT/Current_State_reg[3]/Q (DFFRQX2M)         0.43       0.43 r
  SYS_CTRL_UNIT/U41/Y (NOR2X2M)                           0.09       0.53 f
  SYS_CTRL_UNIT/U45/Y (NAND3X2M)                          0.11       0.63 r
  SYS_CTRL_UNIT/U20/Y (NOR2X2M)                           0.08       0.72 f
  SYS_CTRL_UNIT/EN (SYS_CTRL_OP_WIDTH8_ALU_OUT_WIDTH16_REG_WIDTH8_REG_DEPTH16_ADDRESS_WIDTH4_UART_DATA_WIDTH8)
                                                          0.00       0.72 f
  ALU_UNIT/EN (ALU_OPERAND_WIDTH8_OUT_WIDTH16)            0.00       0.72 f
  ALU_UNIT/U2/Y (OAI31X1M)                                0.23       0.94 r
  ALU_UNIT/U68/Y (OAI2BB1X2M)                             0.08       1.03 f
  ALU_UNIT/ALU_OUT_reg[9]/D (DFFRQX2M)                    0.00       1.03 f
  data arrival time                                                  1.03

  clock ALU_CLK (rise edge)                               0.00       0.00
  clock network delay (ideal)                             0.00       0.00
  clock uncertainty                                       0.10       0.10
  ALU_UNIT/ALU_OUT_reg[9]/CK (DFFRQX2M)                   0.00       0.10 r
  library hold time                                      -0.03       0.07
  data required time                                                 0.07
  --------------------------------------------------------------------------
  data required time                                                 0.07
  data arrival time                                                 -1.03
  --------------------------------------------------------------------------
  slack (MET)                                                        0.95


  Startpoint: REG_FILE_UNIT/regfile_reg[0][7]
              (rising edge-triggered flip-flop clocked by REF_CLK)
  Endpoint: ALU_UNIT/ALU_OUT_reg[8]
            (rising edge-triggered flip-flop clocked by ALU_CLK)
  Path Group: ALU_CLK
  Path Type: min

  Point                                                   Incr       Path
  --------------------------------------------------------------------------
  clock REF_CLK (rise edge)                               0.00       0.00
  clock network delay (ideal)                             0.00       0.00
  REG_FILE_UNIT/regfile_reg[0][7]/CK (DFFRQX2M)           0.00       0.00 r
  REG_FILE_UNIT/regfile_reg[0][7]/Q (DFFRQX2M)            0.48       0.48 f
  REG_FILE_UNIT/REG0[7] (Register_File_DEPTH16_DATA_WIDTH8_ADDRESS_WIDTH4)
                                                          0.00       0.48 f
  ALU_UNIT/A[7] (ALU_OPERAND_WIDTH8_OUT_WIDTH16)          0.00       0.48 f
  ALU_UNIT/U110/Y (BUFX2M)                                0.29       0.77 f
  ALU_UNIT/U121/Y (AOI22X1M)                              0.16       0.93 r
  ALU_UNIT/U120/Y (OAI211X2M)                             0.11       1.04 f
  ALU_UNIT/ALU_OUT_reg[8]/D (DFFRQX2M)                    0.00       1.04 f
  data arrival time                                                  1.04

  clock ALU_CLK (rise edge)                               0.00       0.00
  clock network delay (ideal)                             0.00       0.00
  clock uncertainty                                       0.10       0.10
  ALU_UNIT/ALU_OUT_reg[8]/CK (DFFRQX2M)                   0.00       0.10 r
  library hold time                                      -0.03       0.07
  data required time                                                 0.07
  --------------------------------------------------------------------------
  data required time                                                 0.07
  data arrival time                                                 -1.04
  --------------------------------------------------------------------------
  slack (MET)                                                        0.96


  Startpoint: SYS_CTRL_UNIT/Current_State_reg[3]
              (rising edge-triggered flip-flop clocked by REF_CLK)
  Endpoint: ALU_UNIT/ALU_OUT_reg[7]
            (rising edge-triggered flip-flop clocked by ALU_CLK)
  Path Group: ALU_CLK
  Path Type: min

  Point                                                   Incr       Path
  --------------------------------------------------------------------------
  clock REF_CLK (rise edge)                               0.00       0.00
  clock network delay (ideal)                             0.00       0.00
  SYS_CTRL_UNIT/Current_State_reg[3]/CK (DFFRQX2M)        0.00       0.00 r
  SYS_CTRL_UNIT/Current_State_reg[3]/Q (DFFRQX2M)         0.43       0.43 r
  SYS_CTRL_UNIT/U41/Y (NOR2X2M)                           0.09       0.53 f
  SYS_CTRL_UNIT/U45/Y (NAND3X2M)                          0.11       0.63 r
  SYS_CTRL_UNIT/U20/Y (NOR2X2M)                           0.08       0.72 f
  SYS_CTRL_UNIT/EN (SYS_CTRL_OP_WIDTH8_ALU_OUT_WIDTH16_REG_WIDTH8_REG_DEPTH16_ADDRESS_WIDTH4_UART_DATA_WIDTH8)
                                                          0.00       0.72 f
  ALU_UNIT/EN (ALU_OPERAND_WIDTH8_OUT_WIDTH16)            0.00       0.72 f
  ALU_UNIT/U42/Y (INVX2M)                                 0.19       0.91 r
  ALU_UNIT/U69/Y (OAI2BB2X1M)                             0.13       1.04 f
  ALU_UNIT/ALU_OUT_reg[7]/D (DFFRQX2M)                    0.00       1.04 f
  data arrival time                                                  1.04

  clock ALU_CLK (rise edge)                               0.00       0.00
  clock network delay (ideal)                             0.00       0.00
  clock uncertainty                                       0.10       0.10
  ALU_UNIT/ALU_OUT_reg[7]/CK (DFFRQX2M)                   0.00       0.10 r
  library hold time                                      -0.03       0.07
  data required time                                                 0.07
  --------------------------------------------------------------------------
  data required time                                                 0.07
  data arrival time                                                 -1.04
  --------------------------------------------------------------------------
  slack (MET)                                                        0.96


  Startpoint: REG_FILE_UNIT/regfile_reg[0][3]
              (rising edge-triggered flip-flop clocked by REF_CLK)
  Endpoint: ALU_UNIT/ALU_OUT_reg[3]
            (rising edge-triggered flip-flop clocked by ALU_CLK)
  Path Group: ALU_CLK
  Path Type: min

  Point                                                   Incr       Path
  --------------------------------------------------------------------------
  clock REF_CLK (rise edge)                               0.00       0.00
  clock network delay (ideal)                             0.00       0.00
  REG_FILE_UNIT/regfile_reg[0][3]/CK (DFFRQX2M)           0.00       0.00 r
  REG_FILE_UNIT/regfile_reg[0][3]/Q (DFFRQX2M)            0.39       0.39 r
  REG_FILE_UNIT/REG0[3] (Register_File_DEPTH16_DATA_WIDTH8_ADDRESS_WIDTH4)
                                                          0.00       0.39 r
  U7/Y (BUFX2M)                                           0.11       0.50 r
  ALU_UNIT/A[3] (ALU_OPERAND_WIDTH8_OUT_WIDTH16)          0.00       0.50 r
  ALU_UNIT/U118/Y (INVX2M)                                0.07       0.56 f
  ALU_UNIT/U56/Y (AOI222X1M)                              0.24       0.80 r
  ALU_UNIT/U58/Y (AOI31X2M)                               0.11       0.91 f
  ALU_UNIT/U57/Y (AO21XLM)                                0.19       1.10 f
  ALU_UNIT/ALU_OUT_reg[3]/D (DFFRQX2M)                    0.00       1.10 f
  data arrival time                                                  1.10

  clock ALU_CLK (rise edge)                               0.00       0.00
  clock network delay (ideal)                             0.00       0.00
  clock uncertainty                                       0.10       0.10
  ALU_UNIT/ALU_OUT_reg[3]/CK (DFFRQX2M)                   0.00       0.10 r
  library hold time                                      -0.03       0.07
  data required time                                                 0.07
  --------------------------------------------------------------------------
  data required time                                                 0.07
  data arrival time                                                 -1.10
  --------------------------------------------------------------------------
  slack (MET)                                                        1.03


  Startpoint: REG_FILE_UNIT/regfile_reg[1][1]
              (rising edge-triggered flip-flop clocked by REF_CLK)
  Endpoint: ALU_UNIT/ALU_OUT_reg[1]
            (rising edge-triggered flip-flop clocked by ALU_CLK)
  Path Group: ALU_CLK
  Path Type: min

  Point                                                   Incr       Path
  --------------------------------------------------------------------------
  clock REF_CLK (rise edge)                               0.00       0.00
  clock network delay (ideal)                             0.00       0.00
  REG_FILE_UNIT/regfile_reg[1][1]/CK (DFFRQX2M)           0.00       0.00 r
  REG_FILE_UNIT/regfile_reg[1][1]/Q (DFFRQX2M)            0.39       0.39 r
  REG_FILE_UNIT/REG1[1] (Register_File_DEPTH16_DATA_WIDTH8_ADDRESS_WIDTH4)
                                                          0.00       0.39 r
  U4/Y (BUFX2M)                                           0.11       0.50 r
  ALU_UNIT/B[1] (ALU_OPERAND_WIDTH8_OUT_WIDTH16)          0.00       0.50 r
  ALU_UNIT/U113/Y (INVX2M)                                0.06       0.56 f
  ALU_UNIT/U88/Y (AOI211X2M)                              0.27       0.83 r
  ALU_UNIT/U52/Y (AOI31X2M)                               0.11       0.94 f
  ALU_UNIT/U51/Y (AO21XLM)                                0.19       1.13 f
  ALU_UNIT/ALU_OUT_reg[1]/D (DFFRQX2M)                    0.00       1.13 f
  data arrival time                                                  1.13

  clock ALU_CLK (rise edge)                               0.00       0.00
  clock network delay (ideal)                             0.00       0.00
  clock uncertainty                                       0.10       0.10
  ALU_UNIT/ALU_OUT_reg[1]/CK (DFFRQX2M)                   0.00       0.10 r
  library hold time                                      -0.03       0.07
  data required time                                                 0.07
  --------------------------------------------------------------------------
  data required time                                                 0.07
  data arrival time                                                 -1.13
  --------------------------------------------------------------------------
  slack (MET)                                                        1.06


  Startpoint: REG_FILE_UNIT/regfile_reg[0][2]
              (rising edge-triggered flip-flop clocked by REF_CLK)
  Endpoint: ALU_UNIT/ALU_OUT_reg[2]
            (rising edge-triggered flip-flop clocked by ALU_CLK)
  Path Group: ALU_CLK
  Path Type: min

  Point                                                   Incr       Path
  --------------------------------------------------------------------------
  clock REF_CLK (rise edge)                               0.00       0.00
  clock network delay (ideal)                             0.00       0.00
  REG_FILE_UNIT/regfile_reg[0][2]/CK (DFFRQX2M)           0.00       0.00 r
  REG_FILE_UNIT/regfile_reg[0][2]/Q (DFFRQX2M)            0.65       0.65 f
  REG_FILE_UNIT/REG0[2] (Register_File_DEPTH16_DATA_WIDTH8_ADDRESS_WIDTH4)
                                                          0.00       0.65 f
  ALU_UNIT/A[2] (ALU_OPERAND_WIDTH8_OUT_WIDTH16)          0.00       0.65 f
  ALU_UNIT/U117/Y (AOI222X1M)                             0.20       0.85 r
  ALU_UNIT/U55/Y (AOI31X2M)                               0.11       0.96 f
  ALU_UNIT/U54/Y (AO21XLM)                                0.19       1.15 f
  ALU_UNIT/ALU_OUT_reg[2]/D (DFFRQX2M)                    0.00       1.15 f
  data arrival time                                                  1.15

  clock ALU_CLK (rise edge)                               0.00       0.00
  clock network delay (ideal)                             0.00       0.00
  clock uncertainty                                       0.10       0.10
  ALU_UNIT/ALU_OUT_reg[2]/CK (DFFRQX2M)                   0.00       0.10 r
  library hold time                                      -0.03       0.07
  data required time                                                 0.07
  --------------------------------------------------------------------------
  data required time                                                 0.07
  data arrival time                                                 -1.15
  --------------------------------------------------------------------------
  slack (MET)                                                        1.08


  Startpoint: SYS_CTRL_UNIT/Current_State_reg[3]
              (rising edge-triggered flip-flop clocked by REF_CLK)
  Endpoint: ALU_UNIT/ALU_OUT_reg[6]
            (rising edge-triggered flip-flop clocked by ALU_CLK)
  Path Group: ALU_CLK
  Path Type: min

  Point                                                   Incr       Path
  --------------------------------------------------------------------------
  clock REF_CLK (rise edge)                               0.00       0.00
  clock network delay (ideal)                             0.00       0.00
  SYS_CTRL_UNIT/Current_State_reg[3]/CK (DFFRQX2M)        0.00       0.00 r
  SYS_CTRL_UNIT/Current_State_reg[3]/Q (DFFRQX2M)         0.43       0.43 r
  SYS_CTRL_UNIT/U41/Y (NOR2X2M)                           0.09       0.53 f
  SYS_CTRL_UNIT/U45/Y (NAND3X2M)                          0.11       0.63 r
  SYS_CTRL_UNIT/U20/Y (NOR2X2M)                           0.08       0.72 f
  SYS_CTRL_UNIT/EN (SYS_CTRL_OP_WIDTH8_ALU_OUT_WIDTH16_REG_WIDTH8_REG_DEPTH16_ADDRESS_WIDTH4_UART_DATA_WIDTH8)
                                                          0.00       0.72 f
  ALU_UNIT/EN (ALU_OPERAND_WIDTH8_OUT_WIDTH16)            0.00       0.72 f
  ALU_UNIT/U42/Y (INVX2M)                                 0.19       0.91 r
  ALU_UNIT/U73/Y (AOI31X2M)                               0.06       0.97 f
  ALU_UNIT/U72/Y (AO21XLM)                                0.19       1.16 f
  ALU_UNIT/ALU_OUT_reg[6]/D (DFFRQX2M)                    0.00       1.16 f
  data arrival time                                                  1.16

  clock ALU_CLK (rise edge)                               0.00       0.00
  clock network delay (ideal)                             0.00       0.00
  clock uncertainty                                       0.10       0.10
  ALU_UNIT/ALU_OUT_reg[6]/CK (DFFRQX2M)                   0.00       0.10 r
  library hold time                                      -0.03       0.07
  data required time                                                 0.07
  --------------------------------------------------------------------------
  data required time                                                 0.07
  data arrival time                                                 -1.16
  --------------------------------------------------------------------------
  slack (MET)                                                        1.09


  Startpoint: SYS_CTRL_UNIT/Current_State_reg[3]
              (rising edge-triggered flip-flop clocked by REF_CLK)
  Endpoint: ALU_UNIT/ALU_OUT_reg[5]
            (rising edge-triggered flip-flop clocked by ALU_CLK)
  Path Group: ALU_CLK
  Path Type: min

  Point                                                   Incr       Path
  --------------------------------------------------------------------------
  clock REF_CLK (rise edge)                               0.00       0.00
  clock network delay (ideal)                             0.00       0.00
  SYS_CTRL_UNIT/Current_State_reg[3]/CK (DFFRQX2M)        0.00       0.00 r
  SYS_CTRL_UNIT/Current_State_reg[3]/Q (DFFRQX2M)         0.43       0.43 r
  SYS_CTRL_UNIT/U41/Y (NOR2X2M)                           0.09       0.53 f
  SYS_CTRL_UNIT/U45/Y (NAND3X2M)                          0.11       0.63 r
  SYS_CTRL_UNIT/U20/Y (NOR2X2M)                           0.08       0.72 f
  SYS_CTRL_UNIT/EN (SYS_CTRL_OP_WIDTH8_ALU_OUT_WIDTH16_REG_WIDTH8_REG_DEPTH16_ADDRESS_WIDTH4_UART_DATA_WIDTH8)
                                                          0.00       0.72 f
  ALU_UNIT/EN (ALU_OPERAND_WIDTH8_OUT_WIDTH16)            0.00       0.72 f
  ALU_UNIT/U42/Y (INVX2M)                                 0.19       0.91 r
  ALU_UNIT/U67/Y (AOI31X2M)                               0.06       0.97 f
  ALU_UNIT/U66/Y (AO21XLM)                                0.19       1.16 f
  ALU_UNIT/ALU_OUT_reg[5]/D (DFFRQX2M)                    0.00       1.16 f
  data arrival time                                                  1.16

  clock ALU_CLK (rise edge)                               0.00       0.00
  clock network delay (ideal)                             0.00       0.00
  clock uncertainty                                       0.10       0.10
  ALU_UNIT/ALU_OUT_reg[5]/CK (DFFRQX2M)                   0.00       0.10 r
  library hold time                                      -0.03       0.07
  data required time                                                 0.07
  --------------------------------------------------------------------------
  data required time                                                 0.07
  data arrival time                                                 -1.16
  --------------------------------------------------------------------------
  slack (MET)                                                        1.09


  Startpoint: SYS_CTRL_UNIT/Current_State_reg[3]
              (rising edge-triggered flip-flop clocked by REF_CLK)
  Endpoint: ALU_UNIT/ALU_OUT_reg[4]
            (rising edge-triggered flip-flop clocked by ALU_CLK)
  Path Group: ALU_CLK
  Path Type: min

  Point                                                   Incr       Path
  --------------------------------------------------------------------------
  clock REF_CLK (rise edge)                               0.00       0.00
  clock network delay (ideal)                             0.00       0.00
  SYS_CTRL_UNIT/Current_State_reg[3]/CK (DFFRQX2M)        0.00       0.00 r
  SYS_CTRL_UNIT/Current_State_reg[3]/Q (DFFRQX2M)         0.43       0.43 r
  SYS_CTRL_UNIT/U41/Y (NOR2X2M)                           0.09       0.53 f
  SYS_CTRL_UNIT/U45/Y (NAND3X2M)                          0.11       0.63 r
  SYS_CTRL_UNIT/U20/Y (NOR2X2M)                           0.08       0.72 f
  SYS_CTRL_UNIT/EN (SYS_CTRL_OP_WIDTH8_ALU_OUT_WIDTH16_REG_WIDTH8_REG_DEPTH16_ADDRESS_WIDTH4_UART_DATA_WIDTH8)
                                                          0.00       0.72 f
  ALU_UNIT/EN (ALU_OPERAND_WIDTH8_OUT_WIDTH16)            0.00       0.72 f
  ALU_UNIT/U42/Y (INVX2M)                                 0.19       0.91 r
  ALU_UNIT/U26/Y (AOI31X2M)                               0.06       0.97 f
  ALU_UNIT/U25/Y (AO21XLM)                                0.19       1.16 f
  ALU_UNIT/ALU_OUT_reg[4]/D (DFFRQX2M)                    0.00       1.16 f
  data arrival time                                                  1.16

  clock ALU_CLK (rise edge)                               0.00       0.00
  clock network delay (ideal)                             0.00       0.00
  clock uncertainty                                       0.10       0.10
  ALU_UNIT/ALU_OUT_reg[4]/CK (DFFRQX2M)                   0.00       0.10 r
  library hold time                                      -0.03       0.07
  data required time                                                 0.07
  --------------------------------------------------------------------------
  data required time                                                 0.07
  data arrival time                                                 -1.16
  --------------------------------------------------------------------------
  slack (MET)                                                        1.09


  Startpoint: SYS_CTRL_UNIT/Current_State_reg[3]
              (rising edge-triggered flip-flop clocked by REF_CLK)
  Endpoint: ALU_UNIT/ALU_OUT_reg[0]
            (rising edge-triggered flip-flop clocked by ALU_CLK)
  Path Group: ALU_CLK
  Path Type: min

  Point                                                   Incr       Path
  --------------------------------------------------------------------------
  clock REF_CLK (rise edge)                               0.00       0.00
  clock network delay (ideal)                             0.00       0.00
  SYS_CTRL_UNIT/Current_State_reg[3]/CK (DFFRQX2M)        0.00       0.00 r
  SYS_CTRL_UNIT/Current_State_reg[3]/Q (DFFRQX2M)         0.43       0.43 r
  SYS_CTRL_UNIT/U41/Y (NOR2X2M)                           0.09       0.53 f
  SYS_CTRL_UNIT/U45/Y (NAND3X2M)                          0.11       0.63 r
  SYS_CTRL_UNIT/U20/Y (NOR2X2M)                           0.08       0.72 f
  SYS_CTRL_UNIT/EN (SYS_CTRL_OP_WIDTH8_ALU_OUT_WIDTH16_REG_WIDTH8_REG_DEPTH16_ADDRESS_WIDTH4_UART_DATA_WIDTH8)
                                                          0.00       0.72 f
  ALU_UNIT/EN (ALU_OPERAND_WIDTH8_OUT_WIDTH16)            0.00       0.72 f
  ALU_UNIT/U42/Y (INVX2M)                                 0.19       0.91 r
  ALU_UNIT/U44/Y (AOI31X2M)                               0.06       0.97 f
  ALU_UNIT/U43/Y (AO21XLM)                                0.19       1.16 f
  ALU_UNIT/ALU_OUT_reg[0]/D (DFFRQX2M)                    0.00       1.16 f
  data arrival time                                                  1.16

  clock ALU_CLK (rise edge)                               0.00       0.00
  clock network delay (ideal)                             0.00       0.00
  clock uncertainty                                       0.10       0.10
  ALU_UNIT/ALU_OUT_reg[0]/CK (DFFRQX2M)                   0.00       0.10 r
  library hold time                                      -0.03       0.07
  data required time                                                 0.07
  --------------------------------------------------------------------------
  data required time                                                 0.07
  data arrival time                                                 -1.16
  --------------------------------------------------------------------------
  slack (MET)                                                        1.09


  Startpoint: SYS_CTRL_UNIT/Address_STORED_reg[0]
              (rising edge-triggered flip-flop clocked by REF_CLK)
  Endpoint: SYS_CTRL_UNIT/Address_STORED_reg[0]
            (rising edge-triggered flip-flop clocked by REF_CLK)
  Path Group: REF_CLK
  Path Type: min

  Point                                                   Incr       Path
  --------------------------------------------------------------------------
  clock REF_CLK (rise edge)                               0.00       0.00
  clock network delay (ideal)                             0.00       0.00
  SYS_CTRL_UNIT/Address_STORED_reg[0]/CK (DFFRX1M)        0.00       0.00 r
  SYS_CTRL_UNIT/Address_STORED_reg[0]/QN (DFFRX1M)        0.35       0.35 r
  SYS_CTRL_UNIT/U32/Y (OAI22X1M)                          0.09       0.44 f
  SYS_CTRL_UNIT/Address_STORED_reg[0]/D (DFFRX1M)         0.00       0.44 f
  data arrival time                                                  0.44

  clock REF_CLK (rise edge)                               0.00       0.00
  clock network delay (ideal)                             0.00       0.00
  clock uncertainty                                       0.10       0.10
  SYS_CTRL_UNIT/Address_STORED_reg[0]/CK (DFFRX1M)        0.00       0.10 r
  library hold time                                      -0.01       0.09
  data required time                                                 0.09
  --------------------------------------------------------------------------
  data required time                                                 0.09
  data arrival time                                                 -0.44
  --------------------------------------------------------------------------
  slack (MET)                                                        0.35


  Startpoint: SYS_CTRL_UNIT/Address_STORED_reg[1]
              (rising edge-triggered flip-flop clocked by REF_CLK)
  Endpoint: SYS_CTRL_UNIT/Address_STORED_reg[1]
            (rising edge-triggered flip-flop clocked by REF_CLK)
  Path Group: REF_CLK
  Path Type: min

  Point                                                   Incr       Path
  --------------------------------------------------------------------------
  clock REF_CLK (rise edge)                               0.00       0.00
  clock network delay (ideal)                             0.00       0.00
  SYS_CTRL_UNIT/Address_STORED_reg[1]/CK (DFFRX1M)        0.00       0.00 r
  SYS_CTRL_UNIT/Address_STORED_reg[1]/QN (DFFRX1M)        0.36       0.36 r
  SYS_CTRL_UNIT/U35/Y (OAI22X1M)                          0.09       0.45 f
  SYS_CTRL_UNIT/Address_STORED_reg[1]/D (DFFRX1M)         0.00       0.45 f
  data arrival time                                                  0.45

  clock REF_CLK (rise edge)                               0.00       0.00
  clock network delay (ideal)                             0.00       0.00
  clock uncertainty                                       0.10       0.10
  SYS_CTRL_UNIT/Address_STORED_reg[1]/CK (DFFRX1M)        0.00       0.10 r
  library hold time                                      -0.01       0.09
  data required time                                                 0.09
  --------------------------------------------------------------------------
  data required time                                                 0.09
  data arrival time                                                 -0.45
  --------------------------------------------------------------------------
  slack (MET)                                                        0.37


  Startpoint: SYS_CTRL_UNIT/Address_STORED_reg[2]
              (rising edge-triggered flip-flop clocked by REF_CLK)
  Endpoint: SYS_CTRL_UNIT/Address_STORED_reg[2]
            (rising edge-triggered flip-flop clocked by REF_CLK)
  Path Group: REF_CLK
  Path Type: min

  Point                                                   Incr       Path
  --------------------------------------------------------------------------
  clock REF_CLK (rise edge)                               0.00       0.00
  clock network delay (ideal)                             0.00       0.00
  SYS_CTRL_UNIT/Address_STORED_reg[2]/CK (DFFRX1M)        0.00       0.00 r
  SYS_CTRL_UNIT/Address_STORED_reg[2]/QN (DFFRX1M)        0.36       0.36 r
  SYS_CTRL_UNIT/U34/Y (OAI22X1M)                          0.09       0.45 f
  SYS_CTRL_UNIT/Address_STORED_reg[2]/D (DFFRX1M)         0.00       0.45 f
  data arrival time                                                  0.45

  clock REF_CLK (rise edge)                               0.00       0.00
  clock network delay (ideal)                             0.00       0.00
  clock uncertainty                                       0.10       0.10
  SYS_CTRL_UNIT/Address_STORED_reg[2]/CK (DFFRX1M)        0.00       0.10 r
  library hold time                                      -0.01       0.09
  data required time                                                 0.09
  --------------------------------------------------------------------------
  data required time                                                 0.09
  data arrival time                                                 -0.45
  --------------------------------------------------------------------------
  slack (MET)                                                        0.37


  Startpoint: SYS_CTRL_UNIT/Address_STORED_reg[3]
              (rising edge-triggered flip-flop clocked by REF_CLK)
  Endpoint: SYS_CTRL_UNIT/Address_STORED_reg[3]
            (rising edge-triggered flip-flop clocked by REF_CLK)
  Path Group: REF_CLK
  Path Type: min

  Point                                                   Incr       Path
  --------------------------------------------------------------------------
  clock REF_CLK (rise edge)                               0.00       0.00
  clock network delay (ideal)                             0.00       0.00
  SYS_CTRL_UNIT/Address_STORED_reg[3]/CK (DFFRX1M)        0.00       0.00 r
  SYS_CTRL_UNIT/Address_STORED_reg[3]/QN (DFFRX1M)        0.36       0.36 r
  SYS_CTRL_UNIT/U33/Y (OAI22X1M)                          0.09       0.45 f
  SYS_CTRL_UNIT/Address_STORED_reg[3]/D (DFFRX1M)         0.00       0.45 f
  data arrival time                                                  0.45

  clock REF_CLK (rise edge)                               0.00       0.00
  clock network delay (ideal)                             0.00       0.00
  clock uncertainty                                       0.10       0.10
  SYS_CTRL_UNIT/Address_STORED_reg[3]/CK (DFFRX1M)        0.00       0.10 r
  library hold time                                      -0.01       0.09
  data required time                                                 0.09
  --------------------------------------------------------------------------
  data required time                                                 0.09
  data arrival time                                                 -0.45
  --------------------------------------------------------------------------
  slack (MET)                                                        0.37


  Startpoint: RST_SYNC_1/STAGES_REG_reg[0]/CK
              (internal path startpoint clocked by REF_CLK)
  Endpoint: RST_SYNC_1/STAGES_REG_reg[1]
            (rising edge-triggered flip-flop clocked by REF_CLK)
  Path Group: REF_CLK
  Path Type: min

  Point                                                   Incr       Path
  --------------------------------------------------------------------------
  clock REF_CLK (rise edge)                               0.00       0.00
  clock network delay (ideal)                             0.00       0.00
  input external delay                                    0.00       0.00 r
  RST_SYNC_1/STAGES_REG_reg[0]/CK (DFFRQX2M)              0.00       0.00 r
  RST_SYNC_1/STAGES_REG_reg[0]/Q (DFFRQX2M)               0.46       0.46 f
  RST_SYNC_1/STAGES_REG_reg[1]/D (DFFRQX2M)               0.00       0.46 f
  data arrival time                                                  0.46

  clock REF_CLK (rise edge)                               0.00       0.00
  clock network delay (ideal)                             0.00       0.00
  clock uncertainty                                       0.10       0.10
  RST_SYNC_1/STAGES_REG_reg[1]/CK (DFFRQX2M)              0.00       0.10 r
  library hold time                                      -0.02       0.08
  data required time                                                 0.08
  --------------------------------------------------------------------------
  data required time                                                 0.08
  data arrival time                                                 -0.46
  --------------------------------------------------------------------------
  slack (MET)                                                        0.38


  Startpoint: FIFO_UNIT/sync_r2w/wq1_rptr_reg[2]
              (rising edge-triggered flip-flop clocked by REF_CLK)
  Endpoint: FIFO_UNIT/sync_r2w/wq2_rptr_reg[2]
            (rising edge-triggered flip-flop clocked by REF_CLK)
  Path Group: REF_CLK
  Path Type: min

  Point                                                   Incr       Path
  --------------------------------------------------------------------------
  clock REF_CLK (rise edge)                               0.00       0.00
  clock network delay (ideal)                             0.00       0.00
  FIFO_UNIT/sync_r2w/wq1_rptr_reg[2]/CK (DFFRQX2M)        0.00       0.00 r
  FIFO_UNIT/sync_r2w/wq1_rptr_reg[2]/Q (DFFRQX2M)         0.46       0.46 f
  FIFO_UNIT/sync_r2w/wq2_rptr_reg[2]/D (DFFRQX2M)         0.00       0.46 f
  data arrival time                                                  0.46

  clock REF_CLK (rise edge)                               0.00       0.00
  clock network delay (ideal)                             0.00       0.00
  clock uncertainty                                       0.10       0.10
  FIFO_UNIT/sync_r2w/wq2_rptr_reg[2]/CK (DFFRQX2M)        0.00       0.10 r
  library hold time                                      -0.02       0.08
  data required time                                                 0.08
  --------------------------------------------------------------------------
  data required time                                                 0.08
  data arrival time                                                 -0.46
  --------------------------------------------------------------------------
  slack (MET)                                                        0.38


  Startpoint: FIFO_UNIT/sync_r2w/wq1_rptr_reg[3]
              (rising edge-triggered flip-flop clocked by REF_CLK)
  Endpoint: FIFO_UNIT/sync_r2w/wq2_rptr_reg[3]
            (rising edge-triggered flip-flop clocked by REF_CLK)
  Path Group: REF_CLK
  Path Type: min

  Point                                                   Incr       Path
  --------------------------------------------------------------------------
  clock REF_CLK (rise edge)                               0.00       0.00
  clock network delay (ideal)                             0.00       0.00
  FIFO_UNIT/sync_r2w/wq1_rptr_reg[3]/CK (DFFRQX2M)        0.00       0.00 r
  FIFO_UNIT/sync_r2w/wq1_rptr_reg[3]/Q (DFFRQX2M)         0.46       0.46 f
  FIFO_UNIT/sync_r2w/wq2_rptr_reg[3]/D (DFFRQX2M)         0.00       0.46 f
  data arrival time                                                  0.46

  clock REF_CLK (rise edge)                               0.00       0.00
  clock network delay (ideal)                             0.00       0.00
  clock uncertainty                                       0.10       0.10
  FIFO_UNIT/sync_r2w/wq2_rptr_reg[3]/CK (DFFRQX2M)        0.00       0.10 r
  library hold time                                      -0.02       0.08
  data required time                                                 0.08
  --------------------------------------------------------------------------
  data required time                                                 0.08
  data arrival time                                                 -0.46
  --------------------------------------------------------------------------
  slack (MET)                                                        0.38


  Startpoint: FIFO_UNIT/sync_r2w/wq1_rptr_reg[1]
              (rising edge-triggered flip-flop clocked by REF_CLK)
  Endpoint: FIFO_UNIT/sync_r2w/wq2_rptr_reg[1]
            (rising edge-triggered flip-flop clocked by REF_CLK)
  Path Group: REF_CLK
  Path Type: min

  Point                                                   Incr       Path
  --------------------------------------------------------------------------
  clock REF_CLK (rise edge)                               0.00       0.00
  clock network delay (ideal)                             0.00       0.00
  FIFO_UNIT/sync_r2w/wq1_rptr_reg[1]/CK (DFFRQX2M)        0.00       0.00 r
  FIFO_UNIT/sync_r2w/wq1_rptr_reg[1]/Q (DFFRQX2M)         0.46       0.46 f
  FIFO_UNIT/sync_r2w/wq2_rptr_reg[1]/D (DFFRQX2M)         0.00       0.46 f
  data arrival time                                                  0.46

  clock REF_CLK (rise edge)                               0.00       0.00
  clock network delay (ideal)                             0.00       0.00
  clock uncertainty                                       0.10       0.10
  FIFO_UNIT/sync_r2w/wq2_rptr_reg[1]/CK (DFFRQX2M)        0.00       0.10 r
  library hold time                                      -0.02       0.08
  data required time                                                 0.08
  --------------------------------------------------------------------------
  data required time                                                 0.08
  data arrival time                                                 -0.46
  --------------------------------------------------------------------------
  slack (MET)                                                        0.38


  Startpoint: FIFO_UNIT/sync_r2w/wq1_rptr_reg[0]
              (rising edge-triggered flip-flop clocked by REF_CLK)
  Endpoint: FIFO_UNIT/sync_r2w/wq2_rptr_reg[0]
            (rising edge-triggered flip-flop clocked by REF_CLK)
  Path Group: REF_CLK
  Path Type: min

  Point                                                   Incr       Path
  --------------------------------------------------------------------------
  clock REF_CLK (rise edge)                               0.00       0.00
  clock network delay (ideal)                             0.00       0.00
  FIFO_UNIT/sync_r2w/wq1_rptr_reg[0]/CK (DFFRQX2M)        0.00       0.00 r
  FIFO_UNIT/sync_r2w/wq1_rptr_reg[0]/Q (DFFRQX2M)         0.46       0.46 f
  FIFO_UNIT/sync_r2w/wq2_rptr_reg[0]/D (DFFRQX2M)         0.00       0.46 f
  data arrival time                                                  0.46

  clock REF_CLK (rise edge)                               0.00       0.00
  clock network delay (ideal)                             0.00       0.00
  clock uncertainty                                       0.10       0.10
  FIFO_UNIT/sync_r2w/wq2_rptr_reg[0]/CK (DFFRQX2M)        0.00       0.10 r
  library hold time                                      -0.02       0.08
  data required time                                                 0.08
  --------------------------------------------------------------------------
  data required time                                                 0.08
  data arrival time                                                 -0.46
  --------------------------------------------------------------------------
  slack (MET)                                                        0.38


  Startpoint: DATA_SYNC_UNIT/enable_reg_reg[0]
              (rising edge-triggered flip-flop clocked by REF_CLK)
  Endpoint: DATA_SYNC_UNIT/enable_reg_reg[1]
            (rising edge-triggered flip-flop clocked by REF_CLK)
  Path Group: REF_CLK
  Path Type: min

  Point                                                   Incr       Path
  --------------------------------------------------------------------------
  clock REF_CLK (rise edge)                               0.00       0.00
  clock network delay (ideal)                             0.00       0.00
  DATA_SYNC_UNIT/enable_reg_reg[0]/CK (DFFRQX2M)          0.00       0.00 r
  DATA_SYNC_UNIT/enable_reg_reg[0]/Q (DFFRQX2M)           0.46       0.46 f
  DATA_SYNC_UNIT/enable_reg_reg[1]/D (DFFRQX2M)           0.00       0.46 f
  data arrival time                                                  0.46

  clock REF_CLK (rise edge)                               0.00       0.00
  clock network delay (ideal)                             0.00       0.00
  clock uncertainty                                       0.10       0.10
  DATA_SYNC_UNIT/enable_reg_reg[1]/CK (DFFRQX2M)          0.00       0.10 r
  library hold time                                      -0.02       0.08
  data required time                                                 0.08
  --------------------------------------------------------------------------
  data required time                                                 0.08
  data arrival time                                                 -0.46
  --------------------------------------------------------------------------
  slack (MET)                                                        0.38


  Startpoint: SYS_CTRL_UNIT/ALU_OUT_STORED_reg[1]
              (rising edge-triggered flip-flop clocked by REF_CLK)
  Endpoint: SYS_CTRL_UNIT/ALU_OUT_STORED_reg[1]
            (rising edge-triggered flip-flop clocked by REF_CLK)
  Path Group: REF_CLK
  Path Type: min

  Point                                                   Incr       Path
  --------------------------------------------------------------------------
  clock REF_CLK (rise edge)                               0.00       0.00
  clock network delay (ideal)                             0.00       0.00
  SYS_CTRL_UNIT/ALU_OUT_STORED_reg[1]/CK (DFFRX1M)        0.00       0.00 r
  SYS_CTRL_UNIT/ALU_OUT_STORED_reg[1]/QN (DFFRX1M)        0.36       0.36 r
  SYS_CTRL_UNIT/U108/Y (OAI2BB2X1M)                       0.10       0.46 f
  SYS_CTRL_UNIT/ALU_OUT_STORED_reg[1]/D (DFFRX1M)         0.00       0.46 f
  data arrival time                                                  0.46

  clock REF_CLK (rise edge)                               0.00       0.00
  clock network delay (ideal)                             0.00       0.00
  clock uncertainty                                       0.10       0.10
  SYS_CTRL_UNIT/ALU_OUT_STORED_reg[1]/CK (DFFRX1M)        0.00       0.10 r
  library hold time                                      -0.02       0.08
  data required time                                                 0.08
  --------------------------------------------------------------------------
  data required time                                                 0.08
  data arrival time                                                 -0.46
  --------------------------------------------------------------------------
  slack (MET)                                                        0.38


  Startpoint: SYS_CTRL_UNIT/ALU_OUT_STORED_reg[2]
              (rising edge-triggered flip-flop clocked by REF_CLK)
  Endpoint: SYS_CTRL_UNIT/ALU_OUT_STORED_reg[2]
            (rising edge-triggered flip-flop clocked by REF_CLK)
  Path Group: REF_CLK
  Path Type: min

  Point                                                   Incr       Path
  --------------------------------------------------------------------------
  clock REF_CLK (rise edge)                               0.00       0.00
  clock network delay (ideal)                             0.00       0.00
  SYS_CTRL_UNIT/ALU_OUT_STORED_reg[2]/CK (DFFRX1M)        0.00       0.00 r
  SYS_CTRL_UNIT/ALU_OUT_STORED_reg[2]/QN (DFFRX1M)        0.36       0.36 r
  SYS_CTRL_UNIT/U107/Y (OAI2BB2X1M)                       0.10       0.46 f
  SYS_CTRL_UNIT/ALU_OUT_STORED_reg[2]/D (DFFRX1M)         0.00       0.46 f
  data arrival time                                                  0.46

  clock REF_CLK (rise edge)                               0.00       0.00
  clock network delay (ideal)                             0.00       0.00
  clock uncertainty                                       0.10       0.10
  SYS_CTRL_UNIT/ALU_OUT_STORED_reg[2]/CK (DFFRX1M)        0.00       0.10 r
  library hold time                                      -0.02       0.08
  data required time                                                 0.08
  --------------------------------------------------------------------------
  data required time                                                 0.08
  data arrival time                                                 -0.46
  --------------------------------------------------------------------------
  slack (MET)                                                        0.38


  Startpoint: SYS_CTRL_UNIT/ALU_OUT_STORED_reg[3]
              (rising edge-triggered flip-flop clocked by REF_CLK)
  Endpoint: SYS_CTRL_UNIT/ALU_OUT_STORED_reg[3]
            (rising edge-triggered flip-flop clocked by REF_CLK)
  Path Group: REF_CLK
  Path Type: min

  Point                                                   Incr       Path
  --------------------------------------------------------------------------
  clock REF_CLK (rise edge)                               0.00       0.00
  clock network delay (ideal)                             0.00       0.00
  SYS_CTRL_UNIT/ALU_OUT_STORED_reg[3]/CK (DFFRX1M)        0.00       0.00 r
  SYS_CTRL_UNIT/ALU_OUT_STORED_reg[3]/QN (DFFRX1M)        0.36       0.36 r
  SYS_CTRL_UNIT/U106/Y (OAI2BB2X1M)                       0.10       0.46 f
  SYS_CTRL_UNIT/ALU_OUT_STORED_reg[3]/D (DFFRX1M)         0.00       0.46 f
  data arrival time                                                  0.46

  clock REF_CLK (rise edge)                               0.00       0.00
  clock network delay (ideal)                             0.00       0.00
  clock uncertainty                                       0.10       0.10
  SYS_CTRL_UNIT/ALU_OUT_STORED_reg[3]/CK (DFFRX1M)        0.00       0.10 r
  library hold time                                      -0.02       0.08
  data required time                                                 0.08
  --------------------------------------------------------------------------
  data required time                                                 0.08
  data arrival time                                                 -0.46
  --------------------------------------------------------------------------
  slack (MET)                                                        0.38


  Startpoint: SYS_CTRL_UNIT/ALU_OUT_STORED_reg[4]
              (rising edge-triggered flip-flop clocked by REF_CLK)
  Endpoint: SYS_CTRL_UNIT/ALU_OUT_STORED_reg[4]
            (rising edge-triggered flip-flop clocked by REF_CLK)
  Path Group: REF_CLK
  Path Type: min

  Point                                                   Incr       Path
  --------------------------------------------------------------------------
  clock REF_CLK (rise edge)                               0.00       0.00
  clock network delay (ideal)                             0.00       0.00
  SYS_CTRL_UNIT/ALU_OUT_STORED_reg[4]/CK (DFFRX1M)        0.00       0.00 r
  SYS_CTRL_UNIT/ALU_OUT_STORED_reg[4]/QN (DFFRX1M)        0.36       0.36 r
  SYS_CTRL_UNIT/U105/Y (OAI2BB2X1M)                       0.10       0.46 f
  SYS_CTRL_UNIT/ALU_OUT_STORED_reg[4]/D (DFFRX1M)         0.00       0.46 f
  data arrival time                                                  0.46

  clock REF_CLK (rise edge)                               0.00       0.00
  clock network delay (ideal)                             0.00       0.00
  clock uncertainty                                       0.10       0.10
  SYS_CTRL_UNIT/ALU_OUT_STORED_reg[4]/CK (DFFRX1M)        0.00       0.10 r
  library hold time                                      -0.02       0.08
  data required time                                                 0.08
  --------------------------------------------------------------------------
  data required time                                                 0.08
  data arrival time                                                 -0.46
  --------------------------------------------------------------------------
  slack (MET)                                                        0.38


  Startpoint: SYS_CTRL_UNIT/ALU_OUT_STORED_reg[5]
              (rising edge-triggered flip-flop clocked by REF_CLK)
  Endpoint: SYS_CTRL_UNIT/ALU_OUT_STORED_reg[5]
            (rising edge-triggered flip-flop clocked by REF_CLK)
  Path Group: REF_CLK
  Path Type: min

  Point                                                   Incr       Path
  --------------------------------------------------------------------------
  clock REF_CLK (rise edge)                               0.00       0.00
  clock network delay (ideal)                             0.00       0.00
  SYS_CTRL_UNIT/ALU_OUT_STORED_reg[5]/CK (DFFRX1M)        0.00       0.00 r
  SYS_CTRL_UNIT/ALU_OUT_STORED_reg[5]/QN (DFFRX1M)        0.36       0.36 r
  SYS_CTRL_UNIT/U104/Y (OAI2BB2X1M)                       0.10       0.46 f
  SYS_CTRL_UNIT/ALU_OUT_STORED_reg[5]/D (DFFRX1M)         0.00       0.46 f
  data arrival time                                                  0.46

  clock REF_CLK (rise edge)                               0.00       0.00
  clock network delay (ideal)                             0.00       0.00
  clock uncertainty                                       0.10       0.10
  SYS_CTRL_UNIT/ALU_OUT_STORED_reg[5]/CK (DFFRX1M)        0.00       0.10 r
  library hold time                                      -0.02       0.08
  data required time                                                 0.08
  --------------------------------------------------------------------------
  data required time                                                 0.08
  data arrival time                                                 -0.46
  --------------------------------------------------------------------------
  slack (MET)                                                        0.38


  Startpoint: SYS_CTRL_UNIT/ALU_OUT_STORED_reg[6]
              (rising edge-triggered flip-flop clocked by REF_CLK)
  Endpoint: SYS_CTRL_UNIT/ALU_OUT_STORED_reg[6]
            (rising edge-triggered flip-flop clocked by REF_CLK)
  Path Group: REF_CLK
  Path Type: min

  Point                                                   Incr       Path
  --------------------------------------------------------------------------
  clock REF_CLK (rise edge)                               0.00       0.00
  clock network delay (ideal)                             0.00       0.00
  SYS_CTRL_UNIT/ALU_OUT_STORED_reg[6]/CK (DFFRX1M)        0.00       0.00 r
  SYS_CTRL_UNIT/ALU_OUT_STORED_reg[6]/QN (DFFRX1M)        0.36       0.36 r
  SYS_CTRL_UNIT/U103/Y (OAI2BB2X1M)                       0.10       0.46 f
  SYS_CTRL_UNIT/ALU_OUT_STORED_reg[6]/D (DFFRX1M)         0.00       0.46 f
  data arrival time                                                  0.46

  clock REF_CLK (rise edge)                               0.00       0.00
  clock network delay (ideal)                             0.00       0.00
  clock uncertainty                                       0.10       0.10
  SYS_CTRL_UNIT/ALU_OUT_STORED_reg[6]/CK (DFFRX1M)        0.00       0.10 r
  library hold time                                      -0.02       0.08
  data required time                                                 0.08
  --------------------------------------------------------------------------
  data required time                                                 0.08
  data arrival time                                                 -0.46
  --------------------------------------------------------------------------
  slack (MET)                                                        0.38


  Startpoint: SYS_CTRL_UNIT/ALU_OUT_STORED_reg[7]
              (rising edge-triggered flip-flop clocked by REF_CLK)
  Endpoint: SYS_CTRL_UNIT/ALU_OUT_STORED_reg[7]
            (rising edge-triggered flip-flop clocked by REF_CLK)
  Path Group: REF_CLK
  Path Type: min

  Point                                                   Incr       Path
  --------------------------------------------------------------------------
  clock REF_CLK (rise edge)                               0.00       0.00
  clock network delay (ideal)                             0.00       0.00
  SYS_CTRL_UNIT/ALU_OUT_STORED_reg[7]/CK (DFFRX1M)        0.00       0.00 r
  SYS_CTRL_UNIT/ALU_OUT_STORED_reg[7]/QN (DFFRX1M)        0.36       0.36 r
  SYS_CTRL_UNIT/U102/Y (OAI2BB2X1M)                       0.10       0.46 f
  SYS_CTRL_UNIT/ALU_OUT_STORED_reg[7]/D (DFFRX1M)         0.00       0.46 f
  data arrival time                                                  0.46

  clock REF_CLK (rise edge)                               0.00       0.00
  clock network delay (ideal)                             0.00       0.00
  clock uncertainty                                       0.10       0.10
  SYS_CTRL_UNIT/ALU_OUT_STORED_reg[7]/CK (DFFRX1M)        0.00       0.10 r
  library hold time                                      -0.02       0.08
  data required time                                                 0.08
  --------------------------------------------------------------------------
  data required time                                                 0.08
  data arrival time                                                 -0.46
  --------------------------------------------------------------------------
  slack (MET)                                                        0.38


  Startpoint: SYS_CTRL_UNIT/ALU_OUT_STORED_reg[0]
              (rising edge-triggered flip-flop clocked by REF_CLK)
  Endpoint: SYS_CTRL_UNIT/ALU_OUT_STORED_reg[0]
            (rising edge-triggered flip-flop clocked by REF_CLK)
  Path Group: REF_CLK
  Path Type: min

  Point                                                   Incr       Path
  --------------------------------------------------------------------------
  clock REF_CLK (rise edge)                               0.00       0.00
  clock network delay (ideal)                             0.00       0.00
  SYS_CTRL_UNIT/ALU_OUT_STORED_reg[0]/CK (DFFRX1M)        0.00       0.00 r
  SYS_CTRL_UNIT/ALU_OUT_STORED_reg[0]/QN (DFFRX1M)        0.36       0.36 r
  SYS_CTRL_UNIT/U101/Y (OAI2BB2X1M)                       0.10       0.46 f
  SYS_CTRL_UNIT/ALU_OUT_STORED_reg[0]/D (DFFRX1M)         0.00       0.46 f
  data arrival time                                                  0.46

  clock REF_CLK (rise edge)                               0.00       0.00
  clock network delay (ideal)                             0.00       0.00
  clock uncertainty                                       0.10       0.10
  SYS_CTRL_UNIT/ALU_OUT_STORED_reg[0]/CK (DFFRX1M)        0.00       0.10 r
  library hold time                                      -0.02       0.08
  data required time                                                 0.08
  --------------------------------------------------------------------------
  data required time                                                 0.08
  data arrival time                                                 -0.46
  --------------------------------------------------------------------------
  slack (MET)                                                        0.38


  Startpoint: DATA_SYNC_UNIT/enable_reg_reg[1]
              (rising edge-triggered flip-flop clocked by REF_CLK)
  Endpoint: DATA_SYNC_UNIT/pulse_gen_reg_reg
            (rising edge-triggered flip-flop clocked by REF_CLK)
  Path Group: REF_CLK
  Path Type: min

  Point                                                   Incr       Path
  --------------------------------------------------------------------------
  clock REF_CLK (rise edge)                               0.00       0.00
  clock network delay (ideal)                             0.00       0.00
  DATA_SYNC_UNIT/enable_reg_reg[1]/CK (DFFRQX2M)          0.00       0.00 r
  DATA_SYNC_UNIT/enable_reg_reg[1]/Q (DFFRQX2M)           0.48       0.48 f
  DATA_SYNC_UNIT/pulse_gen_reg_reg/D (DFFRQX2M)           0.00       0.48 f
  data arrival time                                                  0.48

  clock REF_CLK (rise edge)                               0.00       0.00
  clock network delay (ideal)                             0.00       0.00
  clock uncertainty                                       0.10       0.10
  DATA_SYNC_UNIT/pulse_gen_reg_reg/CK (DFFRQX2M)          0.00       0.10 r
  library hold time                                      -0.02       0.08
  data required time                                                 0.08
  --------------------------------------------------------------------------
  data required time                                                 0.08
  data arrival time                                                 -0.48
  --------------------------------------------------------------------------
  slack (MET)                                                        0.40


  Startpoint: FIFO_UNIT/wptr_full/wbin_reg[3]
              (rising edge-triggered flip-flop clocked by REF_CLK)
  Endpoint: FIFO_UNIT/wptr_full/wbin_reg[3]
            (rising edge-triggered flip-flop clocked by REF_CLK)
  Path Group: REF_CLK
  Path Type: min

  Point                                                   Incr       Path
  --------------------------------------------------------------------------
  clock REF_CLK (rise edge)                               0.00       0.00
  clock network delay (ideal)                             0.00       0.00
  FIFO_UNIT/wptr_full/wbin_reg[3]/CK (DFFRQX2M)           0.00       0.00 r
  FIFO_UNIT/wptr_full/wbin_reg[3]/Q (DFFRQX2M)            0.38       0.38 r
  FIFO_UNIT/wptr_full/U15/Y (XNOR2X2M)                    0.12       0.50 f
  FIFO_UNIT/wptr_full/wbin_reg[3]/D (DFFRQX2M)            0.00       0.50 f
  data arrival time                                                  0.50

  clock REF_CLK (rise edge)                               0.00       0.00
  clock network delay (ideal)                             0.00       0.00
  clock uncertainty                                       0.10       0.10
  FIFO_UNIT/wptr_full/wbin_reg[3]/CK (DFFRQX2M)           0.00       0.10 r
  library hold time                                      -0.03       0.07
  data required time                                                 0.07
  --------------------------------------------------------------------------
  data required time                                                 0.07
  data arrival time                                                 -0.50
  --------------------------------------------------------------------------
  slack (MET)                                                        0.43


  Startpoint: FIFO_UNIT/wptr_full/wbin_reg[3]
              (rising edge-triggered flip-flop clocked by REF_CLK)
  Endpoint: FIFO_UNIT/wptr_full/wptr_reg[3]
            (rising edge-triggered flip-flop clocked by REF_CLK)
  Path Group: REF_CLK
  Path Type: min

  Point                                                   Incr       Path
  --------------------------------------------------------------------------
  clock REF_CLK (rise edge)                               0.00       0.00
  clock network delay (ideal)                             0.00       0.00
  FIFO_UNIT/wptr_full/wbin_reg[3]/CK (DFFRQX2M)           0.00       0.00 r
  FIFO_UNIT/wptr_full/wbin_reg[3]/Q (DFFRQX2M)            0.38       0.38 r
  FIFO_UNIT/wptr_full/U15/Y (XNOR2X2M)                    0.12       0.50 f
  FIFO_UNIT/wptr_full/wptr_reg[3]/D (DFFRQX2M)            0.00       0.50 f
  data arrival time                                                  0.50

  clock REF_CLK (rise edge)                               0.00       0.00
  clock network delay (ideal)                             0.00       0.00
  clock uncertainty                                       0.10       0.10
  FIFO_UNIT/wptr_full/wptr_reg[3]/CK (DFFRQX2M)           0.00       0.10 r
  library hold time                                      -0.03       0.07
  data required time                                                 0.07
  --------------------------------------------------------------------------
  data required time                                                 0.07
  data arrival time                                                 -0.50
  --------------------------------------------------------------------------
  slack (MET)                                                        0.43


  Startpoint: FIFO_UNIT/fifomem/mem_reg[7][7]
              (rising edge-triggered flip-flop clocked by REF_CLK)
  Endpoint: FIFO_UNIT/fifomem/mem_reg[7][7]
            (rising edge-triggered flip-flop clocked by REF_CLK)
  Path Group: REF_CLK
  Path Type: min

  Point                                                   Incr       Path
  --------------------------------------------------------------------------
  clock REF_CLK (rise edge)                               0.00       0.00
  clock network delay (ideal)                             0.00       0.00
  FIFO_UNIT/fifomem/mem_reg[7][7]/CK (DFFRQX2M)           0.00       0.00 r
  FIFO_UNIT/fifomem/mem_reg[7][7]/Q (DFFRQX2M)            0.47       0.47 f
  FIFO_UNIT/fifomem/U127/Y (INVX2M)                       0.06       0.53 r
  FIFO_UNIT/fifomem/U43/Y (OAI22X1M)                      0.06       0.59 f
  FIFO_UNIT/fifomem/mem_reg[7][7]/D (DFFRQX2M)            0.00       0.59 f
  data arrival time                                                  0.59

  clock REF_CLK (rise edge)                               0.00       0.00
  clock network delay (ideal)                             0.00       0.00
  clock uncertainty                                       0.10       0.10
  FIFO_UNIT/fifomem/mem_reg[7][7]/CK (DFFRQX2M)           0.00       0.10 r
  library hold time                                      -0.02       0.08
  data required time                                                 0.08
  --------------------------------------------------------------------------
  data required time                                                 0.08
  data arrival time                                                 -0.59
  --------------------------------------------------------------------------
  slack (MET)                                                        0.51


  Startpoint: FIFO_UNIT/fifomem/mem_reg[7][6]
              (rising edge-triggered flip-flop clocked by REF_CLK)
  Endpoint: FIFO_UNIT/fifomem/mem_reg[7][6]
            (rising edge-triggered flip-flop clocked by REF_CLK)
  Path Group: REF_CLK
  Path Type: min

  Point                                                   Incr       Path
  --------------------------------------------------------------------------
  clock REF_CLK (rise edge)                               0.00       0.00
  clock network delay (ideal)                             0.00       0.00
  FIFO_UNIT/fifomem/mem_reg[7][6]/CK (DFFRQX2M)           0.00       0.00 r
  FIFO_UNIT/fifomem/mem_reg[7][6]/Q (DFFRQX2M)            0.47       0.47 f
  FIFO_UNIT/fifomem/U113/Y (INVX2M)                       0.06       0.53 r
  FIFO_UNIT/fifomem/U42/Y (OAI22X1M)                      0.06       0.59 f
  FIFO_UNIT/fifomem/mem_reg[7][6]/D (DFFRQX2M)            0.00       0.59 f
  data arrival time                                                  0.59

  clock REF_CLK (rise edge)                               0.00       0.00
  clock network delay (ideal)                             0.00       0.00
  clock uncertainty                                       0.10       0.10
  FIFO_UNIT/fifomem/mem_reg[7][6]/CK (DFFRQX2M)           0.00       0.10 r
  library hold time                                      -0.02       0.08
  data required time                                                 0.08
  --------------------------------------------------------------------------
  data required time                                                 0.08
  data arrival time                                                 -0.59
  --------------------------------------------------------------------------
  slack (MET)                                                        0.51


  Startpoint: FIFO_UNIT/fifomem/mem_reg[7][5]
              (rising edge-triggered flip-flop clocked by REF_CLK)
  Endpoint: FIFO_UNIT/fifomem/mem_reg[7][5]
            (rising edge-triggered flip-flop clocked by REF_CLK)
  Path Group: REF_CLK
  Path Type: min

  Point                                                   Incr       Path
  --------------------------------------------------------------------------
  clock REF_CLK (rise edge)                               0.00       0.00
  clock network delay (ideal)                             0.00       0.00
  FIFO_UNIT/fifomem/mem_reg[7][5]/CK (DFFRQX2M)           0.00       0.00 r
  FIFO_UNIT/fifomem/mem_reg[7][5]/Q (DFFRQX2M)            0.47       0.47 f
  FIFO_UNIT/fifomem/U117/Y (INVX2M)                       0.06       0.53 r
  FIFO_UNIT/fifomem/U41/Y (OAI22X1M)                      0.06       0.59 f
  FIFO_UNIT/fifomem/mem_reg[7][5]/D (DFFRQX2M)            0.00       0.59 f
  data arrival time                                                  0.59

  clock REF_CLK (rise edge)                               0.00       0.00
  clock network delay (ideal)                             0.00       0.00
  clock uncertainty                                       0.10       0.10
  FIFO_UNIT/fifomem/mem_reg[7][5]/CK (DFFRQX2M)           0.00       0.10 r
  library hold time                                      -0.02       0.08
  data required time                                                 0.08
  --------------------------------------------------------------------------
  data required time                                                 0.08
  data arrival time                                                 -0.59
  --------------------------------------------------------------------------
  slack (MET)                                                        0.51


  Startpoint: FIFO_UNIT/fifomem/mem_reg[7][4]
              (rising edge-triggered flip-flop clocked by REF_CLK)
  Endpoint: FIFO_UNIT/fifomem/mem_reg[7][4]
            (rising edge-triggered flip-flop clocked by REF_CLK)
  Path Group: REF_CLK
  Path Type: min

  Point                                                   Incr       Path
  --------------------------------------------------------------------------
  clock REF_CLK (rise edge)                               0.00       0.00
  clock network delay (ideal)                             0.00       0.00
  FIFO_UNIT/fifomem/mem_reg[7][4]/CK (DFFRQX2M)           0.00       0.00 r
  FIFO_UNIT/fifomem/mem_reg[7][4]/Q (DFFRQX2M)            0.47       0.47 f
  FIFO_UNIT/fifomem/U115/Y (INVX2M)                       0.06       0.53 r
  FIFO_UNIT/fifomem/U40/Y (OAI22X1M)                      0.06       0.59 f
  FIFO_UNIT/fifomem/mem_reg[7][4]/D (DFFRQX2M)            0.00       0.59 f
  data arrival time                                                  0.59

  clock REF_CLK (rise edge)                               0.00       0.00
  clock network delay (ideal)                             0.00       0.00
  clock uncertainty                                       0.10       0.10
  FIFO_UNIT/fifomem/mem_reg[7][4]/CK (DFFRQX2M)           0.00       0.10 r
  library hold time                                      -0.02       0.08
  data required time                                                 0.08
  --------------------------------------------------------------------------
  data required time                                                 0.08
  data arrival time                                                 -0.59
  --------------------------------------------------------------------------
  slack (MET)                                                        0.51


  Startpoint: FIFO_UNIT/fifomem/mem_reg[7][3]
              (rising edge-triggered flip-flop clocked by REF_CLK)
  Endpoint: FIFO_UNIT/fifomem/mem_reg[7][3]
            (rising edge-triggered flip-flop clocked by REF_CLK)
  Path Group: REF_CLK
  Path Type: min

  Point                                                   Incr       Path
  --------------------------------------------------------------------------
  clock REF_CLK (rise edge)                               0.00       0.00
  clock network delay (ideal)                             0.00       0.00
  FIFO_UNIT/fifomem/mem_reg[7][3]/CK (DFFRQX2M)           0.00       0.00 r
  FIFO_UNIT/fifomem/mem_reg[7][3]/Q (DFFRQX2M)            0.47       0.47 f
  FIFO_UNIT/fifomem/U119/Y (INVX2M)                       0.06       0.53 r
  FIFO_UNIT/fifomem/U39/Y (OAI22X1M)                      0.06       0.59 f
  FIFO_UNIT/fifomem/mem_reg[7][3]/D (DFFRQX2M)            0.00       0.59 f
  data arrival time                                                  0.59

  clock REF_CLK (rise edge)                               0.00       0.00
  clock network delay (ideal)                             0.00       0.00
  clock uncertainty                                       0.10       0.10
  FIFO_UNIT/fifomem/mem_reg[7][3]/CK (DFFRQX2M)           0.00       0.10 r
  library hold time                                      -0.02       0.08
  data required time                                                 0.08
  --------------------------------------------------------------------------
  data required time                                                 0.08
  data arrival time                                                 -0.59
  --------------------------------------------------------------------------
  slack (MET)                                                        0.51


  Startpoint: FIFO_UNIT/fifomem/mem_reg[7][2]
              (rising edge-triggered flip-flop clocked by REF_CLK)
  Endpoint: FIFO_UNIT/fifomem/mem_reg[7][2]
            (rising edge-triggered flip-flop clocked by REF_CLK)
  Path Group: REF_CLK
  Path Type: min

  Point                                                   Incr       Path
  --------------------------------------------------------------------------
  clock REF_CLK (rise edge)                               0.00       0.00
  clock network delay (ideal)                             0.00       0.00
  FIFO_UNIT/fifomem/mem_reg[7][2]/CK (DFFRQX2M)           0.00       0.00 r
  FIFO_UNIT/fifomem/mem_reg[7][2]/Q (DFFRQX2M)            0.47       0.47 f
  FIFO_UNIT/fifomem/U121/Y (INVX2M)                       0.06       0.53 r
  FIFO_UNIT/fifomem/U38/Y (OAI22X1M)                      0.06       0.59 f
  FIFO_UNIT/fifomem/mem_reg[7][2]/D (DFFRQX2M)            0.00       0.59 f
  data arrival time                                                  0.59

  clock REF_CLK (rise edge)                               0.00       0.00
  clock network delay (ideal)                             0.00       0.00
  clock uncertainty                                       0.10       0.10
  FIFO_UNIT/fifomem/mem_reg[7][2]/CK (DFFRQX2M)           0.00       0.10 r
  library hold time                                      -0.02       0.08
  data required time                                                 0.08
  --------------------------------------------------------------------------
  data required time                                                 0.08
  data arrival time                                                 -0.59
  --------------------------------------------------------------------------
  slack (MET)                                                        0.51


  Startpoint: FIFO_UNIT/fifomem/mem_reg[7][1]
              (rising edge-triggered flip-flop clocked by REF_CLK)
  Endpoint: FIFO_UNIT/fifomem/mem_reg[7][1]
            (rising edge-triggered flip-flop clocked by REF_CLK)
  Path Group: REF_CLK
  Path Type: min

  Point                                                   Incr       Path
  --------------------------------------------------------------------------
  clock REF_CLK (rise edge)                               0.00       0.00
  clock network delay (ideal)                             0.00       0.00
  FIFO_UNIT/fifomem/mem_reg[7][1]/CK (DFFRQX2M)           0.00       0.00 r
  FIFO_UNIT/fifomem/mem_reg[7][1]/Q (DFFRQX2M)            0.47       0.47 f
  FIFO_UNIT/fifomem/U123/Y (INVX2M)                       0.06       0.53 r
  FIFO_UNIT/fifomem/U37/Y (OAI22X1M)                      0.06       0.59 f
  FIFO_UNIT/fifomem/mem_reg[7][1]/D (DFFRQX2M)            0.00       0.59 f
  data arrival time                                                  0.59

  clock REF_CLK (rise edge)                               0.00       0.00
  clock network delay (ideal)                             0.00       0.00
  clock uncertainty                                       0.10       0.10
  FIFO_UNIT/fifomem/mem_reg[7][1]/CK (DFFRQX2M)           0.00       0.10 r
  library hold time                                      -0.02       0.08
  data required time                                                 0.08
  --------------------------------------------------------------------------
  data required time                                                 0.08
  data arrival time                                                 -0.59
  --------------------------------------------------------------------------
  slack (MET)                                                        0.51


  Startpoint: FIFO_UNIT/fifomem/mem_reg[7][0]
              (rising edge-triggered flip-flop clocked by REF_CLK)
  Endpoint: FIFO_UNIT/fifomem/mem_reg[7][0]
            (rising edge-triggered flip-flop clocked by REF_CLK)
  Path Group: REF_CLK
  Path Type: min

  Point                                                   Incr       Path
  --------------------------------------------------------------------------
  clock REF_CLK (rise edge)                               0.00       0.00
  clock network delay (ideal)                             0.00       0.00
  FIFO_UNIT/fifomem/mem_reg[7][0]/CK (DFFRQX2M)           0.00       0.00 r
  FIFO_UNIT/fifomem/mem_reg[7][0]/Q (DFFRQX2M)            0.47       0.47 f
  FIFO_UNIT/fifomem/U125/Y (INVX2M)                       0.06       0.53 r
  FIFO_UNIT/fifomem/U36/Y (OAI22X1M)                      0.06       0.59 f
  FIFO_UNIT/fifomem/mem_reg[7][0]/D (DFFRQX2M)            0.00       0.59 f
  data arrival time                                                  0.59

  clock REF_CLK (rise edge)                               0.00       0.00
  clock network delay (ideal)                             0.00       0.00
  clock uncertainty                                       0.10       0.10
  FIFO_UNIT/fifomem/mem_reg[7][0]/CK (DFFRQX2M)           0.00       0.10 r
  library hold time                                      -0.02       0.08
  data required time                                                 0.08
  --------------------------------------------------------------------------
  data required time                                                 0.08
  data arrival time                                                 -0.59
  --------------------------------------------------------------------------
  slack (MET)                                                        0.51


  Startpoint: FIFO_UNIT/fifomem/mem_reg[6][7]
              (rising edge-triggered flip-flop clocked by REF_CLK)
  Endpoint: FIFO_UNIT/fifomem/mem_reg[6][7]
            (rising edge-triggered flip-flop clocked by REF_CLK)
  Path Group: REF_CLK
  Path Type: min

  Point                                                   Incr       Path
  --------------------------------------------------------------------------
  clock REF_CLK (rise edge)                               0.00       0.00
  clock network delay (ideal)                             0.00       0.00
  FIFO_UNIT/fifomem/mem_reg[6][7]/CK (DFFRQX2M)           0.00       0.00 r
  FIFO_UNIT/fifomem/mem_reg[6][7]/Q (DFFRQX2M)            0.47       0.47 f
  FIFO_UNIT/fifomem/U128/Y (INVX2M)                       0.06       0.53 r
  FIFO_UNIT/fifomem/U19/Y (OAI22X1M)                      0.06       0.59 f
  FIFO_UNIT/fifomem/mem_reg[6][7]/D (DFFRQX2M)            0.00       0.59 f
  data arrival time                                                  0.59

  clock REF_CLK (rise edge)                               0.00       0.00
  clock network delay (ideal)                             0.00       0.00
  clock uncertainty                                       0.10       0.10
  FIFO_UNIT/fifomem/mem_reg[6][7]/CK (DFFRQX2M)           0.00       0.10 r
  library hold time                                      -0.02       0.08
  data required time                                                 0.08
  --------------------------------------------------------------------------
  data required time                                                 0.08
  data arrival time                                                 -0.59
  --------------------------------------------------------------------------
  slack (MET)                                                        0.51


  Startpoint: FIFO_UNIT/fifomem/mem_reg[6][6]
              (rising edge-triggered flip-flop clocked by REF_CLK)
  Endpoint: FIFO_UNIT/fifomem/mem_reg[6][6]
            (rising edge-triggered flip-flop clocked by REF_CLK)
  Path Group: REF_CLK
  Path Type: min

  Point                                                   Incr       Path
  --------------------------------------------------------------------------
  clock REF_CLK (rise edge)                               0.00       0.00
  clock network delay (ideal)                             0.00       0.00
  FIFO_UNIT/fifomem/mem_reg[6][6]/CK (DFFRQX2M)           0.00       0.00 r
  FIFO_UNIT/fifomem/mem_reg[6][6]/Q (DFFRQX2M)            0.47       0.47 f
  FIFO_UNIT/fifomem/U114/Y (INVX2M)                       0.06       0.53 r
  FIFO_UNIT/fifomem/U18/Y (OAI22X1M)                      0.06       0.59 f
  FIFO_UNIT/fifomem/mem_reg[6][6]/D (DFFRQX2M)            0.00       0.59 f
  data arrival time                                                  0.59

  clock REF_CLK (rise edge)                               0.00       0.00
  clock network delay (ideal)                             0.00       0.00
  clock uncertainty                                       0.10       0.10
  FIFO_UNIT/fifomem/mem_reg[6][6]/CK (DFFRQX2M)           0.00       0.10 r
  library hold time                                      -0.02       0.08
  data required time                                                 0.08
  --------------------------------------------------------------------------
  data required time                                                 0.08
  data arrival time                                                 -0.59
  --------------------------------------------------------------------------
  slack (MET)                                                        0.51


  Startpoint: FIFO_UNIT/fifomem/mem_reg[6][5]
              (rising edge-triggered flip-flop clocked by REF_CLK)
  Endpoint: FIFO_UNIT/fifomem/mem_reg[6][5]
            (rising edge-triggered flip-flop clocked by REF_CLK)
  Path Group: REF_CLK
  Path Type: min

  Point                                                   Incr       Path
  --------------------------------------------------------------------------
  clock REF_CLK (rise edge)                               0.00       0.00
  clock network delay (ideal)                             0.00       0.00
  FIFO_UNIT/fifomem/mem_reg[6][5]/CK (DFFRQX2M)           0.00       0.00 r
  FIFO_UNIT/fifomem/mem_reg[6][5]/Q (DFFRQX2M)            0.47       0.47 f
  FIFO_UNIT/fifomem/U118/Y (INVX2M)                       0.06       0.53 r
  FIFO_UNIT/fifomem/U17/Y (OAI22X1M)                      0.06       0.59 f
  FIFO_UNIT/fifomem/mem_reg[6][5]/D (DFFRQX2M)            0.00       0.59 f
  data arrival time                                                  0.59

  clock REF_CLK (rise edge)                               0.00       0.00
  clock network delay (ideal)                             0.00       0.00
  clock uncertainty                                       0.10       0.10
  FIFO_UNIT/fifomem/mem_reg[6][5]/CK (DFFRQX2M)           0.00       0.10 r
  library hold time                                      -0.02       0.08
  data required time                                                 0.08
  --------------------------------------------------------------------------
  data required time                                                 0.08
  data arrival time                                                 -0.59
  --------------------------------------------------------------------------
  slack (MET)                                                        0.51


  Startpoint: FIFO_UNIT/fifomem/mem_reg[6][4]
              (rising edge-triggered flip-flop clocked by REF_CLK)
  Endpoint: FIFO_UNIT/fifomem/mem_reg[6][4]
            (rising edge-triggered flip-flop clocked by REF_CLK)
  Path Group: REF_CLK
  Path Type: min

  Point                                                   Incr       Path
  --------------------------------------------------------------------------
  clock REF_CLK (rise edge)                               0.00       0.00
  clock network delay (ideal)                             0.00       0.00
  FIFO_UNIT/fifomem/mem_reg[6][4]/CK (DFFRQX2M)           0.00       0.00 r
  FIFO_UNIT/fifomem/mem_reg[6][4]/Q (DFFRQX2M)            0.47       0.47 f
  FIFO_UNIT/fifomem/U116/Y (INVX2M)                       0.06       0.53 r
  FIFO_UNIT/fifomem/U16/Y (OAI22X1M)                      0.06       0.59 f
  FIFO_UNIT/fifomem/mem_reg[6][4]/D (DFFRQX2M)            0.00       0.59 f
  data arrival time                                                  0.59

  clock REF_CLK (rise edge)                               0.00       0.00
  clock network delay (ideal)                             0.00       0.00
  clock uncertainty                                       0.10       0.10
  FIFO_UNIT/fifomem/mem_reg[6][4]/CK (DFFRQX2M)           0.00       0.10 r
  library hold time                                      -0.02       0.08
  data required time                                                 0.08
  --------------------------------------------------------------------------
  data required time                                                 0.08
  data arrival time                                                 -0.59
  --------------------------------------------------------------------------
  slack (MET)                                                        0.51


  Startpoint: FIFO_UNIT/fifomem/mem_reg[6][3]
              (rising edge-triggered flip-flop clocked by REF_CLK)
  Endpoint: FIFO_UNIT/fifomem/mem_reg[6][3]
            (rising edge-triggered flip-flop clocked by REF_CLK)
  Path Group: REF_CLK
  Path Type: min

  Point                                                   Incr       Path
  --------------------------------------------------------------------------
  clock REF_CLK (rise edge)                               0.00       0.00
  clock network delay (ideal)                             0.00       0.00
  FIFO_UNIT/fifomem/mem_reg[6][3]/CK (DFFRQX2M)           0.00       0.00 r
  FIFO_UNIT/fifomem/mem_reg[6][3]/Q (DFFRQX2M)            0.47       0.47 f
  FIFO_UNIT/fifomem/U120/Y (INVX2M)                       0.06       0.53 r
  FIFO_UNIT/fifomem/U15/Y (OAI22X1M)                      0.06       0.59 f
  FIFO_UNIT/fifomem/mem_reg[6][3]/D (DFFRQX2M)            0.00       0.59 f
  data arrival time                                                  0.59

  clock REF_CLK (rise edge)                               0.00       0.00
  clock network delay (ideal)                             0.00       0.00
  clock uncertainty                                       0.10       0.10
  FIFO_UNIT/fifomem/mem_reg[6][3]/CK (DFFRQX2M)           0.00       0.10 r
  library hold time                                      -0.02       0.08
  data required time                                                 0.08
  --------------------------------------------------------------------------
  data required time                                                 0.08
  data arrival time                                                 -0.59
  --------------------------------------------------------------------------
  slack (MET)                                                        0.51


  Startpoint: FIFO_UNIT/fifomem/mem_reg[6][2]
              (rising edge-triggered flip-flop clocked by REF_CLK)
  Endpoint: FIFO_UNIT/fifomem/mem_reg[6][2]
            (rising edge-triggered flip-flop clocked by REF_CLK)
  Path Group: REF_CLK
  Path Type: min

  Point                                                   Incr       Path
  --------------------------------------------------------------------------
  clock REF_CLK (rise edge)                               0.00       0.00
  clock network delay (ideal)                             0.00       0.00
  FIFO_UNIT/fifomem/mem_reg[6][2]/CK (DFFRQX2M)           0.00       0.00 r
  FIFO_UNIT/fifomem/mem_reg[6][2]/Q (DFFRQX2M)            0.47       0.47 f
  FIFO_UNIT/fifomem/U122/Y (INVX2M)                       0.06       0.53 r
  FIFO_UNIT/fifomem/U14/Y (OAI22X1M)                      0.06       0.59 f
  FIFO_UNIT/fifomem/mem_reg[6][2]/D (DFFRQX2M)            0.00       0.59 f
  data arrival time                                                  0.59

  clock REF_CLK (rise edge)                               0.00       0.00
  clock network delay (ideal)                             0.00       0.00
  clock uncertainty                                       0.10       0.10
  FIFO_UNIT/fifomem/mem_reg[6][2]/CK (DFFRQX2M)           0.00       0.10 r
  library hold time                                      -0.02       0.08
  data required time                                                 0.08
  --------------------------------------------------------------------------
  data required time                                                 0.08
  data arrival time                                                 -0.59
  --------------------------------------------------------------------------
  slack (MET)                                                        0.51


  Startpoint: FIFO_UNIT/fifomem/mem_reg[6][1]
              (rising edge-triggered flip-flop clocked by REF_CLK)
  Endpoint: FIFO_UNIT/fifomem/mem_reg[6][1]
            (rising edge-triggered flip-flop clocked by REF_CLK)
  Path Group: REF_CLK
  Path Type: min

  Point                                                   Incr       Path
  --------------------------------------------------------------------------
  clock REF_CLK (rise edge)                               0.00       0.00
  clock network delay (ideal)                             0.00       0.00
  FIFO_UNIT/fifomem/mem_reg[6][1]/CK (DFFRQX2M)           0.00       0.00 r
  FIFO_UNIT/fifomem/mem_reg[6][1]/Q (DFFRQX2M)            0.47       0.47 f
  FIFO_UNIT/fifomem/U124/Y (INVX2M)                       0.06       0.53 r
  FIFO_UNIT/fifomem/U13/Y (OAI22X1M)                      0.06       0.59 f
  FIFO_UNIT/fifomem/mem_reg[6][1]/D (DFFRQX2M)            0.00       0.59 f
  data arrival time                                                  0.59

  clock REF_CLK (rise edge)                               0.00       0.00
  clock network delay (ideal)                             0.00       0.00
  clock uncertainty                                       0.10       0.10
  FIFO_UNIT/fifomem/mem_reg[6][1]/CK (DFFRQX2M)           0.00       0.10 r
  library hold time                                      -0.02       0.08
  data required time                                                 0.08
  --------------------------------------------------------------------------
  data required time                                                 0.08
  data arrival time                                                 -0.59
  --------------------------------------------------------------------------
  slack (MET)                                                        0.51


  Startpoint: FIFO_UNIT/fifomem/mem_reg[6][0]
              (rising edge-triggered flip-flop clocked by REF_CLK)
  Endpoint: FIFO_UNIT/fifomem/mem_reg[6][0]
            (rising edge-triggered flip-flop clocked by REF_CLK)
  Path Group: REF_CLK
  Path Type: min

  Point                                                   Incr       Path
  --------------------------------------------------------------------------
  clock REF_CLK (rise edge)                               0.00       0.00
  clock network delay (ideal)                             0.00       0.00
  FIFO_UNIT/fifomem/mem_reg[6][0]/CK (DFFRQX2M)           0.00       0.00 r
  FIFO_UNIT/fifomem/mem_reg[6][0]/Q (DFFRQX2M)            0.47       0.47 f
  FIFO_UNIT/fifomem/U126/Y (INVX2M)                       0.06       0.53 r
  FIFO_UNIT/fifomem/U12/Y (OAI22X1M)                      0.06       0.59 f
  FIFO_UNIT/fifomem/mem_reg[6][0]/D (DFFRQX2M)            0.00       0.59 f
  data arrival time                                                  0.59

  clock REF_CLK (rise edge)                               0.00       0.00
  clock network delay (ideal)                             0.00       0.00
  clock uncertainty                                       0.10       0.10
  FIFO_UNIT/fifomem/mem_reg[6][0]/CK (DFFRQX2M)           0.00       0.10 r
  library hold time                                      -0.02       0.08
  data required time                                                 0.08
  --------------------------------------------------------------------------
  data required time                                                 0.08
  data arrival time                                                 -0.59
  --------------------------------------------------------------------------
  slack (MET)                                                        0.51


  Startpoint: FIFO_UNIT/fifomem/mem_reg[5][7]
              (rising edge-triggered flip-flop clocked by REF_CLK)
  Endpoint: FIFO_UNIT/fifomem/mem_reg[5][7]
            (rising edge-triggered flip-flop clocked by REF_CLK)
  Path Group: REF_CLK
  Path Type: min

  Point                                                   Incr       Path
  --------------------------------------------------------------------------
  clock REF_CLK (rise edge)                               0.00       0.00
  clock network delay (ideal)                             0.00       0.00
  FIFO_UNIT/fifomem/mem_reg[5][7]/CK (DFFRQX2M)           0.00       0.00 r
  FIFO_UNIT/fifomem/mem_reg[5][7]/Q (DFFRQX2M)            0.47       0.47 f
  FIFO_UNIT/fifomem/U143/Y (INVX2M)                       0.06       0.53 r
  FIFO_UNIT/fifomem/U35/Y (OAI22X1M)                      0.06       0.59 f
  FIFO_UNIT/fifomem/mem_reg[5][7]/D (DFFRQX2M)            0.00       0.59 f
  data arrival time                                                  0.59

  clock REF_CLK (rise edge)                               0.00       0.00
  clock network delay (ideal)                             0.00       0.00
  clock uncertainty                                       0.10       0.10
  FIFO_UNIT/fifomem/mem_reg[5][7]/CK (DFFRQX2M)           0.00       0.10 r
  library hold time                                      -0.02       0.08
  data required time                                                 0.08
  --------------------------------------------------------------------------
  data required time                                                 0.08
  data arrival time                                                 -0.59
  --------------------------------------------------------------------------
  slack (MET)                                                        0.51


  Startpoint: FIFO_UNIT/fifomem/mem_reg[5][6]
              (rising edge-triggered flip-flop clocked by REF_CLK)
  Endpoint: FIFO_UNIT/fifomem/mem_reg[5][6]
            (rising edge-triggered flip-flop clocked by REF_CLK)
  Path Group: REF_CLK
  Path Type: min

  Point                                                   Incr       Path
  --------------------------------------------------------------------------
  clock REF_CLK (rise edge)                               0.00       0.00
  clock network delay (ideal)                             0.00       0.00
  FIFO_UNIT/fifomem/mem_reg[5][6]/CK (DFFRQX2M)           0.00       0.00 r
  FIFO_UNIT/fifomem/mem_reg[5][6]/Q (DFFRQX2M)            0.47       0.47 f
  FIFO_UNIT/fifomem/U129/Y (INVX2M)                       0.06       0.53 r
  FIFO_UNIT/fifomem/U34/Y (OAI22X1M)                      0.06       0.59 f
  FIFO_UNIT/fifomem/mem_reg[5][6]/D (DFFRQX2M)            0.00       0.59 f
  data arrival time                                                  0.59

  clock REF_CLK (rise edge)                               0.00       0.00
  clock network delay (ideal)                             0.00       0.00
  clock uncertainty                                       0.10       0.10
  FIFO_UNIT/fifomem/mem_reg[5][6]/CK (DFFRQX2M)           0.00       0.10 r
  library hold time                                      -0.02       0.08
  data required time                                                 0.08
  --------------------------------------------------------------------------
  data required time                                                 0.08
  data arrival time                                                 -0.59
  --------------------------------------------------------------------------
  slack (MET)                                                        0.51


  Startpoint: FIFO_UNIT/fifomem/mem_reg[5][5]
              (rising edge-triggered flip-flop clocked by REF_CLK)
  Endpoint: FIFO_UNIT/fifomem/mem_reg[5][5]
            (rising edge-triggered flip-flop clocked by REF_CLK)
  Path Group: REF_CLK
  Path Type: min

  Point                                                   Incr       Path
  --------------------------------------------------------------------------
  clock REF_CLK (rise edge)                               0.00       0.00
  clock network delay (ideal)                             0.00       0.00
  FIFO_UNIT/fifomem/mem_reg[5][5]/CK (DFFRQX2M)           0.00       0.00 r
  FIFO_UNIT/fifomem/mem_reg[5][5]/Q (DFFRQX2M)            0.47       0.47 f
  FIFO_UNIT/fifomem/U133/Y (INVX2M)                       0.06       0.53 r
  FIFO_UNIT/fifomem/U33/Y (OAI22X1M)                      0.06       0.59 f
  FIFO_UNIT/fifomem/mem_reg[5][5]/D (DFFRQX2M)            0.00       0.59 f
  data arrival time                                                  0.59

  clock REF_CLK (rise edge)                               0.00       0.00
  clock network delay (ideal)                             0.00       0.00
  clock uncertainty                                       0.10       0.10
  FIFO_UNIT/fifomem/mem_reg[5][5]/CK (DFFRQX2M)           0.00       0.10 r
  library hold time                                      -0.02       0.08
  data required time                                                 0.08
  --------------------------------------------------------------------------
  data required time                                                 0.08
  data arrival time                                                 -0.59
  --------------------------------------------------------------------------
  slack (MET)                                                        0.51


  Startpoint: FIFO_UNIT/fifomem/mem_reg[5][4]
              (rising edge-triggered flip-flop clocked by REF_CLK)
  Endpoint: FIFO_UNIT/fifomem/mem_reg[5][4]
            (rising edge-triggered flip-flop clocked by REF_CLK)
  Path Group: REF_CLK
  Path Type: min

  Point                                                   Incr       Path
  --------------------------------------------------------------------------
  clock REF_CLK (rise edge)                               0.00       0.00
  clock network delay (ideal)                             0.00       0.00
  FIFO_UNIT/fifomem/mem_reg[5][4]/CK (DFFRQX2M)           0.00       0.00 r
  FIFO_UNIT/fifomem/mem_reg[5][4]/Q (DFFRQX2M)            0.47       0.47 f
  FIFO_UNIT/fifomem/U131/Y (INVX2M)                       0.06       0.53 r
  FIFO_UNIT/fifomem/U32/Y (OAI22X1M)                      0.06       0.59 f
  FIFO_UNIT/fifomem/mem_reg[5][4]/D (DFFRQX2M)            0.00       0.59 f
  data arrival time                                                  0.59

  clock REF_CLK (rise edge)                               0.00       0.00
  clock network delay (ideal)                             0.00       0.00
  clock uncertainty                                       0.10       0.10
  FIFO_UNIT/fifomem/mem_reg[5][4]/CK (DFFRQX2M)           0.00       0.10 r
  library hold time                                      -0.02       0.08
  data required time                                                 0.08
  --------------------------------------------------------------------------
  data required time                                                 0.08
  data arrival time                                                 -0.59
  --------------------------------------------------------------------------
  slack (MET)                                                        0.51


  Startpoint: FIFO_UNIT/fifomem/mem_reg[5][3]
              (rising edge-triggered flip-flop clocked by REF_CLK)
  Endpoint: FIFO_UNIT/fifomem/mem_reg[5][3]
            (rising edge-triggered flip-flop clocked by REF_CLK)
  Path Group: REF_CLK
  Path Type: min

  Point                                                   Incr       Path
  --------------------------------------------------------------------------
  clock REF_CLK (rise edge)                               0.00       0.00
  clock network delay (ideal)                             0.00       0.00
  FIFO_UNIT/fifomem/mem_reg[5][3]/CK (DFFRQX2M)           0.00       0.00 r
  FIFO_UNIT/fifomem/mem_reg[5][3]/Q (DFFRQX2M)            0.47       0.47 f
  FIFO_UNIT/fifomem/U135/Y (INVX2M)                       0.06       0.53 r
  FIFO_UNIT/fifomem/U31/Y (OAI22X1M)                      0.06       0.59 f
  FIFO_UNIT/fifomem/mem_reg[5][3]/D (DFFRQX2M)            0.00       0.59 f
  data arrival time                                                  0.59

  clock REF_CLK (rise edge)                               0.00       0.00
  clock network delay (ideal)                             0.00       0.00
  clock uncertainty                                       0.10       0.10
  FIFO_UNIT/fifomem/mem_reg[5][3]/CK (DFFRQX2M)           0.00       0.10 r
  library hold time                                      -0.02       0.08
  data required time                                                 0.08
  --------------------------------------------------------------------------
  data required time                                                 0.08
  data arrival time                                                 -0.59
  --------------------------------------------------------------------------
  slack (MET)                                                        0.51


  Startpoint: FIFO_UNIT/fifomem/mem_reg[5][2]
              (rising edge-triggered flip-flop clocked by REF_CLK)
  Endpoint: FIFO_UNIT/fifomem/mem_reg[5][2]
            (rising edge-triggered flip-flop clocked by REF_CLK)
  Path Group: REF_CLK
  Path Type: min

  Point                                                   Incr       Path
  --------------------------------------------------------------------------
  clock REF_CLK (rise edge)                               0.00       0.00
  clock network delay (ideal)                             0.00       0.00
  FIFO_UNIT/fifomem/mem_reg[5][2]/CK (DFFRQX2M)           0.00       0.00 r
  FIFO_UNIT/fifomem/mem_reg[5][2]/Q (DFFRQX2M)            0.47       0.47 f
  FIFO_UNIT/fifomem/U137/Y (INVX2M)                       0.06       0.53 r
  FIFO_UNIT/fifomem/U30/Y (OAI22X1M)                      0.06       0.59 f
  FIFO_UNIT/fifomem/mem_reg[5][2]/D (DFFRQX2M)            0.00       0.59 f
  data arrival time                                                  0.59

  clock REF_CLK (rise edge)                               0.00       0.00
  clock network delay (ideal)                             0.00       0.00
  clock uncertainty                                       0.10       0.10
  FIFO_UNIT/fifomem/mem_reg[5][2]/CK (DFFRQX2M)           0.00       0.10 r
  library hold time                                      -0.02       0.08
  data required time                                                 0.08
  --------------------------------------------------------------------------
  data required time                                                 0.08
  data arrival time                                                 -0.59
  --------------------------------------------------------------------------
  slack (MET)                                                        0.51


  Startpoint: FIFO_UNIT/fifomem/mem_reg[5][1]
              (rising edge-triggered flip-flop clocked by REF_CLK)
  Endpoint: FIFO_UNIT/fifomem/mem_reg[5][1]
            (rising edge-triggered flip-flop clocked by REF_CLK)
  Path Group: REF_CLK
  Path Type: min

  Point                                                   Incr       Path
  --------------------------------------------------------------------------
  clock REF_CLK (rise edge)                               0.00       0.00
  clock network delay (ideal)                             0.00       0.00
  FIFO_UNIT/fifomem/mem_reg[5][1]/CK (DFFRQX2M)           0.00       0.00 r
  FIFO_UNIT/fifomem/mem_reg[5][1]/Q (DFFRQX2M)            0.47       0.47 f
  FIFO_UNIT/fifomem/U139/Y (INVX2M)                       0.06       0.53 r
  FIFO_UNIT/fifomem/U29/Y (OAI22X1M)                      0.06       0.59 f
  FIFO_UNIT/fifomem/mem_reg[5][1]/D (DFFRQX2M)            0.00       0.59 f
  data arrival time                                                  0.59

  clock REF_CLK (rise edge)                               0.00       0.00
  clock network delay (ideal)                             0.00       0.00
  clock uncertainty                                       0.10       0.10
  FIFO_UNIT/fifomem/mem_reg[5][1]/CK (DFFRQX2M)           0.00       0.10 r
  library hold time                                      -0.02       0.08
  data required time                                                 0.08
  --------------------------------------------------------------------------
  data required time                                                 0.08
  data arrival time                                                 -0.59
  --------------------------------------------------------------------------
  slack (MET)                                                        0.51


  Startpoint: FIFO_UNIT/fifomem/mem_reg[5][0]
              (rising edge-triggered flip-flop clocked by REF_CLK)
  Endpoint: FIFO_UNIT/fifomem/mem_reg[5][0]
            (rising edge-triggered flip-flop clocked by REF_CLK)
  Path Group: REF_CLK
  Path Type: min

  Point                                                   Incr       Path
  --------------------------------------------------------------------------
  clock REF_CLK (rise edge)                               0.00       0.00
  clock network delay (ideal)                             0.00       0.00
  FIFO_UNIT/fifomem/mem_reg[5][0]/CK (DFFRQX2M)           0.00       0.00 r
  FIFO_UNIT/fifomem/mem_reg[5][0]/Q (DFFRQX2M)            0.47       0.47 f
  FIFO_UNIT/fifomem/U141/Y (INVX2M)                       0.06       0.53 r
  FIFO_UNIT/fifomem/U28/Y (OAI22X1M)                      0.06       0.59 f
  FIFO_UNIT/fifomem/mem_reg[5][0]/D (DFFRQX2M)            0.00       0.59 f
  data arrival time                                                  0.59

  clock REF_CLK (rise edge)                               0.00       0.00
  clock network delay (ideal)                             0.00       0.00
  clock uncertainty                                       0.10       0.10
  FIFO_UNIT/fifomem/mem_reg[5][0]/CK (DFFRQX2M)           0.00       0.10 r
  library hold time                                      -0.02       0.08
  data required time                                                 0.08
  --------------------------------------------------------------------------
  data required time                                                 0.08
  data arrival time                                                 -0.59
  --------------------------------------------------------------------------
  slack (MET)                                                        0.51


  Startpoint: FIFO_UNIT/fifomem/mem_reg[4][7]
              (rising edge-triggered flip-flop clocked by REF_CLK)
  Endpoint: FIFO_UNIT/fifomem/mem_reg[4][7]
            (rising edge-triggered flip-flop clocked by REF_CLK)
  Path Group: REF_CLK
  Path Type: min

  Point                                                   Incr       Path
  --------------------------------------------------------------------------
  clock REF_CLK (rise edge)                               0.00       0.00
  clock network delay (ideal)                             0.00       0.00
  FIFO_UNIT/fifomem/mem_reg[4][7]/CK (DFFRQX2M)           0.00       0.00 r
  FIFO_UNIT/fifomem/mem_reg[4][7]/Q (DFFRQX2M)            0.47       0.47 f
  FIFO_UNIT/fifomem/U144/Y (INVX2M)                       0.06       0.53 r
  FIFO_UNIT/fifomem/U27/Y (OAI22X1M)                      0.06       0.59 f
  FIFO_UNIT/fifomem/mem_reg[4][7]/D (DFFRQX2M)            0.00       0.59 f
  data arrival time                                                  0.59

  clock REF_CLK (rise edge)                               0.00       0.00
  clock network delay (ideal)                             0.00       0.00
  clock uncertainty                                       0.10       0.10
  FIFO_UNIT/fifomem/mem_reg[4][7]/CK (DFFRQX2M)           0.00       0.10 r
  library hold time                                      -0.02       0.08
  data required time                                                 0.08
  --------------------------------------------------------------------------
  data required time                                                 0.08
  data arrival time                                                 -0.59
  --------------------------------------------------------------------------
  slack (MET)                                                        0.51


  Startpoint: FIFO_UNIT/fifomem/mem_reg[4][6]
              (rising edge-triggered flip-flop clocked by REF_CLK)
  Endpoint: FIFO_UNIT/fifomem/mem_reg[4][6]
            (rising edge-triggered flip-flop clocked by REF_CLK)
  Path Group: REF_CLK
  Path Type: min

  Point                                                   Incr       Path
  --------------------------------------------------------------------------
  clock REF_CLK (rise edge)                               0.00       0.00
  clock network delay (ideal)                             0.00       0.00
  FIFO_UNIT/fifomem/mem_reg[4][6]/CK (DFFRQX2M)           0.00       0.00 r
  FIFO_UNIT/fifomem/mem_reg[4][6]/Q (DFFRQX2M)            0.47       0.47 f
  FIFO_UNIT/fifomem/U130/Y (INVX2M)                       0.06       0.53 r
  FIFO_UNIT/fifomem/U26/Y (OAI22X1M)                      0.06       0.59 f
  FIFO_UNIT/fifomem/mem_reg[4][6]/D (DFFRQX2M)            0.00       0.59 f
  data arrival time                                                  0.59

  clock REF_CLK (rise edge)                               0.00       0.00
  clock network delay (ideal)                             0.00       0.00
  clock uncertainty                                       0.10       0.10
  FIFO_UNIT/fifomem/mem_reg[4][6]/CK (DFFRQX2M)           0.00       0.10 r
  library hold time                                      -0.02       0.08
  data required time                                                 0.08
  --------------------------------------------------------------------------
  data required time                                                 0.08
  data arrival time                                                 -0.59
  --------------------------------------------------------------------------
  slack (MET)                                                        0.51


  Startpoint: FIFO_UNIT/fifomem/mem_reg[4][5]
              (rising edge-triggered flip-flop clocked by REF_CLK)
  Endpoint: FIFO_UNIT/fifomem/mem_reg[4][5]
            (rising edge-triggered flip-flop clocked by REF_CLK)
  Path Group: REF_CLK
  Path Type: min

  Point                                                   Incr       Path
  --------------------------------------------------------------------------
  clock REF_CLK (rise edge)                               0.00       0.00
  clock network delay (ideal)                             0.00       0.00
  FIFO_UNIT/fifomem/mem_reg[4][5]/CK (DFFRQX2M)           0.00       0.00 r
  FIFO_UNIT/fifomem/mem_reg[4][5]/Q (DFFRQX2M)            0.47       0.47 f
  FIFO_UNIT/fifomem/U134/Y (INVX2M)                       0.06       0.53 r
  FIFO_UNIT/fifomem/U25/Y (OAI22X1M)                      0.06       0.59 f
  FIFO_UNIT/fifomem/mem_reg[4][5]/D (DFFRQX2M)            0.00       0.59 f
  data arrival time                                                  0.59

  clock REF_CLK (rise edge)                               0.00       0.00
  clock network delay (ideal)                             0.00       0.00
  clock uncertainty                                       0.10       0.10
  FIFO_UNIT/fifomem/mem_reg[4][5]/CK (DFFRQX2M)           0.00       0.10 r
  library hold time                                      -0.02       0.08
  data required time                                                 0.08
  --------------------------------------------------------------------------
  data required time                                                 0.08
  data arrival time                                                 -0.59
  --------------------------------------------------------------------------
  slack (MET)                                                        0.51


  Startpoint: FIFO_UNIT/fifomem/mem_reg[4][4]
              (rising edge-triggered flip-flop clocked by REF_CLK)
  Endpoint: FIFO_UNIT/fifomem/mem_reg[4][4]
            (rising edge-triggered flip-flop clocked by REF_CLK)
  Path Group: REF_CLK
  Path Type: min

  Point                                                   Incr       Path
  --------------------------------------------------------------------------
  clock REF_CLK (rise edge)                               0.00       0.00
  clock network delay (ideal)                             0.00       0.00
  FIFO_UNIT/fifomem/mem_reg[4][4]/CK (DFFRQX2M)           0.00       0.00 r
  FIFO_UNIT/fifomem/mem_reg[4][4]/Q (DFFRQX2M)            0.47       0.47 f
  FIFO_UNIT/fifomem/U132/Y (INVX2M)                       0.06       0.53 r
  FIFO_UNIT/fifomem/U24/Y (OAI22X1M)                      0.06       0.59 f
  FIFO_UNIT/fifomem/mem_reg[4][4]/D (DFFRQX2M)            0.00       0.59 f
  data arrival time                                                  0.59

  clock REF_CLK (rise edge)                               0.00       0.00
  clock network delay (ideal)                             0.00       0.00
  clock uncertainty                                       0.10       0.10
  FIFO_UNIT/fifomem/mem_reg[4][4]/CK (DFFRQX2M)           0.00       0.10 r
  library hold time                                      -0.02       0.08
  data required time                                                 0.08
  --------------------------------------------------------------------------
  data required time                                                 0.08
  data arrival time                                                 -0.59
  --------------------------------------------------------------------------
  slack (MET)                                                        0.51


  Startpoint: FIFO_UNIT/fifomem/mem_reg[4][3]
              (rising edge-triggered flip-flop clocked by REF_CLK)
  Endpoint: FIFO_UNIT/fifomem/mem_reg[4][3]
            (rising edge-triggered flip-flop clocked by REF_CLK)
  Path Group: REF_CLK
  Path Type: min

  Point                                                   Incr       Path
  --------------------------------------------------------------------------
  clock REF_CLK (rise edge)                               0.00       0.00
  clock network delay (ideal)                             0.00       0.00
  FIFO_UNIT/fifomem/mem_reg[4][3]/CK (DFFRQX2M)           0.00       0.00 r
  FIFO_UNIT/fifomem/mem_reg[4][3]/Q (DFFRQX2M)            0.47       0.47 f
  FIFO_UNIT/fifomem/U136/Y (INVX2M)                       0.06       0.53 r
  FIFO_UNIT/fifomem/U23/Y (OAI22X1M)                      0.06       0.59 f
  FIFO_UNIT/fifomem/mem_reg[4][3]/D (DFFRQX2M)            0.00       0.59 f
  data arrival time                                                  0.59

  clock REF_CLK (rise edge)                               0.00       0.00
  clock network delay (ideal)                             0.00       0.00
  clock uncertainty                                       0.10       0.10
  FIFO_UNIT/fifomem/mem_reg[4][3]/CK (DFFRQX2M)           0.00       0.10 r
  library hold time                                      -0.02       0.08
  data required time                                                 0.08
  --------------------------------------------------------------------------
  data required time                                                 0.08
  data arrival time                                                 -0.59
  --------------------------------------------------------------------------
  slack (MET)                                                        0.51


  Startpoint: FIFO_UNIT/fifomem/mem_reg[4][2]
              (rising edge-triggered flip-flop clocked by REF_CLK)
  Endpoint: FIFO_UNIT/fifomem/mem_reg[4][2]
            (rising edge-triggered flip-flop clocked by REF_CLK)
  Path Group: REF_CLK
  Path Type: min

  Point                                                   Incr       Path
  --------------------------------------------------------------------------
  clock REF_CLK (rise edge)                               0.00       0.00
  clock network delay (ideal)                             0.00       0.00
  FIFO_UNIT/fifomem/mem_reg[4][2]/CK (DFFRQX2M)           0.00       0.00 r
  FIFO_UNIT/fifomem/mem_reg[4][2]/Q (DFFRQX2M)            0.47       0.47 f
  FIFO_UNIT/fifomem/U138/Y (INVX2M)                       0.06       0.53 r
  FIFO_UNIT/fifomem/U22/Y (OAI22X1M)                      0.06       0.59 f
  FIFO_UNIT/fifomem/mem_reg[4][2]/D (DFFRQX2M)            0.00       0.59 f
  data arrival time                                                  0.59

  clock REF_CLK (rise edge)                               0.00       0.00
  clock network delay (ideal)                             0.00       0.00
  clock uncertainty                                       0.10       0.10
  FIFO_UNIT/fifomem/mem_reg[4][2]/CK (DFFRQX2M)           0.00       0.10 r
  library hold time                                      -0.02       0.08
  data required time                                                 0.08
  --------------------------------------------------------------------------
  data required time                                                 0.08
  data arrival time                                                 -0.59
  --------------------------------------------------------------------------
  slack (MET)                                                        0.51


  Startpoint: FIFO_UNIT/fifomem/mem_reg[4][1]
              (rising edge-triggered flip-flop clocked by REF_CLK)
  Endpoint: FIFO_UNIT/fifomem/mem_reg[4][1]
            (rising edge-triggered flip-flop clocked by REF_CLK)
  Path Group: REF_CLK
  Path Type: min

  Point                                                   Incr       Path
  --------------------------------------------------------------------------
  clock REF_CLK (rise edge)                               0.00       0.00
  clock network delay (ideal)                             0.00       0.00
  FIFO_UNIT/fifomem/mem_reg[4][1]/CK (DFFRQX2M)           0.00       0.00 r
  FIFO_UNIT/fifomem/mem_reg[4][1]/Q (DFFRQX2M)            0.47       0.47 f
  FIFO_UNIT/fifomem/U140/Y (INVX2M)                       0.06       0.53 r
  FIFO_UNIT/fifomem/U21/Y (OAI22X1M)                      0.06       0.59 f
  FIFO_UNIT/fifomem/mem_reg[4][1]/D (DFFRQX2M)            0.00       0.59 f
  data arrival time                                                  0.59

  clock REF_CLK (rise edge)                               0.00       0.00
  clock network delay (ideal)                             0.00       0.00
  clock uncertainty                                       0.10       0.10
  FIFO_UNIT/fifomem/mem_reg[4][1]/CK (DFFRQX2M)           0.00       0.10 r
  library hold time                                      -0.02       0.08
  data required time                                                 0.08
  --------------------------------------------------------------------------
  data required time                                                 0.08
  data arrival time                                                 -0.59
  --------------------------------------------------------------------------
  slack (MET)                                                        0.51


  Startpoint: FIFO_UNIT/fifomem/mem_reg[4][0]
              (rising edge-triggered flip-flop clocked by REF_CLK)
  Endpoint: FIFO_UNIT/fifomem/mem_reg[4][0]
            (rising edge-triggered flip-flop clocked by REF_CLK)
  Path Group: REF_CLK
  Path Type: min

  Point                                                   Incr       Path
  --------------------------------------------------------------------------
  clock REF_CLK (rise edge)                               0.00       0.00
  clock network delay (ideal)                             0.00       0.00
  FIFO_UNIT/fifomem/mem_reg[4][0]/CK (DFFRQX2M)           0.00       0.00 r
  FIFO_UNIT/fifomem/mem_reg[4][0]/Q (DFFRQX2M)            0.47       0.47 f
  FIFO_UNIT/fifomem/U142/Y (INVX2M)                       0.06       0.53 r
  FIFO_UNIT/fifomem/U20/Y (OAI22X1M)                      0.06       0.59 f
  FIFO_UNIT/fifomem/mem_reg[4][0]/D (DFFRQX2M)            0.00       0.59 f
  data arrival time                                                  0.59

  clock REF_CLK (rise edge)                               0.00       0.00
  clock network delay (ideal)                             0.00       0.00
  clock uncertainty                                       0.10       0.10
  FIFO_UNIT/fifomem/mem_reg[4][0]/CK (DFFRQX2M)           0.00       0.10 r
  library hold time                                      -0.02       0.08
  data required time                                                 0.08
  --------------------------------------------------------------------------
  data required time                                                 0.08
  data arrival time                                                 -0.59
  --------------------------------------------------------------------------
  slack (MET)                                                        0.51


  Startpoint: REG_FILE_UNIT/regfile_reg[9][7]
              (rising edge-triggered flip-flop clocked by REF_CLK)
  Endpoint: REG_FILE_UNIT/regfile_reg[9][7]
            (rising edge-triggered flip-flop clocked by REF_CLK)
  Path Group: REF_CLK
  Path Type: min

  Point                                                   Incr       Path
  --------------------------------------------------------------------------
  clock REF_CLK (rise edge)                               0.00       0.00
  clock network delay (ideal)                             0.00       0.00
  REG_FILE_UNIT/regfile_reg[9][7]/CK (DFFRQX2M)           0.00       0.00 r
  REG_FILE_UNIT/regfile_reg[9][7]/Q (DFFRQX2M)            0.47       0.47 f
  REG_FILE_UNIT/U325/Y (INVX2M)                           0.06       0.53 r
  REG_FILE_UNIT/U138/Y (OAI22X1M)                         0.06       0.59 f
  REG_FILE_UNIT/regfile_reg[9][7]/D (DFFRQX2M)            0.00       0.59 f
  data arrival time                                                  0.59

  clock REF_CLK (rise edge)                               0.00       0.00
  clock network delay (ideal)                             0.00       0.00
  clock uncertainty                                       0.10       0.10
  REG_FILE_UNIT/regfile_reg[9][7]/CK (DFFRQX2M)           0.00       0.10 r
  library hold time                                      -0.02       0.08
  data required time                                                 0.08
  --------------------------------------------------------------------------
  data required time                                                 0.08
  data arrival time                                                 -0.59
  --------------------------------------------------------------------------
  slack (MET)                                                        0.51


  Startpoint: REG_FILE_UNIT/regfile_reg[9][6]
              (rising edge-triggered flip-flop clocked by REF_CLK)
  Endpoint: REG_FILE_UNIT/regfile_reg[9][6]
            (rising edge-triggered flip-flop clocked by REF_CLK)
  Path Group: REF_CLK
  Path Type: min

  Point                                                   Incr       Path
  --------------------------------------------------------------------------
  clock REF_CLK (rise edge)                               0.00       0.00
  clock network delay (ideal)                             0.00       0.00
  REG_FILE_UNIT/regfile_reg[9][6]/CK (DFFRQX2M)           0.00       0.00 r
  REG_FILE_UNIT/regfile_reg[9][6]/Q (DFFRQX2M)            0.47       0.47 f
  REG_FILE_UNIT/U323/Y (INVX2M)                           0.06       0.53 r
  REG_FILE_UNIT/U137/Y (OAI22X1M)                         0.06       0.59 f
  REG_FILE_UNIT/regfile_reg[9][6]/D (DFFRQX2M)            0.00       0.59 f
  data arrival time                                                  0.59

  clock REF_CLK (rise edge)                               0.00       0.00
  clock network delay (ideal)                             0.00       0.00
  clock uncertainty                                       0.10       0.10
  REG_FILE_UNIT/regfile_reg[9][6]/CK (DFFRQX2M)           0.00       0.10 r
  library hold time                                      -0.02       0.08
  data required time                                                 0.08
  --------------------------------------------------------------------------
  data required time                                                 0.08
  data arrival time                                                 -0.59
  --------------------------------------------------------------------------
  slack (MET)                                                        0.51


  Startpoint: REG_FILE_UNIT/regfile_reg[9][5]
              (rising edge-triggered flip-flop clocked by REF_CLK)
  Endpoint: REG_FILE_UNIT/regfile_reg[9][5]
            (rising edge-triggered flip-flop clocked by REF_CLK)
  Path Group: REF_CLK
  Path Type: min

  Point                                                   Incr       Path
  --------------------------------------------------------------------------
  clock REF_CLK (rise edge)                               0.00       0.00
  clock network delay (ideal)                             0.00       0.00
  REG_FILE_UNIT/regfile_reg[9][5]/CK (DFFRQX2M)           0.00       0.00 r
  REG_FILE_UNIT/regfile_reg[9][5]/Q (DFFRQX2M)            0.47       0.47 f
  REG_FILE_UNIT/U321/Y (INVX2M)                           0.06       0.53 r
  REG_FILE_UNIT/U144/Y (OAI22X1M)                         0.06       0.59 f
  REG_FILE_UNIT/regfile_reg[9][5]/D (DFFRQX2M)            0.00       0.59 f
  data arrival time                                                  0.59

  clock REF_CLK (rise edge)                               0.00       0.00
  clock network delay (ideal)                             0.00       0.00
  clock uncertainty                                       0.10       0.10
  REG_FILE_UNIT/regfile_reg[9][5]/CK (DFFRQX2M)           0.00       0.10 r
  library hold time                                      -0.02       0.08
  data required time                                                 0.08
  --------------------------------------------------------------------------
  data required time                                                 0.08
  data arrival time                                                 -0.59
  --------------------------------------------------------------------------
  slack (MET)                                                        0.51


  Startpoint: REG_FILE_UNIT/regfile_reg[9][4]
              (rising edge-triggered flip-flop clocked by REF_CLK)
  Endpoint: REG_FILE_UNIT/regfile_reg[9][4]
            (rising edge-triggered flip-flop clocked by REF_CLK)
  Path Group: REF_CLK
  Path Type: min

  Point                                                   Incr       Path
  --------------------------------------------------------------------------
  clock REF_CLK (rise edge)                               0.00       0.00
  clock network delay (ideal)                             0.00       0.00
  REG_FILE_UNIT/regfile_reg[9][4]/CK (DFFRQX2M)           0.00       0.00 r
  REG_FILE_UNIT/regfile_reg[9][4]/Q (DFFRQX2M)            0.47       0.47 f
  REG_FILE_UNIT/U319/Y (INVX2M)                           0.06       0.53 r
  REG_FILE_UNIT/U143/Y (OAI22X1M)                         0.06       0.59 f
  REG_FILE_UNIT/regfile_reg[9][4]/D (DFFRQX2M)            0.00       0.59 f
  data arrival time                                                  0.59

  clock REF_CLK (rise edge)                               0.00       0.00
  clock network delay (ideal)                             0.00       0.00
  clock uncertainty                                       0.10       0.10
  REG_FILE_UNIT/regfile_reg[9][4]/CK (DFFRQX2M)           0.00       0.10 r
  library hold time                                      -0.02       0.08
  data required time                                                 0.08
  --------------------------------------------------------------------------
  data required time                                                 0.08
  data arrival time                                                 -0.59
  --------------------------------------------------------------------------
  slack (MET)                                                        0.51


  Startpoint: REG_FILE_UNIT/regfile_reg[9][3]
              (rising edge-triggered flip-flop clocked by REF_CLK)
  Endpoint: REG_FILE_UNIT/regfile_reg[9][3]
            (rising edge-triggered flip-flop clocked by REF_CLK)
  Path Group: REF_CLK
  Path Type: min

  Point                                                   Incr       Path
  --------------------------------------------------------------------------
  clock REF_CLK (rise edge)                               0.00       0.00
  clock network delay (ideal)                             0.00       0.00
  REG_FILE_UNIT/regfile_reg[9][3]/CK (DFFRQX2M)           0.00       0.00 r
  REG_FILE_UNIT/regfile_reg[9][3]/Q (DFFRQX2M)            0.47       0.47 f
  REG_FILE_UNIT/U317/Y (INVX2M)                           0.06       0.53 r
  REG_FILE_UNIT/U142/Y (OAI22X1M)                         0.06       0.59 f
  REG_FILE_UNIT/regfile_reg[9][3]/D (DFFRQX2M)            0.00       0.59 f
  data arrival time                                                  0.59

  clock REF_CLK (rise edge)                               0.00       0.00
  clock network delay (ideal)                             0.00       0.00
  clock uncertainty                                       0.10       0.10
  REG_FILE_UNIT/regfile_reg[9][3]/CK (DFFRQX2M)           0.00       0.10 r
  library hold time                                      -0.02       0.08
  data required time                                                 0.08
  --------------------------------------------------------------------------
  data required time                                                 0.08
  data arrival time                                                 -0.59
  --------------------------------------------------------------------------
  slack (MET)                                                        0.51


  Startpoint: REG_FILE_UNIT/regfile_reg[8][7]
              (rising edge-triggered flip-flop clocked by REF_CLK)
  Endpoint: REG_FILE_UNIT/regfile_reg[8][7]
            (rising edge-triggered flip-flop clocked by REF_CLK)
  Path Group: REF_CLK
  Path Type: min

  Point                                                   Incr       Path
  --------------------------------------------------------------------------
  clock REF_CLK (rise edge)                               0.00       0.00
  clock network delay (ideal)                             0.00       0.00
  REG_FILE_UNIT/regfile_reg[8][7]/CK (DFFRQX2M)           0.00       0.00 r
  REG_FILE_UNIT/regfile_reg[8][7]/Q (DFFRQX2M)            0.47       0.47 f
  REG_FILE_UNIT/U326/Y (INVX2M)                           0.06       0.53 r
  REG_FILE_UNIT/U97/Y (OAI22X1M)                          0.06       0.59 f
  REG_FILE_UNIT/regfile_reg[8][7]/D (DFFRQX2M)            0.00       0.59 f
  data arrival time                                                  0.59

  clock REF_CLK (rise edge)                               0.00       0.00
  clock network delay (ideal)                             0.00       0.00
  clock uncertainty                                       0.10       0.10
  REG_FILE_UNIT/regfile_reg[8][7]/CK (DFFRQX2M)           0.00       0.10 r
  library hold time                                      -0.02       0.08
  data required time                                                 0.08
  --------------------------------------------------------------------------
  data required time                                                 0.08
  data arrival time                                                 -0.59
  --------------------------------------------------------------------------
  slack (MET)                                                        0.51


  Startpoint: REG_FILE_UNIT/regfile_reg[8][6]
              (rising edge-triggered flip-flop clocked by REF_CLK)
  Endpoint: REG_FILE_UNIT/regfile_reg[8][6]
            (rising edge-triggered flip-flop clocked by REF_CLK)
  Path Group: REF_CLK
  Path Type: min

  Point                                                   Incr       Path
  --------------------------------------------------------------------------
  clock REF_CLK (rise edge)                               0.00       0.00
  clock network delay (ideal)                             0.00       0.00
  REG_FILE_UNIT/regfile_reg[8][6]/CK (DFFRQX2M)           0.00       0.00 r
  REG_FILE_UNIT/regfile_reg[8][6]/Q (DFFRQX2M)            0.47       0.47 f
  REG_FILE_UNIT/U324/Y (INVX2M)                           0.06       0.53 r
  REG_FILE_UNIT/U96/Y (OAI22X1M)                          0.06       0.59 f
  REG_FILE_UNIT/regfile_reg[8][6]/D (DFFRQX2M)            0.00       0.59 f
  data arrival time                                                  0.59

  clock REF_CLK (rise edge)                               0.00       0.00
  clock network delay (ideal)                             0.00       0.00
  clock uncertainty                                       0.10       0.10
  REG_FILE_UNIT/regfile_reg[8][6]/CK (DFFRQX2M)           0.00       0.10 r
  library hold time                                      -0.02       0.08
  data required time                                                 0.08
  --------------------------------------------------------------------------
  data required time                                                 0.08
  data arrival time                                                 -0.59
  --------------------------------------------------------------------------
  slack (MET)                                                        0.51


  Startpoint: REG_FILE_UNIT/regfile_reg[8][5]
              (rising edge-triggered flip-flop clocked by REF_CLK)
  Endpoint: REG_FILE_UNIT/regfile_reg[8][5]
            (rising edge-triggered flip-flop clocked by REF_CLK)
  Path Group: REF_CLK
  Path Type: min

  Point                                                   Incr       Path
  --------------------------------------------------------------------------
  clock REF_CLK (rise edge)                               0.00       0.00
  clock network delay (ideal)                             0.00       0.00
  REG_FILE_UNIT/regfile_reg[8][5]/CK (DFFRQX2M)           0.00       0.00 r
  REG_FILE_UNIT/regfile_reg[8][5]/Q (DFFRQX2M)            0.47       0.47 f
  REG_FILE_UNIT/U322/Y (INVX2M)                           0.06       0.53 r
  REG_FILE_UNIT/U106/Y (OAI22X1M)                         0.06       0.59 f
  REG_FILE_UNIT/regfile_reg[8][5]/D (DFFRQX2M)            0.00       0.59 f
  data arrival time                                                  0.59

  clock REF_CLK (rise edge)                               0.00       0.00
  clock network delay (ideal)                             0.00       0.00
  clock uncertainty                                       0.10       0.10
  REG_FILE_UNIT/regfile_reg[8][5]/CK (DFFRQX2M)           0.00       0.10 r
  library hold time                                      -0.02       0.08
  data required time                                                 0.08
  --------------------------------------------------------------------------
  data required time                                                 0.08
  data arrival time                                                 -0.59
  --------------------------------------------------------------------------
  slack (MET)                                                        0.51


  Startpoint: REG_FILE_UNIT/regfile_reg[8][4]
              (rising edge-triggered flip-flop clocked by REF_CLK)
  Endpoint: REG_FILE_UNIT/regfile_reg[8][4]
            (rising edge-triggered flip-flop clocked by REF_CLK)
  Path Group: REF_CLK
  Path Type: min

  Point                                                   Incr       Path
  --------------------------------------------------------------------------
  clock REF_CLK (rise edge)                               0.00       0.00
  clock network delay (ideal)                             0.00       0.00
  REG_FILE_UNIT/regfile_reg[8][4]/CK (DFFRQX2M)           0.00       0.00 r
  REG_FILE_UNIT/regfile_reg[8][4]/Q (DFFRQX2M)            0.47       0.47 f
  REG_FILE_UNIT/U320/Y (INVX2M)                           0.06       0.53 r
  REG_FILE_UNIT/U105/Y (OAI22X1M)                         0.06       0.59 f
  REG_FILE_UNIT/regfile_reg[8][4]/D (DFFRQX2M)            0.00       0.59 f
  data arrival time                                                  0.59

  clock REF_CLK (rise edge)                               0.00       0.00
  clock network delay (ideal)                             0.00       0.00
  clock uncertainty                                       0.10       0.10
  REG_FILE_UNIT/regfile_reg[8][4]/CK (DFFRQX2M)           0.00       0.10 r
  library hold time                                      -0.02       0.08
  data required time                                                 0.08
  --------------------------------------------------------------------------
  data required time                                                 0.08
  data arrival time                                                 -0.59
  --------------------------------------------------------------------------
  slack (MET)                                                        0.51


  Startpoint: REG_FILE_UNIT/regfile_reg[8][3]
              (rising edge-triggered flip-flop clocked by REF_CLK)
  Endpoint: REG_FILE_UNIT/regfile_reg[8][3]
            (rising edge-triggered flip-flop clocked by REF_CLK)
  Path Group: REF_CLK
  Path Type: min

  Point                                                   Incr       Path
  --------------------------------------------------------------------------
  clock REF_CLK (rise edge)                               0.00       0.00
  clock network delay (ideal)                             0.00       0.00
  REG_FILE_UNIT/regfile_reg[8][3]/CK (DFFRQX2M)           0.00       0.00 r
  REG_FILE_UNIT/regfile_reg[8][3]/Q (DFFRQX2M)            0.47       0.47 f
  REG_FILE_UNIT/U318/Y (INVX2M)                           0.06       0.53 r
  REG_FILE_UNIT/U104/Y (OAI22X1M)                         0.06       0.59 f
  REG_FILE_UNIT/regfile_reg[8][3]/D (DFFRQX2M)            0.00       0.59 f
  data arrival time                                                  0.59

  clock REF_CLK (rise edge)                               0.00       0.00
  clock network delay (ideal)                             0.00       0.00
  clock uncertainty                                       0.10       0.10
  REG_FILE_UNIT/regfile_reg[8][3]/CK (DFFRQX2M)           0.00       0.10 r
  library hold time                                      -0.02       0.08
  data required time                                                 0.08
  --------------------------------------------------------------------------
  data required time                                                 0.08
  data arrival time                                                 -0.59
  --------------------------------------------------------------------------
  slack (MET)                                                        0.51


  Startpoint: REG_FILE_UNIT/regfile_reg[8][2]
              (rising edge-triggered flip-flop clocked by REF_CLK)
  Endpoint: REG_FILE_UNIT/regfile_reg[8][2]
            (rising edge-triggered flip-flop clocked by REF_CLK)
  Path Group: REF_CLK
  Path Type: min

  Point                                                   Incr       Path
  --------------------------------------------------------------------------
  clock REF_CLK (rise edge)                               0.00       0.00
  clock network delay (ideal)                             0.00       0.00
  REG_FILE_UNIT/regfile_reg[8][2]/CK (DFFRQX2M)           0.00       0.00 r
  REG_FILE_UNIT/regfile_reg[8][2]/Q (DFFRQX2M)            0.47       0.47 f
  REG_FILE_UNIT/U316/Y (INVX2M)                           0.06       0.53 r
  REG_FILE_UNIT/U103/Y (OAI22X1M)                         0.06       0.59 f
  REG_FILE_UNIT/regfile_reg[8][2]/D (DFFRQX2M)            0.00       0.59 f
  data arrival time                                                  0.59

  clock REF_CLK (rise edge)                               0.00       0.00
  clock network delay (ideal)                             0.00       0.00
  clock uncertainty                                       0.10       0.10
  REG_FILE_UNIT/regfile_reg[8][2]/CK (DFFRQX2M)           0.00       0.10 r
  library hold time                                      -0.02       0.08
  data required time                                                 0.08
  --------------------------------------------------------------------------
  data required time                                                 0.08
  data arrival time                                                 -0.59
  --------------------------------------------------------------------------
  slack (MET)                                                        0.51


  Startpoint: REG_FILE_UNIT/regfile_reg[8][1]
              (rising edge-triggered flip-flop clocked by REF_CLK)
  Endpoint: REG_FILE_UNIT/regfile_reg[8][1]
            (rising edge-triggered flip-flop clocked by REF_CLK)
  Path Group: REF_CLK
  Path Type: min

  Point                                                   Incr       Path
  --------------------------------------------------------------------------
  clock REF_CLK (rise edge)                               0.00       0.00
  clock network delay (ideal)                             0.00       0.00
  REG_FILE_UNIT/regfile_reg[8][1]/CK (DFFRQX2M)           0.00       0.00 r
  REG_FILE_UNIT/regfile_reg[8][1]/Q (DFFRQX2M)            0.47       0.47 f
  REG_FILE_UNIT/U315/Y (INVX2M)                           0.06       0.53 r
  REG_FILE_UNIT/U102/Y (OAI22X1M)                         0.06       0.59 f
  REG_FILE_UNIT/regfile_reg[8][1]/D (DFFRQX2M)            0.00       0.59 f
  data arrival time                                                  0.59

  clock REF_CLK (rise edge)                               0.00       0.00
  clock network delay (ideal)                             0.00       0.00
  clock uncertainty                                       0.10       0.10
  REG_FILE_UNIT/regfile_reg[8][1]/CK (DFFRQX2M)           0.00       0.10 r
  library hold time                                      -0.02       0.08
  data required time                                                 0.08
  --------------------------------------------------------------------------
  data required time                                                 0.08
  data arrival time                                                 -0.59
  --------------------------------------------------------------------------
  slack (MET)                                                        0.51


  Startpoint: REG_FILE_UNIT/regfile_reg[8][0]
              (rising edge-triggered flip-flop clocked by REF_CLK)
  Endpoint: REG_FILE_UNIT/regfile_reg[8][0]
            (rising edge-triggered flip-flop clocked by REF_CLK)
  Path Group: REF_CLK
  Path Type: min

  Point                                                   Incr       Path
  --------------------------------------------------------------------------
  clock REF_CLK (rise edge)                               0.00       0.00
  clock network delay (ideal)                             0.00       0.00
  REG_FILE_UNIT/regfile_reg[8][0]/CK (DFFRQX2M)           0.00       0.00 r
  REG_FILE_UNIT/regfile_reg[8][0]/Q (DFFRQX2M)            0.47       0.47 f
  REG_FILE_UNIT/U314/Y (INVX2M)                           0.06       0.53 r
  REG_FILE_UNIT/U101/Y (OAI22X1M)                         0.06       0.59 f
  REG_FILE_UNIT/regfile_reg[8][0]/D (DFFRQX2M)            0.00       0.59 f
  data arrival time                                                  0.59

  clock REF_CLK (rise edge)                               0.00       0.00
  clock network delay (ideal)                             0.00       0.00
  clock uncertainty                                       0.10       0.10
  REG_FILE_UNIT/regfile_reg[8][0]/CK (DFFRQX2M)           0.00       0.10 r
  library hold time                                      -0.02       0.08
  data required time                                                 0.08
  --------------------------------------------------------------------------
  data required time                                                 0.08
  data arrival time                                                 -0.59
  --------------------------------------------------------------------------
  slack (MET)                                                        0.51


  Startpoint: REG_FILE_UNIT/regfile_reg[11][7]
              (rising edge-triggered flip-flop clocked by REF_CLK)
  Endpoint: REG_FILE_UNIT/regfile_reg[11][7]
            (rising edge-triggered flip-flop clocked by REF_CLK)
  Path Group: REF_CLK
  Path Type: min

  Point                                                   Incr       Path
  --------------------------------------------------------------------------
  clock REF_CLK (rise edge)                               0.00       0.00
  clock network delay (ideal)                             0.00       0.00
  REG_FILE_UNIT/regfile_reg[11][7]/CK (DFFRQX2M)          0.00       0.00 r
  REG_FILE_UNIT/regfile_reg[11][7]/Q (DFFRQX2M)           0.47       0.47 f
  REG_FILE_UNIT/U358/Y (INVX2M)                           0.06       0.53 r
  REG_FILE_UNIT/U120/Y (OAI22X1M)                         0.06       0.59 f
  REG_FILE_UNIT/regfile_reg[11][7]/D (DFFRQX2M)           0.00       0.59 f
  data arrival time                                                  0.59

  clock REF_CLK (rise edge)                               0.00       0.00
  clock network delay (ideal)                             0.00       0.00
  clock uncertainty                                       0.10       0.10
  REG_FILE_UNIT/regfile_reg[11][7]/CK (DFFRQX2M)          0.00       0.10 r
  library hold time                                      -0.02       0.08
  data required time                                                 0.08
  --------------------------------------------------------------------------
  data required time                                                 0.08
  data arrival time                                                 -0.59
  --------------------------------------------------------------------------
  slack (MET)                                                        0.51


  Startpoint: REG_FILE_UNIT/regfile_reg[11][6]
              (rising edge-triggered flip-flop clocked by REF_CLK)
  Endpoint: REG_FILE_UNIT/regfile_reg[11][6]
            (rising edge-triggered flip-flop clocked by REF_CLK)
  Path Group: REF_CLK
  Path Type: min

  Point                                                   Incr       Path
  --------------------------------------------------------------------------
  clock REF_CLK (rise edge)                               0.00       0.00
  clock network delay (ideal)                             0.00       0.00
  REG_FILE_UNIT/regfile_reg[11][6]/CK (DFFRQX2M)          0.00       0.00 r
  REG_FILE_UNIT/regfile_reg[11][6]/Q (DFFRQX2M)           0.47       0.47 f
  REG_FILE_UNIT/U356/Y (INVX2M)                           0.06       0.53 r
  REG_FILE_UNIT/U119/Y (OAI22X1M)                         0.06       0.59 f
  REG_FILE_UNIT/regfile_reg[11][6]/D (DFFRQX2M)           0.00       0.59 f
  data arrival time                                                  0.59

  clock REF_CLK (rise edge)                               0.00       0.00
  clock network delay (ideal)                             0.00       0.00
  clock uncertainty                                       0.10       0.10
  REG_FILE_UNIT/regfile_reg[11][6]/CK (DFFRQX2M)          0.00       0.10 r
  library hold time                                      -0.02       0.08
  data required time                                                 0.08
  --------------------------------------------------------------------------
  data required time                                                 0.08
  data arrival time                                                 -0.59
  --------------------------------------------------------------------------
  slack (MET)                                                        0.51


  Startpoint: REG_FILE_UNIT/regfile_reg[11][5]
              (rising edge-triggered flip-flop clocked by REF_CLK)
  Endpoint: REG_FILE_UNIT/regfile_reg[11][5]
            (rising edge-triggered flip-flop clocked by REF_CLK)
  Path Group: REF_CLK
  Path Type: min

  Point                                                   Incr       Path
  --------------------------------------------------------------------------
  clock REF_CLK (rise edge)                               0.00       0.00
  clock network delay (ideal)                             0.00       0.00
  REG_FILE_UNIT/regfile_reg[11][5]/CK (DFFRQX2M)          0.00       0.00 r
  REG_FILE_UNIT/regfile_reg[11][5]/Q (DFFRQX2M)           0.47       0.47 f
  REG_FILE_UNIT/U354/Y (INVX2M)                           0.06       0.53 r
  REG_FILE_UNIT/U118/Y (OAI22X1M)                         0.06       0.59 f
  REG_FILE_UNIT/regfile_reg[11][5]/D (DFFRQX2M)           0.00       0.59 f
  data arrival time                                                  0.59

  clock REF_CLK (rise edge)                               0.00       0.00
  clock network delay (ideal)                             0.00       0.00
  clock uncertainty                                       0.10       0.10
  REG_FILE_UNIT/regfile_reg[11][5]/CK (DFFRQX2M)          0.00       0.10 r
  library hold time                                      -0.02       0.08
  data required time                                                 0.08
  --------------------------------------------------------------------------
  data required time                                                 0.08
  data arrival time                                                 -0.59
  --------------------------------------------------------------------------
  slack (MET)                                                        0.51


  Startpoint: REG_FILE_UNIT/regfile_reg[11][4]
              (rising edge-triggered flip-flop clocked by REF_CLK)
  Endpoint: REG_FILE_UNIT/regfile_reg[11][4]
            (rising edge-triggered flip-flop clocked by REF_CLK)
  Path Group: REF_CLK
  Path Type: min

  Point                                                   Incr       Path
  --------------------------------------------------------------------------
  clock REF_CLK (rise edge)                               0.00       0.00
  clock network delay (ideal)                             0.00       0.00
  REG_FILE_UNIT/regfile_reg[11][4]/CK (DFFRQX2M)          0.00       0.00 r
  REG_FILE_UNIT/regfile_reg[11][4]/Q (DFFRQX2M)           0.47       0.47 f
  REG_FILE_UNIT/U352/Y (INVX2M)                           0.06       0.53 r
  REG_FILE_UNIT/U117/Y (OAI22X1M)                         0.06       0.59 f
  REG_FILE_UNIT/regfile_reg[11][4]/D (DFFRQX2M)           0.00       0.59 f
  data arrival time                                                  0.59

  clock REF_CLK (rise edge)                               0.00       0.00
  clock network delay (ideal)                             0.00       0.00
  clock uncertainty                                       0.10       0.10
  REG_FILE_UNIT/regfile_reg[11][4]/CK (DFFRQX2M)          0.00       0.10 r
  library hold time                                      -0.02       0.08
  data required time                                                 0.08
  --------------------------------------------------------------------------
  data required time                                                 0.08
  data arrival time                                                 -0.59
  --------------------------------------------------------------------------
  slack (MET)                                                        0.51


  Startpoint: REG_FILE_UNIT/regfile_reg[11][3]
              (rising edge-triggered flip-flop clocked by REF_CLK)
  Endpoint: REG_FILE_UNIT/regfile_reg[11][3]
            (rising edge-triggered flip-flop clocked by REF_CLK)
  Path Group: REF_CLK
  Path Type: min

  Point                                                   Incr       Path
  --------------------------------------------------------------------------
  clock REF_CLK (rise edge)                               0.00       0.00
  clock network delay (ideal)                             0.00       0.00
  REG_FILE_UNIT/regfile_reg[11][3]/CK (DFFRQX2M)          0.00       0.00 r
  REG_FILE_UNIT/regfile_reg[11][3]/Q (DFFRQX2M)           0.47       0.47 f
  REG_FILE_UNIT/U350/Y (INVX2M)                           0.06       0.53 r
  REG_FILE_UNIT/U116/Y (OAI22X1M)                         0.06       0.59 f
  REG_FILE_UNIT/regfile_reg[11][3]/D (DFFRQX2M)           0.00       0.59 f
  data arrival time                                                  0.59

  clock REF_CLK (rise edge)                               0.00       0.00
  clock network delay (ideal)                             0.00       0.00
  clock uncertainty                                       0.10       0.10
  REG_FILE_UNIT/regfile_reg[11][3]/CK (DFFRQX2M)          0.00       0.10 r
  library hold time                                      -0.02       0.08
  data required time                                                 0.08
  --------------------------------------------------------------------------
  data required time                                                 0.08
  data arrival time                                                 -0.59
  --------------------------------------------------------------------------
  slack (MET)                                                        0.51


  Startpoint: REG_FILE_UNIT/regfile_reg[11][2]
              (rising edge-triggered flip-flop clocked by REF_CLK)
  Endpoint: REG_FILE_UNIT/regfile_reg[11][2]
            (rising edge-triggered flip-flop clocked by REF_CLK)
  Path Group: REF_CLK
  Path Type: min

  Point                                                   Incr       Path
  --------------------------------------------------------------------------
  clock REF_CLK (rise edge)                               0.00       0.00
  clock network delay (ideal)                             0.00       0.00
  REG_FILE_UNIT/regfile_reg[11][2]/CK (DFFRQX2M)          0.00       0.00 r
  REG_FILE_UNIT/regfile_reg[11][2]/Q (DFFRQX2M)           0.47       0.47 f
  REG_FILE_UNIT/U348/Y (INVX2M)                           0.06       0.53 r
  REG_FILE_UNIT/U115/Y (OAI22X1M)                         0.06       0.59 f
  REG_FILE_UNIT/regfile_reg[11][2]/D (DFFRQX2M)           0.00       0.59 f
  data arrival time                                                  0.59

  clock REF_CLK (rise edge)                               0.00       0.00
  clock network delay (ideal)                             0.00       0.00
  clock uncertainty                                       0.10       0.10
  REG_FILE_UNIT/regfile_reg[11][2]/CK (DFFRQX2M)          0.00       0.10 r
  library hold time                                      -0.02       0.08
  data required time                                                 0.08
  --------------------------------------------------------------------------
  data required time                                                 0.08
  data arrival time                                                 -0.59
  --------------------------------------------------------------------------
  slack (MET)                                                        0.51


  Startpoint: REG_FILE_UNIT/regfile_reg[11][1]
              (rising edge-triggered flip-flop clocked by REF_CLK)
  Endpoint: REG_FILE_UNIT/regfile_reg[11][1]
            (rising edge-triggered flip-flop clocked by REF_CLK)
  Path Group: REF_CLK
  Path Type: min

  Point                                                   Incr       Path
  --------------------------------------------------------------------------
  clock REF_CLK (rise edge)                               0.00       0.00
  clock network delay (ideal)                             0.00       0.00
  REG_FILE_UNIT/regfile_reg[11][1]/CK (DFFRQX2M)          0.00       0.00 r
  REG_FILE_UNIT/regfile_reg[11][1]/Q (DFFRQX2M)           0.47       0.47 f
  REG_FILE_UNIT/U346/Y (INVX2M)                           0.06       0.53 r
  REG_FILE_UNIT/U114/Y (OAI22X1M)                         0.06       0.59 f
  REG_FILE_UNIT/regfile_reg[11][1]/D (DFFRQX2M)           0.00       0.59 f
  data arrival time                                                  0.59

  clock REF_CLK (rise edge)                               0.00       0.00
  clock network delay (ideal)                             0.00       0.00
  clock uncertainty                                       0.10       0.10
  REG_FILE_UNIT/regfile_reg[11][1]/CK (DFFRQX2M)          0.00       0.10 r
  library hold time                                      -0.02       0.08
  data required time                                                 0.08
  --------------------------------------------------------------------------
  data required time                                                 0.08
  data arrival time                                                 -0.59
  --------------------------------------------------------------------------
  slack (MET)                                                        0.51


  Startpoint: REG_FILE_UNIT/regfile_reg[11][0]
              (rising edge-triggered flip-flop clocked by REF_CLK)
  Endpoint: REG_FILE_UNIT/regfile_reg[11][0]
            (rising edge-triggered flip-flop clocked by REF_CLK)
  Path Group: REF_CLK
  Path Type: min

  Point                                                   Incr       Path
  --------------------------------------------------------------------------
  clock REF_CLK (rise edge)                               0.00       0.00
  clock network delay (ideal)                             0.00       0.00
  REG_FILE_UNIT/regfile_reg[11][0]/CK (DFFRQX2M)          0.00       0.00 r
  REG_FILE_UNIT/regfile_reg[11][0]/Q (DFFRQX2M)           0.47       0.47 f
  REG_FILE_UNIT/U344/Y (INVX2M)                           0.06       0.53 r
  REG_FILE_UNIT/U113/Y (OAI22X1M)                         0.06       0.59 f
  REG_FILE_UNIT/regfile_reg[11][0]/D (DFFRQX2M)           0.00       0.59 f
  data arrival time                                                  0.59

  clock REF_CLK (rise edge)                               0.00       0.00
  clock network delay (ideal)                             0.00       0.00
  clock uncertainty                                       0.10       0.10
  REG_FILE_UNIT/regfile_reg[11][0]/CK (DFFRQX2M)          0.00       0.10 r
  library hold time                                      -0.02       0.08
  data required time                                                 0.08
  --------------------------------------------------------------------------
  data required time                                                 0.08
  data arrival time                                                 -0.59
  --------------------------------------------------------------------------
  slack (MET)                                                        0.51


  Startpoint: REG_FILE_UNIT/regfile_reg[10][7]
              (rising edge-triggered flip-flop clocked by REF_CLK)
  Endpoint: REG_FILE_UNIT/regfile_reg[10][7]
            (rising edge-triggered flip-flop clocked by REF_CLK)
  Path Group: REF_CLK
  Path Type: min

  Point                                                   Incr       Path
  --------------------------------------------------------------------------
  clock REF_CLK (rise edge)                               0.00       0.00
  clock network delay (ideal)                             0.00       0.00
  REG_FILE_UNIT/regfile_reg[10][7]/CK (DFFRQX2M)          0.00       0.00 r
  REG_FILE_UNIT/regfile_reg[10][7]/Q (DFFRQX2M)           0.47       0.47 f
  REG_FILE_UNIT/U357/Y (INVX2M)                           0.06       0.53 r
  REG_FILE_UNIT/U92/Y (OAI22X1M)                          0.06       0.59 f
  REG_FILE_UNIT/regfile_reg[10][7]/D (DFFRQX2M)           0.00       0.59 f
  data arrival time                                                  0.59

  clock REF_CLK (rise edge)                               0.00       0.00
  clock network delay (ideal)                             0.00       0.00
  clock uncertainty                                       0.10       0.10
  REG_FILE_UNIT/regfile_reg[10][7]/CK (DFFRQX2M)          0.00       0.10 r
  library hold time                                      -0.02       0.08
  data required time                                                 0.08
  --------------------------------------------------------------------------
  data required time                                                 0.08
  data arrival time                                                 -0.59
  --------------------------------------------------------------------------
  slack (MET)                                                        0.51


  Startpoint: REG_FILE_UNIT/regfile_reg[10][6]
              (rising edge-triggered flip-flop clocked by REF_CLK)
  Endpoint: REG_FILE_UNIT/regfile_reg[10][6]
            (rising edge-triggered flip-flop clocked by REF_CLK)
  Path Group: REF_CLK
  Path Type: min

  Point                                                   Incr       Path
  --------------------------------------------------------------------------
  clock REF_CLK (rise edge)                               0.00       0.00
  clock network delay (ideal)                             0.00       0.00
  REG_FILE_UNIT/regfile_reg[10][6]/CK (DFFRQX2M)          0.00       0.00 r
  REG_FILE_UNIT/regfile_reg[10][6]/Q (DFFRQX2M)           0.47       0.47 f
  REG_FILE_UNIT/U355/Y (INVX2M)                           0.06       0.53 r
  REG_FILE_UNIT/U91/Y (OAI22X1M)                          0.06       0.59 f
  REG_FILE_UNIT/regfile_reg[10][6]/D (DFFRQX2M)           0.00       0.59 f
  data arrival time                                                  0.59

  clock REF_CLK (rise edge)                               0.00       0.00
  clock network delay (ideal)                             0.00       0.00
  clock uncertainty                                       0.10       0.10
  REG_FILE_UNIT/regfile_reg[10][6]/CK (DFFRQX2M)          0.00       0.10 r
  library hold time                                      -0.02       0.08
  data required time                                                 0.08
  --------------------------------------------------------------------------
  data required time                                                 0.08
  data arrival time                                                 -0.59
  --------------------------------------------------------------------------
  slack (MET)                                                        0.51


  Startpoint: REG_FILE_UNIT/regfile_reg[10][5]
              (rising edge-triggered flip-flop clocked by REF_CLK)
  Endpoint: REG_FILE_UNIT/regfile_reg[10][5]
            (rising edge-triggered flip-flop clocked by REF_CLK)
  Path Group: REF_CLK
  Path Type: min

  Point                                                   Incr       Path
  --------------------------------------------------------------------------
  clock REF_CLK (rise edge)                               0.00       0.00
  clock network delay (ideal)                             0.00       0.00
  REG_FILE_UNIT/regfile_reg[10][5]/CK (DFFRQX2M)          0.00       0.00 r
  REG_FILE_UNIT/regfile_reg[10][5]/Q (DFFRQX2M)           0.47       0.47 f
  REG_FILE_UNIT/U353/Y (INVX2M)                           0.06       0.53 r
  REG_FILE_UNIT/U95/Y (OAI22X1M)                          0.06       0.59 f
  REG_FILE_UNIT/regfile_reg[10][5]/D (DFFRQX2M)           0.00       0.59 f
  data arrival time                                                  0.59

  clock REF_CLK (rise edge)                               0.00       0.00
  clock network delay (ideal)                             0.00       0.00
  clock uncertainty                                       0.10       0.10
  REG_FILE_UNIT/regfile_reg[10][5]/CK (DFFRQX2M)          0.00       0.10 r
  library hold time                                      -0.02       0.08
  data required time                                                 0.08
  --------------------------------------------------------------------------
  data required time                                                 0.08
  data arrival time                                                 -0.59
  --------------------------------------------------------------------------
  slack (MET)                                                        0.51


  Startpoint: REG_FILE_UNIT/regfile_reg[10][4]
              (rising edge-triggered flip-flop clocked by REF_CLK)
  Endpoint: REG_FILE_UNIT/regfile_reg[10][4]
            (rising edge-triggered flip-flop clocked by REF_CLK)
  Path Group: REF_CLK
  Path Type: min

  Point                                                   Incr       Path
  --------------------------------------------------------------------------
  clock REF_CLK (rise edge)                               0.00       0.00
  clock network delay (ideal)                             0.00       0.00
  REG_FILE_UNIT/regfile_reg[10][4]/CK (DFFRQX2M)          0.00       0.00 r
  REG_FILE_UNIT/regfile_reg[10][4]/Q (DFFRQX2M)           0.47       0.47 f
  REG_FILE_UNIT/U351/Y (INVX2M)                           0.06       0.53 r
  REG_FILE_UNIT/U94/Y (OAI22X1M)                          0.06       0.59 f
  REG_FILE_UNIT/regfile_reg[10][4]/D (DFFRQX2M)           0.00       0.59 f
  data arrival time                                                  0.59

  clock REF_CLK (rise edge)                               0.00       0.00
  clock network delay (ideal)                             0.00       0.00
  clock uncertainty                                       0.10       0.10
  REG_FILE_UNIT/regfile_reg[10][4]/CK (DFFRQX2M)          0.00       0.10 r
  library hold time                                      -0.02       0.08
  data required time                                                 0.08
  --------------------------------------------------------------------------
  data required time                                                 0.08
  data arrival time                                                 -0.59
  --------------------------------------------------------------------------
  slack (MET)                                                        0.51


  Startpoint: REG_FILE_UNIT/regfile_reg[10][3]
              (rising edge-triggered flip-flop clocked by REF_CLK)
  Endpoint: REG_FILE_UNIT/regfile_reg[10][3]
            (rising edge-triggered flip-flop clocked by REF_CLK)
  Path Group: REF_CLK
  Path Type: min

  Point                                                   Incr       Path
  --------------------------------------------------------------------------
  clock REF_CLK (rise edge)                               0.00       0.00
  clock network delay (ideal)                             0.00       0.00
  REG_FILE_UNIT/regfile_reg[10][3]/CK (DFFRQX2M)          0.00       0.00 r
  REG_FILE_UNIT/regfile_reg[10][3]/Q (DFFRQX2M)           0.47       0.47 f
  REG_FILE_UNIT/U349/Y (INVX2M)                           0.06       0.53 r
  REG_FILE_UNIT/U93/Y (OAI22X1M)                          0.06       0.59 f
  REG_FILE_UNIT/regfile_reg[10][3]/D (DFFRQX2M)           0.00       0.59 f
  data arrival time                                                  0.59

  clock REF_CLK (rise edge)                               0.00       0.00
  clock network delay (ideal)                             0.00       0.00
  clock uncertainty                                       0.10       0.10
  REG_FILE_UNIT/regfile_reg[10][3]/CK (DFFRQX2M)          0.00       0.10 r
  library hold time                                      -0.02       0.08
  data required time                                                 0.08
  --------------------------------------------------------------------------
  data required time                                                 0.08
  data arrival time                                                 -0.59
  --------------------------------------------------------------------------
  slack (MET)                                                        0.51


  Startpoint: REG_FILE_UNIT/regfile_reg[10][2]
              (rising edge-triggered flip-flop clocked by REF_CLK)
  Endpoint: REG_FILE_UNIT/regfile_reg[10][2]
            (rising edge-triggered flip-flop clocked by REF_CLK)
  Path Group: REF_CLK
  Path Type: min

  Point                                                   Incr       Path
  --------------------------------------------------------------------------
  clock REF_CLK (rise edge)                               0.00       0.00
  clock network delay (ideal)                             0.00       0.00
  REG_FILE_UNIT/regfile_reg[10][2]/CK (DFFRQX2M)          0.00       0.00 r
  REG_FILE_UNIT/regfile_reg[10][2]/Q (DFFRQX2M)           0.47       0.47 f
  REG_FILE_UNIT/U347/Y (INVX2M)                           0.06       0.53 r
  REG_FILE_UNIT/U100/Y (OAI22X1M)                         0.06       0.59 f
  REG_FILE_UNIT/regfile_reg[10][2]/D (DFFRQX2M)           0.00       0.59 f
  data arrival time                                                  0.59

  clock REF_CLK (rise edge)                               0.00       0.00
  clock network delay (ideal)                             0.00       0.00
  clock uncertainty                                       0.10       0.10
  REG_FILE_UNIT/regfile_reg[10][2]/CK (DFFRQX2M)          0.00       0.10 r
  library hold time                                      -0.02       0.08
  data required time                                                 0.08
  --------------------------------------------------------------------------
  data required time                                                 0.08
  data arrival time                                                 -0.59
  --------------------------------------------------------------------------
  slack (MET)                                                        0.51


  Startpoint: REG_FILE_UNIT/regfile_reg[10][1]
              (rising edge-triggered flip-flop clocked by REF_CLK)
  Endpoint: REG_FILE_UNIT/regfile_reg[10][1]
            (rising edge-triggered flip-flop clocked by REF_CLK)
  Path Group: REF_CLK
  Path Type: min

  Point                                                   Incr       Path
  --------------------------------------------------------------------------
  clock REF_CLK (rise edge)                               0.00       0.00
  clock network delay (ideal)                             0.00       0.00
  REG_FILE_UNIT/regfile_reg[10][1]/CK (DFFRQX2M)          0.00       0.00 r
  REG_FILE_UNIT/regfile_reg[10][1]/Q (DFFRQX2M)           0.47       0.47 f
  REG_FILE_UNIT/U345/Y (INVX2M)                           0.06       0.53 r
  REG_FILE_UNIT/U99/Y (OAI22X1M)                          0.06       0.59 f
  REG_FILE_UNIT/regfile_reg[10][1]/D (DFFRQX2M)           0.00       0.59 f
  data arrival time                                                  0.59

  clock REF_CLK (rise edge)                               0.00       0.00
  clock network delay (ideal)                             0.00       0.00
  clock uncertainty                                       0.10       0.10
  REG_FILE_UNIT/regfile_reg[10][1]/CK (DFFRQX2M)          0.00       0.10 r
  library hold time                                      -0.02       0.08
  data required time                                                 0.08
  --------------------------------------------------------------------------
  data required time                                                 0.08
  data arrival time                                                 -0.59
  --------------------------------------------------------------------------
  slack (MET)                                                        0.51


  Startpoint: REG_FILE_UNIT/regfile_reg[10][0]
              (rising edge-triggered flip-flop clocked by REF_CLK)
  Endpoint: REG_FILE_UNIT/regfile_reg[10][0]
            (rising edge-triggered flip-flop clocked by REF_CLK)
  Path Group: REF_CLK
  Path Type: min

  Point                                                   Incr       Path
  --------------------------------------------------------------------------
  clock REF_CLK (rise edge)                               0.00       0.00
  clock network delay (ideal)                             0.00       0.00
  REG_FILE_UNIT/regfile_reg[10][0]/CK (DFFRQX2M)          0.00       0.00 r
  REG_FILE_UNIT/regfile_reg[10][0]/Q (DFFRQX2M)           0.47       0.47 f
  REG_FILE_UNIT/U343/Y (INVX2M)                           0.06       0.53 r
  REG_FILE_UNIT/U98/Y (OAI22X1M)                          0.06       0.59 f
  REG_FILE_UNIT/regfile_reg[10][0]/D (DFFRQX2M)           0.00       0.59 f
  data arrival time                                                  0.59

  clock REF_CLK (rise edge)                               0.00       0.00
  clock network delay (ideal)                             0.00       0.00
  clock uncertainty                                       0.10       0.10
  REG_FILE_UNIT/regfile_reg[10][0]/CK (DFFRQX2M)          0.00       0.10 r
  library hold time                                      -0.02       0.08
  data required time                                                 0.08
  --------------------------------------------------------------------------
  data required time                                                 0.08
  data arrival time                                                 -0.59
  --------------------------------------------------------------------------
  slack (MET)                                                        0.51


  Startpoint: REG_FILE_UNIT/regfile_reg[15][7]
              (rising edge-triggered flip-flop clocked by REF_CLK)
  Endpoint: REG_FILE_UNIT/regfile_reg[15][7]
            (rising edge-triggered flip-flop clocked by REF_CLK)
  Path Group: REF_CLK
  Path Type: min

  Point                                                   Incr       Path
  --------------------------------------------------------------------------
  clock REF_CLK (rise edge)                               0.00       0.00
  clock network delay (ideal)                             0.00       0.00
  REG_FILE_UNIT/regfile_reg[15][7]/CK (DFFRQX2M)          0.00       0.00 r
  REG_FILE_UNIT/regfile_reg[15][7]/Q (DFFRQX2M)           0.47       0.47 f
  REG_FILE_UNIT/U342/Y (INVX2M)                           0.06       0.53 r
  REG_FILE_UNIT/U128/Y (OAI22X1M)                         0.06       0.59 f
  REG_FILE_UNIT/regfile_reg[15][7]/D (DFFRQX2M)           0.00       0.59 f
  data arrival time                                                  0.59

  clock REF_CLK (rise edge)                               0.00       0.00
  clock network delay (ideal)                             0.00       0.00
  clock uncertainty                                       0.10       0.10
  REG_FILE_UNIT/regfile_reg[15][7]/CK (DFFRQX2M)          0.00       0.10 r
  library hold time                                      -0.02       0.08
  data required time                                                 0.08
  --------------------------------------------------------------------------
  data required time                                                 0.08
  data arrival time                                                 -0.59
  --------------------------------------------------------------------------
  slack (MET)                                                        0.51


  Startpoint: REG_FILE_UNIT/regfile_reg[15][6]
              (rising edge-triggered flip-flop clocked by REF_CLK)
  Endpoint: REG_FILE_UNIT/regfile_reg[15][6]
            (rising edge-triggered flip-flop clocked by REF_CLK)
  Path Group: REF_CLK
  Path Type: min

  Point                                                   Incr       Path
  --------------------------------------------------------------------------
  clock REF_CLK (rise edge)                               0.00       0.00
  clock network delay (ideal)                             0.00       0.00
  REG_FILE_UNIT/regfile_reg[15][6]/CK (DFFRQX2M)          0.00       0.00 r
  REG_FILE_UNIT/regfile_reg[15][6]/Q (DFFRQX2M)           0.47       0.47 f
  REG_FILE_UNIT/U340/Y (INVX2M)                           0.06       0.53 r
  REG_FILE_UNIT/U127/Y (OAI22X1M)                         0.06       0.59 f
  REG_FILE_UNIT/regfile_reg[15][6]/D (DFFRQX2M)           0.00       0.59 f
  data arrival time                                                  0.59

  clock REF_CLK (rise edge)                               0.00       0.00
  clock network delay (ideal)                             0.00       0.00
  clock uncertainty                                       0.10       0.10
  REG_FILE_UNIT/regfile_reg[15][6]/CK (DFFRQX2M)          0.00       0.10 r
  library hold time                                      -0.02       0.08
  data required time                                                 0.08
  --------------------------------------------------------------------------
  data required time                                                 0.08
  data arrival time                                                 -0.59
  --------------------------------------------------------------------------
  slack (MET)                                                        0.51


  Startpoint: REG_FILE_UNIT/regfile_reg[15][5]
              (rising edge-triggered flip-flop clocked by REF_CLK)
  Endpoint: REG_FILE_UNIT/regfile_reg[15][5]
            (rising edge-triggered flip-flop clocked by REF_CLK)
  Path Group: REF_CLK
  Path Type: min

  Point                                                   Incr       Path
  --------------------------------------------------------------------------
  clock REF_CLK (rise edge)                               0.00       0.00
  clock network delay (ideal)                             0.00       0.00
  REG_FILE_UNIT/regfile_reg[15][5]/CK (DFFRQX2M)          0.00       0.00 r
  REG_FILE_UNIT/regfile_reg[15][5]/Q (DFFRQX2M)           0.47       0.47 f
  REG_FILE_UNIT/U338/Y (INVX2M)                           0.06       0.53 r
  REG_FILE_UNIT/U126/Y (OAI22X1M)                         0.06       0.59 f
  REG_FILE_UNIT/regfile_reg[15][5]/D (DFFRQX2M)           0.00       0.59 f
  data arrival time                                                  0.59

  clock REF_CLK (rise edge)                               0.00       0.00
  clock network delay (ideal)                             0.00       0.00
  clock uncertainty                                       0.10       0.10
  REG_FILE_UNIT/regfile_reg[15][5]/CK (DFFRQX2M)          0.00       0.10 r
  library hold time                                      -0.02       0.08
  data required time                                                 0.08
  --------------------------------------------------------------------------
  data required time                                                 0.08
  data arrival time                                                 -0.59
  --------------------------------------------------------------------------
  slack (MET)                                                        0.51


  Startpoint: REG_FILE_UNIT/regfile_reg[15][4]
              (rising edge-triggered flip-flop clocked by REF_CLK)
  Endpoint: REG_FILE_UNIT/regfile_reg[15][4]
            (rising edge-triggered flip-flop clocked by REF_CLK)
  Path Group: REF_CLK
  Path Type: min

  Point                                                   Incr       Path
  --------------------------------------------------------------------------
  clock REF_CLK (rise edge)                               0.00       0.00
  clock network delay (ideal)                             0.00       0.00
  REG_FILE_UNIT/regfile_reg[15][4]/CK (DFFRQX2M)          0.00       0.00 r
  REG_FILE_UNIT/regfile_reg[15][4]/Q (DFFRQX2M)           0.47       0.47 f
  REG_FILE_UNIT/U336/Y (INVX2M)                           0.06       0.53 r
  REG_FILE_UNIT/U125/Y (OAI22X1M)                         0.06       0.59 f
  REG_FILE_UNIT/regfile_reg[15][4]/D (DFFRQX2M)           0.00       0.59 f
  data arrival time                                                  0.59

  clock REF_CLK (rise edge)                               0.00       0.00
  clock network delay (ideal)                             0.00       0.00
  clock uncertainty                                       0.10       0.10
  REG_FILE_UNIT/regfile_reg[15][4]/CK (DFFRQX2M)          0.00       0.10 r
  library hold time                                      -0.02       0.08
  data required time                                                 0.08
  --------------------------------------------------------------------------
  data required time                                                 0.08
  data arrival time                                                 -0.59
  --------------------------------------------------------------------------
  slack (MET)                                                        0.51


  Startpoint: REG_FILE_UNIT/regfile_reg[15][3]
              (rising edge-triggered flip-flop clocked by REF_CLK)
  Endpoint: REG_FILE_UNIT/regfile_reg[15][3]
            (rising edge-triggered flip-flop clocked by REF_CLK)
  Path Group: REF_CLK
  Path Type: min

  Point                                                   Incr       Path
  --------------------------------------------------------------------------
  clock REF_CLK (rise edge)                               0.00       0.00
  clock network delay (ideal)                             0.00       0.00
  REG_FILE_UNIT/regfile_reg[15][3]/CK (DFFRQX2M)          0.00       0.00 r
  REG_FILE_UNIT/regfile_reg[15][3]/Q (DFFRQX2M)           0.47       0.47 f
  REG_FILE_UNIT/U334/Y (INVX2M)                           0.06       0.53 r
  REG_FILE_UNIT/U124/Y (OAI22X1M)                         0.06       0.59 f
  REG_FILE_UNIT/regfile_reg[15][3]/D (DFFRQX2M)           0.00       0.59 f
  data arrival time                                                  0.59

  clock REF_CLK (rise edge)                               0.00       0.00
  clock network delay (ideal)                             0.00       0.00
  clock uncertainty                                       0.10       0.10
  REG_FILE_UNIT/regfile_reg[15][3]/CK (DFFRQX2M)          0.00       0.10 r
  library hold time                                      -0.02       0.08
  data required time                                                 0.08
  --------------------------------------------------------------------------
  data required time                                                 0.08
  data arrival time                                                 -0.59
  --------------------------------------------------------------------------
  slack (MET)                                                        0.51


  Startpoint: REG_FILE_UNIT/regfile_reg[15][2]
              (rising edge-triggered flip-flop clocked by REF_CLK)
  Endpoint: REG_FILE_UNIT/regfile_reg[15][2]
            (rising edge-triggered flip-flop clocked by REF_CLK)
  Path Group: REF_CLK
  Path Type: min

  Point                                                   Incr       Path
  --------------------------------------------------------------------------
  clock REF_CLK (rise edge)                               0.00       0.00
  clock network delay (ideal)                             0.00       0.00
  REG_FILE_UNIT/regfile_reg[15][2]/CK (DFFRQX2M)          0.00       0.00 r
  REG_FILE_UNIT/regfile_reg[15][2]/Q (DFFRQX2M)           0.47       0.47 f
  REG_FILE_UNIT/U332/Y (INVX2M)                           0.06       0.53 r
  REG_FILE_UNIT/U123/Y (OAI22X1M)                         0.06       0.59 f
  REG_FILE_UNIT/regfile_reg[15][2]/D (DFFRQX2M)           0.00       0.59 f
  data arrival time                                                  0.59

  clock REF_CLK (rise edge)                               0.00       0.00
  clock network delay (ideal)                             0.00       0.00
  clock uncertainty                                       0.10       0.10
  REG_FILE_UNIT/regfile_reg[15][2]/CK (DFFRQX2M)          0.00       0.10 r
  library hold time                                      -0.02       0.08
  data required time                                                 0.08
  --------------------------------------------------------------------------
  data required time                                                 0.08
  data arrival time                                                 -0.59
  --------------------------------------------------------------------------
  slack (MET)                                                        0.51


  Startpoint: REG_FILE_UNIT/regfile_reg[15][1]
              (rising edge-triggered flip-flop clocked by REF_CLK)
  Endpoint: REG_FILE_UNIT/regfile_reg[15][1]
            (rising edge-triggered flip-flop clocked by REF_CLK)
  Path Group: REF_CLK
  Path Type: min

  Point                                                   Incr       Path
  --------------------------------------------------------------------------
  clock REF_CLK (rise edge)                               0.00       0.00
  clock network delay (ideal)                             0.00       0.00
  REG_FILE_UNIT/regfile_reg[15][1]/CK (DFFRQX2M)          0.00       0.00 r
  REG_FILE_UNIT/regfile_reg[15][1]/Q (DFFRQX2M)           0.47       0.47 f
  REG_FILE_UNIT/U330/Y (INVX2M)                           0.06       0.53 r
  REG_FILE_UNIT/U122/Y (OAI22X1M)                         0.06       0.59 f
  REG_FILE_UNIT/regfile_reg[15][1]/D (DFFRQX2M)           0.00       0.59 f
  data arrival time                                                  0.59

  clock REF_CLK (rise edge)                               0.00       0.00
  clock network delay (ideal)                             0.00       0.00
  clock uncertainty                                       0.10       0.10
  REG_FILE_UNIT/regfile_reg[15][1]/CK (DFFRQX2M)          0.00       0.10 r
  library hold time                                      -0.02       0.08
  data required time                                                 0.08
  --------------------------------------------------------------------------
  data required time                                                 0.08
  data arrival time                                                 -0.59
  --------------------------------------------------------------------------
  slack (MET)                                                        0.51


  Startpoint: REG_FILE_UNIT/regfile_reg[15][0]
              (rising edge-triggered flip-flop clocked by REF_CLK)
  Endpoint: REG_FILE_UNIT/regfile_reg[15][0]
            (rising edge-triggered flip-flop clocked by REF_CLK)
  Path Group: REF_CLK
  Path Type: min

  Point                                                   Incr       Path
  --------------------------------------------------------------------------
  clock REF_CLK (rise edge)                               0.00       0.00
  clock network delay (ideal)                             0.00       0.00
  REG_FILE_UNIT/regfile_reg[15][0]/CK (DFFRQX2M)          0.00       0.00 r
  REG_FILE_UNIT/regfile_reg[15][0]/Q (DFFRQX2M)           0.47       0.47 f
  REG_FILE_UNIT/U328/Y (INVX2M)                           0.06       0.53 r
  REG_FILE_UNIT/U121/Y (OAI22X1M)                         0.06       0.59 f
  REG_FILE_UNIT/regfile_reg[15][0]/D (DFFRQX2M)           0.00       0.59 f
  data arrival time                                                  0.59

  clock REF_CLK (rise edge)                               0.00       0.00
  clock network delay (ideal)                             0.00       0.00
  clock uncertainty                                       0.10       0.10
  REG_FILE_UNIT/regfile_reg[15][0]/CK (DFFRQX2M)          0.00       0.10 r
  library hold time                                      -0.02       0.08
  data required time                                                 0.08
  --------------------------------------------------------------------------
  data required time                                                 0.08
  data arrival time                                                 -0.59
  --------------------------------------------------------------------------
  slack (MET)                                                        0.51


  Startpoint: REG_FILE_UNIT/regfile_reg[14][7]
              (rising edge-triggered flip-flop clocked by REF_CLK)
  Endpoint: REG_FILE_UNIT/regfile_reg[14][7]
            (rising edge-triggered flip-flop clocked by REF_CLK)
  Path Group: REF_CLK
  Path Type: min

  Point                                                   Incr       Path
  --------------------------------------------------------------------------
  clock REF_CLK (rise edge)                               0.00       0.00
  clock network delay (ideal)                             0.00       0.00
  REG_FILE_UNIT/regfile_reg[14][7]/CK (DFFRQX2M)          0.00       0.00 r
  REG_FILE_UNIT/regfile_reg[14][7]/Q (DFFRQX2M)           0.47       0.47 f
  REG_FILE_UNIT/U341/Y (INVX2M)                           0.06       0.53 r
  REG_FILE_UNIT/U82/Y (OAI22X1M)                          0.06       0.59 f
  REG_FILE_UNIT/regfile_reg[14][7]/D (DFFRQX2M)           0.00       0.59 f
  data arrival time                                                  0.59

  clock REF_CLK (rise edge)                               0.00       0.00
  clock network delay (ideal)                             0.00       0.00
  clock uncertainty                                       0.10       0.10
  REG_FILE_UNIT/regfile_reg[14][7]/CK (DFFRQX2M)          0.00       0.10 r
  library hold time                                      -0.02       0.08
  data required time                                                 0.08
  --------------------------------------------------------------------------
  data required time                                                 0.08
  data arrival time                                                 -0.59
  --------------------------------------------------------------------------
  slack (MET)                                                        0.51


  Startpoint: REG_FILE_UNIT/regfile_reg[14][6]
              (rising edge-triggered flip-flop clocked by REF_CLK)
  Endpoint: REG_FILE_UNIT/regfile_reg[14][6]
            (rising edge-triggered flip-flop clocked by REF_CLK)
  Path Group: REF_CLK
  Path Type: min

  Point                                                   Incr       Path
  --------------------------------------------------------------------------
  clock REF_CLK (rise edge)                               0.00       0.00
  clock network delay (ideal)                             0.00       0.00
  REG_FILE_UNIT/regfile_reg[14][6]/CK (DFFRQX2M)          0.00       0.00 r
  REG_FILE_UNIT/regfile_reg[14][6]/Q (DFFRQX2M)           0.47       0.47 f
  REG_FILE_UNIT/U339/Y (INVX2M)                           0.06       0.53 r
  REG_FILE_UNIT/U81/Y (OAI22X1M)                          0.06       0.59 f
  REG_FILE_UNIT/regfile_reg[14][6]/D (DFFRQX2M)           0.00       0.59 f
  data arrival time                                                  0.59

  clock REF_CLK (rise edge)                               0.00       0.00
  clock network delay (ideal)                             0.00       0.00
  clock uncertainty                                       0.10       0.10
  REG_FILE_UNIT/regfile_reg[14][6]/CK (DFFRQX2M)          0.00       0.10 r
  library hold time                                      -0.02       0.08
  data required time                                                 0.08
  --------------------------------------------------------------------------
  data required time                                                 0.08
  data arrival time                                                 -0.59
  --------------------------------------------------------------------------
  slack (MET)                                                        0.51


  Startpoint: REG_FILE_UNIT/regfile_reg[14][5]
              (rising edge-triggered flip-flop clocked by REF_CLK)
  Endpoint: REG_FILE_UNIT/regfile_reg[14][5]
            (rising edge-triggered flip-flop clocked by REF_CLK)
  Path Group: REF_CLK
  Path Type: min

  Point                                                   Incr       Path
  --------------------------------------------------------------------------
  clock REF_CLK (rise edge)                               0.00       0.00
  clock network delay (ideal)                             0.00       0.00
  REG_FILE_UNIT/regfile_reg[14][5]/CK (DFFRQX2M)          0.00       0.00 r
  REG_FILE_UNIT/regfile_reg[14][5]/Q (DFFRQX2M)           0.47       0.47 f
  REG_FILE_UNIT/U337/Y (INVX2M)                           0.06       0.53 r
  REG_FILE_UNIT/U80/Y (OAI22X1M)                          0.06       0.59 f
  REG_FILE_UNIT/regfile_reg[14][5]/D (DFFRQX2M)           0.00       0.59 f
  data arrival time                                                  0.59

  clock REF_CLK (rise edge)                               0.00       0.00
  clock network delay (ideal)                             0.00       0.00
  clock uncertainty                                       0.10       0.10
  REG_FILE_UNIT/regfile_reg[14][5]/CK (DFFRQX2M)          0.00       0.10 r
  library hold time                                      -0.02       0.08
  data required time                                                 0.08
  --------------------------------------------------------------------------
  data required time                                                 0.08
  data arrival time                                                 -0.59
  --------------------------------------------------------------------------
  slack (MET)                                                        0.51


  Startpoint: REG_FILE_UNIT/regfile_reg[14][4]
              (rising edge-triggered flip-flop clocked by REF_CLK)
  Endpoint: REG_FILE_UNIT/regfile_reg[14][4]
            (rising edge-triggered flip-flop clocked by REF_CLK)
  Path Group: REF_CLK
  Path Type: min

  Point                                                   Incr       Path
  --------------------------------------------------------------------------
  clock REF_CLK (rise edge)                               0.00       0.00
  clock network delay (ideal)                             0.00       0.00
  REG_FILE_UNIT/regfile_reg[14][4]/CK (DFFRQX2M)          0.00       0.00 r
  REG_FILE_UNIT/regfile_reg[14][4]/Q (DFFRQX2M)           0.47       0.47 f
  REG_FILE_UNIT/U335/Y (INVX2M)                           0.06       0.53 r
  REG_FILE_UNIT/U79/Y (OAI22X1M)                          0.06       0.59 f
  REG_FILE_UNIT/regfile_reg[14][4]/D (DFFRQX2M)           0.00       0.59 f
  data arrival time                                                  0.59

  clock REF_CLK (rise edge)                               0.00       0.00
  clock network delay (ideal)                             0.00       0.00
  clock uncertainty                                       0.10       0.10
  REG_FILE_UNIT/regfile_reg[14][4]/CK (DFFRQX2M)          0.00       0.10 r
  library hold time                                      -0.02       0.08
  data required time                                                 0.08
  --------------------------------------------------------------------------
  data required time                                                 0.08
  data arrival time                                                 -0.59
  --------------------------------------------------------------------------
  slack (MET)                                                        0.51


  Startpoint: REG_FILE_UNIT/regfile_reg[14][3]
              (rising edge-triggered flip-flop clocked by REF_CLK)
  Endpoint: REG_FILE_UNIT/regfile_reg[14][3]
            (rising edge-triggered flip-flop clocked by REF_CLK)
  Path Group: REF_CLK
  Path Type: min

  Point                                                   Incr       Path
  --------------------------------------------------------------------------
  clock REF_CLK (rise edge)                               0.00       0.00
  clock network delay (ideal)                             0.00       0.00
  REG_FILE_UNIT/regfile_reg[14][3]/CK (DFFRQX2M)          0.00       0.00 r
  REG_FILE_UNIT/regfile_reg[14][3]/Q (DFFRQX2M)           0.47       0.47 f
  REG_FILE_UNIT/U333/Y (INVX2M)                           0.06       0.53 r
  REG_FILE_UNIT/U78/Y (OAI22X1M)                          0.06       0.59 f
  REG_FILE_UNIT/regfile_reg[14][3]/D (DFFRQX2M)           0.00       0.59 f
  data arrival time                                                  0.59

  clock REF_CLK (rise edge)                               0.00       0.00
  clock network delay (ideal)                             0.00       0.00
  clock uncertainty                                       0.10       0.10
  REG_FILE_UNIT/regfile_reg[14][3]/CK (DFFRQX2M)          0.00       0.10 r
  library hold time                                      -0.02       0.08
  data required time                                                 0.08
  --------------------------------------------------------------------------
  data required time                                                 0.08
  data arrival time                                                 -0.59
  --------------------------------------------------------------------------
  slack (MET)                                                        0.51


  Startpoint: REG_FILE_UNIT/regfile_reg[14][2]
              (rising edge-triggered flip-flop clocked by REF_CLK)
  Endpoint: REG_FILE_UNIT/regfile_reg[14][2]
            (rising edge-triggered flip-flop clocked by REF_CLK)
  Path Group: REF_CLK
  Path Type: min

  Point                                                   Incr       Path
  --------------------------------------------------------------------------
  clock REF_CLK (rise edge)                               0.00       0.00
  clock network delay (ideal)                             0.00       0.00
  REG_FILE_UNIT/regfile_reg[14][2]/CK (DFFRQX2M)          0.00       0.00 r
  REG_FILE_UNIT/regfile_reg[14][2]/Q (DFFRQX2M)           0.47       0.47 f
  REG_FILE_UNIT/U331/Y (INVX2M)                           0.06       0.53 r
  REG_FILE_UNIT/U77/Y (OAI22X1M)                          0.06       0.59 f
  REG_FILE_UNIT/regfile_reg[14][2]/D (DFFRQX2M)           0.00       0.59 f
  data arrival time                                                  0.59

  clock REF_CLK (rise edge)                               0.00       0.00
  clock network delay (ideal)                             0.00       0.00
  clock uncertainty                                       0.10       0.10
  REG_FILE_UNIT/regfile_reg[14][2]/CK (DFFRQX2M)          0.00       0.10 r
  library hold time                                      -0.02       0.08
  data required time                                                 0.08
  --------------------------------------------------------------------------
  data required time                                                 0.08
  data arrival time                                                 -0.59
  --------------------------------------------------------------------------
  slack (MET)                                                        0.51


  Startpoint: REG_FILE_UNIT/regfile_reg[14][1]
              (rising edge-triggered flip-flop clocked by REF_CLK)
  Endpoint: REG_FILE_UNIT/regfile_reg[14][1]
            (rising edge-triggered flip-flop clocked by REF_CLK)
  Path Group: REF_CLK
  Path Type: min

  Point                                                   Incr       Path
  --------------------------------------------------------------------------
  clock REF_CLK (rise edge)                               0.00       0.00
  clock network delay (ideal)                             0.00       0.00
  REG_FILE_UNIT/regfile_reg[14][1]/CK (DFFRQX2M)          0.00       0.00 r
  REG_FILE_UNIT/regfile_reg[14][1]/Q (DFFRQX2M)           0.47       0.47 f
  REG_FILE_UNIT/U329/Y (INVX2M)                           0.06       0.53 r
  REG_FILE_UNIT/U76/Y (OAI22X1M)                          0.06       0.59 f
  REG_FILE_UNIT/regfile_reg[14][1]/D (DFFRQX2M)           0.00       0.59 f
  data arrival time                                                  0.59

  clock REF_CLK (rise edge)                               0.00       0.00
  clock network delay (ideal)                             0.00       0.00
  clock uncertainty                                       0.10       0.10
  REG_FILE_UNIT/regfile_reg[14][1]/CK (DFFRQX2M)          0.00       0.10 r
  library hold time                                      -0.02       0.08
  data required time                                                 0.08
  --------------------------------------------------------------------------
  data required time                                                 0.08
  data arrival time                                                 -0.59
  --------------------------------------------------------------------------
  slack (MET)                                                        0.51


  Startpoint: REG_FILE_UNIT/regfile_reg[14][0]
              (rising edge-triggered flip-flop clocked by REF_CLK)
  Endpoint: REG_FILE_UNIT/regfile_reg[14][0]
            (rising edge-triggered flip-flop clocked by REF_CLK)
  Path Group: REF_CLK
  Path Type: min

  Point                                                   Incr       Path
  --------------------------------------------------------------------------
  clock REF_CLK (rise edge)                               0.00       0.00
  clock network delay (ideal)                             0.00       0.00
  REG_FILE_UNIT/regfile_reg[14][0]/CK (DFFRQX2M)          0.00       0.00 r
  REG_FILE_UNIT/regfile_reg[14][0]/Q (DFFRQX2M)           0.47       0.47 f
  REG_FILE_UNIT/U327/Y (INVX2M)                           0.06       0.53 r
  REG_FILE_UNIT/U75/Y (OAI22X1M)                          0.06       0.59 f
  REG_FILE_UNIT/regfile_reg[14][0]/D (DFFRQX2M)           0.00       0.59 f
  data arrival time                                                  0.59

  clock REF_CLK (rise edge)                               0.00       0.00
  clock network delay (ideal)                             0.00       0.00
  clock uncertainty                                       0.10       0.10
  REG_FILE_UNIT/regfile_reg[14][0]/CK (DFFRQX2M)          0.00       0.10 r
  library hold time                                      -0.02       0.08
  data required time                                                 0.08
  --------------------------------------------------------------------------
  data required time                                                 0.08
  data arrival time                                                 -0.59
  --------------------------------------------------------------------------
  slack (MET)                                                        0.51


  Startpoint: REG_FILE_UNIT/regfile_reg[12][1]
              (rising edge-triggered flip-flop clocked by REF_CLK)
  Endpoint: REG_FILE_UNIT/regfile_reg[12][1]
            (rising edge-triggered flip-flop clocked by REF_CLK)
  Path Group: REF_CLK
  Path Type: min

  Point                                                   Incr       Path
  --------------------------------------------------------------------------
  clock REF_CLK (rise edge)                               0.00       0.00
  clock network delay (ideal)                             0.00       0.00
  REG_FILE_UNIT/regfile_reg[12][1]/CK (DFFRQX2M)          0.00       0.00 r
  REG_FILE_UNIT/regfile_reg[12][1]/Q (DFFRQX2M)           0.47       0.47 f
  REG_FILE_UNIT/U301/Y (INVX2M)                           0.07       0.53 r
  REG_FILE_UNIT/U84/Y (OAI22X1M)                          0.06       0.59 f
  REG_FILE_UNIT/regfile_reg[12][1]/D (DFFRQX2M)           0.00       0.59 f
  data arrival time                                                  0.59

  clock REF_CLK (rise edge)                               0.00       0.00
  clock network delay (ideal)                             0.00       0.00
  clock uncertainty                                       0.10       0.10
  REG_FILE_UNIT/regfile_reg[12][1]/CK (DFFRQX2M)          0.00       0.10 r
  library hold time                                      -0.02       0.08
  data required time                                                 0.08
  --------------------------------------------------------------------------
  data required time                                                 0.08
  data arrival time                                                 -0.59
  --------------------------------------------------------------------------
  slack (MET)                                                        0.51


  Startpoint: REG_FILE_UNIT/regfile_reg[12][0]
              (rising edge-triggered flip-flop clocked by REF_CLK)
  Endpoint: REG_FILE_UNIT/regfile_reg[12][0]
            (rising edge-triggered flip-flop clocked by REF_CLK)
  Path Group: REF_CLK
  Path Type: min

  Point                                                   Incr       Path
  --------------------------------------------------------------------------
  clock REF_CLK (rise edge)                               0.00       0.00
  clock network delay (ideal)                             0.00       0.00
  REG_FILE_UNIT/regfile_reg[12][0]/CK (DFFRQX2M)          0.00       0.00 r
  REG_FILE_UNIT/regfile_reg[12][0]/Q (DFFRQX2M)           0.47       0.47 f
  REG_FILE_UNIT/U299/Y (INVX2M)                           0.07       0.53 r
  REG_FILE_UNIT/U83/Y (OAI22X1M)                          0.06       0.59 f
  REG_FILE_UNIT/regfile_reg[12][0]/D (DFFRQX2M)           0.00       0.59 f
  data arrival time                                                  0.59

  clock REF_CLK (rise edge)                               0.00       0.00
  clock network delay (ideal)                             0.00       0.00
  clock uncertainty                                       0.10       0.10
  REG_FILE_UNIT/regfile_reg[12][0]/CK (DFFRQX2M)          0.00       0.10 r
  library hold time                                      -0.02       0.08
  data required time                                                 0.08
  --------------------------------------------------------------------------
  data required time                                                 0.08
  data arrival time                                                 -0.59
  --------------------------------------------------------------------------
  slack (MET)                                                        0.51


  Startpoint: UART_UNIT/UART_RX_UNIT/u_edge_bit_counter/bit_cnt_reg[2]
              (rising edge-triggered flip-flop clocked by RX_CLK)
  Endpoint: UART_UNIT/UART_RX_UNIT/u_edge_bit_counter/bit_cnt_reg[2]
            (rising edge-triggered flip-flop clocked by RX_CLK)
  Path Group: RX_CLK
  Path Type: min

  Point                                                   Incr       Path
  --------------------------------------------------------------------------
  clock RX_CLK (rise edge)                                0.00       0.00
  clock network delay (ideal)                             0.00       0.00
  UART_UNIT/UART_RX_UNIT/u_edge_bit_counter/bit_cnt_reg[2]/CK (DFFRX1M)
                                                          0.00       0.00 r
  UART_UNIT/UART_RX_UNIT/u_edge_bit_counter/bit_cnt_reg[2]/QN (DFFRX1M)
                                                          0.32       0.32 r
  UART_UNIT/UART_RX_UNIT/u_edge_bit_counter/U17/Y (OAI32X1M)
                                                          0.06       0.37 f
  UART_UNIT/UART_RX_UNIT/u_edge_bit_counter/bit_cnt_reg[2]/D (DFFRX1M)
                                                          0.00       0.37 f
  data arrival time                                                  0.37

  clock RX_CLK (rise edge)                                0.00       0.00
  clock network delay (ideal)                             0.00       0.00
  clock uncertainty                                       0.10       0.10
  UART_UNIT/UART_RX_UNIT/u_edge_bit_counter/bit_cnt_reg[2]/CK (DFFRX1M)
                                                          0.00       0.10 r
  library hold time                                      -0.02       0.08
  data required time                                                 0.08
  --------------------------------------------------------------------------
  data required time                                                 0.08
  data arrival time                                                 -0.37
  --------------------------------------------------------------------------
  slack (MET)                                                        0.29


  Startpoint: UART_UNIT/UART_RX_UNIT/u_deserializer/P_DATA_reg[1]
              (rising edge-triggered flip-flop clocked by RX_CLK)
  Endpoint: UART_UNIT/UART_RX_UNIT/u_deserializer/P_DATA_reg[1]
            (rising edge-triggered flip-flop clocked by RX_CLK)
  Path Group: RX_CLK
  Path Type: min

  Point                                                   Incr       Path
  --------------------------------------------------------------------------
  clock RX_CLK (rise edge)                                0.00       0.00
  clock network delay (ideal)                             0.00       0.00
  UART_UNIT/UART_RX_UNIT/u_deserializer/P_DATA_reg[1]/CK (DFFRX1M)
                                                          0.00       0.00 r
  UART_UNIT/UART_RX_UNIT/u_deserializer/P_DATA_reg[1]/QN (DFFRX1M)
                                                          0.34       0.34 r
  UART_UNIT/UART_RX_UNIT/u_deserializer/U8/Y (OAI22X1M)
                                                          0.06       0.40 f
  UART_UNIT/UART_RX_UNIT/u_deserializer/P_DATA_reg[1]/D (DFFRX1M)
                                                          0.00       0.40 f
  data arrival time                                                  0.40

  clock RX_CLK (rise edge)                                0.00       0.00
  clock network delay (ideal)                             0.00       0.00
  clock uncertainty                                       0.10       0.10
  UART_UNIT/UART_RX_UNIT/u_deserializer/P_DATA_reg[1]/CK (DFFRX1M)
                                                          0.00       0.10 r
  library hold time                                      -0.02       0.08
  data required time                                                 0.08
  --------------------------------------------------------------------------
  data required time                                                 0.08
  data arrival time                                                 -0.40
  --------------------------------------------------------------------------
  slack (MET)                                                        0.32


  Startpoint: UART_UNIT/UART_RX_UNIT/u_deserializer/P_DATA_reg[6]
              (rising edge-triggered flip-flop clocked by RX_CLK)
  Endpoint: UART_UNIT/UART_RX_UNIT/u_deserializer/P_DATA_reg[6]
            (rising edge-triggered flip-flop clocked by RX_CLK)
  Path Group: RX_CLK
  Path Type: min

  Point                                                   Incr       Path
  --------------------------------------------------------------------------
  clock RX_CLK (rise edge)                                0.00       0.00
  clock network delay (ideal)                             0.00       0.00
  UART_UNIT/UART_RX_UNIT/u_deserializer/P_DATA_reg[6]/CK (DFFRX1M)
                                                          0.00       0.00 r
  UART_UNIT/UART_RX_UNIT/u_deserializer/P_DATA_reg[6]/QN (DFFRX1M)
                                                          0.34       0.34 r
  UART_UNIT/UART_RX_UNIT/u_deserializer/U5/Y (OAI22X1M)
                                                          0.06       0.40 f
  UART_UNIT/UART_RX_UNIT/u_deserializer/P_DATA_reg[6]/D (DFFRX1M)
                                                          0.00       0.40 f
  data arrival time                                                  0.40

  clock RX_CLK (rise edge)                                0.00       0.00
  clock network delay (ideal)                             0.00       0.00
  clock uncertainty                                       0.10       0.10
  UART_UNIT/UART_RX_UNIT/u_deserializer/P_DATA_reg[6]/CK (DFFRX1M)
                                                          0.00       0.10 r
  library hold time                                      -0.02       0.08
  data required time                                                 0.08
  --------------------------------------------------------------------------
  data required time                                                 0.08
  data arrival time                                                 -0.40
  --------------------------------------------------------------------------
  slack (MET)                                                        0.33


  Startpoint: UART_UNIT/UART_RX_UNIT/u_deserializer/P_DATA_reg[4]
              (rising edge-triggered flip-flop clocked by RX_CLK)
  Endpoint: UART_UNIT/UART_RX_UNIT/u_deserializer/P_DATA_reg[4]
            (rising edge-triggered flip-flop clocked by RX_CLK)
  Path Group: RX_CLK
  Path Type: min

  Point                                                   Incr       Path
  --------------------------------------------------------------------------
  clock RX_CLK (rise edge)                                0.00       0.00
  clock network delay (ideal)                             0.00       0.00
  UART_UNIT/UART_RX_UNIT/u_deserializer/P_DATA_reg[4]/CK (DFFRX1M)
                                                          0.00       0.00 r
  UART_UNIT/UART_RX_UNIT/u_deserializer/P_DATA_reg[4]/QN (DFFRX1M)
                                                          0.34       0.34 r
  UART_UNIT/UART_RX_UNIT/u_deserializer/U7/Y (OAI22X1M)
                                                          0.06       0.40 f
  UART_UNIT/UART_RX_UNIT/u_deserializer/P_DATA_reg[4]/D (DFFRX1M)
                                                          0.00       0.40 f
  data arrival time                                                  0.40

  clock RX_CLK (rise edge)                                0.00       0.00
  clock network delay (ideal)                             0.00       0.00
  clock uncertainty                                       0.10       0.10
  UART_UNIT/UART_RX_UNIT/u_deserializer/P_DATA_reg[4]/CK (DFFRX1M)
                                                          0.00       0.10 r
  library hold time                                      -0.02       0.08
  data required time                                                 0.08
  --------------------------------------------------------------------------
  data required time                                                 0.08
  data arrival time                                                 -0.40
  --------------------------------------------------------------------------
  slack (MET)                                                        0.33


  Startpoint: UART_UNIT/UART_RX_UNIT/u_deserializer/P_DATA_reg[3]
              (rising edge-triggered flip-flop clocked by RX_CLK)
  Endpoint: UART_UNIT/UART_RX_UNIT/u_deserializer/P_DATA_reg[3]
            (rising edge-triggered flip-flop clocked by RX_CLK)
  Path Group: RX_CLK
  Path Type: min

  Point                                                   Incr       Path
  --------------------------------------------------------------------------
  clock RX_CLK (rise edge)                                0.00       0.00
  clock network delay (ideal)                             0.00       0.00
  UART_UNIT/UART_RX_UNIT/u_deserializer/P_DATA_reg[3]/CK (DFFRX1M)
                                                          0.00       0.00 r
  UART_UNIT/UART_RX_UNIT/u_deserializer/P_DATA_reg[3]/QN (DFFRX1M)
                                                          0.34       0.34 r
  UART_UNIT/UART_RX_UNIT/u_deserializer/U6/Y (OAI22X1M)
                                                          0.06       0.40 f
  UART_UNIT/UART_RX_UNIT/u_deserializer/P_DATA_reg[3]/D (DFFRX1M)
                                                          0.00       0.40 f
  data arrival time                                                  0.40

  clock RX_CLK (rise edge)                                0.00       0.00
  clock network delay (ideal)                             0.00       0.00
  clock uncertainty                                       0.10       0.10
  UART_UNIT/UART_RX_UNIT/u_deserializer/P_DATA_reg[3]/CK (DFFRX1M)
                                                          0.00       0.10 r
  library hold time                                      -0.02       0.08
  data required time                                                 0.08
  --------------------------------------------------------------------------
  data required time                                                 0.08
  data arrival time                                                 -0.40
  --------------------------------------------------------------------------
  slack (MET)                                                        0.33


  Startpoint: UART_UNIT/UART_RX_UNIT/u_deserializer/P_DATA_reg[5]
              (rising edge-triggered flip-flop clocked by RX_CLK)
  Endpoint: UART_UNIT/UART_RX_UNIT/u_deserializer/P_DATA_reg[5]
            (rising edge-triggered flip-flop clocked by RX_CLK)
  Path Group: RX_CLK
  Path Type: min

  Point                                                   Incr       Path
  --------------------------------------------------------------------------
  clock RX_CLK (rise edge)                                0.00       0.00
  clock network delay (ideal)                             0.00       0.00
  UART_UNIT/UART_RX_UNIT/u_deserializer/P_DATA_reg[5]/CK (DFFRX1M)
                                                          0.00       0.00 r
  UART_UNIT/UART_RX_UNIT/u_deserializer/P_DATA_reg[5]/QN (DFFRX1M)
                                                          0.34       0.34 r
  UART_UNIT/UART_RX_UNIT/u_deserializer/U9/Y (OAI22X1M)
                                                          0.06       0.40 f
  UART_UNIT/UART_RX_UNIT/u_deserializer/P_DATA_reg[5]/D (DFFRX1M)
                                                          0.00       0.40 f
  data arrival time                                                  0.40

  clock RX_CLK (rise edge)                                0.00       0.00
  clock network delay (ideal)                             0.00       0.00
  clock uncertainty                                       0.10       0.10
  UART_UNIT/UART_RX_UNIT/u_deserializer/P_DATA_reg[5]/CK (DFFRX1M)
                                                          0.00       0.10 r
  library hold time                                      -0.02       0.08
  data required time                                                 0.08
  --------------------------------------------------------------------------
  data required time                                                 0.08
  data arrival time                                                 -0.40
  --------------------------------------------------------------------------
  slack (MET)                                                        0.33


  Startpoint: UART_UNIT/UART_RX_UNIT/u_deserializer/P_DATA_reg[2]
              (rising edge-triggered flip-flop clocked by RX_CLK)
  Endpoint: UART_UNIT/UART_RX_UNIT/u_deserializer/P_DATA_reg[2]
            (rising edge-triggered flip-flop clocked by RX_CLK)
  Path Group: RX_CLK
  Path Type: min

  Point                                                   Incr       Path
  --------------------------------------------------------------------------
  clock RX_CLK (rise edge)                                0.00       0.00
  clock network delay (ideal)                             0.00       0.00
  UART_UNIT/UART_RX_UNIT/u_deserializer/P_DATA_reg[2]/CK (DFFRX1M)
                                                          0.00       0.00 r
  UART_UNIT/UART_RX_UNIT/u_deserializer/P_DATA_reg[2]/QN (DFFRX1M)
                                                          0.34       0.34 r
  UART_UNIT/UART_RX_UNIT/u_deserializer/U4/Y (OAI22X1M)
                                                          0.06       0.40 f
  UART_UNIT/UART_RX_UNIT/u_deserializer/P_DATA_reg[2]/D (DFFRX1M)
                                                          0.00       0.40 f
  data arrival time                                                  0.40

  clock RX_CLK (rise edge)                                0.00       0.00
  clock network delay (ideal)                             0.00       0.00
  clock uncertainty                                       0.10       0.10
  UART_UNIT/UART_RX_UNIT/u_deserializer/P_DATA_reg[2]/CK (DFFRX1M)
                                                          0.00       0.10 r
  library hold time                                      -0.02       0.08
  data required time                                                 0.08
  --------------------------------------------------------------------------
  data required time                                                 0.08
  data arrival time                                                 -0.40
  --------------------------------------------------------------------------
  slack (MET)                                                        0.33


  Startpoint: UART_UNIT/UART_RX_UNIT/u_deserializer/P_DATA_reg[7]
              (rising edge-triggered flip-flop clocked by RX_CLK)
  Endpoint: UART_UNIT/UART_RX_UNIT/u_deserializer/P_DATA_reg[7]
            (rising edge-triggered flip-flop clocked by RX_CLK)
  Path Group: RX_CLK
  Path Type: min

  Point                                                   Incr       Path
  --------------------------------------------------------------------------
  clock RX_CLK (rise edge)                                0.00       0.00
  clock network delay (ideal)                             0.00       0.00
  UART_UNIT/UART_RX_UNIT/u_deserializer/P_DATA_reg[7]/CK (DFFRX1M)
                                                          0.00       0.00 r
  UART_UNIT/UART_RX_UNIT/u_deserializer/P_DATA_reg[7]/QN (DFFRX1M)
                                                          0.34       0.34 r
  UART_UNIT/UART_RX_UNIT/u_deserializer/U19/Y (OAI2BB2X1M)
                                                          0.08       0.43 f
  UART_UNIT/UART_RX_UNIT/u_deserializer/P_DATA_reg[7]/D (DFFRX1M)
                                                          0.00       0.43 f
  data arrival time                                                  0.43

  clock RX_CLK (rise edge)                                0.00       0.00
  clock network delay (ideal)                             0.00       0.00
  clock uncertainty                                       0.10       0.10
  UART_UNIT/UART_RX_UNIT/u_deserializer/P_DATA_reg[7]/CK (DFFRX1M)
                                                          0.00       0.10 r
  library hold time                                      -0.02       0.08
  data required time                                                 0.08
  --------------------------------------------------------------------------
  data required time                                                 0.08
  data arrival time                                                 -0.43
  --------------------------------------------------------------------------
  slack (MET)                                                        0.35


  Startpoint: UART_UNIT/UART_RX_UNIT/u_deserializer/P_DATA_reg[1]
              (rising edge-triggered flip-flop clocked by RX_CLK)
  Endpoint: UART_UNIT/UART_RX_UNIT/u_deserializer/P_DATA_reg[0]
            (rising edge-triggered flip-flop clocked by RX_CLK)
  Path Group: RX_CLK
  Path Type: min

  Point                                                   Incr       Path
  --------------------------------------------------------------------------
  clock RX_CLK (rise edge)                                0.00       0.00
  clock network delay (ideal)                             0.00       0.00
  UART_UNIT/UART_RX_UNIT/u_deserializer/P_DATA_reg[1]/CK (DFFRX1M)
                                                          0.00       0.00 r
  UART_UNIT/UART_RX_UNIT/u_deserializer/P_DATA_reg[1]/QN (DFFRX1M)
                                                          0.34       0.34 r
  UART_UNIT/UART_RX_UNIT/u_deserializer/U18/Y (OAI2BB2X1M)
                                                          0.09       0.43 f
  UART_UNIT/UART_RX_UNIT/u_deserializer/P_DATA_reg[0]/D (DFFRQX2M)
                                                          0.00       0.43 f
  data arrival time                                                  0.43

  clock RX_CLK (rise edge)                                0.00       0.00
  clock network delay (ideal)                             0.00       0.00
  clock uncertainty                                       0.10       0.10
  UART_UNIT/UART_RX_UNIT/u_deserializer/P_DATA_reg[0]/CK (DFFRQX2M)
                                                          0.00       0.10 r
  library hold time                                      -0.03       0.07
  data required time                                                 0.07
  --------------------------------------------------------------------------
  data required time                                                 0.07
  data arrival time                                                 -0.43
  --------------------------------------------------------------------------
  slack (MET)                                                        0.35


  Startpoint: UART_UNIT/UART_RX_UNIT/u_Data_Sampling/sampled_bit_reg
              (rising edge-triggered flip-flop clocked by RX_CLK)
  Endpoint: UART_UNIT/UART_RX_UNIT/u_Stop_Check/stp_err_reg
            (rising edge-triggered flip-flop clocked by RX_CLK)
  Path Group: RX_CLK
  Path Type: min

  Point                                                   Incr       Path
  --------------------------------------------------------------------------
  clock RX_CLK (rise edge)                                0.00       0.00
  clock network delay (ideal)                             0.00       0.00
  UART_UNIT/UART_RX_UNIT/u_Data_Sampling/sampled_bit_reg/CK (DFFRQX2M)
                                                          0.00       0.00 r
  UART_UNIT/UART_RX_UNIT/u_Data_Sampling/sampled_bit_reg/Q (DFFRQX2M)
                                                          0.41       0.41 r
  UART_UNIT/UART_RX_UNIT/u_Data_Sampling/sampled_bit (Data_Sampling_DATA_WIDTH8)
                                                          0.00       0.41 r
  UART_UNIT/UART_RX_UNIT/u_Stop_Check/sampled_bit (Stop_Check_DATA_WIDTH8)
                                                          0.00       0.41 r
  UART_UNIT/UART_RX_UNIT/u_Stop_Check/U1/Y (OAI2BB2X1M)
                                                          0.09       0.49 f
  UART_UNIT/UART_RX_UNIT/u_Stop_Check/stp_err_reg/D (DFFRQX2M)
                                                          0.00       0.49 f
  data arrival time                                                  0.49

  clock RX_CLK (rise edge)                                0.00       0.00
  clock network delay (ideal)                             0.00       0.00
  clock uncertainty                                       0.10       0.10
  UART_UNIT/UART_RX_UNIT/u_Stop_Check/stp_err_reg/CK (DFFRQX2M)
                                                          0.00       0.10 r
  library hold time                                      -0.03       0.07
  data required time                                                 0.07
  --------------------------------------------------------------------------
  data required time                                                 0.07
  data arrival time                                                 -0.49
  --------------------------------------------------------------------------
  slack (MET)                                                        0.42


  Startpoint: UART_UNIT/UART_RX_UNIT/u_FSM_RX/Current_State_reg[2]
              (rising edge-triggered flip-flop clocked by RX_CLK)
  Endpoint: UART_UNIT/UART_RX_UNIT/u_FSM_RX/Current_State_reg[1]
            (rising edge-triggered flip-flop clocked by RX_CLK)
  Path Group: RX_CLK
  Path Type: min

  Point                                                   Incr       Path
  --------------------------------------------------------------------------
  clock RX_CLK (rise edge)                                0.00       0.00
  clock network delay (ideal)                             0.00       0.00
  UART_UNIT/UART_RX_UNIT/u_FSM_RX/Current_State_reg[2]/CK (DFFRQX2M)
                                                          0.00       0.00 r
  UART_UNIT/UART_RX_UNIT/u_FSM_RX/Current_State_reg[2]/Q (DFFRQX2M)
                                                          0.45       0.45 r
  UART_UNIT/UART_RX_UNIT/u_FSM_RX/U43/Y (OAI21X2M)        0.08       0.53 f
  UART_UNIT/UART_RX_UNIT/u_FSM_RX/Current_State_reg[1]/D (DFFRQX2M)
                                                          0.00       0.53 f
  data arrival time                                                  0.53

  clock RX_CLK (rise edge)                                0.00       0.00
  clock network delay (ideal)                             0.00       0.00
  clock uncertainty                                       0.10       0.10
  UART_UNIT/UART_RX_UNIT/u_FSM_RX/Current_State_reg[1]/CK (DFFRQX2M)
                                                          0.00       0.10 r
  library hold time                                      -0.02       0.08
  data required time                                                 0.08
  --------------------------------------------------------------------------
  data required time                                                 0.08
  data arrival time                                                 -0.53
  --------------------------------------------------------------------------
  slack (MET)                                                        0.46


  Startpoint: UART_UNIT/UART_RX_UNIT/u_edge_bit_counter/bit_cnt_reg[1]
              (rising edge-triggered flip-flop clocked by RX_CLK)
  Endpoint: UART_UNIT/UART_RX_UNIT/u_edge_bit_counter/bit_cnt_reg[1]
            (rising edge-triggered flip-flop clocked by RX_CLK)
  Path Group: RX_CLK
  Path Type: min

  Point                                                   Incr       Path
  --------------------------------------------------------------------------
  clock RX_CLK (rise edge)                                0.00       0.00
  clock network delay (ideal)                             0.00       0.00
  UART_UNIT/UART_RX_UNIT/u_edge_bit_counter/bit_cnt_reg[1]/CK (DFFRQX2M)
                                                          0.00       0.00 r
  UART_UNIT/UART_RX_UNIT/u_edge_bit_counter/bit_cnt_reg[1]/Q (DFFRQX2M)
                                                          0.45       0.45 r
  UART_UNIT/UART_RX_UNIT/u_edge_bit_counter/U14/Y (OAI32X1M)
                                                          0.11       0.56 f
  UART_UNIT/UART_RX_UNIT/u_edge_bit_counter/bit_cnt_reg[1]/D (DFFRQX2M)
                                                          0.00       0.56 f
  data arrival time                                                  0.56

  clock RX_CLK (rise edge)                                0.00       0.00
  clock network delay (ideal)                             0.00       0.00
  clock uncertainty                                       0.10       0.10
  UART_UNIT/UART_RX_UNIT/u_edge_bit_counter/bit_cnt_reg[1]/CK (DFFRQX2M)
                                                          0.00       0.10 r
  library hold time                                      -0.02       0.08
  data required time                                                 0.08
  --------------------------------------------------------------------------
  data required time                                                 0.08
  data arrival time                                                 -0.56
  --------------------------------------------------------------------------
  slack (MET)                                                        0.48


  Startpoint: UART_UNIT/UART_RX_UNIT/u_edge_bit_counter/bit_cnt_reg[3]
              (rising edge-triggered flip-flop clocked by RX_CLK)
  Endpoint: UART_UNIT/UART_RX_UNIT/u_edge_bit_counter/bit_cnt_reg[3]
            (rising edge-triggered flip-flop clocked by RX_CLK)
  Path Group: RX_CLK
  Path Type: min

  Point                                                   Incr       Path
  --------------------------------------------------------------------------
  clock RX_CLK (rise edge)                                0.00       0.00
  clock network delay (ideal)                             0.00       0.00
  UART_UNIT/UART_RX_UNIT/u_edge_bit_counter/bit_cnt_reg[3]/CK (DFFRQX2M)
                                                          0.00       0.00 r
  UART_UNIT/UART_RX_UNIT/u_edge_bit_counter/bit_cnt_reg[3]/Q (DFFRQX2M)
                                                          0.46       0.46 r
  UART_UNIT/UART_RX_UNIT/u_edge_bit_counter/U10/Y (OAI32X1M)
                                                          0.12       0.57 f
  UART_UNIT/UART_RX_UNIT/u_edge_bit_counter/bit_cnt_reg[3]/D (DFFRQX2M)
                                                          0.00       0.57 f
  data arrival time                                                  0.57

  clock RX_CLK (rise edge)                                0.00       0.00
  clock network delay (ideal)                             0.00       0.00
  clock uncertainty                                       0.10       0.10
  UART_UNIT/UART_RX_UNIT/u_edge_bit_counter/bit_cnt_reg[3]/CK (DFFRQX2M)
                                                          0.00       0.10 r
  library hold time                                      -0.02       0.08
  data required time                                                 0.08
  --------------------------------------------------------------------------
  data required time                                                 0.08
  data arrival time                                                 -0.57
  --------------------------------------------------------------------------
  slack (MET)                                                        0.50


  Startpoint: UART_UNIT/UART_RX_UNIT/u_edge_bit_counter/edge_cnt_reg[0]
              (rising edge-triggered flip-flop clocked by RX_CLK)
  Endpoint: UART_UNIT/UART_RX_UNIT/u_edge_bit_counter/edge_cnt_reg[0]
            (rising edge-triggered flip-flop clocked by RX_CLK)
  Path Group: RX_CLK
  Path Type: min

  Point                                                   Incr       Path
  --------------------------------------------------------------------------
  clock RX_CLK (rise edge)                                0.00       0.00
  clock network delay (ideal)                             0.00       0.00
  UART_UNIT/UART_RX_UNIT/u_edge_bit_counter/edge_cnt_reg[0]/CK (DFFRQX2M)
                                                          0.00       0.00 r
  UART_UNIT/UART_RX_UNIT/u_edge_bit_counter/edge_cnt_reg[0]/Q (DFFRQX2M)
                                                          0.49       0.49 r
  UART_UNIT/UART_RX_UNIT/u_edge_bit_counter/U20/Y (NOR2X2M)
                                                          0.09       0.58 f
  UART_UNIT/UART_RX_UNIT/u_edge_bit_counter/edge_cnt_reg[0]/D (DFFRQX2M)
                                                          0.00       0.58 f
  data arrival time                                                  0.58

  clock RX_CLK (rise edge)                                0.00       0.00
  clock network delay (ideal)                             0.00       0.00
  clock uncertainty                                       0.10       0.10
  UART_UNIT/UART_RX_UNIT/u_edge_bit_counter/edge_cnt_reg[0]/CK (DFFRQX2M)
                                                          0.00       0.10 r
  library hold time                                      -0.03       0.07
  data required time                                                 0.07
  --------------------------------------------------------------------------
  data required time                                                 0.07
  data arrival time                                                 -0.58
  --------------------------------------------------------------------------
  slack (MET)                                                        0.51


  Startpoint: UART_UNIT/UART_RX_UNIT/u_Data_Sampling/Data_Sampled_reg_reg[2]
              (rising edge-triggered flip-flop clocked by RX_CLK)
  Endpoint: UART_UNIT/UART_RX_UNIT/u_Data_Sampling/Data_Sampled_reg_reg[2]
            (rising edge-triggered flip-flop clocked by RX_CLK)
  Path Group: RX_CLK
  Path Type: min

  Point                                                   Incr       Path
  --------------------------------------------------------------------------
  clock RX_CLK (rise edge)                                0.00       0.00
  clock network delay (ideal)                             0.00       0.00
  UART_UNIT/UART_RX_UNIT/u_Data_Sampling/Data_Sampled_reg_reg[2]/CK (DFFRQX2M)
                                                          0.00       0.00 r
  UART_UNIT/UART_RX_UNIT/u_Data_Sampling/Data_Sampled_reg_reg[2]/Q (DFFRQX2M)
                                                          0.46       0.46 f
  UART_UNIT/UART_RX_UNIT/u_Data_Sampling/U50/Y (INVX2M)
                                                          0.07       0.53 r
  UART_UNIT/UART_RX_UNIT/u_Data_Sampling/U24/Y (OAI32X1M)
                                                          0.09       0.61 f
  UART_UNIT/UART_RX_UNIT/u_Data_Sampling/Data_Sampled_reg_reg[2]/D (DFFRQX2M)
                                                          0.00       0.61 f
  data arrival time                                                  0.61

  clock RX_CLK (rise edge)                                0.00       0.00
  clock network delay (ideal)                             0.00       0.00
  clock uncertainty                                       0.10       0.10
  UART_UNIT/UART_RX_UNIT/u_Data_Sampling/Data_Sampled_reg_reg[2]/CK (DFFRQX2M)
                                                          0.00       0.10 r
  library hold time                                      -0.02       0.08
  data required time                                                 0.08
  --------------------------------------------------------------------------
  data required time                                                 0.08
  data arrival time                                                 -0.61
  --------------------------------------------------------------------------
  slack (MET)                                                        0.54


  Startpoint: UART_UNIT/UART_RX_UNIT/u_edge_bit_counter/bit_cnt_reg[0]
              (rising edge-triggered flip-flop clocked by RX_CLK)
  Endpoint: UART_UNIT/UART_RX_UNIT/u_edge_bit_counter/bit_cnt_reg[0]
            (rising edge-triggered flip-flop clocked by RX_CLK)
  Path Group: RX_CLK
  Path Type: min

  Point                                                   Incr       Path
  --------------------------------------------------------------------------
  clock RX_CLK (rise edge)                                0.00       0.00
  clock network delay (ideal)                             0.00       0.00
  UART_UNIT/UART_RX_UNIT/u_edge_bit_counter/bit_cnt_reg[0]/CK (DFFRQX2M)
                                                          0.00       0.00 r
  UART_UNIT/UART_RX_UNIT/u_edge_bit_counter/bit_cnt_reg[0]/Q (DFFRQX2M)
                                                          0.50       0.50 r
  UART_UNIT/UART_RX_UNIT/u_edge_bit_counter/U19/Y (OAI22X1M)
                                                          0.11       0.61 f
  UART_UNIT/UART_RX_UNIT/u_edge_bit_counter/bit_cnt_reg[0]/D (DFFRQX2M)
                                                          0.00       0.61 f
  data arrival time                                                  0.61

  clock RX_CLK (rise edge)                                0.00       0.00
  clock network delay (ideal)                             0.00       0.00
  clock uncertainty                                       0.10       0.10
  UART_UNIT/UART_RX_UNIT/u_edge_bit_counter/bit_cnt_reg[0]/CK (DFFRQX2M)
                                                          0.00       0.10 r
  library hold time                                      -0.03       0.07
  data required time                                                 0.07
  --------------------------------------------------------------------------
  data required time                                                 0.07
  data arrival time                                                 -0.61
  --------------------------------------------------------------------------
  slack (MET)                                                        0.54


  Startpoint: UART_UNIT/UART_RX_UNIT/u_Data_Sampling/Data_Sampled_reg_reg[0]
              (rising edge-triggered flip-flop clocked by RX_CLK)
  Endpoint: UART_UNIT/UART_RX_UNIT/u_Data_Sampling/Data_Sampled_reg_reg[0]
            (rising edge-triggered flip-flop clocked by RX_CLK)
  Path Group: RX_CLK
  Path Type: min

  Point                                                   Incr       Path
  --------------------------------------------------------------------------
  clock RX_CLK (rise edge)                                0.00       0.00
  clock network delay (ideal)                             0.00       0.00
  UART_UNIT/UART_RX_UNIT/u_Data_Sampling/Data_Sampled_reg_reg[0]/CK (DFFRQX2M)
                                                          0.00       0.00 r
  UART_UNIT/UART_RX_UNIT/u_Data_Sampling/Data_Sampled_reg_reg[0]/Q (DFFRQX2M)
                                                          0.47       0.47 f
  UART_UNIT/UART_RX_UNIT/u_Data_Sampling/U49/Y (INVX2M)
                                                          0.07       0.55 r
  UART_UNIT/UART_RX_UNIT/u_Data_Sampling/U20/Y (OAI32X1M)
                                                          0.08       0.62 f
  UART_UNIT/UART_RX_UNIT/u_Data_Sampling/Data_Sampled_reg_reg[0]/D (DFFRQX2M)
                                                          0.00       0.62 f
  data arrival time                                                  0.62

  clock RX_CLK (rise edge)                                0.00       0.00
  clock network delay (ideal)                             0.00       0.00
  clock uncertainty                                       0.10       0.10
  UART_UNIT/UART_RX_UNIT/u_Data_Sampling/Data_Sampled_reg_reg[0]/CK (DFFRQX2M)
                                                          0.00       0.10 r
  library hold time                                      -0.02       0.08
  data required time                                                 0.08
  --------------------------------------------------------------------------
  data required time                                                 0.08
  data arrival time                                                 -0.62
  --------------------------------------------------------------------------
  slack (MET)                                                        0.55


  Startpoint: UART_UNIT/UART_RX_UNIT/u_Data_Sampling/Data_Sampled_reg_reg[1]
              (rising edge-triggered flip-flop clocked by RX_CLK)
  Endpoint: UART_UNIT/UART_RX_UNIT/u_Data_Sampling/Data_Sampled_reg_reg[1]
            (rising edge-triggered flip-flop clocked by RX_CLK)
  Path Group: RX_CLK
  Path Type: min

  Point                                                   Incr       Path
  --------------------------------------------------------------------------
  clock RX_CLK (rise edge)                                0.00       0.00
  clock network delay (ideal)                             0.00       0.00
  UART_UNIT/UART_RX_UNIT/u_Data_Sampling/Data_Sampled_reg_reg[1]/CK (DFFRQX2M)
                                                          0.00       0.00 r
  UART_UNIT/UART_RX_UNIT/u_Data_Sampling/Data_Sampled_reg_reg[1]/Q (DFFRQX2M)
                                                          0.47       0.47 f
  UART_UNIT/UART_RX_UNIT/u_Data_Sampling/U48/Y (INVX2M)
                                                          0.08       0.55 r
  UART_UNIT/UART_RX_UNIT/u_Data_Sampling/U16/Y (OAI32X1M)
                                                          0.08       0.62 f
  UART_UNIT/UART_RX_UNIT/u_Data_Sampling/Data_Sampled_reg_reg[1]/D (DFFRQX2M)
                                                          0.00       0.62 f
  data arrival time                                                  0.62

  clock RX_CLK (rise edge)                                0.00       0.00
  clock network delay (ideal)                             0.00       0.00
  clock uncertainty                                       0.10       0.10
  UART_UNIT/UART_RX_UNIT/u_Data_Sampling/Data_Sampled_reg_reg[1]/CK (DFFRQX2M)
                                                          0.00       0.10 r
  library hold time                                      -0.02       0.08
  data required time                                                 0.08
  --------------------------------------------------------------------------
  data required time                                                 0.08
  data arrival time                                                 -0.62
  --------------------------------------------------------------------------
  slack (MET)                                                        0.55


  Startpoint: UART_UNIT/UART_RX_UNIT/u_FSM_RX/Current_State_reg[2]
              (rising edge-triggered flip-flop clocked by RX_CLK)
  Endpoint: UART_UNIT/UART_RX_UNIT/u_Parity_Check/par_err_reg
            (rising edge-triggered flip-flop clocked by RX_CLK)
  Path Group: RX_CLK
  Path Type: min

  Point                                                   Incr       Path
  --------------------------------------------------------------------------
  clock RX_CLK (rise edge)                                0.00       0.00
  clock network delay (ideal)                             0.00       0.00
  UART_UNIT/UART_RX_UNIT/u_FSM_RX/Current_State_reg[2]/CK (DFFRQX2M)
                                                          0.00       0.00 r
  UART_UNIT/UART_RX_UNIT/u_FSM_RX/Current_State_reg[2]/Q (DFFRQX2M)
                                                          0.45       0.45 r
  UART_UNIT/UART_RX_UNIT/u_FSM_RX/U41/Y (NOR2X2M)         0.07       0.52 f
  UART_UNIT/UART_RX_UNIT/u_FSM_RX/par_chk_en (FSM_RX_DATA_WIDTH8)
                                                          0.00       0.52 f
  UART_UNIT/UART_RX_UNIT/u_Parity_Check/par_chk_en (Parity_Check_DATA_WIDTH8)
                                                          0.00       0.52 f
  UART_UNIT/UART_RX_UNIT/u_Parity_Check/U6/Y (INVX2M)     0.06       0.57 r
  UART_UNIT/UART_RX_UNIT/u_Parity_Check/U5/Y (OAI2BB2X1M)
                                                          0.09       0.66 f
  UART_UNIT/UART_RX_UNIT/u_Parity_Check/par_err_reg/D (DFFRQX2M)
                                                          0.00       0.66 f
  data arrival time                                                  0.66

  clock RX_CLK (rise edge)                                0.00       0.00
  clock network delay (ideal)                             0.00       0.00
  clock uncertainty                                       0.10       0.10
  UART_UNIT/UART_RX_UNIT/u_Parity_Check/par_err_reg/CK (DFFRQX2M)
                                                          0.00       0.10 r
  library hold time                                      -0.03       0.07
  data required time                                                 0.07
  --------------------------------------------------------------------------
  data required time                                                 0.07
  data arrival time                                                 -0.66
  --------------------------------------------------------------------------
  slack (MET)                                                        0.59


  Startpoint: UART_UNIT/UART_RX_UNIT/u_Start_Check/strt_glitch_reg
              (rising edge-triggered flip-flop clocked by RX_CLK)
  Endpoint: UART_UNIT/UART_RX_UNIT/u_Start_Check/strt_glitch_reg
            (rising edge-triggered flip-flop clocked by RX_CLK)
  Path Group: RX_CLK
  Path Type: min

  Point                                                   Incr       Path
  --------------------------------------------------------------------------
  clock RX_CLK (rise edge)                                0.00       0.00
  clock network delay (ideal)                             0.00       0.00
  UART_UNIT/UART_RX_UNIT/u_Start_Check/strt_glitch_reg/CK (DFFRQX2M)
                                                          0.00       0.00 r
  UART_UNIT/UART_RX_UNIT/u_Start_Check/strt_glitch_reg/Q (DFFRQX2M)
                                                          0.47       0.47 f
  UART_UNIT/UART_RX_UNIT/u_Start_Check/U1/Y (AO2B2X2M)
                                                          0.19       0.66 f
  UART_UNIT/UART_RX_UNIT/u_Start_Check/strt_glitch_reg/D (DFFRQX2M)
                                                          0.00       0.66 f
  data arrival time                                                  0.66

  clock RX_CLK (rise edge)                                0.00       0.00
  clock network delay (ideal)                             0.00       0.00
  clock uncertainty                                       0.10       0.10
  UART_UNIT/UART_RX_UNIT/u_Start_Check/strt_glitch_reg/CK (DFFRQX2M)
                                                          0.00       0.10 r
  library hold time                                      -0.03       0.07
  data required time                                                 0.07
  --------------------------------------------------------------------------
  data required time                                                 0.07
  data arrival time                                                 -0.66
  --------------------------------------------------------------------------
  slack (MET)                                                        0.59


  Startpoint: UART_UNIT/UART_RX_UNIT/u_FSM_RX/Current_State_reg[2]
              (rising edge-triggered flip-flop clocked by RX_CLK)
  Endpoint: UART_UNIT/UART_RX_UNIT/u_FSM_RX/Data_Valid_reg
            (rising edge-triggered flip-flop clocked by RX_CLK)
  Path Group: RX_CLK
  Path Type: min

  Point                                                   Incr       Path
  --------------------------------------------------------------------------
  clock RX_CLK (rise edge)                                0.00       0.00
  clock network delay (ideal)                             0.00       0.00
  UART_UNIT/UART_RX_UNIT/u_FSM_RX/Current_State_reg[2]/CK (DFFRQX2M)
                                                          0.00       0.00 r
  UART_UNIT/UART_RX_UNIT/u_FSM_RX/Current_State_reg[2]/Q (DFFRQX2M)
                                                          0.52       0.52 f
  UART_UNIT/UART_RX_UNIT/u_FSM_RX/U55/Y (NAND3X2M)        0.10       0.63 r
  UART_UNIT/UART_RX_UNIT/u_FSM_RX/U54/Y (NOR3X2M)         0.05       0.68 f
  UART_UNIT/UART_RX_UNIT/u_FSM_RX/Data_Valid_reg/D (DFFRQX2M)
                                                          0.00       0.68 f
  data arrival time                                                  0.68

  clock RX_CLK (rise edge)                                0.00       0.00
  clock network delay (ideal)                             0.00       0.00
  clock uncertainty                                       0.10       0.10
  UART_UNIT/UART_RX_UNIT/u_FSM_RX/Data_Valid_reg/CK (DFFRQX2M)
                                                          0.00       0.10 r
  library hold time                                      -0.02       0.08
  data required time                                                 0.08
  --------------------------------------------------------------------------
  data required time                                                 0.08
  data arrival time                                                 -0.68
  --------------------------------------------------------------------------
  slack (MET)                                                        0.60


  Startpoint: UART_UNIT/UART_RX_UNIT/u_Data_Sampling/Data_Sampled_reg_reg[0]
              (rising edge-triggered flip-flop clocked by RX_CLK)
  Endpoint: UART_UNIT/UART_RX_UNIT/u_Data_Sampling/sampled_bit_reg
            (rising edge-triggered flip-flop clocked by RX_CLK)
  Path Group: RX_CLK
  Path Type: min

  Point                                                   Incr       Path
  --------------------------------------------------------------------------
  clock RX_CLK (rise edge)                                0.00       0.00
  clock network delay (ideal)                             0.00       0.00
  UART_UNIT/UART_RX_UNIT/u_Data_Sampling/Data_Sampled_reg_reg[0]/CK (DFFRQX2M)
                                                          0.00       0.00 r
  UART_UNIT/UART_RX_UNIT/u_Data_Sampling/Data_Sampled_reg_reg[0]/Q (DFFRQX2M)
                                                          0.47       0.47 f
  UART_UNIT/UART_RX_UNIT/u_Data_Sampling/U29/Y (AOI21X2M)
                                                          0.13       0.60 r
  UART_UNIT/UART_RX_UNIT/u_Data_Sampling/U28/Y (OAI2BB2X1M)
                                                          0.08       0.68 f
  UART_UNIT/UART_RX_UNIT/u_Data_Sampling/sampled_bit_reg/D (DFFRQX2M)
                                                          0.00       0.68 f
  data arrival time                                                  0.68

  clock RX_CLK (rise edge)                                0.00       0.00
  clock network delay (ideal)                             0.00       0.00
  clock uncertainty                                       0.10       0.10
  UART_UNIT/UART_RX_UNIT/u_Data_Sampling/sampled_bit_reg/CK (DFFRQX2M)
                                                          0.00       0.10 r
  library hold time                                      -0.03       0.07
  data required time                                                 0.07
  --------------------------------------------------------------------------
  data required time                                                 0.07
  data arrival time                                                 -0.68
  --------------------------------------------------------------------------
  slack (MET)                                                        0.61


  Startpoint: UART_UNIT/UART_RX_UNIT/u_edge_bit_counter/edge_cnt_reg[4]
              (rising edge-triggered flip-flop clocked by RX_CLK)
  Endpoint: UART_UNIT/UART_RX_UNIT/u_edge_bit_counter/edge_cnt_reg[4]
            (rising edge-triggered flip-flop clocked by RX_CLK)
  Path Group: RX_CLK
  Path Type: min

  Point                                                   Incr       Path
  --------------------------------------------------------------------------
  clock RX_CLK (rise edge)                                0.00       0.00
  clock network delay (ideal)                             0.00       0.00
  UART_UNIT/UART_RX_UNIT/u_edge_bit_counter/edge_cnt_reg[4]/CK (DFFRQX2M)
                                                          0.00       0.00 r
  UART_UNIT/UART_RX_UNIT/u_edge_bit_counter/edge_cnt_reg[4]/Q (DFFRQX2M)
                                                          0.49       0.49 r
  UART_UNIT/UART_RX_UNIT/u_edge_bit_counter/U29/Y (XNOR2X2M)
                                                          0.15       0.64 r
  UART_UNIT/UART_RX_UNIT/u_edge_bit_counter/U28/Y (NOR2X2M)
                                                          0.05       0.69 f
  UART_UNIT/UART_RX_UNIT/u_edge_bit_counter/edge_cnt_reg[4]/D (DFFRQX2M)
                                                          0.00       0.69 f
  data arrival time                                                  0.69

  clock RX_CLK (rise edge)                                0.00       0.00
  clock network delay (ideal)                             0.00       0.00
  clock uncertainty                                       0.10       0.10
  UART_UNIT/UART_RX_UNIT/u_edge_bit_counter/edge_cnt_reg[4]/CK (DFFRQX2M)
                                                          0.00       0.10 r
  library hold time                                      -0.02       0.08
  data required time                                                 0.08
  --------------------------------------------------------------------------
  data required time                                                 0.08
  data arrival time                                                 -0.69
  --------------------------------------------------------------------------
  slack (MET)                                                        0.61


  Startpoint: UART_UNIT/UART_RX_UNIT/u_edge_bit_counter/bit_cnt_reg[3]
              (rising edge-triggered flip-flop clocked by RX_CLK)
  Endpoint: UART_UNIT/UART_RX_UNIT/u_FSM_RX/Current_State_reg[2]
            (rising edge-triggered flip-flop clocked by RX_CLK)
  Path Group: RX_CLK
  Path Type: min

  Point                                                   Incr       Path
  --------------------------------------------------------------------------
  clock RX_CLK (rise edge)                                0.00       0.00
  clock network delay (ideal)                             0.00       0.00
  UART_UNIT/UART_RX_UNIT/u_edge_bit_counter/bit_cnt_reg[3]/CK (DFFRQX2M)
                                                          0.00       0.00 r
  UART_UNIT/UART_RX_UNIT/u_edge_bit_counter/bit_cnt_reg[3]/Q (DFFRQX2M)
                                                          0.53       0.53 f
  UART_UNIT/UART_RX_UNIT/u_edge_bit_counter/bit_cnt[3] (edge_bit_counter_DATA_WIDTH8)
                                                          0.00       0.53 f
  UART_UNIT/UART_RX_UNIT/u_FSM_RX/bit_cnt[3] (FSM_RX_DATA_WIDTH8)
                                                          0.00       0.53 f
  UART_UNIT/UART_RX_UNIT/u_FSM_RX/U50/Y (NAND4X2M)        0.10       0.63 r
  UART_UNIT/UART_RX_UNIT/u_FSM_RX/U49/Y (NAND3X2M)        0.07       0.69 f
  UART_UNIT/UART_RX_UNIT/u_FSM_RX/Current_State_reg[2]/D (DFFRQX2M)
                                                          0.00       0.69 f
  data arrival time                                                  0.69

  clock RX_CLK (rise edge)                                0.00       0.00
  clock network delay (ideal)                             0.00       0.00
  clock uncertainty                                       0.10       0.10
  UART_UNIT/UART_RX_UNIT/u_FSM_RX/Current_State_reg[2]/CK (DFFRQX2M)
                                                          0.00       0.10 r
  library hold time                                      -0.03       0.07
  data required time                                                 0.07
  --------------------------------------------------------------------------
  data required time                                                 0.07
  data arrival time                                                 -0.69
  --------------------------------------------------------------------------
  slack (MET)                                                        0.62


  Startpoint: UART_UNIT/UART_RX_UNIT/u_edge_bit_counter/edge_cnt_reg[0]
              (rising edge-triggered flip-flop clocked by RX_CLK)
  Endpoint: UART_UNIT/UART_RX_UNIT/u_edge_bit_counter/edge_cnt_reg[2]
            (rising edge-triggered flip-flop clocked by RX_CLK)
  Path Group: RX_CLK
  Path Type: min

  Point                                                   Incr       Path
  --------------------------------------------------------------------------
  clock RX_CLK (rise edge)                                0.00       0.00
  clock network delay (ideal)                             0.00       0.00
  UART_UNIT/UART_RX_UNIT/u_edge_bit_counter/edge_cnt_reg[0]/CK (DFFRQX2M)
                                                          0.00       0.00 r
  UART_UNIT/UART_RX_UNIT/u_edge_bit_counter/edge_cnt_reg[0]/Q (DFFRQX2M)
                                                          0.55       0.55 f
  UART_UNIT/UART_RX_UNIT/u_edge_bit_counter/U22/Y (NAND4X2M)
                                                          0.12       0.66 r
  UART_UNIT/UART_RX_UNIT/u_edge_bit_counter/U21/Y (OAI21X2M)
                                                          0.04       0.71 f
  UART_UNIT/UART_RX_UNIT/u_edge_bit_counter/edge_cnt_reg[2]/D (DFFRQX2M)
                                                          0.00       0.71 f
  data arrival time                                                  0.71

  clock RX_CLK (rise edge)                                0.00       0.00
  clock network delay (ideal)                             0.00       0.00
  clock uncertainty                                       0.10       0.10
  UART_UNIT/UART_RX_UNIT/u_edge_bit_counter/edge_cnt_reg[2]/CK (DFFRQX2M)
                                                          0.00       0.10 r
  library hold time                                      -0.02       0.08
  data required time                                                 0.08
  --------------------------------------------------------------------------
  data required time                                                 0.08
  data arrival time                                                 -0.71
  --------------------------------------------------------------------------
  slack (MET)                                                        0.63


  Startpoint: UART_UNIT/UART_RX_UNIT/u_FSM_RX/Current_State_reg[1]
              (rising edge-triggered flip-flop clocked by RX_CLK)
  Endpoint: UART_UNIT/UART_RX_UNIT/u_FSM_RX/Current_State_reg[0]
            (rising edge-triggered flip-flop clocked by RX_CLK)
  Path Group: RX_CLK
  Path Type: min

  Point                                                   Incr       Path
  --------------------------------------------------------------------------
  clock RX_CLK (rise edge)                                0.00       0.00
  clock network delay (ideal)                             0.00       0.00
  UART_UNIT/UART_RX_UNIT/u_FSM_RX/Current_State_reg[1]/CK (DFFRQX2M)
                                                          0.00       0.00 r
  UART_UNIT/UART_RX_UNIT/u_FSM_RX/Current_State_reg[1]/Q (DFFRQX2M)
                                                          0.46       0.46 r
  UART_UNIT/UART_RX_UNIT/u_FSM_RX/U46/Y (INVX2M)          0.08       0.54 f
  UART_UNIT/UART_RX_UNIT/u_FSM_RX/U13/Y (AOI31X2M)        0.13       0.67 r
  UART_UNIT/UART_RX_UNIT/u_FSM_RX/U12/Y (OAI221X1M)       0.07       0.74 f
  UART_UNIT/UART_RX_UNIT/u_FSM_RX/Current_State_reg[0]/D (DFFRQX2M)
                                                          0.00       0.74 f
  data arrival time                                                  0.74

  clock RX_CLK (rise edge)                                0.00       0.00
  clock network delay (ideal)                             0.00       0.00
  clock uncertainty                                       0.10       0.10
  UART_UNIT/UART_RX_UNIT/u_FSM_RX/Current_State_reg[0]/CK (DFFRQX2M)
                                                          0.00       0.10 r
  library hold time                                      -0.03       0.07
  data required time                                                 0.07
  --------------------------------------------------------------------------
  data required time                                                 0.07
  data arrival time                                                 -0.74
  --------------------------------------------------------------------------
  slack (MET)                                                        0.67


  Startpoint: UART_UNIT/UART_RX_UNIT/u_edge_bit_counter/edge_cnt_reg[5]
              (rising edge-triggered flip-flop clocked by RX_CLK)
  Endpoint: UART_UNIT/UART_RX_UNIT/u_edge_bit_counter/edge_cnt_reg[5]
            (rising edge-triggered flip-flop clocked by RX_CLK)
  Path Group: RX_CLK
  Path Type: min

  Point                                                   Incr       Path
  --------------------------------------------------------------------------
  clock RX_CLK (rise edge)                                0.00       0.00
  clock network delay (ideal)                             0.00       0.00
  UART_UNIT/UART_RX_UNIT/u_edge_bit_counter/edge_cnt_reg[5]/CK (DFFRQX2M)
                                                          0.00       0.00 r
  UART_UNIT/UART_RX_UNIT/u_edge_bit_counter/edge_cnt_reg[5]/Q (DFFRQX2M)
                                                          0.46       0.46 r
  UART_UNIT/UART_RX_UNIT/u_edge_bit_counter/U31/Y (CLKXOR2X2M)
                                                          0.26       0.72 r
  UART_UNIT/UART_RX_UNIT/u_edge_bit_counter/U30/Y (NOR2X2M)
                                                          0.04       0.76 f
  UART_UNIT/UART_RX_UNIT/u_edge_bit_counter/edge_cnt_reg[5]/D (DFFRQX2M)
                                                          0.00       0.76 f
  data arrival time                                                  0.76

  clock RX_CLK (rise edge)                                0.00       0.00
  clock network delay (ideal)                             0.00       0.00
  clock uncertainty                                       0.10       0.10
  UART_UNIT/UART_RX_UNIT/u_edge_bit_counter/edge_cnt_reg[5]/CK (DFFRQX2M)
                                                          0.00       0.10 r
  library hold time                                      -0.02       0.08
  data required time                                                 0.08
  --------------------------------------------------------------------------
  data required time                                                 0.08
  data arrival time                                                 -0.76
  --------------------------------------------------------------------------
  slack (MET)                                                        0.68


  Startpoint: UART_UNIT/UART_RX_UNIT/u_edge_bit_counter/edge_cnt_reg[3]
              (rising edge-triggered flip-flop clocked by RX_CLK)
  Endpoint: UART_UNIT/UART_RX_UNIT/u_edge_bit_counter/edge_cnt_reg[3]
            (rising edge-triggered flip-flop clocked by RX_CLK)
  Path Group: RX_CLK
  Path Type: min

  Point                                                   Incr       Path
  --------------------------------------------------------------------------
  clock RX_CLK (rise edge)                                0.00       0.00
  clock network delay (ideal)                             0.00       0.00
  UART_UNIT/UART_RX_UNIT/u_edge_bit_counter/edge_cnt_reg[3]/CK (DFFRQX2M)
                                                          0.00       0.00 r
  UART_UNIT/UART_RX_UNIT/u_edge_bit_counter/edge_cnt_reg[3]/Q (DFFRQX2M)
                                                          0.50       0.50 r
  UART_UNIT/UART_RX_UNIT/u_edge_bit_counter/U27/Y (XNOR2X2M)
                                                          0.22       0.72 r
  UART_UNIT/UART_RX_UNIT/u_edge_bit_counter/U26/Y (NOR2X2M)
                                                          0.05       0.76 f
  UART_UNIT/UART_RX_UNIT/u_edge_bit_counter/edge_cnt_reg[3]/D (DFFRQX2M)
                                                          0.00       0.76 f
  data arrival time                                                  0.76

  clock RX_CLK (rise edge)                                0.00       0.00
  clock network delay (ideal)                             0.00       0.00
  clock uncertainty                                       0.10       0.10
  UART_UNIT/UART_RX_UNIT/u_edge_bit_counter/edge_cnt_reg[3]/CK (DFFRQX2M)
                                                          0.00       0.10 r
  library hold time                                      -0.02       0.08
  data required time                                                 0.08
  --------------------------------------------------------------------------
  data required time                                                 0.08
  data arrival time                                                 -0.76
  --------------------------------------------------------------------------
  slack (MET)                                                        0.68


  Startpoint: UART_UNIT/UART_RX_UNIT/u_edge_bit_counter/edge_cnt_reg[1]
              (rising edge-triggered flip-flop clocked by RX_CLK)
  Endpoint: UART_UNIT/UART_RX_UNIT/u_edge_bit_counter/edge_cnt_reg[1]
            (rising edge-triggered flip-flop clocked by RX_CLK)
  Path Group: RX_CLK
  Path Type: min

  Point                                                   Incr       Path
  --------------------------------------------------------------------------
  clock RX_CLK (rise edge)                                0.00       0.00
  clock network delay (ideal)                             0.00       0.00
  UART_UNIT/UART_RX_UNIT/u_edge_bit_counter/edge_cnt_reg[1]/CK (DFFRQX2M)
                                                          0.00       0.00 r
  UART_UNIT/UART_RX_UNIT/u_edge_bit_counter/edge_cnt_reg[1]/Q (DFFRQX2M)
                                                          0.49       0.49 r
  UART_UNIT/UART_RX_UNIT/u_edge_bit_counter/U25/Y (CLKXOR2X2M)
                                                          0.27       0.76 r
  UART_UNIT/UART_RX_UNIT/u_edge_bit_counter/U24/Y (NOR2X2M)
                                                          0.04       0.80 f
  UART_UNIT/UART_RX_UNIT/u_edge_bit_counter/edge_cnt_reg[1]/D (DFFRQX2M)
                                                          0.00       0.80 f
  data arrival time                                                  0.80

  clock RX_CLK (rise edge)                                0.00       0.00
  clock network delay (ideal)                             0.00       0.00
  clock uncertainty                                       0.10       0.10
  UART_UNIT/UART_RX_UNIT/u_edge_bit_counter/edge_cnt_reg[1]/CK (DFFRQX2M)
                                                          0.00       0.10 r
  library hold time                                      -0.02       0.08
  data required time                                                 0.08
  --------------------------------------------------------------------------
  data required time                                                 0.08
  data arrival time                                                 -0.80
  --------------------------------------------------------------------------
  slack (MET)                                                        0.72


  Startpoint: FIFO_UNIT/sync_w2r/rq1_wptr_reg[3]
              (rising edge-triggered flip-flop clocked by TX_CLK)
  Endpoint: FIFO_UNIT/sync_w2r/rq2_wptr_reg[3]
            (rising edge-triggered flip-flop clocked by TX_CLK)
  Path Group: TX_CLK
  Path Type: min

  Point                                                   Incr       Path
  --------------------------------------------------------------------------
  clock TX_CLK (rise edge)                                0.00       0.00
  clock network delay (ideal)                             0.00       0.00
  FIFO_UNIT/sync_w2r/rq1_wptr_reg[3]/CK (DFFRQX2M)        0.00       0.00 r
  FIFO_UNIT/sync_w2r/rq1_wptr_reg[3]/Q (DFFRQX2M)         0.45       0.45 f
  FIFO_UNIT/sync_w2r/rq2_wptr_reg[3]/D (DFFRQX2M)         0.00       0.45 f
  data arrival time                                                  0.45

  clock TX_CLK (rise edge)                                0.00       0.00
  clock network delay (ideal)                             0.00       0.00
  clock uncertainty                                       0.10       0.10
  FIFO_UNIT/sync_w2r/rq2_wptr_reg[3]/CK (DFFRQX2M)        0.00       0.10 r
  library hold time                                      -0.03       0.07
  data required time                                                 0.07
  --------------------------------------------------------------------------
  data required time                                                 0.07
  data arrival time                                                 -0.45
  --------------------------------------------------------------------------
  slack (MET)                                                        0.37


  Startpoint: FIFO_UNIT/sync_w2r/rq1_wptr_reg[2]
              (rising edge-triggered flip-flop clocked by TX_CLK)
  Endpoint: FIFO_UNIT/sync_w2r/rq2_wptr_reg[2]
            (rising edge-triggered flip-flop clocked by TX_CLK)
  Path Group: TX_CLK
  Path Type: min

  Point                                                   Incr       Path
  --------------------------------------------------------------------------
  clock TX_CLK (rise edge)                                0.00       0.00
  clock network delay (ideal)                             0.00       0.00
  FIFO_UNIT/sync_w2r/rq1_wptr_reg[2]/CK (DFFRQX2M)        0.00       0.00 r
  FIFO_UNIT/sync_w2r/rq1_wptr_reg[2]/Q (DFFRQX2M)         0.45       0.45 f
  FIFO_UNIT/sync_w2r/rq2_wptr_reg[2]/D (DFFRQX2M)         0.00       0.45 f
  data arrival time                                                  0.45

  clock TX_CLK (rise edge)                                0.00       0.00
  clock network delay (ideal)                             0.00       0.00
  clock uncertainty                                       0.10       0.10
  FIFO_UNIT/sync_w2r/rq2_wptr_reg[2]/CK (DFFRQX2M)        0.00       0.10 r
  library hold time                                      -0.03       0.07
  data required time                                                 0.07
  --------------------------------------------------------------------------
  data required time                                                 0.07
  data arrival time                                                 -0.45
  --------------------------------------------------------------------------
  slack (MET)                                                        0.37


  Startpoint: FIFO_UNIT/sync_w2r/rq1_wptr_reg[1]
              (rising edge-triggered flip-flop clocked by TX_CLK)
  Endpoint: FIFO_UNIT/sync_w2r/rq2_wptr_reg[1]
            (rising edge-triggered flip-flop clocked by TX_CLK)
  Path Group: TX_CLK
  Path Type: min

  Point                                                   Incr       Path
  --------------------------------------------------------------------------
  clock TX_CLK (rise edge)                                0.00       0.00
  clock network delay (ideal)                             0.00       0.00
  FIFO_UNIT/sync_w2r/rq1_wptr_reg[1]/CK (DFFRQX2M)        0.00       0.00 r
  FIFO_UNIT/sync_w2r/rq1_wptr_reg[1]/Q (DFFRQX2M)         0.45       0.45 f
  FIFO_UNIT/sync_w2r/rq2_wptr_reg[1]/D (DFFRQX2M)         0.00       0.45 f
  data arrival time                                                  0.45

  clock TX_CLK (rise edge)                                0.00       0.00
  clock network delay (ideal)                             0.00       0.00
  clock uncertainty                                       0.10       0.10
  FIFO_UNIT/sync_w2r/rq2_wptr_reg[1]/CK (DFFRQX2M)        0.00       0.10 r
  library hold time                                      -0.03       0.07
  data required time                                                 0.07
  --------------------------------------------------------------------------
  data required time                                                 0.07
  data arrival time                                                 -0.45
  --------------------------------------------------------------------------
  slack (MET)                                                        0.37


  Startpoint: FIFO_UNIT/sync_w2r/rq1_wptr_reg[0]
              (rising edge-triggered flip-flop clocked by TX_CLK)
  Endpoint: FIFO_UNIT/sync_w2r/rq2_wptr_reg[0]
            (rising edge-triggered flip-flop clocked by TX_CLK)
  Path Group: TX_CLK
  Path Type: min

  Point                                                   Incr       Path
  --------------------------------------------------------------------------
  clock TX_CLK (rise edge)                                0.00       0.00
  clock network delay (ideal)                             0.00       0.00
  FIFO_UNIT/sync_w2r/rq1_wptr_reg[0]/CK (DFFRQX2M)        0.00       0.00 r
  FIFO_UNIT/sync_w2r/rq1_wptr_reg[0]/Q (DFFRQX2M)         0.45       0.45 f
  FIFO_UNIT/sync_w2r/rq2_wptr_reg[0]/D (DFFRQX2M)         0.00       0.45 f
  data arrival time                                                  0.45

  clock TX_CLK (rise edge)                                0.00       0.00
  clock network delay (ideal)                             0.00       0.00
  clock uncertainty                                       0.10       0.10
  FIFO_UNIT/sync_w2r/rq2_wptr_reg[0]/CK (DFFRQX2M)        0.00       0.10 r
  library hold time                                      -0.03       0.07
  data required time                                                 0.07
  --------------------------------------------------------------------------
  data required time                                                 0.07
  data arrival time                                                 -0.45
  --------------------------------------------------------------------------
  slack (MET)                                                        0.37


  Startpoint: UART_UNIT/UART_TX_UNIT/u_serializer/ser_count_reg[2]
              (rising edge-triggered flip-flop clocked by TX_CLK)
  Endpoint: UART_UNIT/UART_TX_UNIT/u_serializer/ser_count_reg[2]
            (rising edge-triggered flip-flop clocked by TX_CLK)
  Path Group: TX_CLK
  Path Type: min

  Point                                                   Incr       Path
  --------------------------------------------------------------------------
  clock TX_CLK (rise edge)                                0.00       0.00
  clock network delay (ideal)                             0.00       0.00
  UART_UNIT/UART_TX_UNIT/u_serializer/ser_count_reg[2]/CK (DFFRQX2M)
                                                          0.00       0.00 r
  UART_UNIT/UART_TX_UNIT/u_serializer/ser_count_reg[2]/Q (DFFRQX2M)
                                                          0.38       0.38 r
  UART_UNIT/UART_TX_UNIT/u_serializer/U20/Y (OAI32X1M)
                                                          0.09       0.47 f
  UART_UNIT/UART_TX_UNIT/u_serializer/ser_count_reg[2]/D (DFFRQX2M)
                                                          0.00       0.47 f
  data arrival time                                                  0.47

  clock TX_CLK (rise edge)                                0.00       0.00
  clock network delay (ideal)                             0.00       0.00
  clock uncertainty                                       0.10       0.10
  UART_UNIT/UART_TX_UNIT/u_serializer/ser_count_reg[2]/CK (DFFRQX2M)
                                                          0.00       0.10 r
  library hold time                                      -0.03       0.07
  data required time                                                 0.07
  --------------------------------------------------------------------------
  data required time                                                 0.07
  data arrival time                                                 -0.47
  --------------------------------------------------------------------------
  slack (MET)                                                        0.39


  Startpoint: UART_UNIT/UART_TX_UNIT/u_serializer/ser_count_reg[0]
              (rising edge-triggered flip-flop clocked by TX_CLK)
  Endpoint: UART_UNIT/UART_TX_UNIT/u_serializer/ser_count_reg[0]
            (rising edge-triggered flip-flop clocked by TX_CLK)
  Path Group: TX_CLK
  Path Type: min

  Point                                                   Incr       Path
  --------------------------------------------------------------------------
  clock TX_CLK (rise edge)                                0.00       0.00
  clock network delay (ideal)                             0.00       0.00
  UART_UNIT/UART_TX_UNIT/u_serializer/ser_count_reg[0]/CK (DFFRQX2M)
                                                          0.00       0.00 r
  UART_UNIT/UART_TX_UNIT/u_serializer/ser_count_reg[0]/Q (DFFRQX2M)
                                                          0.40       0.40 r
  UART_UNIT/UART_TX_UNIT/u_serializer/U26/Y (NOR2X2M)     0.07       0.47 f
  UART_UNIT/UART_TX_UNIT/u_serializer/ser_count_reg[0]/D (DFFRQX2M)
                                                          0.00       0.47 f
  data arrival time                                                  0.47

  clock TX_CLK (rise edge)                                0.00       0.00
  clock network delay (ideal)                             0.00       0.00
  clock uncertainty                                       0.10       0.10
  UART_UNIT/UART_TX_UNIT/u_serializer/ser_count_reg[0]/CK (DFFRQX2M)
                                                          0.00       0.10 r
  library hold time                                      -0.02       0.08
  data required time                                                 0.08
  --------------------------------------------------------------------------
  data required time                                                 0.08
  data arrival time                                                 -0.47
  --------------------------------------------------------------------------
  slack (MET)                                                        0.39


  Startpoint: UART_UNIT/UART_TX_UNIT/u_fsm/Current_State_reg[0]
              (rising edge-triggered flip-flop clocked by TX_CLK)
  Endpoint: UART_UNIT/UART_TX_UNIT/u_fsm/busy_reg
            (rising edge-triggered flip-flop clocked by TX_CLK)
  Path Group: TX_CLK
  Path Type: min

  Point                                                   Incr       Path
  --------------------------------------------------------------------------
  clock TX_CLK (rise edge)                                0.00       0.00
  clock network delay (ideal)                             0.00       0.00
  UART_UNIT/UART_TX_UNIT/u_fsm/Current_State_reg[0]/CK (DFFRQX2M)
                                                          0.00       0.00 r
  UART_UNIT/UART_TX_UNIT/u_fsm/Current_State_reg[0]/Q (DFFRQX2M)
                                                          0.40       0.40 r
  UART_UNIT/UART_TX_UNIT/u_fsm/U14/Y (OAI21X2M)           0.07       0.47 f
  UART_UNIT/UART_TX_UNIT/u_fsm/busy_reg/D (DFFRQX2M)      0.00       0.47 f
  data arrival time                                                  0.47

  clock TX_CLK (rise edge)                                0.00       0.00
  clock network delay (ideal)                             0.00       0.00
  clock uncertainty                                       0.10       0.10
  UART_UNIT/UART_TX_UNIT/u_fsm/busy_reg/CK (DFFRQX2M)     0.00       0.10 r
  library hold time                                      -0.02       0.08
  data required time                                                 0.08
  --------------------------------------------------------------------------
  data required time                                                 0.08
  data arrival time                                                 -0.47
  --------------------------------------------------------------------------
  slack (MET)                                                        0.40


  Startpoint: UART_UNIT/UART_TX_UNIT/u_fsm/Current_State_reg[2]
              (rising edge-triggered flip-flop clocked by TX_CLK)
  Endpoint: UART_UNIT/UART_TX_UNIT/u_fsm/Current_State_reg[1]
            (rising edge-triggered flip-flop clocked by TX_CLK)
  Path Group: TX_CLK
  Path Type: min

  Point                                                   Incr       Path
  --------------------------------------------------------------------------
  clock TX_CLK (rise edge)                                0.00       0.00
  clock network delay (ideal)                             0.00       0.00
  UART_UNIT/UART_TX_UNIT/u_fsm/Current_State_reg[2]/CK (DFFRQX2M)
                                                          0.00       0.00 r
  UART_UNIT/UART_TX_UNIT/u_fsm/Current_State_reg[2]/Q (DFFRQX2M)
                                                          0.41       0.41 r
  UART_UNIT/UART_TX_UNIT/u_fsm/U13/Y (OAI21X2M)           0.07       0.49 f
  UART_UNIT/UART_TX_UNIT/u_fsm/Current_State_reg[1]/D (DFFRQX2M)
                                                          0.00       0.49 f
  data arrival time                                                  0.49

  clock TX_CLK (rise edge)                                0.00       0.00
  clock network delay (ideal)                             0.00       0.00
  clock uncertainty                                       0.10       0.10
  UART_UNIT/UART_TX_UNIT/u_fsm/Current_State_reg[1]/CK (DFFRQX2M)
                                                          0.00       0.10 r
  library hold time                                      -0.02       0.08
  data required time                                                 0.08
  --------------------------------------------------------------------------
  data required time                                                 0.08
  data arrival time                                                 -0.49
  --------------------------------------------------------------------------
  slack (MET)                                                        0.41


  Startpoint: UART_UNIT/UART_TX_UNIT/u_fsm/Current_State_reg[1]
              (rising edge-triggered flip-flop clocked by TX_CLK)
  Endpoint: UART_UNIT/UART_TX_UNIT/u_fsm/Current_State_reg[0]
            (rising edge-triggered flip-flop clocked by TX_CLK)
  Path Group: TX_CLK
  Path Type: min

  Point                                                   Incr       Path
  --------------------------------------------------------------------------
  clock TX_CLK (rise edge)                                0.00       0.00
  clock network delay (ideal)                             0.00       0.00
  UART_UNIT/UART_TX_UNIT/u_fsm/Current_State_reg[1]/CK (DFFRQX2M)
                                                          0.00       0.00 r
  UART_UNIT/UART_TX_UNIT/u_fsm/Current_State_reg[1]/Q (DFFRQX2M)
                                                          0.40       0.40 r
  UART_UNIT/UART_TX_UNIT/u_fsm/U11/Y (OAI22X1M)           0.09       0.49 f
  UART_UNIT/UART_TX_UNIT/u_fsm/Current_State_reg[0]/D (DFFRQX2M)
                                                          0.00       0.49 f
  data arrival time                                                  0.49

  clock TX_CLK (rise edge)                                0.00       0.00
  clock network delay (ideal)                             0.00       0.00
  clock uncertainty                                       0.10       0.10
  UART_UNIT/UART_TX_UNIT/u_fsm/Current_State_reg[0]/CK (DFFRQX2M)
                                                          0.00       0.10 r
  library hold time                                      -0.03       0.07
  data required time                                                 0.07
  --------------------------------------------------------------------------
  data required time                                                 0.07
  data arrival time                                                 -0.49
  --------------------------------------------------------------------------
  slack (MET)                                                        0.41


  Startpoint: FIFO_UNIT/rptr_empty/rbin_reg[3]
              (rising edge-triggered flip-flop clocked by TX_CLK)
  Endpoint: FIFO_UNIT/rptr_empty/rbin_reg[3]
            (rising edge-triggered flip-flop clocked by TX_CLK)
  Path Group: TX_CLK
  Path Type: min

  Point                                                   Incr       Path
  --------------------------------------------------------------------------
  clock TX_CLK (rise edge)                                0.00       0.00
  clock network delay (ideal)                             0.00       0.00
  FIFO_UNIT/rptr_empty/rbin_reg[3]/CK (DFFRQX2M)          0.00       0.00 r
  FIFO_UNIT/rptr_empty/rbin_reg[3]/Q (DFFRQX2M)           0.36       0.36 r
  FIFO_UNIT/rptr_empty/U13/Y (XNOR2X2M)                   0.12       0.49 f
  FIFO_UNIT/rptr_empty/rbin_reg[3]/D (DFFRQX2M)           0.00       0.49 f
  data arrival time                                                  0.49

  clock TX_CLK (rise edge)                                0.00       0.00
  clock network delay (ideal)                             0.00       0.00
  clock uncertainty                                       0.10       0.10
  FIFO_UNIT/rptr_empty/rbin_reg[3]/CK (DFFRQX2M)          0.00       0.10 r
  library hold time                                      -0.03       0.07
  data required time                                                 0.07
  --------------------------------------------------------------------------
  data required time                                                 0.07
  data arrival time                                                 -0.49
  --------------------------------------------------------------------------
  slack (MET)                                                        0.42


  Startpoint: FIFO_UNIT/rptr_empty/rbin_reg[3]
              (rising edge-triggered flip-flop clocked by TX_CLK)
  Endpoint: FIFO_UNIT/rptr_empty/rptr_reg[3]
            (rising edge-triggered flip-flop clocked by TX_CLK)
  Path Group: TX_CLK
  Path Type: min

  Point                                                   Incr       Path
  --------------------------------------------------------------------------
  clock TX_CLK (rise edge)                                0.00       0.00
  clock network delay (ideal)                             0.00       0.00
  FIFO_UNIT/rptr_empty/rbin_reg[3]/CK (DFFRQX2M)          0.00       0.00 r
  FIFO_UNIT/rptr_empty/rbin_reg[3]/Q (DFFRQX2M)           0.36       0.36 r
  FIFO_UNIT/rptr_empty/U13/Y (XNOR2X2M)                   0.12       0.49 f
  FIFO_UNIT/rptr_empty/rptr_reg[3]/D (DFFRQX2M)           0.00       0.49 f
  data arrival time                                                  0.49

  clock TX_CLK (rise edge)                                0.00       0.00
  clock network delay (ideal)                             0.00       0.00
  clock uncertainty                                       0.10       0.10
  FIFO_UNIT/rptr_empty/rptr_reg[3]/CK (DFFRQX2M)          0.00       0.10 r
  library hold time                                      -0.03       0.07
  data required time                                                 0.07
  --------------------------------------------------------------------------
  data required time                                                 0.07
  data arrival time                                                 -0.49
  --------------------------------------------------------------------------
  slack (MET)                                                        0.42


  Startpoint: UART_UNIT/UART_TX_UNIT/u_fsm/busy_reg
              (rising edge-triggered flip-flop clocked by TX_CLK)
  Endpoint: RD_INC_UNIT/LVL_SIG_reg_reg
            (rising edge-triggered flip-flop clocked by TX_CLK)
  Path Group: TX_CLK
  Path Type: min

  Point                                                   Incr       Path
  --------------------------------------------------------------------------
  clock TX_CLK (rise edge)                                0.00       0.00
  clock network delay (ideal)                             0.00       0.00
  UART_UNIT/UART_TX_UNIT/u_fsm/busy_reg/CK (DFFRQX2M)     0.00       0.00 r
  UART_UNIT/UART_TX_UNIT/u_fsm/busy_reg/Q (DFFRQX2M)      0.49       0.49 f
  UART_UNIT/UART_TX_UNIT/u_fsm/busy (FSM)                 0.00       0.49 f
  UART_UNIT/UART_TX_UNIT/Busy (UART_TX_WIDTH8)            0.00       0.49 f
  UART_UNIT/TX_Busy (UART_DATA_WIDTH8)                    0.00       0.49 f
  RD_INC_UNIT/LVL_SIG (PULSE_GEN)                         0.00       0.49 f
  RD_INC_UNIT/LVL_SIG_reg_reg/D (DFFRQX2M)                0.00       0.49 f
  data arrival time                                                  0.49

  clock TX_CLK (rise edge)                                0.00       0.00
  clock network delay (ideal)                             0.00       0.00
  clock uncertainty                                       0.10       0.10
  RD_INC_UNIT/LVL_SIG_reg_reg/CK (DFFRQX2M)               0.00       0.10 r
  library hold time                                      -0.03       0.07
  data required time                                                 0.07
  --------------------------------------------------------------------------
  data required time                                                 0.07
  data arrival time                                                 -0.49
  --------------------------------------------------------------------------
  slack (MET)                                                        0.42


  Startpoint: RD_INC_UNIT/LVL_SIG_reg_reg
              (rising edge-triggered flip-flop clocked by TX_CLK)
  Endpoint: FIFO_UNIT/rptr_empty/rbin_reg[0]
            (rising edge-triggered flip-flop clocked by TX_CLK)
  Path Group: TX_CLK
  Path Type: min

  Point                                                   Incr       Path
  --------------------------------------------------------------------------
  clock TX_CLK (rise edge)                                0.00       0.00
  clock network delay (ideal)                             0.00       0.00
  RD_INC_UNIT/LVL_SIG_reg_reg/CK (DFFRQX2M)               0.00       0.00 r
  RD_INC_UNIT/LVL_SIG_reg_reg/Q (DFFRQX2M)                0.36       0.36 r
  RD_INC_UNIT/U3/Y (NOR2BX2M)                             0.06       0.42 f
  RD_INC_UNIT/PULSE_SIG (PULSE_GEN)                       0.00       0.42 f
  FIFO_UNIT/rinc (FIFO_TOP_DATA_WIDTH8_ADDR_SIZE3)        0.00       0.42 f
  FIFO_UNIT/rptr_empty/rinc (FIFO_rptr_empty_ADDR_SIZE3)
                                                          0.00       0.42 f
  FIFO_UNIT/rptr_empty/U6/Y (NAND2X2M)                    0.06       0.48 r
  FIFO_UNIT/rptr_empty/U5/Y (XNOR2X2M)                    0.05       0.53 f
  FIFO_UNIT/rptr_empty/rbin_reg[0]/D (DFFRQX2M)           0.00       0.53 f
  data arrival time                                                  0.53

  clock TX_CLK (rise edge)                                0.00       0.00
  clock network delay (ideal)                             0.00       0.00
  clock uncertainty                                       0.10       0.10
  FIFO_UNIT/rptr_empty/rbin_reg[0]/CK (DFFRQX2M)          0.00       0.10 r
  library hold time                                      -0.03       0.07
  data required time                                                 0.07
  --------------------------------------------------------------------------
  data required time                                                 0.07
  data arrival time                                                 -0.53
  --------------------------------------------------------------------------
  slack (MET)                                                        0.45


  Startpoint: FIFO_UNIT/sync_w2r/rq2_wptr_reg[2]
              (rising edge-triggered flip-flop clocked by TX_CLK)
  Endpoint: FIFO_UNIT/rptr_empty/rempty_reg
            (rising edge-triggered flip-flop clocked by TX_CLK)
  Path Group: TX_CLK
  Path Type: min

  Point                                                   Incr       Path
  --------------------------------------------------------------------------
  clock TX_CLK (rise edge)                                0.00       0.00
  clock network delay (ideal)                             0.00       0.00
  FIFO_UNIT/sync_w2r/rq2_wptr_reg[2]/CK (DFFRQX2M)        0.00       0.00 r
  FIFO_UNIT/sync_w2r/rq2_wptr_reg[2]/Q (DFFRQX2M)         0.37       0.37 r
  FIFO_UNIT/sync_w2r/rq2_wptr[2] (sync_w2r_ADDR_SIZE3)
                                                          0.00       0.37 r
  FIFO_UNIT/rptr_empty/rq2_wptr[2] (FIFO_rptr_empty_ADDR_SIZE3)
                                                          0.00       0.37 r
  FIFO_UNIT/rptr_empty/U11/Y (CLKXOR2X2M)                 0.15       0.52 r
  FIFO_UNIT/rptr_empty/U8/Y (NOR4X1M)                     0.06       0.58 f
  FIFO_UNIT/rptr_empty/rempty_reg/D (DFFSX1M)             0.00       0.58 f
  data arrival time                                                  0.58

  clock TX_CLK (rise edge)                                0.00       0.00
  clock network delay (ideal)                             0.00       0.00
  clock uncertainty                                       0.10       0.10
  FIFO_UNIT/rptr_empty/rempty_reg/CK (DFFSX1M)            0.00       0.10 r
  library hold time                                      -0.01       0.09
  data required time                                                 0.09
  --------------------------------------------------------------------------
  data required time                                                 0.09
  data arrival time                                                 -0.58
  --------------------------------------------------------------------------
  slack (MET)                                                        0.49


  Startpoint: FIFO_UNIT/rptr_empty/rbin_reg[1]
              (rising edge-triggered flip-flop clocked by TX_CLK)
  Endpoint: FIFO_UNIT/rptr_empty/rbin_reg[1]
            (rising edge-triggered flip-flop clocked by TX_CLK)
  Path Group: TX_CLK
  Path Type: min

  Point                                                   Incr       Path
  --------------------------------------------------------------------------
  clock TX_CLK (rise edge)                                0.00       0.00
  clock network delay (ideal)                             0.00       0.00
  FIFO_UNIT/rptr_empty/rbin_reg[1]/CK (DFFRQX2M)          0.00       0.00 r
  FIFO_UNIT/rptr_empty/rbin_reg[1]/Q (DFFRQX2M)           0.43       0.43 r
  FIFO_UNIT/rptr_empty/U4/Y (XNOR2X2M)                    0.14       0.57 f
  FIFO_UNIT/rptr_empty/rbin_reg[1]/D (DFFRQX2M)           0.00       0.57 f
  data arrival time                                                  0.57

  clock TX_CLK (rise edge)                                0.00       0.00
  clock network delay (ideal)                             0.00       0.00
  clock uncertainty                                       0.10       0.10
  FIFO_UNIT/rptr_empty/rbin_reg[1]/CK (DFFRQX2M)          0.00       0.10 r
  library hold time                                      -0.03       0.07
  data required time                                                 0.07
  --------------------------------------------------------------------------
  data required time                                                 0.07
  data arrival time                                                 -0.57
  --------------------------------------------------------------------------
  slack (MET)                                                        0.51


  Startpoint: UART_UNIT/UART_TX_UNIT/u_fsm/Current_State_reg[0]
              (rising edge-triggered flip-flop clocked by TX_CLK)
  Endpoint: UART_UNIT/UART_TX_UNIT/u_fsm/Current_State_reg[2]
            (rising edge-triggered flip-flop clocked by TX_CLK)
  Path Group: TX_CLK
  Path Type: min

  Point                                                   Incr       Path
  --------------------------------------------------------------------------
  clock TX_CLK (rise edge)                                0.00       0.00
  clock network delay (ideal)                             0.00       0.00
  UART_UNIT/UART_TX_UNIT/u_fsm/Current_State_reg[0]/CK (DFFRQX2M)
                                                          0.00       0.00 r
  UART_UNIT/UART_TX_UNIT/u_fsm/Current_State_reg[0]/Q (DFFRQX2M)
                                                          0.40       0.40 r
  UART_UNIT/UART_TX_UNIT/u_fsm/U9/Y (INVX2M)              0.06       0.46 f
  UART_UNIT/UART_TX_UNIT/u_fsm/U16/Y (AOI2B1X1M)          0.09       0.55 r
  UART_UNIT/UART_TX_UNIT/u_fsm/U15/Y (NOR2BX2M)           0.05       0.60 f
  UART_UNIT/UART_TX_UNIT/u_fsm/Current_State_reg[2]/D (DFFRQX2M)
                                                          0.00       0.60 f
  data arrival time                                                  0.60

  clock TX_CLK (rise edge)                                0.00       0.00
  clock network delay (ideal)                             0.00       0.00
  clock uncertainty                                       0.10       0.10
  UART_UNIT/UART_TX_UNIT/u_fsm/Current_State_reg[2]/CK (DFFRQX2M)
                                                          0.00       0.10 r
  library hold time                                      -0.02       0.08
  data required time                                                 0.08
  --------------------------------------------------------------------------
  data required time                                                 0.08
  data arrival time                                                 -0.60
  --------------------------------------------------------------------------
  slack (MET)                                                        0.53


  Startpoint: UART_UNIT/UART_TX_UNIT/u_serializer/DATA_V_reg[7]
              (rising edge-triggered flip-flop clocked by TX_CLK)
  Endpoint: UART_UNIT/UART_TX_UNIT/u_serializer/DATA_V_reg[7]
            (rising edge-triggered flip-flop clocked by TX_CLK)
  Path Group: TX_CLK
  Path Type: min

  Point                                                   Incr       Path
  --------------------------------------------------------------------------
  clock TX_CLK (rise edge)                                0.00       0.00
  clock network delay (ideal)                             0.00       0.00
  UART_UNIT/UART_TX_UNIT/u_serializer/DATA_V_reg[7]/CK (DFFRQX2M)
                                                          0.00       0.00 r
  UART_UNIT/UART_TX_UNIT/u_serializer/DATA_V_reg[7]/Q (DFFRQX2M)
                                                          0.46       0.46 f
  UART_UNIT/UART_TX_UNIT/u_serializer/U33/Y (INVX2M)      0.06       0.52 r
  UART_UNIT/UART_TX_UNIT/u_serializer/U16/Y (OAI2BB2X1M)
                                                          0.09       0.61 f
  UART_UNIT/UART_TX_UNIT/u_serializer/DATA_V_reg[7]/D (DFFRQX2M)
                                                          0.00       0.61 f
  data arrival time                                                  0.61

  clock TX_CLK (rise edge)                                0.00       0.00
  clock network delay (ideal)                             0.00       0.00
  clock uncertainty                                       0.10       0.10
  UART_UNIT/UART_TX_UNIT/u_serializer/DATA_V_reg[7]/CK (DFFRQX2M)
                                                          0.00       0.10 r
  library hold time                                      -0.03       0.07
  data required time                                                 0.07
  --------------------------------------------------------------------------
  data required time                                                 0.07
  data arrival time                                                 -0.61
  --------------------------------------------------------------------------
  slack (MET)                                                        0.54


  Startpoint: UART_UNIT/UART_TX_UNIT/u_serializer/ser_count_reg[1]
              (rising edge-triggered flip-flop clocked by TX_CLK)
  Endpoint: UART_UNIT/UART_TX_UNIT/u_serializer/ser_count_reg[1]
            (rising edge-triggered flip-flop clocked by TX_CLK)
  Path Group: TX_CLK
  Path Type: min

  Point                                                   Incr       Path
  --------------------------------------------------------------------------
  clock TX_CLK (rise edge)                                0.00       0.00
  clock network delay (ideal)                             0.00       0.00
  UART_UNIT/UART_TX_UNIT/u_serializer/ser_count_reg[1]/CK (DFFRQX2M)
                                                          0.00       0.00 r
  UART_UNIT/UART_TX_UNIT/u_serializer/ser_count_reg[1]/Q (DFFRQX2M)
                                                          0.40       0.40 r
  UART_UNIT/UART_TX_UNIT/u_serializer/U31/Y (NAND2X2M)
                                                          0.10       0.49 f
  UART_UNIT/UART_TX_UNIT/u_serializer/U30/Y (OAI211X2M)
                                                          0.09       0.59 r
  UART_UNIT/UART_TX_UNIT/u_serializer/U29/Y (INVX2M)      0.04       0.62 f
  UART_UNIT/UART_TX_UNIT/u_serializer/ser_count_reg[1]/D (DFFRQX2M)
                                                          0.00       0.62 f
  data arrival time                                                  0.62

  clock TX_CLK (rise edge)                                0.00       0.00
  clock network delay (ideal)                             0.00       0.00
  clock uncertainty                                       0.10       0.10
  UART_UNIT/UART_TX_UNIT/u_serializer/ser_count_reg[1]/CK (DFFRQX2M)
                                                          0.00       0.10 r
  library hold time                                      -0.02       0.08
  data required time                                                 0.08
  --------------------------------------------------------------------------
  data required time                                                 0.08
  data arrival time                                                 -0.62
  --------------------------------------------------------------------------
  slack (MET)                                                        0.55


  Startpoint: UART_UNIT/UART_TX_UNIT/u_serializer/DATA_V_reg[0]
              (rising edge-triggered flip-flop clocked by TX_CLK)
  Endpoint: UART_UNIT/UART_TX_UNIT/u_serializer/DATA_V_reg[0]
            (rising edge-triggered flip-flop clocked by TX_CLK)
  Path Group: TX_CLK
  Path Type: min

  Point                                                   Incr       Path
  --------------------------------------------------------------------------
  clock TX_CLK (rise edge)                                0.00       0.00
  clock network delay (ideal)                             0.00       0.00
  UART_UNIT/UART_TX_UNIT/u_serializer/DATA_V_reg[0]/CK (DFFRQX2M)
                                                          0.00       0.00 r
  UART_UNIT/UART_TX_UNIT/u_serializer/DATA_V_reg[0]/Q (DFFRQX2M)
                                                          0.47       0.47 f
  UART_UNIT/UART_TX_UNIT/u_serializer/U28/Y (AOI22X1M)
                                                          0.10       0.57 r
  UART_UNIT/UART_TX_UNIT/u_serializer/U27/Y (OAI2BB1X2M)
                                                          0.06       0.63 f
  UART_UNIT/UART_TX_UNIT/u_serializer/DATA_V_reg[0]/D (DFFRQX2M)
                                                          0.00       0.63 f
  data arrival time                                                  0.63

  clock TX_CLK (rise edge)                                0.00       0.00
  clock network delay (ideal)                             0.00       0.00
  clock uncertainty                                       0.10       0.10
  UART_UNIT/UART_TX_UNIT/u_serializer/DATA_V_reg[0]/CK (DFFRQX2M)
                                                          0.00       0.10 r
  library hold time                                      -0.02       0.08
  data required time                                                 0.08
  --------------------------------------------------------------------------
  data required time                                                 0.08
  data arrival time                                                 -0.63
  --------------------------------------------------------------------------
  slack (MET)                                                        0.56


  Startpoint: UART_UNIT/UART_TX_UNIT/u_parity/DATA_V_reg[6]
              (rising edge-triggered flip-flop clocked by TX_CLK)
  Endpoint: UART_UNIT/UART_TX_UNIT/u_parity/DATA_V_reg[6]
            (rising edge-triggered flip-flop clocked by TX_CLK)
  Path Group: TX_CLK
  Path Type: min

  Point                                                   Incr       Path
  --------------------------------------------------------------------------
  clock TX_CLK (rise edge)                                0.00       0.00
  clock network delay (ideal)                             0.00       0.00
  UART_UNIT/UART_TX_UNIT/u_parity/DATA_V_reg[6]/CK (DFFRQX2M)
                                                          0.00       0.00 r
  UART_UNIT/UART_TX_UNIT/u_parity/DATA_V_reg[6]/Q (DFFRQX2M)
                                                          0.37       0.37 r
  UART_UNIT/UART_TX_UNIT/u_parity/U8/Y (AO2B2X2M)         0.13       0.50 r
  UART_UNIT/UART_TX_UNIT/u_parity/DATA_V_reg[6]/D (DFFRQX2M)
                                                          0.00       0.50 r
  data arrival time                                                  0.50

  clock TX_CLK (rise edge)                                0.00       0.00
  clock network delay (ideal)                             0.00       0.00
  clock uncertainty                                       0.10       0.10
  UART_UNIT/UART_TX_UNIT/u_parity/DATA_V_reg[6]/CK (DFFRQX2M)
                                                          0.00       0.10 r
  library hold time                                      -0.17      -0.07
  data required time                                                -0.07
  --------------------------------------------------------------------------
  data required time                                                -0.07
  data arrival time                                                 -0.50
  --------------------------------------------------------------------------
  slack (MET)                                                        0.56


  Startpoint: UART_UNIT/UART_TX_UNIT/u_parity/DATA_V_reg[1]
              (rising edge-triggered flip-flop clocked by TX_CLK)
  Endpoint: UART_UNIT/UART_TX_UNIT/u_parity/DATA_V_reg[1]
            (rising edge-triggered flip-flop clocked by TX_CLK)
  Path Group: TX_CLK
  Path Type: min

  Point                                                   Incr       Path
  --------------------------------------------------------------------------
  clock TX_CLK (rise edge)                                0.00       0.00
  clock network delay (ideal)                             0.00       0.00
  UART_UNIT/UART_TX_UNIT/u_parity/DATA_V_reg[1]/CK (DFFRQX2M)
                                                          0.00       0.00 r
  UART_UNIT/UART_TX_UNIT/u_parity/DATA_V_reg[1]/Q (DFFRQX2M)
                                                          0.37       0.37 r
  UART_UNIT/UART_TX_UNIT/u_parity/U14/Y (AO2B2X2M)        0.13       0.50 r
  UART_UNIT/UART_TX_UNIT/u_parity/DATA_V_reg[1]/D (DFFRQX2M)
                                                          0.00       0.50 r
  data arrival time                                                  0.50

  clock TX_CLK (rise edge)                                0.00       0.00
  clock network delay (ideal)                             0.00       0.00
  clock uncertainty                                       0.10       0.10
  UART_UNIT/UART_TX_UNIT/u_parity/DATA_V_reg[1]/CK (DFFRQX2M)
                                                          0.00       0.10 r
  library hold time                                      -0.17      -0.07
  data required time                                                -0.07
  --------------------------------------------------------------------------
  data required time                                                -0.07
  data arrival time                                                 -0.50
  --------------------------------------------------------------------------
  slack (MET)                                                        0.57


  Startpoint: UART_UNIT/UART_TX_UNIT/u_parity/DATA_V_reg[5]
              (rising edge-triggered flip-flop clocked by TX_CLK)
  Endpoint: UART_UNIT/UART_TX_UNIT/u_parity/DATA_V_reg[5]
            (rising edge-triggered flip-flop clocked by TX_CLK)
  Path Group: TX_CLK
  Path Type: min

  Point                                                   Incr       Path
  --------------------------------------------------------------------------
  clock TX_CLK (rise edge)                                0.00       0.00
  clock network delay (ideal)                             0.00       0.00
  UART_UNIT/UART_TX_UNIT/u_parity/DATA_V_reg[5]/CK (DFFRQX2M)
                                                          0.00       0.00 r
  UART_UNIT/UART_TX_UNIT/u_parity/DATA_V_reg[5]/Q (DFFRQX2M)
                                                          0.37       0.37 r
  UART_UNIT/UART_TX_UNIT/u_parity/U10/Y (AO2B2X2M)        0.13       0.50 r
  UART_UNIT/UART_TX_UNIT/u_parity/DATA_V_reg[5]/D (DFFRQX2M)
                                                          0.00       0.50 r
  data arrival time                                                  0.50

  clock TX_CLK (rise edge)                                0.00       0.00
  clock network delay (ideal)                             0.00       0.00
  clock uncertainty                                       0.10       0.10
  UART_UNIT/UART_TX_UNIT/u_parity/DATA_V_reg[5]/CK (DFFRQX2M)
                                                          0.00       0.10 r
  library hold time                                      -0.17      -0.07
  data required time                                                -0.07
  --------------------------------------------------------------------------
  data required time                                                -0.07
  data arrival time                                                 -0.50
  --------------------------------------------------------------------------
  slack (MET)                                                        0.57


  Startpoint: UART_UNIT/UART_TX_UNIT/u_serializer/DATA_V_reg[1]
              (rising edge-triggered flip-flop clocked by TX_CLK)
  Endpoint: UART_UNIT/UART_TX_UNIT/u_serializer/DATA_V_reg[1]
            (rising edge-triggered flip-flop clocked by TX_CLK)
  Path Group: TX_CLK
  Path Type: min

  Point                                                   Incr       Path
  --------------------------------------------------------------------------
  clock TX_CLK (rise edge)                                0.00       0.00
  clock network delay (ideal)                             0.00       0.00
  UART_UNIT/UART_TX_UNIT/u_serializer/DATA_V_reg[1]/CK (DFFRQX2M)
                                                          0.00       0.00 r
  UART_UNIT/UART_TX_UNIT/u_serializer/DATA_V_reg[1]/Q (DFFRQX2M)
                                                          0.47       0.47 f
  UART_UNIT/UART_TX_UNIT/u_serializer/U23/Y (INVX2M)      0.06       0.53 r
  UART_UNIT/UART_TX_UNIT/u_serializer/U22/Y (OAI221X1M)
                                                          0.11       0.64 f
  UART_UNIT/UART_TX_UNIT/u_serializer/DATA_V_reg[1]/D (DFFRQX2M)
                                                          0.00       0.64 f
  data arrival time                                                  0.64

  clock TX_CLK (rise edge)                                0.00       0.00
  clock network delay (ideal)                             0.00       0.00
  clock uncertainty                                       0.10       0.10
  UART_UNIT/UART_TX_UNIT/u_serializer/DATA_V_reg[1]/CK (DFFRQX2M)
                                                          0.00       0.10 r
  library hold time                                      -0.03       0.07
  data required time                                                 0.07
  --------------------------------------------------------------------------
  data required time                                                 0.07
  data arrival time                                                 -0.64
  --------------------------------------------------------------------------
  slack (MET)                                                        0.57


  Startpoint: UART_UNIT/UART_TX_UNIT/u_parity/DATA_V_reg[0]
              (rising edge-triggered flip-flop clocked by TX_CLK)
  Endpoint: UART_UNIT/UART_TX_UNIT/u_parity/DATA_V_reg[0]
            (rising edge-triggered flip-flop clocked by TX_CLK)
  Path Group: TX_CLK
  Path Type: min

  Point                                                   Incr       Path
  --------------------------------------------------------------------------
  clock TX_CLK (rise edge)                                0.00       0.00
  clock network delay (ideal)                             0.00       0.00
  UART_UNIT/UART_TX_UNIT/u_parity/DATA_V_reg[0]/CK (DFFRQX2M)
                                                          0.00       0.00 r
  UART_UNIT/UART_TX_UNIT/u_parity/DATA_V_reg[0]/Q (DFFRQX2M)
                                                          0.37       0.37 r
  UART_UNIT/UART_TX_UNIT/u_parity/U13/Y (AO2B2X2M)        0.13       0.50 r
  UART_UNIT/UART_TX_UNIT/u_parity/DATA_V_reg[0]/D (DFFRQX2M)
                                                          0.00       0.50 r
  data arrival time                                                  0.50

  clock TX_CLK (rise edge)                                0.00       0.00
  clock network delay (ideal)                             0.00       0.00
  clock uncertainty                                       0.10       0.10
  UART_UNIT/UART_TX_UNIT/u_parity/DATA_V_reg[0]/CK (DFFRQX2M)
                                                          0.00       0.10 r
  library hold time                                      -0.17      -0.07
  data required time                                                -0.07
  --------------------------------------------------------------------------
  data required time                                                -0.07
  data arrival time                                                 -0.50
  --------------------------------------------------------------------------
  slack (MET)                                                        0.57


  Startpoint: UART_UNIT/UART_TX_UNIT/u_parity/DATA_V_reg[4]
              (rising edge-triggered flip-flop clocked by TX_CLK)
  Endpoint: UART_UNIT/UART_TX_UNIT/u_parity/DATA_V_reg[4]
            (rising edge-triggered flip-flop clocked by TX_CLK)
  Path Group: TX_CLK
  Path Type: min

  Point                                                   Incr       Path
  --------------------------------------------------------------------------
  clock TX_CLK (rise edge)                                0.00       0.00
  clock network delay (ideal)                             0.00       0.00
  UART_UNIT/UART_TX_UNIT/u_parity/DATA_V_reg[4]/CK (DFFRQX2M)
                                                          0.00       0.00 r
  UART_UNIT/UART_TX_UNIT/u_parity/DATA_V_reg[4]/Q (DFFRQX2M)
                                                          0.37       0.37 r
  UART_UNIT/UART_TX_UNIT/u_parity/U9/Y (AO2B2X2M)         0.13       0.50 r
  UART_UNIT/UART_TX_UNIT/u_parity/DATA_V_reg[4]/D (DFFRQX2M)
                                                          0.00       0.50 r
  data arrival time                                                  0.50

  clock TX_CLK (rise edge)                                0.00       0.00
  clock network delay (ideal)                             0.00       0.00
  clock uncertainty                                       0.10       0.10
  UART_UNIT/UART_TX_UNIT/u_parity/DATA_V_reg[4]/CK (DFFRQX2M)
                                                          0.00       0.10 r
  library hold time                                      -0.17      -0.07
  data required time                                                -0.07
  --------------------------------------------------------------------------
  data required time                                                -0.07
  data arrival time                                                 -0.50
  --------------------------------------------------------------------------
  slack (MET)                                                        0.57


  Startpoint: UART_UNIT/UART_TX_UNIT/u_serializer/DATA_V_reg[6]
              (rising edge-triggered flip-flop clocked by TX_CLK)
  Endpoint: UART_UNIT/UART_TX_UNIT/u_serializer/DATA_V_reg[6]
            (rising edge-triggered flip-flop clocked by TX_CLK)
  Path Group: TX_CLK
  Path Type: min

  Point                                                   Incr       Path
  --------------------------------------------------------------------------
  clock TX_CLK (rise edge)                                0.00       0.00
  clock network delay (ideal)                             0.00       0.00
  UART_UNIT/UART_TX_UNIT/u_serializer/DATA_V_reg[6]/CK (DFFRQX2M)
                                                          0.00       0.00 r
  UART_UNIT/UART_TX_UNIT/u_serializer/DATA_V_reg[6]/Q (DFFRQX2M)
                                                          0.46       0.46 f
  UART_UNIT/UART_TX_UNIT/u_serializer/U38/Y (INVX2M)      0.06       0.52 r
  UART_UNIT/UART_TX_UNIT/u_serializer/U14/Y (OAI221X1M)
                                                          0.12       0.64 f
  UART_UNIT/UART_TX_UNIT/u_serializer/DATA_V_reg[6]/D (DFFRQX2M)
                                                          0.00       0.64 f
  data arrival time                                                  0.64

  clock TX_CLK (rise edge)                                0.00       0.00
  clock network delay (ideal)                             0.00       0.00
  clock uncertainty                                       0.10       0.10
  UART_UNIT/UART_TX_UNIT/u_serializer/DATA_V_reg[6]/CK (DFFRQX2M)
                                                          0.00       0.10 r
  library hold time                                      -0.03       0.07
  data required time                                                 0.07
  --------------------------------------------------------------------------
  data required time                                                 0.07
  data arrival time                                                 -0.64
  --------------------------------------------------------------------------
  slack (MET)                                                        0.57


  Startpoint: UART_UNIT/UART_TX_UNIT/u_serializer/DATA_V_reg[5]
              (rising edge-triggered flip-flop clocked by TX_CLK)
  Endpoint: UART_UNIT/UART_TX_UNIT/u_serializer/DATA_V_reg[5]
            (rising edge-triggered flip-flop clocked by TX_CLK)
  Path Group: TX_CLK
  Path Type: min

  Point                                                   Incr       Path
  --------------------------------------------------------------------------
  clock TX_CLK (rise edge)                                0.00       0.00
  clock network delay (ideal)                             0.00       0.00
  UART_UNIT/UART_TX_UNIT/u_serializer/DATA_V_reg[5]/CK (DFFRQX2M)
                                                          0.00       0.00 r
  UART_UNIT/UART_TX_UNIT/u_serializer/DATA_V_reg[5]/Q (DFFRQX2M)
                                                          0.46       0.46 f
  UART_UNIT/UART_TX_UNIT/u_serializer/U37/Y (INVX2M)      0.06       0.52 r
  UART_UNIT/UART_TX_UNIT/u_serializer/U12/Y (OAI221X1M)
                                                          0.12       0.64 f
  UART_UNIT/UART_TX_UNIT/u_serializer/DATA_V_reg[5]/D (DFFRQX2M)
                                                          0.00       0.64 f
  data arrival time                                                  0.64

  clock TX_CLK (rise edge)                                0.00       0.00
  clock network delay (ideal)                             0.00       0.00
  clock uncertainty                                       0.10       0.10
  UART_UNIT/UART_TX_UNIT/u_serializer/DATA_V_reg[5]/CK (DFFRQX2M)
                                                          0.00       0.10 r
  library hold time                                      -0.03       0.07
  data required time                                                 0.07
  --------------------------------------------------------------------------
  data required time                                                 0.07
  data arrival time                                                 -0.64
  --------------------------------------------------------------------------
  slack (MET)                                                        0.57


  Startpoint: UART_UNIT/UART_TX_UNIT/u_serializer/DATA_V_reg[4]
              (rising edge-triggered flip-flop clocked by TX_CLK)
  Endpoint: UART_UNIT/UART_TX_UNIT/u_serializer/DATA_V_reg[4]
            (rising edge-triggered flip-flop clocked by TX_CLK)
  Path Group: TX_CLK
  Path Type: min

  Point                                                   Incr       Path
  --------------------------------------------------------------------------
  clock TX_CLK (rise edge)                                0.00       0.00
  clock network delay (ideal)                             0.00       0.00
  UART_UNIT/UART_TX_UNIT/u_serializer/DATA_V_reg[4]/CK (DFFRQX2M)
                                                          0.00       0.00 r
  UART_UNIT/UART_TX_UNIT/u_serializer/DATA_V_reg[4]/Q (DFFRQX2M)
                                                          0.46       0.46 f
  UART_UNIT/UART_TX_UNIT/u_serializer/U36/Y (INVX2M)      0.06       0.52 r
  UART_UNIT/UART_TX_UNIT/u_serializer/U10/Y (OAI221X1M)
                                                          0.12       0.64 f
  UART_UNIT/UART_TX_UNIT/u_serializer/DATA_V_reg[4]/D (DFFRQX2M)
                                                          0.00       0.64 f
  data arrival time                                                  0.64

  clock TX_CLK (rise edge)                                0.00       0.00
  clock network delay (ideal)                             0.00       0.00
  clock uncertainty                                       0.10       0.10
  UART_UNIT/UART_TX_UNIT/u_serializer/DATA_V_reg[4]/CK (DFFRQX2M)
                                                          0.00       0.10 r
  library hold time                                      -0.03       0.07
  data required time                                                 0.07
  --------------------------------------------------------------------------
  data required time                                                 0.07
  data arrival time                                                 -0.64
  --------------------------------------------------------------------------
  slack (MET)                                                        0.57


  Startpoint: UART_UNIT/UART_TX_UNIT/u_serializer/DATA_V_reg[3]
              (rising edge-triggered flip-flop clocked by TX_CLK)
  Endpoint: UART_UNIT/UART_TX_UNIT/u_serializer/DATA_V_reg[3]
            (rising edge-triggered flip-flop clocked by TX_CLK)
  Path Group: TX_CLK
  Path Type: min

  Point                                                   Incr       Path
  --------------------------------------------------------------------------
  clock TX_CLK (rise edge)                                0.00       0.00
  clock network delay (ideal)                             0.00       0.00
  UART_UNIT/UART_TX_UNIT/u_serializer/DATA_V_reg[3]/CK (DFFRQX2M)
                                                          0.00       0.00 r
  UART_UNIT/UART_TX_UNIT/u_serializer/DATA_V_reg[3]/Q (DFFRQX2M)
                                                          0.46       0.46 f
  UART_UNIT/UART_TX_UNIT/u_serializer/U35/Y (INVX2M)      0.06       0.52 r
  UART_UNIT/UART_TX_UNIT/u_serializer/U8/Y (OAI221X1M)
                                                          0.12       0.64 f
  UART_UNIT/UART_TX_UNIT/u_serializer/DATA_V_reg[3]/D (DFFRQX2M)
                                                          0.00       0.64 f
  data arrival time                                                  0.64

  clock TX_CLK (rise edge)                                0.00       0.00
  clock network delay (ideal)                             0.00       0.00
  clock uncertainty                                       0.10       0.10
  UART_UNIT/UART_TX_UNIT/u_serializer/DATA_V_reg[3]/CK (DFFRQX2M)
                                                          0.00       0.10 r
  library hold time                                      -0.03       0.07
  data required time                                                 0.07
  --------------------------------------------------------------------------
  data required time                                                 0.07
  data arrival time                                                 -0.64
  --------------------------------------------------------------------------
  slack (MET)                                                        0.57


  Startpoint: UART_UNIT/UART_TX_UNIT/u_serializer/DATA_V_reg[2]
              (rising edge-triggered flip-flop clocked by TX_CLK)
  Endpoint: UART_UNIT/UART_TX_UNIT/u_serializer/DATA_V_reg[2]
            (rising edge-triggered flip-flop clocked by TX_CLK)
  Path Group: TX_CLK
  Path Type: min

  Point                                                   Incr       Path
  --------------------------------------------------------------------------
  clock TX_CLK (rise edge)                                0.00       0.00
  clock network delay (ideal)                             0.00       0.00
  UART_UNIT/UART_TX_UNIT/u_serializer/DATA_V_reg[2]/CK (DFFRQX2M)
                                                          0.00       0.00 r
  UART_UNIT/UART_TX_UNIT/u_serializer/DATA_V_reg[2]/Q (DFFRQX2M)
                                                          0.46       0.46 f
  UART_UNIT/UART_TX_UNIT/u_serializer/U34/Y (INVX2M)      0.06       0.52 r
  UART_UNIT/UART_TX_UNIT/u_serializer/U6/Y (OAI221X1M)
                                                          0.12       0.64 f
  UART_UNIT/UART_TX_UNIT/u_serializer/DATA_V_reg[2]/D (DFFRQX2M)
                                                          0.00       0.64 f
  data arrival time                                                  0.64

  clock TX_CLK (rise edge)                                0.00       0.00
  clock network delay (ideal)                             0.00       0.00
  clock uncertainty                                       0.10       0.10
  UART_UNIT/UART_TX_UNIT/u_serializer/DATA_V_reg[2]/CK (DFFRQX2M)
                                                          0.00       0.10 r
  library hold time                                      -0.03       0.07
  data required time                                                 0.07
  --------------------------------------------------------------------------
  data required time                                                 0.07
  data arrival time                                                 -0.64
  --------------------------------------------------------------------------
  slack (MET)                                                        0.57


  Startpoint: UART_UNIT/UART_TX_UNIT/u_parity/DATA_V_reg[2]
              (rising edge-triggered flip-flop clocked by TX_CLK)
  Endpoint: UART_UNIT/UART_TX_UNIT/u_parity/DATA_V_reg[2]
            (rising edge-triggered flip-flop clocked by TX_CLK)
  Path Group: TX_CLK
  Path Type: min

  Point                                                   Incr       Path
  --------------------------------------------------------------------------
  clock TX_CLK (rise edge)                                0.00       0.00
  clock network delay (ideal)                             0.00       0.00
  UART_UNIT/UART_TX_UNIT/u_parity/DATA_V_reg[2]/CK (DFFRQX2M)
                                                          0.00       0.00 r
  UART_UNIT/UART_TX_UNIT/u_parity/DATA_V_reg[2]/Q (DFFRQX2M)
                                                          0.37       0.37 r
  UART_UNIT/UART_TX_UNIT/u_parity/U12/Y (AO2B2X2M)        0.13       0.50 r
  UART_UNIT/UART_TX_UNIT/u_parity/DATA_V_reg[2]/D (DFFRQX2M)
                                                          0.00       0.50 r
  data arrival time                                                  0.50

  clock TX_CLK (rise edge)                                0.00       0.00
  clock network delay (ideal)                             0.00       0.00
  clock uncertainty                                       0.10       0.10
  UART_UNIT/UART_TX_UNIT/u_parity/DATA_V_reg[2]/CK (DFFRQX2M)
                                                          0.00       0.10 r
  library hold time                                      -0.17      -0.07
  data required time                                                -0.07
  --------------------------------------------------------------------------
  data required time                                                -0.07
  data arrival time                                                 -0.50
  --------------------------------------------------------------------------
  slack (MET)                                                        0.57


  Startpoint: UART_UNIT/UART_TX_UNIT/u_parity/DATA_V_reg[3]
              (rising edge-triggered flip-flop clocked by TX_CLK)
  Endpoint: UART_UNIT/UART_TX_UNIT/u_parity/DATA_V_reg[3]
            (rising edge-triggered flip-flop clocked by TX_CLK)
  Path Group: TX_CLK
  Path Type: min

  Point                                                   Incr       Path
  --------------------------------------------------------------------------
  clock TX_CLK (rise edge)                                0.00       0.00
  clock network delay (ideal)                             0.00       0.00
  UART_UNIT/UART_TX_UNIT/u_parity/DATA_V_reg[3]/CK (DFFRQX2M)
                                                          0.00       0.00 r
  UART_UNIT/UART_TX_UNIT/u_parity/DATA_V_reg[3]/Q (DFFRQX2M)
                                                          0.37       0.37 r
  UART_UNIT/UART_TX_UNIT/u_parity/U11/Y (AO2B2X2M)        0.13       0.50 r
  UART_UNIT/UART_TX_UNIT/u_parity/DATA_V_reg[3]/D (DFFRQX2M)
                                                          0.00       0.50 r
  data arrival time                                                  0.50

  clock TX_CLK (rise edge)                                0.00       0.00
  clock network delay (ideal)                             0.00       0.00
  clock uncertainty                                       0.10       0.10
  UART_UNIT/UART_TX_UNIT/u_parity/DATA_V_reg[3]/CK (DFFRQX2M)
                                                          0.00       0.10 r
  library hold time                                      -0.17      -0.07
  data required time                                                -0.07
  --------------------------------------------------------------------------
  data required time                                                -0.07
  data arrival time                                                 -0.50
  --------------------------------------------------------------------------
  slack (MET)                                                        0.57


  Startpoint: UART_UNIT/UART_TX_UNIT/u_parity/DATA_V_reg[7]
              (rising edge-triggered flip-flop clocked by TX_CLK)
  Endpoint: UART_UNIT/UART_TX_UNIT/u_parity/DATA_V_reg[7]
            (rising edge-triggered flip-flop clocked by TX_CLK)
  Path Group: TX_CLK
  Path Type: min

  Point                                                   Incr       Path
  --------------------------------------------------------------------------
  clock TX_CLK (rise edge)                                0.00       0.00
  clock network delay (ideal)                             0.00       0.00
  UART_UNIT/UART_TX_UNIT/u_parity/DATA_V_reg[7]/CK (DFFRQX2M)
                                                          0.00       0.00 r
  UART_UNIT/UART_TX_UNIT/u_parity/DATA_V_reg[7]/Q (DFFRQX2M)
                                                          0.38       0.38 r
  UART_UNIT/UART_TX_UNIT/u_parity/U7/Y (AO2B2X2M)         0.13       0.51 r
  UART_UNIT/UART_TX_UNIT/u_parity/DATA_V_reg[7]/D (DFFRQX2M)
                                                          0.00       0.51 r
  data arrival time                                                  0.51

  clock TX_CLK (rise edge)                                0.00       0.00
  clock network delay (ideal)                             0.00       0.00
  clock uncertainty                                       0.10       0.10
  UART_UNIT/UART_TX_UNIT/u_parity/DATA_V_reg[7]/CK (DFFRQX2M)
                                                          0.00       0.10 r
  library hold time                                      -0.17      -0.07
  data required time                                                -0.07
  --------------------------------------------------------------------------
  data required time                                                -0.07
  data arrival time                                                 -0.51
  --------------------------------------------------------------------------
  slack (MET)                                                        0.58


  Startpoint: UART_UNIT/UART_TX_UNIT/u_parity/par_bit_reg
              (rising edge-triggered flip-flop clocked by TX_CLK)
  Endpoint: UART_UNIT/UART_TX_UNIT/u_parity/par_bit_reg
            (rising edge-triggered flip-flop clocked by TX_CLK)
  Path Group: TX_CLK
  Path Type: min

  Point                                                   Incr       Path
  --------------------------------------------------------------------------
  clock TX_CLK (rise edge)                                0.00       0.00
  clock network delay (ideal)                             0.00       0.00
  UART_UNIT/UART_TX_UNIT/u_parity/par_bit_reg/CK (DFFRQX2M)
                                                          0.00       0.00 r
  UART_UNIT/UART_TX_UNIT/u_parity/par_bit_reg/Q (DFFRQX2M)
                                                          0.37       0.37 r
  UART_UNIT/UART_TX_UNIT/u_parity/U1/Y (OAI2BB2X1M)       0.15       0.52 r
  UART_UNIT/UART_TX_UNIT/u_parity/par_bit_reg/D (DFFRQX2M)
                                                          0.00       0.52 r
  data arrival time                                                  0.52

  clock TX_CLK (rise edge)                                0.00       0.00
  clock network delay (ideal)                             0.00       0.00
  clock uncertainty                                       0.10       0.10
  UART_UNIT/UART_TX_UNIT/u_parity/par_bit_reg/CK (DFFRQX2M)
                                                          0.00       0.10 r
  library hold time                                      -0.17      -0.07
  data required time                                                -0.07
  --------------------------------------------------------------------------
  data required time                                                -0.07
  data arrival time                                                 -0.52
  --------------------------------------------------------------------------
  slack (MET)                                                        0.59


  Startpoint: FIFO_UNIT/rptr_empty/rbin_reg[3]
              (rising edge-triggered flip-flop clocked by TX_CLK)
  Endpoint: FIFO_UNIT/rptr_empty/rptr_reg[2]
            (rising edge-triggered flip-flop clocked by TX_CLK)
  Path Group: TX_CLK
  Path Type: min

  Point                                                   Incr       Path
  --------------------------------------------------------------------------
  clock TX_CLK (rise edge)                                0.00       0.00
  clock network delay (ideal)                             0.00       0.00
  FIFO_UNIT/rptr_empty/rbin_reg[3]/CK (DFFRQX2M)          0.00       0.00 r
  FIFO_UNIT/rptr_empty/rbin_reg[3]/Q (DFFRQX2M)           0.36       0.36 r
  FIFO_UNIT/rptr_empty/U13/Y (XNOR2X2M)                   0.12       0.49 f
  FIFO_UNIT/rptr_empty/U3/Y (CLKXOR2X2M)                  0.18       0.67 f
  FIFO_UNIT/rptr_empty/rptr_reg[2]/D (DFFRQX2M)           0.00       0.67 f
  data arrival time                                                  0.67

  clock TX_CLK (rise edge)                                0.00       0.00
  clock network delay (ideal)                             0.00       0.00
  clock uncertainty                                       0.10       0.10
  FIFO_UNIT/rptr_empty/rptr_reg[2]/CK (DFFRQX2M)          0.00       0.10 r
  library hold time                                      -0.03       0.07
  data required time                                                 0.07
  --------------------------------------------------------------------------
  data required time                                                 0.07
  data arrival time                                                 -0.67
  --------------------------------------------------------------------------
  slack (MET)                                                        0.60


  Startpoint: FIFO_UNIT/rptr_empty/rbin_reg[1]
              (rising edge-triggered flip-flop clocked by TX_CLK)
  Endpoint: FIFO_UNIT/rptr_empty/rptr_reg[0]
            (rising edge-triggered flip-flop clocked by TX_CLK)
  Path Group: TX_CLK
  Path Type: min

  Point                                                   Incr       Path
  --------------------------------------------------------------------------
  clock TX_CLK (rise edge)                                0.00       0.00
  clock network delay (ideal)                             0.00       0.00
  FIFO_UNIT/rptr_empty/rbin_reg[1]/CK (DFFRQX2M)          0.00       0.00 r
  FIFO_UNIT/rptr_empty/rbin_reg[1]/Q (DFFRQX2M)           0.43       0.43 r
  FIFO_UNIT/rptr_empty/U4/Y (XNOR2X2M)                    0.14       0.57 f
  FIFO_UNIT/rptr_empty/U2/Y (CLKXOR2X2M)                  0.18       0.75 f
  FIFO_UNIT/rptr_empty/rptr_reg[0]/D (DFFRQX2M)           0.00       0.75 f
  data arrival time                                                  0.75

  clock TX_CLK (rise edge)                                0.00       0.00
  clock network delay (ideal)                             0.00       0.00
  clock uncertainty                                       0.10       0.10
  FIFO_UNIT/rptr_empty/rptr_reg[0]/CK (DFFRQX2M)          0.00       0.10 r
  library hold time                                      -0.03       0.07
  data required time                                                 0.07
  --------------------------------------------------------------------------
  data required time                                                 0.07
  data arrival time                                                 -0.75
  --------------------------------------------------------------------------
  slack (MET)                                                        0.68


  Startpoint: RD_INC_UNIT/LVL_SIG_reg_reg
              (rising edge-triggered flip-flop clocked by TX_CLK)
  Endpoint: FIFO_UNIT/rptr_empty/rbin_reg[2]
            (rising edge-triggered flip-flop clocked by TX_CLK)
  Path Group: TX_CLK
  Path Type: min

  Point                                                   Incr       Path
  --------------------------------------------------------------------------
  clock TX_CLK (rise edge)                                0.00       0.00
  clock network delay (ideal)                             0.00       0.00
  RD_INC_UNIT/LVL_SIG_reg_reg/CK (DFFRQX2M)               0.00       0.00 r
  RD_INC_UNIT/LVL_SIG_reg_reg/Q (DFFRQX2M)                0.36       0.36 r
  RD_INC_UNIT/U3/Y (NOR2BX2M)                             0.06       0.42 f
  RD_INC_UNIT/PULSE_SIG (PULSE_GEN)                       0.00       0.42 f
  FIFO_UNIT/rinc (FIFO_TOP_DATA_WIDTH8_ADDR_SIZE3)        0.00       0.42 f
  FIFO_UNIT/rptr_empty/rinc (FIFO_rptr_empty_ADDR_SIZE3)
                                                          0.00       0.42 f
  FIFO_UNIT/rptr_empty/U12/Y (NAND3X2M)                   0.10       0.52 r
  FIFO_UNIT/rptr_empty/U7/Y (NOR2BX2M)                    0.07       0.59 f
  FIFO_UNIT/rptr_empty/U15/Y (CLKXOR2X2M)                 0.20       0.79 f
  FIFO_UNIT/rptr_empty/rbin_reg[2]/D (DFFRQX2M)           0.00       0.79 f
  data arrival time                                                  0.79

  clock TX_CLK (rise edge)                                0.00       0.00
  clock network delay (ideal)                             0.00       0.00
  clock uncertainty                                       0.10       0.10
  FIFO_UNIT/rptr_empty/rbin_reg[2]/CK (DFFRQX2M)          0.00       0.10 r
  library hold time                                      -0.04       0.06
  data required time                                                 0.06
  --------------------------------------------------------------------------
  data required time                                                 0.06
  data arrival time                                                 -0.79
  --------------------------------------------------------------------------
  slack (MET)                                                        0.73


  Startpoint: FIFO_UNIT/rptr_empty/rbin_reg[1]
              (rising edge-triggered flip-flop clocked by TX_CLK)
  Endpoint: FIFO_UNIT/rptr_empty/rptr_reg[1]
            (rising edge-triggered flip-flop clocked by TX_CLK)
  Path Group: TX_CLK
  Path Type: min

  Point                                                   Incr       Path
  --------------------------------------------------------------------------
  clock TX_CLK (rise edge)                                0.00       0.00
  clock network delay (ideal)                             0.00       0.00
  FIFO_UNIT/rptr_empty/rbin_reg[1]/CK (DFFRQX2M)          0.00       0.00 r
  FIFO_UNIT/rptr_empty/rbin_reg[1]/Q (DFFRQX2M)           0.43       0.43 r
  FIFO_UNIT/rptr_empty/U4/Y (XNOR2X2M)                    0.14       0.57 f
  FIFO_UNIT/rptr_empty/U1/Y (CLKXOR2X2M)                  0.23       0.81 f
  FIFO_UNIT/rptr_empty/rptr_reg[1]/D (DFFRQX2M)           0.00       0.81 f
  data arrival time                                                  0.81

  clock TX_CLK (rise edge)                                0.00       0.00
  clock network delay (ideal)                             0.00       0.00
  clock uncertainty                                       0.10       0.10
  FIFO_UNIT/rptr_empty/rptr_reg[1]/CK (DFFRQX2M)          0.00       0.10 r
  library hold time                                      -0.03       0.07
  data required time                                                 0.07
  --------------------------------------------------------------------------
  data required time                                                 0.07
  data arrival time                                                 -0.81
  --------------------------------------------------------------------------
  slack (MET)                                                        0.74


  Startpoint: RX_CLK_GEN/cnt_odd_neg_reg[3]
              (falling edge-triggered flip-flop clocked by UART_CLK)
  Endpoint: RX_CLK_GEN/outB_r_reg
            (falling edge-triggered flip-flop clocked by UART_CLK)
  Path Group: UART_CLK
  Path Type: min

  Point                                                   Incr       Path
  --------------------------------------------------------------------------
  clock UART_CLK (fall edge)                            135.65     135.65
  clock network delay (ideal)                             0.00     135.65
  RX_CLK_GEN/cnt_odd_neg_reg[3]/CKN (DFFNSRHX2M)          0.00     135.65 f
  RX_CLK_GEN/cnt_odd_neg_reg[3]/Q (DFFNSRHX2M)            0.39     136.03 f
  RX_CLK_GEN/U44/Y (OAI21X2M)                             0.13     136.16 r
  RX_CLK_GEN/outB_r_reg/D (DFFNSRHX2M)                    0.00     136.16 r
  data arrival time                                                136.16

  clock UART_CLK (fall edge)                            135.65     135.65
  clock network delay (ideal)                             0.00     135.65
  clock uncertainty                                       0.10     135.75
  RX_CLK_GEN/outB_r_reg/CKN (DFFNSRHX2M)                  0.00     135.75 f
  library hold time                                       0.13     135.87
  data required time                                               135.87
  --------------------------------------------------------------------------
  data required time                                               135.87
  data arrival time                                               -136.16
  --------------------------------------------------------------------------
  slack (MET)                                                        0.29


  Startpoint: RST_SYNC_2/STAGES_REG_reg[0]/CK
              (internal path startpoint clocked by UART_CLK)
  Endpoint: RST_SYNC_2/STAGES_REG_reg[1]
            (rising edge-triggered flip-flop clocked by UART_CLK)
  Path Group: UART_CLK
  Path Type: min

  Point                                                   Incr       Path
  --------------------------------------------------------------------------
  clock UART_CLK (rise edge)                              0.00       0.00
  clock network delay (ideal)                             0.00       0.00
  input external delay                                    0.00       0.00 r
  RST_SYNC_2/STAGES_REG_reg[0]/CK (DFFRQX2M)              0.00       0.00 r
  RST_SYNC_2/STAGES_REG_reg[0]/Q (DFFRQX2M)               0.46       0.46 f
  RST_SYNC_2/STAGES_REG_reg[1]/D (DFFRQX2M)               0.00       0.46 f
  data arrival time                                                  0.46

  clock UART_CLK (rise edge)                              0.00       0.00
  clock network delay (ideal)                             0.00       0.00
  clock uncertainty                                       0.10       0.10
  RST_SYNC_2/STAGES_REG_reg[1]/CK (DFFRQX2M)              0.00       0.10 r
  library hold time                                      -0.02       0.08
  data required time                                                 0.08
  --------------------------------------------------------------------------
  data required time                                                 0.08
  data arrival time                                                 -0.46
  --------------------------------------------------------------------------
  slack (MET)                                                        0.38


  Startpoint: RX_CLK_GEN/cnt_odd_pos_reg[3]
              (rising edge-triggered flip-flop clocked by UART_CLK)
  Endpoint: RX_CLK_GEN/outA_r_reg
            (rising edge-triggered flip-flop clocked by UART_CLK)
  Path Group: UART_CLK
  Path Type: min

  Point                                                   Incr       Path
  --------------------------------------------------------------------------
  clock UART_CLK (rise edge)                              0.00       0.00
  clock network delay (ideal)                             0.00       0.00
  RX_CLK_GEN/cnt_odd_pos_reg[3]/CK (DFFRQX2M)             0.00       0.00 r
  RX_CLK_GEN/cnt_odd_pos_reg[3]/Q (DFFRQX2M)              0.40       0.40 r
  RX_CLK_GEN/U57/Y (OAI21X2M)                             0.07       0.46 f
  RX_CLK_GEN/outA_r_reg/D (DFFRQX2M)                      0.00       0.46 f
  data arrival time                                                  0.46

  clock UART_CLK (rise edge)                              0.00       0.00
  clock network delay (ideal)                             0.00       0.00
  clock uncertainty                                       0.10       0.10
  RX_CLK_GEN/outA_r_reg/CK (DFFRQX2M)                     0.00       0.10 r
  library hold time                                      -0.01       0.09
  data required time                                                 0.09
  --------------------------------------------------------------------------
  data required time                                                 0.09
  data arrival time                                                 -0.46
  --------------------------------------------------------------------------
  slack (MET)                                                        0.38


  Startpoint: RX_CLK_GEN/cnt_even_reg[3]
              (rising edge-triggered flip-flop clocked by UART_CLK)
  Endpoint: RX_CLK_GEN/cnt_even_reg[3]
            (rising edge-triggered flip-flop clocked by UART_CLK)
  Path Group: UART_CLK
  Path Type: min

  Point                                                   Incr       Path
  --------------------------------------------------------------------------
  clock UART_CLK (rise edge)                              0.00       0.00
  clock network delay (ideal)                             0.00       0.00
  RX_CLK_GEN/cnt_even_reg[3]/CK (DFFRX1M)                 0.00       0.00 r
  RX_CLK_GEN/cnt_even_reg[3]/QN (DFFRX1M)                 0.40       0.40 r
  RX_CLK_GEN/U68/Y (OAI21X2M)                             0.08       0.48 f
  RX_CLK_GEN/cnt_even_reg[3]/D (DFFRX1M)                  0.00       0.48 f
  data arrival time                                                  0.48

  clock UART_CLK (rise edge)                              0.00       0.00
  clock network delay (ideal)                             0.00       0.00
  clock uncertainty                                       0.10       0.10
  RX_CLK_GEN/cnt_even_reg[3]/CK (DFFRX1M)                 0.00       0.10 r
  library hold time                                      -0.01       0.09
  data required time                                                 0.09
  --------------------------------------------------------------------------
  data required time                                                 0.09
  data arrival time                                                 -0.48
  --------------------------------------------------------------------------
  slack (MET)                                                        0.39


  Startpoint: RX_CLK_GEN/cnt_odd_pos_reg[0]
              (rising edge-triggered flip-flop clocked by UART_CLK)
  Endpoint: RX_CLK_GEN/cnt_odd_pos_reg[0]
            (rising edge-triggered flip-flop clocked by UART_CLK)
  Path Group: UART_CLK
  Path Type: min

  Point                                                   Incr       Path
  --------------------------------------------------------------------------
  clock UART_CLK (rise edge)                              0.00       0.00
  clock network delay (ideal)                             0.00       0.00
  RX_CLK_GEN/cnt_odd_pos_reg[0]/CK (DFFRQX2M)             0.00       0.00 r
  RX_CLK_GEN/cnt_odd_pos_reg[0]/Q (DFFRQX2M)              0.39       0.39 r
  RX_CLK_GEN/U51/Y (OAI32X1M)                             0.09       0.48 f
  RX_CLK_GEN/cnt_odd_pos_reg[0]/D (DFFRQX2M)              0.00       0.48 f
  data arrival time                                                  0.48

  clock UART_CLK (rise edge)                              0.00       0.00
  clock network delay (ideal)                             0.00       0.00
  clock uncertainty                                       0.10       0.10
  RX_CLK_GEN/cnt_odd_pos_reg[0]/CK (DFFRQX2M)             0.00       0.10 r
  library hold time                                      -0.02       0.08
  data required time                                                 0.08
  --------------------------------------------------------------------------
  data required time                                                 0.08
  data arrival time                                                 -0.48
  --------------------------------------------------------------------------
  slack (MET)                                                        0.39


  Startpoint: TX_CLK_GEN/cnt_odd_neg_reg[6]
              (falling edge-triggered flip-flop clocked by UART_CLK)
  Endpoint: TX_CLK_GEN/cnt_odd_neg_reg[6]
            (falling edge-triggered flip-flop clocked by UART_CLK)
  Path Group: UART_CLK
  Path Type: min

  Point                                                   Incr       Path
  --------------------------------------------------------------------------
  clock UART_CLK (fall edge)                            135.65     135.65
  clock network delay (ideal)                             0.00     135.65
  TX_CLK_GEN/cnt_odd_neg_reg[6]/CKN (DFFNSRHX2M)          0.00     135.65 f
  TX_CLK_GEN/cnt_odd_neg_reg[6]/Q (DFFNSRHX2M)            0.39     136.04 f
  TX_CLK_GEN/add_56/A[6] (ClkDiv_WIDTH8_DW01_inc_1)       0.00     136.04 f
  TX_CLK_GEN/add_56/U11/Y (XNOR2X2M)                      0.07     136.12 r
  TX_CLK_GEN/add_56/SUM[6] (ClkDiv_WIDTH8_DW01_inc_1)     0.00     136.12 r
  TX_CLK_GEN/U34/Y (OAI2BB2X1M)                           0.15     136.27 r
  TX_CLK_GEN/cnt_odd_neg_reg[6]/D (DFFNSRHX2M)            0.00     136.27 r
  data arrival time                                                136.27

  clock UART_CLK (fall edge)                            135.65     135.65
  clock network delay (ideal)                             0.00     135.65
  clock uncertainty                                       0.10     135.75
  TX_CLK_GEN/cnt_odd_neg_reg[6]/CKN (DFFNSRHX2M)          0.00     135.75 f
  library hold time                                       0.12     135.87
  data required time                                               135.87
  --------------------------------------------------------------------------
  data required time                                               135.87
  data arrival time                                               -136.27
  --------------------------------------------------------------------------
  slack (MET)                                                        0.40


  Startpoint: RX_CLK_GEN/even_clk_reg
              (rising edge-triggered flip-flop clocked by UART_CLK)
  Endpoint: RX_CLK_GEN/even_r_reg
            (rising edge-triggered flip-flop clocked by UART_CLK)
  Path Group: UART_CLK
  Path Type: min

  Point                                                   Incr       Path
  --------------------------------------------------------------------------
  clock UART_CLK (rise edge)                              0.00       0.00
  clock network delay (ideal)                             0.00       0.00
  RX_CLK_GEN/even_clk_reg/CK (DFFRQX2M)                   0.00       0.00 r
  RX_CLK_GEN/even_clk_reg/Q (DFFRQX2M)                    0.48       0.48 f
  RX_CLK_GEN/even_r_reg/D (DFFRQX2M)                      0.00       0.48 f
  data arrival time                                                  0.48

  clock UART_CLK (rise edge)                              0.00       0.00
  clock network delay (ideal)                             0.00       0.00
  clock uncertainty                                       0.10       0.10
  RX_CLK_GEN/even_r_reg/CK (DFFRQX2M)                     0.00       0.10 r
  library hold time                                      -0.02       0.08
  data required time                                                 0.08
  --------------------------------------------------------------------------
  data required time                                                 0.08
  data arrival time                                                 -0.48
  --------------------------------------------------------------------------
  slack (MET)                                                        0.40


  Startpoint: TX_CLK_GEN/even_clk_reg
              (rising edge-triggered flip-flop clocked by UART_CLK)
  Endpoint: TX_CLK_GEN/even_r_reg
            (rising edge-triggered flip-flop clocked by UART_CLK)
  Path Group: UART_CLK
  Path Type: min

  Point                                                   Incr       Path
  --------------------------------------------------------------------------
  clock UART_CLK (rise edge)                              0.00       0.00
  clock network delay (ideal)                             0.00       0.00
  TX_CLK_GEN/even_clk_reg/CK (DFFRQX2M)                   0.00       0.00 r
  TX_CLK_GEN/even_clk_reg/Q (DFFRQX2M)                    0.48       0.48 f
  TX_CLK_GEN/even_r_reg/D (DFFRQX2M)                      0.00       0.48 f
  data arrival time                                                  0.48

  clock UART_CLK (rise edge)                              0.00       0.00
  clock network delay (ideal)                             0.00       0.00
  clock uncertainty                                       0.10       0.10
  TX_CLK_GEN/even_r_reg/CK (DFFRQX2M)                     0.00       0.10 r
  library hold time                                      -0.02       0.08
  data required time                                                 0.08
  --------------------------------------------------------------------------
  data required time                                                 0.08
  data arrival time                                                 -0.48
  --------------------------------------------------------------------------
  slack (MET)                                                        0.40


  Startpoint: TX_CLK_GEN/cnt_odd_neg_reg[0]
              (falling edge-triggered flip-flop clocked by UART_CLK)
  Endpoint: TX_CLK_GEN/cnt_odd_neg_reg[0]
            (falling edge-triggered flip-flop clocked by UART_CLK)
  Path Group: UART_CLK
  Path Type: min

  Point                                                   Incr       Path
  --------------------------------------------------------------------------
  clock UART_CLK (fall edge)                            135.65     135.65
  clock network delay (ideal)                             0.00     135.65
  TX_CLK_GEN/cnt_odd_neg_reg[0]/CKN (DFFNSRHX2M)          0.00     135.65 f
  TX_CLK_GEN/cnt_odd_neg_reg[0]/Q (DFFNSRHX2M)            0.43     136.08 f
  TX_CLK_GEN/add_56/A[0] (ClkDiv_WIDTH8_DW01_inc_1)       0.00     136.08 f
  TX_CLK_GEN/add_56/U8/Y (INVX2M)                         0.06     136.14 r
  TX_CLK_GEN/add_56/SUM[0] (ClkDiv_WIDTH8_DW01_inc_1)     0.00     136.14 r
  TX_CLK_GEN/U28/Y (OAI2BB2X1M)                           0.15     136.29 r
  TX_CLK_GEN/cnt_odd_neg_reg[0]/D (DFFNSRHX2M)            0.00     136.29 r
  data arrival time                                                136.29

  clock UART_CLK (fall edge)                            135.65     135.65
  clock network delay (ideal)                             0.00     135.65
  clock uncertainty                                       0.10     135.75
  TX_CLK_GEN/cnt_odd_neg_reg[0]/CKN (DFFNSRHX2M)          0.00     135.75 f
  library hold time                                       0.12     135.87
  data required time                                               135.87
  --------------------------------------------------------------------------
  data required time                                               135.87
  data arrival time                                               -136.29
  --------------------------------------------------------------------------
  slack (MET)                                                        0.42


  Startpoint: TX_CLK_GEN/cnt_odd_neg_reg[2]
              (falling edge-triggered flip-flop clocked by UART_CLK)
  Endpoint: TX_CLK_GEN/cnt_odd_neg_reg[2]
            (falling edge-triggered flip-flop clocked by UART_CLK)
  Path Group: UART_CLK
  Path Type: min

  Point                                                   Incr       Path
  --------------------------------------------------------------------------
  clock UART_CLK (fall edge)                            135.65     135.65
  clock network delay (ideal)                             0.00     135.65
  TX_CLK_GEN/cnt_odd_neg_reg[2]/CKN (DFFNSRHX2M)          0.00     135.65 f
  TX_CLK_GEN/cnt_odd_neg_reg[2]/Q (DFFNSRHX2M)            0.42     136.07 f
  TX_CLK_GEN/add_56/A[2] (ClkDiv_WIDTH8_DW01_inc_1)       0.00     136.07 f
  TX_CLK_GEN/add_56/U3/Y (XNOR2X2M)                       0.08     136.15 r
  TX_CLK_GEN/add_56/SUM[2] (ClkDiv_WIDTH8_DW01_inc_1)     0.00     136.15 r
  TX_CLK_GEN/U25/Y (OAI2BB2X1M)                           0.15     136.30 r
  TX_CLK_GEN/cnt_odd_neg_reg[2]/D (DFFNSRHX2M)            0.00     136.30 r
  data arrival time                                                136.30

  clock UART_CLK (fall edge)                            135.65     135.65
  clock network delay (ideal)                             0.00     135.65
  clock uncertainty                                       0.10     135.75
  TX_CLK_GEN/cnt_odd_neg_reg[2]/CKN (DFFNSRHX2M)          0.00     135.75 f
  library hold time                                       0.12     135.87
  data required time                                               135.87
  --------------------------------------------------------------------------
  data required time                                               135.87
  data arrival time                                               -136.30
  --------------------------------------------------------------------------
  slack (MET)                                                        0.43


  Startpoint: RX_CLK_GEN/cnt_odd_neg_reg[2]
              (falling edge-triggered flip-flop clocked by UART_CLK)
  Endpoint: RX_CLK_GEN/cnt_odd_neg_reg[3]
            (falling edge-triggered flip-flop clocked by UART_CLK)
  Path Group: UART_CLK
  Path Type: min

  Point                                                   Incr       Path
  --------------------------------------------------------------------------
  clock UART_CLK (fall edge)                            135.65     135.65
  clock network delay (ideal)                             0.00     135.65
  RX_CLK_GEN/cnt_odd_neg_reg[2]/CKN (DFFNSRHX2M)          0.00     135.65 f
  RX_CLK_GEN/cnt_odd_neg_reg[2]/Q (DFFNSRHX2M)            0.40     136.05 f
  RX_CLK_GEN/U42/Y (NAND4X2M)                             0.10     136.14 r
  RX_CLK_GEN/U41/Y (OAI21X2M)                             0.05     136.19 f
  RX_CLK_GEN/cnt_odd_neg_reg[3]/D (DFFNSRHX2M)            0.00     136.19 f
  data arrival time                                                136.19

  clock UART_CLK (fall edge)                            135.65     135.65
  clock network delay (ideal)                             0.00     135.65
  clock uncertainty                                       0.10     135.75
  RX_CLK_GEN/cnt_odd_neg_reg[3]/CKN (DFFNSRHX2M)          0.00     135.75 f
  library hold time                                       0.01     135.76
  data required time                                               135.76
  --------------------------------------------------------------------------
  data required time                                               135.76
  data arrival time                                               -136.19
  --------------------------------------------------------------------------
  slack (MET)                                                        0.43


  Startpoint: RX_CLK_GEN/cnt_odd_neg_reg[2]
              (falling edge-triggered flip-flop clocked by UART_CLK)
  Endpoint: RX_CLK_GEN/cnt_odd_neg_reg[2]
            (falling edge-triggered flip-flop clocked by UART_CLK)
  Path Group: UART_CLK
  Path Type: min

  Point                                                   Incr       Path
  --------------------------------------------------------------------------
  clock UART_CLK (fall edge)                            135.65     135.65
  clock network delay (ideal)                             0.00     135.65
  RX_CLK_GEN/cnt_odd_neg_reg[2]/CKN (DFFNSRHX2M)          0.00     135.65 f
  RX_CLK_GEN/cnt_odd_neg_reg[2]/Q (DFFNSRHX2M)            0.40     136.05 f
  RX_CLK_GEN/U30/Y (AOI32X1M)                             0.10     136.15 r
  RX_CLK_GEN/U29/Y (INVX2M)                               0.04     136.20 f
  RX_CLK_GEN/cnt_odd_neg_reg[2]/D (DFFNSRHX2M)            0.00     136.20 f
  data arrival time                                                136.20

  clock UART_CLK (fall edge)                            135.65     135.65
  clock network delay (ideal)                             0.00     135.65
  clock uncertainty                                       0.10     135.75
  RX_CLK_GEN/cnt_odd_neg_reg[2]/CKN (DFFNSRHX2M)          0.00     135.75 f
  library hold time                                       0.01     135.76
  data required time                                               135.76
  --------------------------------------------------------------------------
  data required time                                               135.76
  data arrival time                                               -136.20
  --------------------------------------------------------------------------
  slack (MET)                                                        0.44


  Startpoint: RX_CLK_GEN/cnt_even_reg[2]
              (rising edge-triggered flip-flop clocked by UART_CLK)
  Endpoint: RX_CLK_GEN/cnt_even_reg[2]
            (rising edge-triggered flip-flop clocked by UART_CLK)
  Path Group: UART_CLK
  Path Type: min

  Point                                                   Incr       Path
  --------------------------------------------------------------------------
  clock UART_CLK (rise edge)                              0.00       0.00
  clock network delay (ideal)                             0.00       0.00
  RX_CLK_GEN/cnt_even_reg[2]/CK (DFFRQX2M)                0.00       0.00 r
  RX_CLK_GEN/cnt_even_reg[2]/Q (DFFRQX2M)                 0.42       0.42 r
  RX_CLK_GEN/U49/Y (OAI32X1M)                             0.10       0.52 f
  RX_CLK_GEN/cnt_even_reg[2]/D (DFFRQX2M)                 0.00       0.52 f
  data arrival time                                                  0.52

  clock UART_CLK (rise edge)                              0.00       0.00
  clock network delay (ideal)                             0.00       0.00
  clock uncertainty                                       0.10       0.10
  RX_CLK_GEN/cnt_even_reg[2]/CK (DFFRQX2M)                0.00       0.10 r
  library hold time                                      -0.01       0.09
  data required time                                                 0.09
  --------------------------------------------------------------------------
  data required time                                                 0.09
  data arrival time                                                 -0.52
  --------------------------------------------------------------------------
  slack (MET)                                                        0.44


  Startpoint: RX_CLK_GEN/cnt_even_reg[1]
              (rising edge-triggered flip-flop clocked by UART_CLK)
  Endpoint: RX_CLK_GEN/cnt_even_reg[1]
            (rising edge-triggered flip-flop clocked by UART_CLK)
  Path Group: UART_CLK
  Path Type: min

  Point                                                   Incr       Path
  --------------------------------------------------------------------------
  clock UART_CLK (rise edge)                              0.00       0.00
  clock network delay (ideal)                             0.00       0.00
  RX_CLK_GEN/cnt_even_reg[1]/CK (DFFRQX2M)                0.00       0.00 r
  RX_CLK_GEN/cnt_even_reg[1]/Q (DFFRQX2M)                 0.43       0.43 r
  RX_CLK_GEN/U62/Y (OAI22X1M)                             0.09       0.52 f
  RX_CLK_GEN/cnt_even_reg[1]/D (DFFRQX2M)                 0.00       0.52 f
  data arrival time                                                  0.52

  clock UART_CLK (rise edge)                              0.00       0.00
  clock network delay (ideal)                             0.00       0.00
  clock uncertainty                                       0.10       0.10
  RX_CLK_GEN/cnt_even_reg[1]/CK (DFFRQX2M)                0.00       0.10 r
  library hold time                                      -0.02       0.08
  data required time                                                 0.08
  --------------------------------------------------------------------------
  data required time                                                 0.08
  data arrival time                                                 -0.52
  --------------------------------------------------------------------------
  slack (MET)                                                        0.44


  Startpoint: RX_CLK_GEN/cnt_even_reg[0]
              (rising edge-triggered flip-flop clocked by UART_CLK)
  Endpoint: RX_CLK_GEN/cnt_even_reg[0]
            (rising edge-triggered flip-flop clocked by UART_CLK)
  Path Group: UART_CLK
  Path Type: min

  Point                                                   Incr       Path
  --------------------------------------------------------------------------
  clock UART_CLK (rise edge)                              0.00       0.00
  clock network delay (ideal)                             0.00       0.00
  RX_CLK_GEN/cnt_even_reg[0]/CK (DFFRQX2M)                0.00       0.00 r
  RX_CLK_GEN/cnt_even_reg[0]/Q (DFFRQX2M)                 0.42       0.42 r
  RX_CLK_GEN/U48/Y (OAI32X1M)                             0.10       0.52 f
  RX_CLK_GEN/cnt_even_reg[0]/D (DFFRQX2M)                 0.00       0.52 f
  data arrival time                                                  0.52

  clock UART_CLK (rise edge)                              0.00       0.00
  clock network delay (ideal)                             0.00       0.00
  clock uncertainty                                       0.10       0.10
  RX_CLK_GEN/cnt_even_reg[0]/CK (DFFRQX2M)                0.00       0.10 r
  library hold time                                      -0.02       0.08
  data required time                                                 0.08
  --------------------------------------------------------------------------
  data required time                                                 0.08
  data arrival time                                                 -0.52
  --------------------------------------------------------------------------
  slack (MET)                                                        0.44


  Startpoint: RX_CLK_GEN/cnt_odd_neg_reg[0]
              (falling edge-triggered flip-flop clocked by UART_CLK)
  Endpoint: RX_CLK_GEN/cnt_odd_neg_reg[0]
            (falling edge-triggered flip-flop clocked by UART_CLK)
  Path Group: UART_CLK
  Path Type: min

  Point                                                   Incr       Path
  --------------------------------------------------------------------------
  clock UART_CLK (fall edge)                            135.65     135.65
  clock network delay (ideal)                             0.00     135.65
  RX_CLK_GEN/cnt_odd_neg_reg[0]/CKN (DFFNSRHX2M)          0.00     135.65 f
  RX_CLK_GEN/cnt_odd_neg_reg[0]/Q (DFFNSRHX2M)            0.38     136.02 f
  RX_CLK_GEN/U31/Y (OAI32X1M)                             0.28     136.30 r
  RX_CLK_GEN/cnt_odd_neg_reg[0]/D (DFFNSRHX2M)            0.00     136.30 r
  data arrival time                                                136.30

  clock UART_CLK (fall edge)                            135.65     135.65
  clock network delay (ideal)                             0.00     135.65
  clock uncertainty                                       0.10     135.75
  RX_CLK_GEN/cnt_odd_neg_reg[0]/CKN (DFFNSRHX2M)          0.00     135.75 f
  library hold time                                       0.11     135.86
  data required time                                               135.86
  --------------------------------------------------------------------------
  data required time                                               135.86
  data arrival time                                               -136.30
  --------------------------------------------------------------------------
  slack (MET)                                                        0.44


  Startpoint: TX_CLK_GEN/cnt_odd_neg_reg[7]
              (falling edge-triggered flip-flop clocked by UART_CLK)
  Endpoint: TX_CLK_GEN/cnt_odd_neg_reg[7]
            (falling edge-triggered flip-flop clocked by UART_CLK)
  Path Group: UART_CLK
  Path Type: min

  Point                                                   Incr       Path
  --------------------------------------------------------------------------
  clock UART_CLK (fall edge)                            135.65     135.65
  clock network delay (ideal)                             0.00     135.65
  TX_CLK_GEN/cnt_odd_neg_reg[7]/CKN (DFFNSRHX2M)          0.00     135.65 f
  TX_CLK_GEN/cnt_odd_neg_reg[7]/Q (DFFNSRHX2M)            0.39     136.04 f
  TX_CLK_GEN/add_56/A[7] (ClkDiv_WIDTH8_DW01_inc_1)       0.00     136.04 f
  TX_CLK_GEN/add_56/U12/Y (CLKXOR2X2M)                    0.18     136.21 r
  TX_CLK_GEN/add_56/SUM[7] (ClkDiv_WIDTH8_DW01_inc_1)     0.00     136.21 r
  TX_CLK_GEN/U35/Y (OAI2BB2X1M)                           0.15     136.36 r
  TX_CLK_GEN/cnt_odd_neg_reg[7]/D (DFFNSRHX2M)            0.00     136.36 r
  data arrival time                                                136.36

  clock UART_CLK (fall edge)                            135.65     135.65
  clock network delay (ideal)                             0.00     135.65
  clock uncertainty                                       0.10     135.75
  TX_CLK_GEN/cnt_odd_neg_reg[7]/CKN (DFFNSRHX2M)          0.00     135.75 f
  library hold time                                       0.12     135.87
  data required time                                               135.87
  --------------------------------------------------------------------------
  data required time                                               135.87
  data arrival time                                               -136.36
  --------------------------------------------------------------------------
  slack (MET)                                                        0.49


  Startpoint: RX_CLK_GEN/even_clk_reg
              (rising edge-triggered flip-flop clocked by UART_CLK)
  Endpoint: RX_CLK_GEN/even_clk_reg
            (rising edge-triggered flip-flop clocked by UART_CLK)
  Path Group: UART_CLK
  Path Type: min

  Point                                                   Incr       Path
  --------------------------------------------------------------------------
  clock UART_CLK (rise edge)                              0.00       0.00
  clock network delay (ideal)                             0.00       0.00
  RX_CLK_GEN/even_clk_reg/CK (DFFRQX2M)                   0.00       0.00 r
  RX_CLK_GEN/even_clk_reg/Q (DFFRQX2M)                    0.39       0.39 r
  RX_CLK_GEN/U83/Y (CLKXOR2X2M)                           0.20       0.59 f
  RX_CLK_GEN/even_clk_reg/D (DFFRQX2M)                    0.00       0.59 f
  data arrival time                                                  0.59

  clock UART_CLK (rise edge)                              0.00       0.00
  clock network delay (ideal)                             0.00       0.00
  clock uncertainty                                       0.10       0.10
  RX_CLK_GEN/even_clk_reg/CK (DFFRQX2M)                   0.00       0.10 r
  library hold time                                      -0.02       0.08
  data required time                                                 0.08
  --------------------------------------------------------------------------
  data required time                                                 0.08
  data arrival time                                                 -0.59
  --------------------------------------------------------------------------
  slack (MET)                                                        0.50


  Startpoint: TX_CLK_GEN/even_clk_reg
              (rising edge-triggered flip-flop clocked by UART_CLK)
  Endpoint: TX_CLK_GEN/even_clk_reg
            (rising edge-triggered flip-flop clocked by UART_CLK)
  Path Group: UART_CLK
  Path Type: min

  Point                                                   Incr       Path
  --------------------------------------------------------------------------
  clock UART_CLK (rise edge)                              0.00       0.00
  clock network delay (ideal)                             0.00       0.00
  TX_CLK_GEN/even_clk_reg/CK (DFFRQX2M)                   0.00       0.00 r
  TX_CLK_GEN/even_clk_reg/Q (DFFRQX2M)                    0.39       0.39 r
  TX_CLK_GEN/U96/Y (CLKXOR2X2M)                           0.20       0.59 f
  TX_CLK_GEN/even_clk_reg/D (DFFRQX2M)                    0.00       0.59 f
  data arrival time                                                  0.59

  clock UART_CLK (rise edge)                              0.00       0.00
  clock network delay (ideal)                             0.00       0.00
  clock uncertainty                                       0.10       0.10
  TX_CLK_GEN/even_clk_reg/CK (DFFRQX2M)                   0.00       0.10 r
  library hold time                                      -0.02       0.08
  data required time                                                 0.08
  --------------------------------------------------------------------------
  data required time                                                 0.08
  data arrival time                                                 -0.59
  --------------------------------------------------------------------------
  slack (MET)                                                        0.50


  Startpoint: TX_CLK_GEN/cnt_odd_neg_reg[4]
              (falling edge-triggered flip-flop clocked by UART_CLK)
  Endpoint: TX_CLK_GEN/cnt_odd_neg_reg[4]
            (falling edge-triggered flip-flop clocked by UART_CLK)
  Path Group: UART_CLK
  Path Type: min

  Point                                                   Incr       Path
  --------------------------------------------------------------------------
  clock UART_CLK (fall edge)                            135.65     135.65
  clock network delay (ideal)                             0.00     135.65
  TX_CLK_GEN/cnt_odd_neg_reg[4]/CKN (DFFNSRHX2M)          0.00     135.65 f
  TX_CLK_GEN/cnt_odd_neg_reg[4]/Q (DFFNSRHX2M)            0.41     136.06 f
  TX_CLK_GEN/add_56/A[4] (ClkDiv_WIDTH8_DW01_inc_1)       0.00     136.06 f
  TX_CLK_GEN/add_56/U5/Y (CLKXOR2X2M)                     0.18     136.24 r
  TX_CLK_GEN/add_56/SUM[4] (ClkDiv_WIDTH8_DW01_inc_1)     0.00     136.24 r
  TX_CLK_GEN/U26/Y (OAI2BB2X1M)                           0.15     136.39 r
  TX_CLK_GEN/cnt_odd_neg_reg[4]/D (DFFNSRHX2M)            0.00     136.39 r
  data arrival time                                                136.39

  clock UART_CLK (fall edge)                            135.65     135.65
  clock network delay (ideal)                             0.00     135.65
  clock uncertainty                                       0.10     135.75
  TX_CLK_GEN/cnt_odd_neg_reg[4]/CKN (DFFNSRHX2M)          0.00     135.75 f
  library hold time                                       0.12     135.87
  data required time                                               135.87
  --------------------------------------------------------------------------
  data required time                                               135.87
  data arrival time                                               -136.39
  --------------------------------------------------------------------------
  slack (MET)                                                        0.51


  Startpoint: TX_CLK_GEN/cnt_odd_neg_reg[5]
              (falling edge-triggered flip-flop clocked by UART_CLK)
  Endpoint: TX_CLK_GEN/cnt_odd_neg_reg[5]
            (falling edge-triggered flip-flop clocked by UART_CLK)
  Path Group: UART_CLK
  Path Type: min

  Point                                                   Incr       Path
  --------------------------------------------------------------------------
  clock UART_CLK (fall edge)                            135.65     135.65
  clock network delay (ideal)                             0.00     135.65
  TX_CLK_GEN/cnt_odd_neg_reg[5]/CKN (DFFNSRHX2M)          0.00     135.65 f
  TX_CLK_GEN/cnt_odd_neg_reg[5]/Q (DFFNSRHX2M)            0.41     136.06 f
  TX_CLK_GEN/add_56/A[5] (ClkDiv_WIDTH8_DW01_inc_1)       0.00     136.06 f
  TX_CLK_GEN/add_56/U2/Y (CLKXOR2X2M)                     0.18     136.24 r
  TX_CLK_GEN/add_56/SUM[5] (ClkDiv_WIDTH8_DW01_inc_1)     0.00     136.24 r
  TX_CLK_GEN/U24/Y (OAI2BB2X1M)                           0.15     136.39 r
  TX_CLK_GEN/cnt_odd_neg_reg[5]/D (DFFNSRHX2M)            0.00     136.39 r
  data arrival time                                                136.39

  clock UART_CLK (fall edge)                            135.65     135.65
  clock network delay (ideal)                             0.00     135.65
  clock uncertainty                                       0.10     135.75
  TX_CLK_GEN/cnt_odd_neg_reg[5]/CKN (DFFNSRHX2M)          0.00     135.75 f
  library hold time                                       0.12     135.87
  data required time                                               135.87
  --------------------------------------------------------------------------
  data required time                                               135.87
  data arrival time                                               -136.39
  --------------------------------------------------------------------------
  slack (MET)                                                        0.52


  Startpoint: RX_CLK_GEN/cnt_odd_neg_reg[1]
              (falling edge-triggered flip-flop clocked by UART_CLK)
  Endpoint: RX_CLK_GEN/cnt_odd_neg_reg[1]
            (falling edge-triggered flip-flop clocked by UART_CLK)
  Path Group: UART_CLK
  Path Type: min

  Point                                                   Incr       Path
  --------------------------------------------------------------------------
  clock UART_CLK (fall edge)                            135.65     135.65
  clock network delay (ideal)                             0.00     135.65
  RX_CLK_GEN/cnt_odd_neg_reg[1]/CKN (DFFNSRHX2M)          0.00     135.65 f
  RX_CLK_GEN/cnt_odd_neg_reg[1]/QN (DFFNSRHX2M)           0.58     136.22 r
  RX_CLK_GEN/U40/Y (OAI2BB2X1M)                           0.17     136.40 r
  RX_CLK_GEN/cnt_odd_neg_reg[1]/D (DFFNSRHX2M)            0.00     136.40 r
  data arrival time                                                136.40

  clock UART_CLK (fall edge)                            135.65     135.65
  clock network delay (ideal)                             0.00     135.65
  clock uncertainty                                       0.10     135.75
  RX_CLK_GEN/cnt_odd_neg_reg[1]/CKN (DFFNSRHX2M)          0.00     135.75 f
  library hold time                                       0.12     135.87
  data required time                                               135.87
  --------------------------------------------------------------------------
  data required time                                               135.87
  data arrival time                                               -136.40
  --------------------------------------------------------------------------
  slack (MET)                                                        0.53


  Startpoint: RX_CLK_GEN/cnt_odd_pos_reg[3]
              (rising edge-triggered flip-flop clocked by UART_CLK)
  Endpoint: RX_CLK_GEN/cnt_odd_pos_reg[3]
            (rising edge-triggered flip-flop clocked by UART_CLK)
  Path Group: UART_CLK
  Path Type: min

  Point                                                   Incr       Path
  --------------------------------------------------------------------------
  clock UART_CLK (rise edge)                              0.00       0.00
  clock network delay (ideal)                             0.00       0.00
  RX_CLK_GEN/cnt_odd_pos_reg[3]/CK (DFFRQX2M)             0.00       0.00 r
  RX_CLK_GEN/cnt_odd_pos_reg[3]/Q (DFFRQX2M)              0.40       0.40 r
  RX_CLK_GEN/U76/Y (INVX2M)                               0.08       0.48 f
  RX_CLK_GEN/U73/Y (NAND4X2M)                             0.10       0.58 r
  RX_CLK_GEN/U72/Y (OAI21X2M)                             0.04       0.62 f
  RX_CLK_GEN/cnt_odd_pos_reg[3]/D (DFFRQX2M)              0.00       0.62 f
  data arrival time                                                  0.62

  clock UART_CLK (rise edge)                              0.00       0.00
  clock network delay (ideal)                             0.00       0.00
  clock uncertainty                                       0.10       0.10
  RX_CLK_GEN/cnt_odd_pos_reg[3]/CK (DFFRQX2M)             0.00       0.10 r
  library hold time                                      -0.01       0.09
  data required time                                                 0.09
  --------------------------------------------------------------------------
  data required time                                                 0.09
  data arrival time                                                 -0.62
  --------------------------------------------------------------------------
  slack (MET)                                                        0.54


  Startpoint: TX_CLK_GEN/cnt_odd_neg_reg[1]
              (falling edge-triggered flip-flop clocked by UART_CLK)
  Endpoint: TX_CLK_GEN/cnt_odd_neg_reg[1]
            (falling edge-triggered flip-flop clocked by UART_CLK)
  Path Group: UART_CLK
  Path Type: min

  Point                                                   Incr       Path
  --------------------------------------------------------------------------
  clock UART_CLK (fall edge)                            135.65     135.65
  clock network delay (ideal)                             0.00     135.65
  TX_CLK_GEN/cnt_odd_neg_reg[1]/CKN (DFFNSRHX2M)          0.00     135.65 f
  TX_CLK_GEN/cnt_odd_neg_reg[1]/Q (DFFNSRHX2M)            0.43     136.08 f
  TX_CLK_GEN/add_56/A[1] (ClkDiv_WIDTH8_DW01_inc_1)       0.00     136.08 f
  TX_CLK_GEN/add_56/U9/Y (CLKXOR2X2M)                     0.19     136.26 r
  TX_CLK_GEN/add_56/SUM[1] (ClkDiv_WIDTH8_DW01_inc_1)     0.00     136.26 r
  TX_CLK_GEN/U29/Y (OAI2BB2X1M)                           0.15     136.41 r
  TX_CLK_GEN/cnt_odd_neg_reg[1]/D (DFFNSRHX2M)            0.00     136.41 r
  data arrival time                                                136.41

  clock UART_CLK (fall edge)                            135.65     135.65
  clock network delay (ideal)                             0.00     135.65
  clock uncertainty                                       0.10     135.75
  TX_CLK_GEN/cnt_odd_neg_reg[1]/CKN (DFFNSRHX2M)          0.00     135.75 f
  library hold time                                       0.12     135.87
  data required time                                               135.87
  --------------------------------------------------------------------------
  data required time                                               135.87
  data arrival time                                               -136.41
  --------------------------------------------------------------------------
  slack (MET)                                                        0.54


  Startpoint: TX_CLK_GEN/cnt_odd_pos_reg[7]
              (rising edge-triggered flip-flop clocked by UART_CLK)
  Endpoint: TX_CLK_GEN/outA_r_reg
            (rising edge-triggered flip-flop clocked by UART_CLK)
  Path Group: UART_CLK
  Path Type: min

  Point                                                   Incr       Path
  --------------------------------------------------------------------------
  clock UART_CLK (rise edge)                              0.00       0.00
  clock network delay (ideal)                             0.00       0.00
  TX_CLK_GEN/cnt_odd_pos_reg[7]/CK (DFFRQX2M)             0.00       0.00 r
  TX_CLK_GEN/cnt_odd_pos_reg[7]/Q (DFFRQX2M)              0.40       0.40 r
  TX_CLK_GEN/U81/Y (INVX2M)                               0.07       0.47 f
  TX_CLK_GEN/U4/Y (OAI2BB1X2M)                            0.16       0.64 f
  TX_CLK_GEN/outA_r_reg/D (DFFRQX2M)                      0.00       0.64 f
  data arrival time                                                  0.64

  clock UART_CLK (rise edge)                              0.00       0.00
  clock network delay (ideal)                             0.00       0.00
  clock uncertainty                                       0.10       0.10
  TX_CLK_GEN/outA_r_reg/CK (DFFRQX2M)                     0.00       0.10 r
  library hold time                                      -0.01       0.09
  data required time                                                 0.09
  --------------------------------------------------------------------------
  data required time                                                 0.09
  data arrival time                                                 -0.64
  --------------------------------------------------------------------------
  slack (MET)                                                        0.55


  Startpoint: TX_CLK_GEN/cnt_odd_neg_reg[7]
              (falling edge-triggered flip-flop clocked by UART_CLK)
  Endpoint: TX_CLK_GEN/outB_r_reg
            (falling edge-triggered flip-flop clocked by UART_CLK)
  Path Group: UART_CLK
  Path Type: min

  Point                                                   Incr       Path
  --------------------------------------------------------------------------
  clock UART_CLK (fall edge)                            135.65     135.65
  clock network delay (ideal)                             0.00     135.65
  TX_CLK_GEN/cnt_odd_neg_reg[7]/CKN (DFFNSRHX2M)          0.00     135.65 f
  TX_CLK_GEN/cnt_odd_neg_reg[7]/QN (DFFNSRHX2M)           0.61     136.26 r
  TX_CLK_GEN/U41/Y (OAI2BB1X2M)                           0.17     136.43 r
  TX_CLK_GEN/outB_r_reg/D (DFFNSRHX2M)                    0.00     136.43 r
  data arrival time                                                136.43

  clock UART_CLK (fall edge)                            135.65     135.65
  clock network delay (ideal)                             0.00     135.65
  clock uncertainty                                       0.10     135.75
  TX_CLK_GEN/outB_r_reg/CKN (DFFNSRHX2M)                  0.00     135.75 f
  library hold time                                       0.12     135.87
  data required time                                               135.87
  --------------------------------------------------------------------------
  data required time                                               135.87
  data arrival time                                               -136.43
  --------------------------------------------------------------------------
  slack (MET)                                                        0.56


  Startpoint: RX_CLK_GEN/cnt_odd_pos_reg[2]
              (rising edge-triggered flip-flop clocked by UART_CLK)
  Endpoint: RX_CLK_GEN/cnt_odd_pos_reg[2]
            (rising edge-triggered flip-flop clocked by UART_CLK)
  Path Group: UART_CLK
  Path Type: min

  Point                                                   Incr       Path
  --------------------------------------------------------------------------
  clock UART_CLK (rise edge)                              0.00       0.00
  clock network delay (ideal)                             0.00       0.00
  RX_CLK_GEN/cnt_odd_pos_reg[2]/CK (DFFRQX2M)             0.00       0.00 r
  RX_CLK_GEN/cnt_odd_pos_reg[2]/Q (DFFRQX2M)              0.50       0.50 f
  RX_CLK_GEN/U81/Y (AOI32X1M)                             0.11       0.61 r
  RX_CLK_GEN/U80/Y (INVX2M)                               0.04       0.65 f
  RX_CLK_GEN/cnt_odd_pos_reg[2]/D (DFFRQX2M)              0.00       0.65 f
  data arrival time                                                  0.65

  clock UART_CLK (rise edge)                              0.00       0.00
  clock network delay (ideal)                             0.00       0.00
  clock uncertainty                                       0.10       0.10
  RX_CLK_GEN/cnt_odd_pos_reg[2]/CK (DFFRQX2M)             0.00       0.10 r
  library hold time                                      -0.01       0.09
  data required time                                                 0.09
  --------------------------------------------------------------------------
  data required time                                                 0.09
  data arrival time                                                 -0.65
  --------------------------------------------------------------------------
  slack (MET)                                                        0.57


  Startpoint: TX_CLK_GEN/cnt_odd_neg_reg[3]
              (falling edge-triggered flip-flop clocked by UART_CLK)
  Endpoint: TX_CLK_GEN/cnt_odd_neg_reg[3]
            (falling edge-triggered flip-flop clocked by UART_CLK)
  Path Group: UART_CLK
  Path Type: min

  Point                                                   Incr       Path
  --------------------------------------------------------------------------
  clock UART_CLK (fall edge)                            135.65     135.65
  clock network delay (ideal)                             0.00     135.65
  TX_CLK_GEN/cnt_odd_neg_reg[3]/CKN (DFFNSRHX2M)          0.00     135.65 f
  TX_CLK_GEN/cnt_odd_neg_reg[3]/Q (DFFNSRHX2M)            0.39     136.04 f
  TX_CLK_GEN/add_56/A[3] (ClkDiv_WIDTH8_DW01_inc_1)       0.00     136.04 f
  TX_CLK_GEN/add_56/U15/Y (INVX2M)                        0.10     136.14 r
  TX_CLK_GEN/add_56/U7/Y (CLKXOR2X2M)                     0.15     136.29 r
  TX_CLK_GEN/add_56/SUM[3] (ClkDiv_WIDTH8_DW01_inc_1)     0.00     136.29 r
  TX_CLK_GEN/U27/Y (OAI2BB2X1M)                           0.15     136.44 r
  TX_CLK_GEN/cnt_odd_neg_reg[3]/D (DFFNSRHX2M)            0.00     136.44 r
  data arrival time                                                136.44

  clock UART_CLK (fall edge)                            135.65     135.65
  clock network delay (ideal)                             0.00     135.65
  clock uncertainty                                       0.10     135.75
  TX_CLK_GEN/cnt_odd_neg_reg[3]/CKN (DFFNSRHX2M)          0.00     135.75 f
  library hold time                                       0.12     135.87
  data required time                                               135.87
  --------------------------------------------------------------------------
  data required time                                               135.87
  data arrival time                                               -136.44
  --------------------------------------------------------------------------
  slack (MET)                                                        0.57


  Startpoint: TX_CLK_GEN/cnt_odd_pos_reg[6]
              (rising edge-triggered flip-flop clocked by UART_CLK)
  Endpoint: TX_CLK_GEN/cnt_odd_pos_reg[6]
            (rising edge-triggered flip-flop clocked by UART_CLK)
  Path Group: UART_CLK
  Path Type: min

  Point                                                   Incr       Path
  --------------------------------------------------------------------------
  clock UART_CLK (rise edge)                              0.00       0.00
  clock network delay (ideal)                             0.00       0.00
  TX_CLK_GEN/cnt_odd_pos_reg[6]/CK (DFFRQX2M)             0.00       0.00 r
  TX_CLK_GEN/cnt_odd_pos_reg[6]/Q (DFFRQX2M)              0.41       0.41 r
  TX_CLK_GEN/add_45/A[6] (ClkDiv_WIDTH8_DW01_inc_2)       0.00       0.41 r
  TX_CLK_GEN/add_45/U11/Y (XNOR2X2M)                      0.05       0.46 f
  TX_CLK_GEN/add_45/SUM[6] (ClkDiv_WIDTH8_DW01_inc_2)     0.00       0.46 f
  TX_CLK_GEN/U69/Y (OAI2BB2X1M)                           0.19       0.65 f
  TX_CLK_GEN/cnt_odd_pos_reg[6]/D (DFFRQX2M)              0.00       0.65 f
  data arrival time                                                  0.65

  clock UART_CLK (rise edge)                              0.00       0.00
  clock network delay (ideal)                             0.00       0.00
  clock uncertainty                                       0.10       0.10
  TX_CLK_GEN/cnt_odd_pos_reg[6]/CK (DFFRQX2M)             0.00       0.10 r
  library hold time                                      -0.02       0.08
  data required time                                                 0.08
  --------------------------------------------------------------------------
  data required time                                                 0.08
  data arrival time                                                 -0.65
  --------------------------------------------------------------------------
  slack (MET)                                                        0.57


  Startpoint: TX_CLK_GEN/cnt_odd_pos_reg[3]
              (rising edge-triggered flip-flop clocked by UART_CLK)
  Endpoint: TX_CLK_GEN/cnt_odd_pos_reg[3]
            (rising edge-triggered flip-flop clocked by UART_CLK)
  Path Group: UART_CLK
  Path Type: min

  Point                                                   Incr       Path
  --------------------------------------------------------------------------
  clock UART_CLK (rise edge)                              0.00       0.00
  clock network delay (ideal)                             0.00       0.00
  TX_CLK_GEN/cnt_odd_pos_reg[3]/CK (DFFRQX2M)             0.00       0.00 r
  TX_CLK_GEN/cnt_odd_pos_reg[3]/Q (DFFRQX2M)              0.49       0.49 f
  TX_CLK_GEN/U80/Y (INVX2M)                               0.09       0.58 r
  TX_CLK_GEN/U10/Y (OAI2BB2X1M)                           0.10       0.68 f
  TX_CLK_GEN/cnt_odd_pos_reg[3]/D (DFFRQX2M)              0.00       0.68 f
  data arrival time                                                  0.68

  clock UART_CLK (rise edge)                              0.00       0.00
  clock network delay (ideal)                             0.00       0.00
  clock uncertainty                                       0.10       0.10
  TX_CLK_GEN/cnt_odd_pos_reg[3]/CK (DFFRQX2M)             0.00       0.10 r
  library hold time                                      -0.02       0.08
  data required time                                                 0.08
  --------------------------------------------------------------------------
  data required time                                                 0.08
  data arrival time                                                 -0.68
  --------------------------------------------------------------------------
  slack (MET)                                                        0.60


  Startpoint: TX_CLK_GEN/cnt_odd_pos_reg[7]
              (rising edge-triggered flip-flop clocked by UART_CLK)
  Endpoint: TX_CLK_GEN/cnt_odd_pos_reg[7]
            (rising edge-triggered flip-flop clocked by UART_CLK)
  Path Group: UART_CLK
  Path Type: min

  Point                                                   Incr       Path
  --------------------------------------------------------------------------
  clock UART_CLK (rise edge)                              0.00       0.00
  clock network delay (ideal)                             0.00       0.00
  TX_CLK_GEN/cnt_odd_pos_reg[7]/CK (DFFRQX2M)             0.00       0.00 r
  TX_CLK_GEN/cnt_odd_pos_reg[7]/Q (DFFRQX2M)              0.49       0.49 f
  TX_CLK_GEN/U81/Y (INVX2M)                               0.10       0.59 r
  TX_CLK_GEN/U71/Y (OAI2BB2X1M)                           0.10       0.69 f
  TX_CLK_GEN/cnt_odd_pos_reg[7]/D (DFFRQX2M)              0.00       0.69 f
  data arrival time                                                  0.69

  clock UART_CLK (rise edge)                              0.00       0.00
  clock network delay (ideal)                             0.00       0.00
  clock uncertainty                                       0.10       0.10
  TX_CLK_GEN/cnt_odd_pos_reg[7]/CK (DFFRQX2M)             0.00       0.10 r
  library hold time                                      -0.02       0.08
  data required time                                                 0.08
  --------------------------------------------------------------------------
  data required time                                                 0.08
  data arrival time                                                 -0.69
  --------------------------------------------------------------------------
  slack (MET)                                                        0.61


  Startpoint: TX_CLK_GEN/cnt_odd_pos_reg[2]
              (rising edge-triggered flip-flop clocked by UART_CLK)
  Endpoint: TX_CLK_GEN/cnt_odd_pos_reg[2]
            (rising edge-triggered flip-flop clocked by UART_CLK)
  Path Group: UART_CLK
  Path Type: min

  Point                                                   Incr       Path
  --------------------------------------------------------------------------
  clock UART_CLK (rise edge)                              0.00       0.00
  clock network delay (ideal)                             0.00       0.00
  TX_CLK_GEN/cnt_odd_pos_reg[2]/CK (DFFRQX2M)             0.00       0.00 r
  TX_CLK_GEN/cnt_odd_pos_reg[2]/Q (DFFRQX2M)              0.43       0.43 r
  TX_CLK_GEN/add_45/A[2] (ClkDiv_WIDTH8_DW01_inc_2)       0.00       0.43 r
  TX_CLK_GEN/add_45/U6/Y (XNOR2X2M)                       0.06       0.49 f
  TX_CLK_GEN/add_45/SUM[2] (ClkDiv_WIDTH8_DW01_inc_2)     0.00       0.49 f
  TX_CLK_GEN/U66/Y (OAI2BB2X1M)                           0.20       0.69 f
  TX_CLK_GEN/cnt_odd_pos_reg[2]/D (DFFRQX2M)              0.00       0.69 f
  data arrival time                                                  0.69

  clock UART_CLK (rise edge)                              0.00       0.00
  clock network delay (ideal)                             0.00       0.00
  clock uncertainty                                       0.10       0.10
  TX_CLK_GEN/cnt_odd_pos_reg[2]/CK (DFFRQX2M)             0.00       0.10 r
  library hold time                                      -0.02       0.08
  data required time                                                 0.08
  --------------------------------------------------------------------------
  data required time                                                 0.08
  data arrival time                                                 -0.69
  --------------------------------------------------------------------------
  slack (MET)                                                        0.61


  Startpoint: TX_CLK_GEN/cnt_odd_pos_reg[0]
              (rising edge-triggered flip-flop clocked by UART_CLK)
  Endpoint: TX_CLK_GEN/cnt_odd_pos_reg[0]
            (rising edge-triggered flip-flop clocked by UART_CLK)
  Path Group: UART_CLK
  Path Type: min

  Point                                                   Incr       Path
  --------------------------------------------------------------------------
  clock UART_CLK (rise edge)                              0.00       0.00
  clock network delay (ideal)                             0.00       0.00
  TX_CLK_GEN/cnt_odd_pos_reg[0]/CK (DFFRQX2M)             0.00       0.00 r
  TX_CLK_GEN/cnt_odd_pos_reg[0]/Q (DFFRQX2M)              0.45       0.45 r
  TX_CLK_GEN/add_45/A[0] (ClkDiv_WIDTH8_DW01_inc_2)       0.00       0.45 r
  TX_CLK_GEN/add_45/U12/Y (INVX2M)                        0.05       0.50 f
  TX_CLK_GEN/add_45/SUM[0] (ClkDiv_WIDTH8_DW01_inc_2)     0.00       0.50 f
  TX_CLK_GEN/U70/Y (OAI2BB2X1M)                           0.19       0.69 f
  TX_CLK_GEN/cnt_odd_pos_reg[0]/D (DFFRQX2M)              0.00       0.69 f
  data arrival time                                                  0.69

  clock UART_CLK (rise edge)                              0.00       0.00
  clock network delay (ideal)                             0.00       0.00
  clock uncertainty                                       0.10       0.10
  TX_CLK_GEN/cnt_odd_pos_reg[0]/CK (DFFRQX2M)             0.00       0.10 r
  library hold time                                      -0.02       0.08
  data required time                                                 0.08
  --------------------------------------------------------------------------
  data required time                                                 0.08
  data arrival time                                                 -0.69
  --------------------------------------------------------------------------
  slack (MET)                                                        0.61


  Startpoint: TX_CLK_GEN/cnt_odd_pos_reg[4]
              (rising edge-triggered flip-flop clocked by UART_CLK)
  Endpoint: TX_CLK_GEN/cnt_odd_pos_reg[4]
            (rising edge-triggered flip-flop clocked by UART_CLK)
  Path Group: UART_CLK
  Path Type: min

  Point                                                   Incr       Path
  --------------------------------------------------------------------------
  clock UART_CLK (rise edge)                              0.00       0.00
  clock network delay (ideal)                             0.00       0.00
  TX_CLK_GEN/cnt_odd_pos_reg[4]/CK (DFFRQX2M)             0.00       0.00 r
  TX_CLK_GEN/cnt_odd_pos_reg[4]/Q (DFFRQX2M)              0.50       0.50 f
  TX_CLK_GEN/U78/Y (INVX2M)                               0.09       0.59 r
  TX_CLK_GEN/U67/Y (OAI2BB2X1M)                           0.10       0.69 f
  TX_CLK_GEN/cnt_odd_pos_reg[4]/D (DFFRQX2M)              0.00       0.69 f
  data arrival time                                                  0.69

  clock UART_CLK (rise edge)                              0.00       0.00
  clock network delay (ideal)                             0.00       0.00
  clock uncertainty                                       0.10       0.10
  TX_CLK_GEN/cnt_odd_pos_reg[4]/CK (DFFRQX2M)             0.00       0.10 r
  library hold time                                      -0.02       0.08
  data required time                                                 0.08
  --------------------------------------------------------------------------
  data required time                                                 0.08
  data arrival time                                                 -0.69
  --------------------------------------------------------------------------
  slack (MET)                                                        0.61


  Startpoint: TX_CLK_GEN/cnt_even_reg[3]
              (rising edge-triggered flip-flop clocked by UART_CLK)
  Endpoint: TX_CLK_GEN/cnt_even_reg[3]
            (rising edge-triggered flip-flop clocked by UART_CLK)
  Path Group: UART_CLK
  Path Type: min

  Point                                                   Incr       Path
  --------------------------------------------------------------------------
  clock UART_CLK (rise edge)                              0.00       0.00
  clock network delay (ideal)                             0.00       0.00
  TX_CLK_GEN/cnt_even_reg[3]/CK (DFFRQX2M)                0.00       0.00 r
  TX_CLK_GEN/cnt_even_reg[3]/Q (DFFRQX2M)                 0.40       0.40 r
  TX_CLK_GEN/U92/Y (AO22X1M)                              0.15       0.55 r
  TX_CLK_GEN/cnt_even_reg[3]/D (DFFRQX2M)                 0.00       0.55 r
  data arrival time                                                  0.55

  clock UART_CLK (rise edge)                              0.00       0.00
  clock network delay (ideal)                             0.00       0.00
  clock uncertainty                                       0.10       0.10
  TX_CLK_GEN/cnt_even_reg[3]/CK (DFFRQX2M)                0.00       0.10 r
  library hold time                                      -0.17      -0.07
  data required time                                                -0.07
  --------------------------------------------------------------------------
  data required time                                                -0.07
  data arrival time                                                 -0.55
  --------------------------------------------------------------------------
  slack (MET)                                                        0.62


  Startpoint: TX_CLK_GEN/cnt_even_reg[7]
              (rising edge-triggered flip-flop clocked by UART_CLK)
  Endpoint: TX_CLK_GEN/cnt_even_reg[7]
            (rising edge-triggered flip-flop clocked by UART_CLK)
  Path Group: UART_CLK
  Path Type: min

  Point                                                   Incr       Path
  --------------------------------------------------------------------------
  clock UART_CLK (rise edge)                              0.00       0.00
  clock network delay (ideal)                             0.00       0.00
  TX_CLK_GEN/cnt_even_reg[7]/CK (DFFRQX2M)                0.00       0.00 r
  TX_CLK_GEN/cnt_even_reg[7]/Q (DFFRQX2M)                 0.41       0.41 r
  TX_CLK_GEN/U45/Y (AO22X1M)                              0.15       0.55 r
  TX_CLK_GEN/cnt_even_reg[7]/D (DFFRQX2M)                 0.00       0.55 r
  data arrival time                                                  0.55

  clock UART_CLK (rise edge)                              0.00       0.00
  clock network delay (ideal)                             0.00       0.00
  clock uncertainty                                       0.10       0.10
  TX_CLK_GEN/cnt_even_reg[7]/CK (DFFRQX2M)                0.00       0.10 r
  library hold time                                      -0.17      -0.07
  data required time                                                -0.07
  --------------------------------------------------------------------------
  data required time                                                -0.07
  data arrival time                                                 -0.55
  --------------------------------------------------------------------------
  slack (MET)                                                        0.62


  Startpoint: TX_CLK_GEN/cnt_even_reg[6]
              (rising edge-triggered flip-flop clocked by UART_CLK)
  Endpoint: TX_CLK_GEN/cnt_even_reg[6]
            (rising edge-triggered flip-flop clocked by UART_CLK)
  Path Group: UART_CLK
  Path Type: min

  Point                                                   Incr       Path
  --------------------------------------------------------------------------
  clock UART_CLK (rise edge)                              0.00       0.00
  clock network delay (ideal)                             0.00       0.00
  TX_CLK_GEN/cnt_even_reg[6]/CK (DFFRQX2M)                0.00       0.00 r
  TX_CLK_GEN/cnt_even_reg[6]/Q (DFFRQX2M)                 0.41       0.41 r
  TX_CLK_GEN/U60/Y (AO22X1M)                              0.15       0.56 r
  TX_CLK_GEN/cnt_even_reg[6]/D (DFFRQX2M)                 0.00       0.56 r
  data arrival time                                                  0.56

  clock UART_CLK (rise edge)                              0.00       0.00
  clock network delay (ideal)                             0.00       0.00
  clock uncertainty                                       0.10       0.10
  TX_CLK_GEN/cnt_even_reg[6]/CK (DFFRQX2M)                0.00       0.10 r
  library hold time                                      -0.17      -0.07
  data required time                                                -0.07
  --------------------------------------------------------------------------
  data required time                                                -0.07
  data arrival time                                                 -0.56
  --------------------------------------------------------------------------
  slack (MET)                                                        0.62


  Startpoint: TX_CLK_GEN/cnt_even_reg[4]
              (rising edge-triggered flip-flop clocked by UART_CLK)
  Endpoint: TX_CLK_GEN/cnt_even_reg[4]
            (rising edge-triggered flip-flop clocked by UART_CLK)
  Path Group: UART_CLK
  Path Type: min

  Point                                                   Incr       Path
  --------------------------------------------------------------------------
  clock UART_CLK (rise edge)                              0.00       0.00
  clock network delay (ideal)                             0.00       0.00
  TX_CLK_GEN/cnt_even_reg[4]/CK (DFFRQX2M)                0.00       0.00 r
  TX_CLK_GEN/cnt_even_reg[4]/Q (DFFRQX2M)                 0.41       0.41 r
  TX_CLK_GEN/U93/Y (AO22X1M)                              0.15       0.56 r
  TX_CLK_GEN/cnt_even_reg[4]/D (DFFRQX2M)                 0.00       0.56 r
  data arrival time                                                  0.56

  clock UART_CLK (rise edge)                              0.00       0.00
  clock network delay (ideal)                             0.00       0.00
  clock uncertainty                                       0.10       0.10
  TX_CLK_GEN/cnt_even_reg[4]/CK (DFFRQX2M)                0.00       0.10 r
  library hold time                                      -0.17      -0.07
  data required time                                                -0.07
  --------------------------------------------------------------------------
  data required time                                                -0.07
  data arrival time                                                 -0.56
  --------------------------------------------------------------------------
  slack (MET)                                                        0.63


  Startpoint: TX_CLK_GEN/cnt_even_reg[2]
              (rising edge-triggered flip-flop clocked by UART_CLK)
  Endpoint: TX_CLK_GEN/cnt_even_reg[2]
            (rising edge-triggered flip-flop clocked by UART_CLK)
  Path Group: UART_CLK
  Path Type: min

  Point                                                   Incr       Path
  --------------------------------------------------------------------------
  clock UART_CLK (rise edge)                              0.00       0.00
  clock network delay (ideal)                             0.00       0.00
  TX_CLK_GEN/cnt_even_reg[2]/CK (DFFRQX2M)                0.00       0.00 r
  TX_CLK_GEN/cnt_even_reg[2]/Q (DFFRQX2M)                 0.42       0.42 r
  TX_CLK_GEN/U94/Y (AO22X1M)                              0.15       0.57 r
  TX_CLK_GEN/cnt_even_reg[2]/D (DFFRQX2M)                 0.00       0.57 r
  data arrival time                                                  0.57

  clock UART_CLK (rise edge)                              0.00       0.00
  clock network delay (ideal)                             0.00       0.00
  clock uncertainty                                       0.10       0.10
  TX_CLK_GEN/cnt_even_reg[2]/CK (DFFRQX2M)                0.00       0.10 r
  library hold time                                      -0.17      -0.07
  data required time                                                -0.07
  --------------------------------------------------------------------------
  data required time                                                -0.07
  data arrival time                                                 -0.57
  --------------------------------------------------------------------------
  slack (MET)                                                        0.63


  Startpoint: TX_CLK_GEN/cnt_odd_pos_reg[5]
              (rising edge-triggered flip-flop clocked by UART_CLK)
  Endpoint: TX_CLK_GEN/cnt_odd_pos_reg[5]
            (rising edge-triggered flip-flop clocked by UART_CLK)
  Path Group: UART_CLK
  Path Type: min

  Point                                                   Incr       Path
  --------------------------------------------------------------------------
  clock UART_CLK (rise edge)                              0.00       0.00
  clock network delay (ideal)                             0.00       0.00
  TX_CLK_GEN/cnt_odd_pos_reg[5]/CK (DFFRQX2M)             0.00       0.00 r
  TX_CLK_GEN/cnt_odd_pos_reg[5]/Q (DFFRQX2M)              0.51       0.51 f
  TX_CLK_GEN/U74/Y (INVX2M)                               0.11       0.61 r
  TX_CLK_GEN/U68/Y (OAI2BB2X1M)                           0.10       0.71 f
  TX_CLK_GEN/cnt_odd_pos_reg[5]/D (DFFRQX2M)              0.00       0.71 f
  data arrival time                                                  0.71

  clock UART_CLK (rise edge)                              0.00       0.00
  clock network delay (ideal)                             0.00       0.00
  clock uncertainty                                       0.10       0.10
  TX_CLK_GEN/cnt_odd_pos_reg[5]/CK (DFFRQX2M)             0.00       0.10 r
  library hold time                                      -0.02       0.08
  data required time                                                 0.08
  --------------------------------------------------------------------------
  data required time                                                 0.08
  data arrival time                                                 -0.71
  --------------------------------------------------------------------------
  slack (MET)                                                        0.63


  Startpoint: TX_CLK_GEN/cnt_even_reg[5]
              (rising edge-triggered flip-flop clocked by UART_CLK)
  Endpoint: TX_CLK_GEN/cnt_even_reg[5]
            (rising edge-triggered flip-flop clocked by UART_CLK)
  Path Group: UART_CLK
  Path Type: min

  Point                                                   Incr       Path
  --------------------------------------------------------------------------
  clock UART_CLK (rise edge)                              0.00       0.00
  clock network delay (ideal)                             0.00       0.00
  TX_CLK_GEN/cnt_even_reg[5]/CK (DFFRQX2M)                0.00       0.00 r
  TX_CLK_GEN/cnt_even_reg[5]/Q (DFFRQX2M)                 0.43       0.43 r
  TX_CLK_GEN/U90/Y (AO22X1M)                              0.15       0.58 r
  TX_CLK_GEN/cnt_even_reg[5]/D (DFFRQX2M)                 0.00       0.58 r
  data arrival time                                                  0.58

  clock UART_CLK (rise edge)                              0.00       0.00
  clock network delay (ideal)                             0.00       0.00
  clock uncertainty                                       0.10       0.10
  TX_CLK_GEN/cnt_even_reg[5]/CK (DFFRQX2M)                0.00       0.10 r
  library hold time                                      -0.17      -0.07
  data required time                                                -0.07
  --------------------------------------------------------------------------
  data required time                                                -0.07
  data arrival time                                                 -0.58
  --------------------------------------------------------------------------
  slack (MET)                                                        0.64


  Startpoint: RX_CLK_GEN/cnt_odd_pos_reg[0]
              (rising edge-triggered flip-flop clocked by UART_CLK)
  Endpoint: RX_CLK_GEN/cnt_odd_pos_reg[1]
            (rising edge-triggered flip-flop clocked by UART_CLK)
  Path Group: UART_CLK
  Path Type: min

  Point                                                   Incr       Path
  --------------------------------------------------------------------------
  clock UART_CLK (rise edge)                              0.00       0.00
  clock network delay (ideal)                             0.00       0.00
  RX_CLK_GEN/cnt_odd_pos_reg[0]/CK (DFFRQX2M)             0.00       0.00 r
  RX_CLK_GEN/cnt_odd_pos_reg[0]/Q (DFFRQX2M)              0.39       0.39 r
  RX_CLK_GEN/U75/Y (INVX2M)                               0.08       0.47 f
  RX_CLK_GEN/U15/Y (AOI21X2M)                             0.16       0.64 r
  RX_CLK_GEN/U17/Y (OAI2BB2X1M)                           0.09       0.73 f
  RX_CLK_GEN/cnt_odd_pos_reg[1]/D (DFFRQX2M)              0.00       0.73 f
  data arrival time                                                  0.73

  clock UART_CLK (rise edge)                              0.00       0.00
  clock network delay (ideal)                             0.00       0.00
  clock uncertainty                                       0.10       0.10
  RX_CLK_GEN/cnt_odd_pos_reg[1]/CK (DFFRQX2M)             0.00       0.10 r
  library hold time                                      -0.02       0.08
  data required time                                                 0.08
  --------------------------------------------------------------------------
  data required time                                                 0.08
  data arrival time                                                 -0.73
  --------------------------------------------------------------------------
  slack (MET)                                                        0.65


  Startpoint: TX_CLK_GEN/cnt_odd_pos_reg[1]
              (rising edge-triggered flip-flop clocked by UART_CLK)
  Endpoint: TX_CLK_GEN/cnt_odd_pos_reg[1]
            (rising edge-triggered flip-flop clocked by UART_CLK)
  Path Group: UART_CLK
  Path Type: min

  Point                                                   Incr       Path
  --------------------------------------------------------------------------
  clock UART_CLK (rise edge)                              0.00       0.00
  clock network delay (ideal)                             0.00       0.00
  TX_CLK_GEN/cnt_odd_pos_reg[1]/CK (DFFRQX2M)             0.00       0.00 r
  TX_CLK_GEN/cnt_odd_pos_reg[1]/Q (DFFRQX2M)              0.52       0.52 f
  TX_CLK_GEN/U73/Y (INVX2M)                               0.12       0.64 r
  TX_CLK_GEN/U65/Y (OAI2BB2X1M)                           0.10       0.74 f
  TX_CLK_GEN/cnt_odd_pos_reg[1]/D (DFFRQX2M)              0.00       0.74 f
  data arrival time                                                  0.74

  clock UART_CLK (rise edge)                              0.00       0.00
  clock network delay (ideal)                             0.00       0.00
  clock uncertainty                                       0.10       0.10
  TX_CLK_GEN/cnt_odd_pos_reg[1]/CK (DFFRQX2M)             0.00       0.10 r
  library hold time                                      -0.02       0.08
  data required time                                                 0.08
  --------------------------------------------------------------------------
  data required time                                                 0.08
  data arrival time                                                 -0.74
  --------------------------------------------------------------------------
  slack (MET)                                                        0.66


  Startpoint: TX_CLK_GEN/cnt_even_reg[1]
              (rising edge-triggered flip-flop clocked by UART_CLK)
  Endpoint: TX_CLK_GEN/cnt_even_reg[1]
            (rising edge-triggered flip-flop clocked by UART_CLK)
  Path Group: UART_CLK
  Path Type: min

  Point                                                   Incr       Path
  --------------------------------------------------------------------------
  clock UART_CLK (rise edge)                              0.00       0.00
  clock network delay (ideal)                             0.00       0.00
  TX_CLK_GEN/cnt_even_reg[1]/CK (DFFRQX2M)                0.00       0.00 r
  TX_CLK_GEN/cnt_even_reg[1]/Q (DFFRQX2M)                 0.45       0.45 r
  TX_CLK_GEN/U91/Y (AO22X1M)                              0.16       0.60 r
  TX_CLK_GEN/cnt_even_reg[1]/D (DFFRQX2M)                 0.00       0.60 r
  data arrival time                                                  0.60

  clock UART_CLK (rise edge)                              0.00       0.00
  clock network delay (ideal)                             0.00       0.00
  clock uncertainty                                       0.10       0.10
  TX_CLK_GEN/cnt_even_reg[1]/CK (DFFRQX2M)                0.00       0.10 r
  library hold time                                      -0.17      -0.07
  data required time                                                -0.07
  --------------------------------------------------------------------------
  data required time                                                -0.07
  data arrival time                                                 -0.60
  --------------------------------------------------------------------------
  slack (MET)                                                        0.67


  Startpoint: TX_CLK_GEN/cnt_even_reg[0]
              (rising edge-triggered flip-flop clocked by UART_CLK)
  Endpoint: TX_CLK_GEN/cnt_even_reg[0]
            (rising edge-triggered flip-flop clocked by UART_CLK)
  Path Group: UART_CLK
  Path Type: min

  Point                                                   Incr       Path
  --------------------------------------------------------------------------
  clock UART_CLK (rise edge)                              0.00       0.00
  clock network delay (ideal)                             0.00       0.00
  TX_CLK_GEN/cnt_even_reg[0]/CK (DFFRQX2M)                0.00       0.00 r
  TX_CLK_GEN/cnt_even_reg[0]/Q (DFFRQX2M)                 0.45       0.45 r
  TX_CLK_GEN/U95/Y (AO22X1M)                              0.16       0.61 r
  TX_CLK_GEN/cnt_even_reg[0]/D (DFFRQX2M)                 0.00       0.61 r
  data arrival time                                                  0.61

  clock UART_CLK (rise edge)                              0.00       0.00
  clock network delay (ideal)                             0.00       0.00
  clock uncertainty                                       0.10       0.10
  TX_CLK_GEN/cnt_even_reg[0]/CK (DFFRQX2M)                0.00       0.10 r
  library hold time                                      -0.17      -0.07
  data required time                                                -0.07
  --------------------------------------------------------------------------
  data required time                                                -0.07
  data arrival time                                                 -0.61
  --------------------------------------------------------------------------
  slack (MET)                                                        0.68


  Startpoint: UART_UNIT/UART_TX_UNIT/u_serializer/DATA_V_reg[0]
              (rising edge-triggered flip-flop clocked by TX_CLK)
  Endpoint: UART_TX_O (output port clocked by UART_CLK)
  Path Group: UART_CLK
  Path Type: min

  Point                                                   Incr       Path
  --------------------------------------------------------------------------
  clock TX_CLK (rise edge)                                0.00       0.00
  clock network delay (ideal)                             0.00       0.00
  UART_UNIT/UART_TX_UNIT/u_serializer/DATA_V_reg[0]/CK (DFFRQX2M)
                                                          0.00       0.00 r
  UART_UNIT/UART_TX_UNIT/u_serializer/DATA_V_reg[0]/Q (DFFRQX2M)
                                                          0.47       0.47 f
  UART_UNIT/UART_TX_UNIT/u_serializer/ser_out (Serializer_WIDTH8)
                                                          0.00       0.47 f
  UART_UNIT/UART_TX_UNIT/u_mux/ser_data (MUX)             0.00       0.47 f
  UART_UNIT/UART_TX_UNIT/u_mux/U4/Y (NAND3X2M)            0.11       0.58 r
  UART_UNIT/UART_TX_UNIT/u_mux/U3/Y (OAI21X4M)            0.21       0.79 f
  UART_UNIT/UART_TX_UNIT/u_mux/TX_OUT (MUX)               0.00       0.79 f
  UART_UNIT/UART_TX_UNIT/TX_OUT (UART_TX_WIDTH8)          0.00       0.79 f
  UART_UNIT/TX_OUT (UART_DATA_WIDTH8)                     0.00       0.79 f
  UART_TX_O (out)                                         0.00       0.79 f
  data arrival time                                                  0.79

  clock UART_CLK (rise edge)                              0.00       0.00
  clock network delay (ideal)                             0.00       0.00
  clock uncertainty                                       0.10       0.10
  output external delay                                  -1.70      -1.60
  data required time                                                -1.60
  --------------------------------------------------------------------------
  data required time                                                -1.60
  data arrival time                                                 -0.79
  --------------------------------------------------------------------------
  slack (MET)                                                        2.39


  Startpoint: UART_UNIT/UART_RX_UNIT/u_Parity_Check/par_err_reg
              (rising edge-triggered flip-flop clocked by RX_CLK)
  Endpoint: parity_error
            (output port clocked by UART_CLK)
  Path Group: UART_CLK
  Path Type: min

  Point                                                   Incr       Path
  --------------------------------------------------------------------------
  clock RX_CLK (rise edge)                                0.00       0.00
  clock network delay (ideal)                             0.00       0.00
  UART_UNIT/UART_RX_UNIT/u_Parity_Check/par_err_reg/CK (DFFRQX2M)
                                                          0.00       0.00 r
  UART_UNIT/UART_RX_UNIT/u_Parity_Check/par_err_reg/Q (DFFRQX2M)
                                                          0.76       0.76 f
  UART_UNIT/UART_RX_UNIT/u_Parity_Check/par_err (Parity_Check_DATA_WIDTH8)
                                                          0.00       0.76 f
  UART_UNIT/UART_RX_UNIT/Parity_Error (UART_RX_DATA_WIDTH8)
                                                          0.00       0.76 f
  UART_UNIT/Parity_Error (UART_DATA_WIDTH8)               0.00       0.76 f
  parity_error (out)                                      0.00       0.76 f
  data arrival time                                                  0.76

  clock UART_CLK (rise edge)                              0.00       0.00
  clock network delay (ideal)                             0.00       0.00
  clock uncertainty                                       0.10       0.10
  output external delay                                 -54.26     -54.16
  data required time                                               -54.16
  --------------------------------------------------------------------------
  data required time                                               -54.16
  data arrival time                                                 -0.76
  --------------------------------------------------------------------------
  slack (MET)                                                       54.92


  Startpoint: UART_UNIT/UART_RX_UNIT/u_Stop_Check/stp_err_reg
              (rising edge-triggered flip-flop clocked by RX_CLK)
  Endpoint: framing_error
            (output port clocked by UART_CLK)
  Path Group: UART_CLK
  Path Type: min

  Point                                                   Incr       Path
  --------------------------------------------------------------------------
  clock RX_CLK (rise edge)                                0.00       0.00
  clock network delay (ideal)                             0.00       0.00
  UART_UNIT/UART_RX_UNIT/u_Stop_Check/stp_err_reg/CK (DFFRQX2M)
                                                          0.00       0.00 r
  UART_UNIT/UART_RX_UNIT/u_Stop_Check/stp_err_reg/Q (DFFRQX2M)
                                                          0.76       0.76 f
  UART_UNIT/UART_RX_UNIT/u_Stop_Check/stp_err (Stop_Check_DATA_WIDTH8)
                                                          0.00       0.76 f
  UART_UNIT/UART_RX_UNIT/Stop_Error (UART_RX_DATA_WIDTH8)
                                                          0.00       0.76 f
  UART_UNIT/Stop_Error (UART_DATA_WIDTH8)                 0.00       0.76 f
  framing_error (out)                                     0.00       0.76 f
  data arrival time                                                  0.76

  clock UART_CLK (rise edge)                              0.00       0.00
  clock network delay (ideal)                             0.00       0.00
  clock uncertainty                                       0.10       0.10
  output external delay                                 -54.26     -54.16
  data required time                                               -54.16
  --------------------------------------------------------------------------
  data required time                                               -54.16
  data arrival time                                                 -0.76
  --------------------------------------------------------------------------
  slack (MET)                                                       54.92


1
