 
****************************************
Report : timing
        -path full
        -delay max
        -max_paths 100
Design : SYS_TOP
Version: O-2018.06-SP1
Date   : Mon Oct  5 16:43:16 2026
****************************************

Operating Conditions: scmetro_tsmc_cl013g_rvt_ss_1p08v_125c   Library: scmetro_tsmc_cl013g_rvt_ss_1p08v_125c
Wire Load Model Mode: top

  Startpoint: REG_FILE_UNIT/regfile_reg[1][4]
              (rising edge-triggered flip-flop clocked by REF_CLK)
  Endpoint: ALU_UNIT/ALU_OUT_reg[0]
            (rising edge-triggered flip-flop clocked by ALU_CLK)
  Path Group: ALU_CLK
  Path Type: max

  Point                                                   Incr       Path
  --------------------------------------------------------------------------
  clock REF_CLK (rise edge)                               0.00       0.00
  clock network delay (ideal)                             0.00       0.00
  REG_FILE_UNIT/regfile_reg[1][4]/CK (DFFRQX2M)           0.00       0.00 r
  REG_FILE_UNIT/regfile_reg[1][4]/Q (DFFRQX2M)            0.39       0.39 r
  REG_FILE_UNIT/REG1[4] (Register_File_DEPTH16_DATA_WIDTH8_ADDRESS_WIDTH4)
                                                          0.00       0.39 r
  U5/Y (BUFX2M)                                           0.11       0.50 r
  ALU_UNIT/B[4] (ALU_OPERAND_WIDTH8_OUT_WIDTH16)          0.00       0.50 r
  ALU_UNIT/U114/Y (INVX2M)                                0.05       0.55 f
  ALU_UNIT/U46/Y (INVX2M)                                 0.33       0.88 r
  ALU_UNIT/div_58/b[4] (ALU_OPERAND_WIDTH8_OUT_WIDTH16_DW_div_uns_0)
                                                          0.00       0.88 r
  ALU_UNIT/div_58/U31/Y (NOR2X2M)                         0.14       1.02 f
  ALU_UNIT/div_58/U130/Y (NOR2BX2M)                       0.16       1.19 f
  ALU_UNIT/div_58/U62/Y (NOR2BX2M)                        0.18       1.37 f
  ALU_UNIT/div_58/U58/Y (OAI211X2M)                       0.13       1.50 r
  ALU_UNIT/div_58/U76/Y (NAND2X2M)                        0.11       1.61 f
  ALU_UNIT/div_58/U74/Y (OAI22X1M)                        0.17       1.78 r
  ALU_UNIT/div_58/U73/Y (NAND2X2M)                        0.12       1.90 f
  ALU_UNIT/div_58/U61/Y (OAI21X2M)                        0.22       2.11 r
  ALU_UNIT/div_58/U80/Y (OAI2BB1X2M)                      0.17       2.28 r
  ALU_UNIT/div_58/U79/Y (OAI21X2M)                        0.07       2.36 f
  ALU_UNIT/div_58/U78/Y (AO21XLM)                         0.31       2.67 f
  ALU_UNIT/div_58/U2/Y (AOI22X1M)                         0.31       2.98 r
  ALU_UNIT/div_58/U57/Y (INVX2M)                          0.11       3.09 f
  ALU_UNIT/div_58/U56/Y (NAND2X2M)                        0.07       3.16 r
  ALU_UNIT/div_58/U55/Y (AOI22X1M)                        0.13       3.29 f
  ALU_UNIT/div_58/U37/Y (AND2X2M)                         0.19       3.48 f
  ALU_UNIT/div_58/U36/Y (OAI22X1M)                        0.30       3.79 r
  ALU_UNIT/div_58/U6/Y (NOR2X2M)                          0.08       3.87 f
  ALU_UNIT/div_58/U72/Y (AOI2BB2XLM)                      0.27       4.14 f
  ALU_UNIT/div_58/U71/Y (OAI2BB1X2M)                      0.21       4.35 f
  ALU_UNIT/div_58/U70/Y (OAI21X2M)                        0.07       4.42 r
  ALU_UNIT/div_58/U69/Y (NAND2X2M)                        0.11       4.53 f
  ALU_UNIT/div_58/U68/Y (OAI21X2M)                        0.17       4.70 r
  ALU_UNIT/div_58/U67/Y (OAI21X2M)                        0.11       4.82 f
  ALU_UNIT/div_58/U28/Y (OAI2BB2X1M)                      0.29       5.11 f
  ALU_UNIT/div_58/U9/Y (INVX2M)                           0.10       5.21 r
  ALU_UNIT/div_58/U8/Y (AND2X2M)                          0.13       5.34 r
  ALU_UNIT/div_58/U7/Y (OAI22X1M)                         0.17       5.51 f
  ALU_UNIT/div_58/U54/Y (OAI21X2M)                        0.18       5.69 r
  ALU_UNIT/div_58/U53/Y (OAI2BB1X2M)                      0.08       5.77 f
  ALU_UNIT/div_58/U52/Y (AO21XLM)                         0.31       6.08 f
  ALU_UNIT/div_58/U1/Y (AOI22X1M)                         0.36       6.44 r
  ALU_UNIT/div_58/U30/Y (INVX2M)                          0.14       6.59 f
  ALU_UNIT/div_58/U33/Y (NAND2X2M)                        0.10       6.69 r
  ALU_UNIT/div_58/U32/Y (CLKXOR2X2M)                      0.25       6.94 f
  ALU_UNIT/div_58/U21/Y (OAI2BB1X2M)                      0.20       7.14 f
  ALU_UNIT/div_58/U20/Y (OAI21X2M)                        0.09       7.23 r
  ALU_UNIT/div_58/U120/Y (NOR2BX2M)                       0.07       7.31 f
  ALU_UNIT/div_58/U3/Y (OAI2B2X1M)                        0.30       7.61 r
  ALU_UNIT/div_58/U116/Y (NOR2X2M)                        0.08       7.69 f
  ALU_UNIT/div_58/U115/Y (AOI2BB2XLM)                     0.27       7.96 f
  ALU_UNIT/div_58/U114/Y (OAI31X1M)                       0.26       8.22 r
  ALU_UNIT/div_58/U5/Y (OAI2B2X1M)                        0.55       8.77 r
  ALU_UNIT/div_58/U129/Y (INVX2M)                         0.13       8.90 f
  ALU_UNIT/div_58/U127/Y (OAI21X2M)                       0.21       9.12 r
  ALU_UNIT/div_58/U66/Y (OAI21X2M)                        0.11       9.22 f
  ALU_UNIT/div_58/U65/Y (OAI2BB1X2M)                      0.09       9.32 r
  ALU_UNIT/div_58/U25/Y (INVX2M)                          0.05       9.37 f
  ALU_UNIT/div_58/U24/Y (OAI2BB1X2M)                      0.15       9.53 f
  ALU_UNIT/div_58/U23/Y (OAI21X2M)                        0.09       9.62 r
  ALU_UNIT/div_58/U125/Y (NOR2BX2M)                       0.07       9.69 f
  ALU_UNIT/div_58/U124/Y (OAI2B2X1M)                      0.30       9.99 r
  ALU_UNIT/div_58/U60/Y (NOR2BX2M)                        0.09      10.08 f
  ALU_UNIT/div_58/U59/Y (OAI2B2X1M)                       0.29      10.37 r
  ALU_UNIT/div_58/U131/Y (OAI21BX1M)                      0.16      10.53 f
  ALU_UNIT/div_58/U119/Y (OAI2BB1X2M)                     0.10      10.63 r
  ALU_UNIT/div_58/U118/Y (NOR2X2M)                        0.05      10.68 f
  ALU_UNIT/div_58/U117/Y (OAI2BB2X1M)                     0.15      10.82 r
  ALU_UNIT/div_58/U4/Y (NOR2BX2M)                         0.43      11.25 r
  ALU_UNIT/div_58/U85/Y (AOI22X1M)                        0.20      11.45 f
  ALU_UNIT/div_58/U83/Y (OA21X2M)                         0.36      11.80 f
  ALU_UNIT/div_58/U38/Y (AND2X2M)                         0.17      11.97 f
  ALU_UNIT/div_58/U90/Y (OA22X2M)                         0.32      12.30 f
  ALU_UNIT/div_58/U87/Y (OA21X2M)                         0.33      12.63 f
  ALU_UNIT/div_58/U91/Y (AND2X2M)                         0.17      12.80 f
  ALU_UNIT/div_58/U134/Y (OA22X2M)                        0.33      13.13 f
  ALU_UNIT/div_58/U133/Y (AND2X2M)                        0.17      13.30 f
  ALU_UNIT/div_58/U132/Y (OAI22X1M)                       0.24      13.55 r
  ALU_UNIT/div_58/U82/Y (NOR2X2M)                         0.08      13.63 f
  ALU_UNIT/div_58/U123/Y (AOI2BB2XLM)                     0.27      13.89 f
  ALU_UNIT/div_58/U122/Y (AO21XLM)                        0.36      14.25 f
  ALU_UNIT/div_58/U121/Y (OAI21X2M)                       0.07      14.33 r
  ALU_UNIT/div_58/quotient[0] (ALU_OPERAND_WIDTH8_OUT_WIDTH16_DW_div_uns_0)
                                                          0.00      14.33 r
  ALU_UNIT/U109/Y (AOI222X1M)                             0.17      14.50 f
  ALU_UNIT/U44/Y (AOI31X2M)                               0.18      14.67 r
  ALU_UNIT/U43/Y (AO21XLM)                                0.14      14.81 r
  ALU_UNIT/ALU_OUT_reg[0]/D (DFFRQX2M)                    0.00      14.81 r
  data arrival time                                                 14.81

  clock ALU_CLK (rise edge)                              20.00      20.00
  clock network delay (ideal)                             0.00      20.00
  clock uncertainty                                      -0.20      19.80
  ALU_UNIT/ALU_OUT_reg[0]/CK (DFFRQX2M)                   0.00      19.80 r
  library setup time                                     -0.30      19.50
  data required time                                                19.50
  --------------------------------------------------------------------------
  data required time                                                19.50
  data arrival time                                                -14.81
  --------------------------------------------------------------------------
  slack (MET)                                                        4.69


  Startpoint: REG_FILE_UNIT/regfile_reg[1][4]
              (rising edge-triggered flip-flop clocked by REF_CLK)
  Endpoint: ALU_UNIT/ALU_OUT_reg[1]
            (rising edge-triggered flip-flop clocked by ALU_CLK)
  Path Group: ALU_CLK
  Path Type: max

  Point                                                   Incr       Path
  --------------------------------------------------------------------------
  clock REF_CLK (rise edge)                               0.00       0.00
  clock network delay (ideal)                             0.00       0.00
  REG_FILE_UNIT/regfile_reg[1][4]/CK (DFFRQX2M)           0.00       0.00 r
  REG_FILE_UNIT/regfile_reg[1][4]/Q (DFFRQX2M)            0.39       0.39 r
  REG_FILE_UNIT/REG1[4] (Register_File_DEPTH16_DATA_WIDTH8_ADDRESS_WIDTH4)
                                                          0.00       0.39 r
  U5/Y (BUFX2M)                                           0.11       0.50 r
  ALU_UNIT/B[4] (ALU_OPERAND_WIDTH8_OUT_WIDTH16)          0.00       0.50 r
  ALU_UNIT/U114/Y (INVX2M)                                0.05       0.55 f
  ALU_UNIT/U46/Y (INVX2M)                                 0.33       0.88 r
  ALU_UNIT/div_58/b[4] (ALU_OPERAND_WIDTH8_OUT_WIDTH16_DW_div_uns_0)
                                                          0.00       0.88 r
  ALU_UNIT/div_58/U31/Y (NOR2X2M)                         0.14       1.02 f
  ALU_UNIT/div_58/U130/Y (NOR2BX2M)                       0.16       1.19 f
  ALU_UNIT/div_58/U62/Y (NOR2BX2M)                        0.18       1.37 f
  ALU_UNIT/div_58/U58/Y (OAI211X2M)                       0.13       1.50 r
  ALU_UNIT/div_58/U76/Y (NAND2X2M)                        0.11       1.61 f
  ALU_UNIT/div_58/U74/Y (OAI22X1M)                        0.17       1.78 r
  ALU_UNIT/div_58/U73/Y (NAND2X2M)                        0.12       1.90 f
  ALU_UNIT/div_58/U61/Y (OAI21X2M)                        0.22       2.11 r
  ALU_UNIT/div_58/U80/Y (OAI2BB1X2M)                      0.17       2.28 r
  ALU_UNIT/div_58/U79/Y (OAI21X2M)                        0.07       2.36 f
  ALU_UNIT/div_58/U78/Y (AO21XLM)                         0.31       2.67 f
  ALU_UNIT/div_58/U2/Y (AOI22X1M)                         0.31       2.98 r
  ALU_UNIT/div_58/U57/Y (INVX2M)                          0.11       3.09 f
  ALU_UNIT/div_58/U56/Y (NAND2X2M)                        0.07       3.16 r
  ALU_UNIT/div_58/U55/Y (AOI22X1M)                        0.13       3.29 f
  ALU_UNIT/div_58/U37/Y (AND2X2M)                         0.19       3.48 f
  ALU_UNIT/div_58/U36/Y (OAI22X1M)                        0.30       3.79 r
  ALU_UNIT/div_58/U6/Y (NOR2X2M)                          0.08       3.87 f
  ALU_UNIT/div_58/U72/Y (AOI2BB2XLM)                      0.27       4.14 f
  ALU_UNIT/div_58/U71/Y (OAI2BB1X2M)                      0.21       4.35 f
  ALU_UNIT/div_58/U70/Y (OAI21X2M)                        0.07       4.42 r
  ALU_UNIT/div_58/U69/Y (NAND2X2M)                        0.11       4.53 f
  ALU_UNIT/div_58/U68/Y (OAI21X2M)                        0.17       4.70 r
  ALU_UNIT/div_58/U67/Y (OAI21X2M)                        0.11       4.82 f
  ALU_UNIT/div_58/U28/Y (OAI2BB2X1M)                      0.29       5.11 f
  ALU_UNIT/div_58/U9/Y (INVX2M)                           0.10       5.21 r
  ALU_UNIT/div_58/U8/Y (AND2X2M)                          0.13       5.34 r
  ALU_UNIT/div_58/U7/Y (OAI22X1M)                         0.17       5.51 f
  ALU_UNIT/div_58/U54/Y (OAI21X2M)                        0.18       5.69 r
  ALU_UNIT/div_58/U53/Y (OAI2BB1X2M)                      0.08       5.77 f
  ALU_UNIT/div_58/U52/Y (AO21XLM)                         0.31       6.08 f
  ALU_UNIT/div_58/U1/Y (AOI22X1M)                         0.36       6.44 r
  ALU_UNIT/div_58/U30/Y (INVX2M)                          0.14       6.59 f
  ALU_UNIT/div_58/U33/Y (NAND2X2M)                        0.10       6.69 r
  ALU_UNIT/div_58/U32/Y (CLKXOR2X2M)                      0.25       6.94 f
  ALU_UNIT/div_58/U21/Y (OAI2BB1X2M)                      0.20       7.14 f
  ALU_UNIT/div_58/U20/Y (OAI21X2M)                        0.09       7.23 r
  ALU_UNIT/div_58/U120/Y (NOR2BX2M)                       0.07       7.31 f
  ALU_UNIT/div_58/U3/Y (OAI2B2X1M)                        0.30       7.61 r
  ALU_UNIT/div_58/U116/Y (NOR2X2M)                        0.08       7.69 f
  ALU_UNIT/div_58/U115/Y (AOI2BB2XLM)                     0.27       7.96 f
  ALU_UNIT/div_58/U114/Y (OAI31X1M)                       0.26       8.22 r
  ALU_UNIT/div_58/U5/Y (OAI2B2X1M)                        0.55       8.77 r
  ALU_UNIT/div_58/U129/Y (INVX2M)                         0.13       8.90 f
  ALU_UNIT/div_58/U127/Y (OAI21X2M)                       0.21       9.12 r
  ALU_UNIT/div_58/U66/Y (OAI21X2M)                        0.11       9.22 f
  ALU_UNIT/div_58/U65/Y (OAI2BB1X2M)                      0.09       9.32 r
  ALU_UNIT/div_58/U25/Y (INVX2M)                          0.05       9.37 f
  ALU_UNIT/div_58/U24/Y (OAI2BB1X2M)                      0.15       9.53 f
  ALU_UNIT/div_58/U23/Y (OAI21X2M)                        0.09       9.62 r
  ALU_UNIT/div_58/U125/Y (NOR2BX2M)                       0.07       9.69 f
  ALU_UNIT/div_58/U124/Y (OAI2B2X1M)                      0.30       9.99 r
  ALU_UNIT/div_58/U60/Y (NOR2BX2M)                        0.09      10.08 f
  ALU_UNIT/div_58/U59/Y (OAI2B2X1M)                       0.29      10.37 r
  ALU_UNIT/div_58/U131/Y (OAI21BX1M)                      0.16      10.53 f
  ALU_UNIT/div_58/U119/Y (OAI2BB1X2M)                     0.10      10.63 r
  ALU_UNIT/div_58/U118/Y (NOR2X2M)                        0.05      10.68 f
  ALU_UNIT/div_58/U117/Y (OAI2BB2X1M)                     0.15      10.82 r
  ALU_UNIT/div_58/U4/Y (NOR2BX2M)                         0.43      11.25 r
  ALU_UNIT/div_58/quotient[1] (ALU_OPERAND_WIDTH8_OUT_WIDTH16_DW_div_uns_0)
                                                          0.00      11.25 r
  ALU_UNIT/U50/Y (AOI222X1M)                              0.26      11.51 f
  ALU_UNIT/U52/Y (AOI31X2M)                               0.19      11.70 r
  ALU_UNIT/U51/Y (AO21XLM)                                0.13      11.83 r
  ALU_UNIT/ALU_OUT_reg[1]/D (DFFRQX2M)                    0.00      11.83 r
  data arrival time                                                 11.83

  clock ALU_CLK (rise edge)                              20.00      20.00
  clock network delay (ideal)                             0.00      20.00
  clock uncertainty                                      -0.20      19.80
  ALU_UNIT/ALU_OUT_reg[1]/CK (DFFRQX2M)                   0.00      19.80 r
  library setup time                                     -0.30      19.50
  data required time                                                19.50
  --------------------------------------------------------------------------
  data required time                                                19.50
  data arrival time                                                -11.83
  --------------------------------------------------------------------------
  slack (MET)                                                        7.67


  Startpoint: REG_FILE_UNIT/regfile_reg[1][4]
              (rising edge-triggered flip-flop clocked by REF_CLK)
  Endpoint: ALU_UNIT/ALU_OUT_reg[2]
            (rising edge-triggered flip-flop clocked by ALU_CLK)
  Path Group: ALU_CLK
  Path Type: max

  Point                                                   Incr       Path
  --------------------------------------------------------------------------
  clock REF_CLK (rise edge)                               0.00       0.00
  clock network delay (ideal)                             0.00       0.00
  REG_FILE_UNIT/regfile_reg[1][4]/CK (DFFRQX2M)           0.00       0.00 r
  REG_FILE_UNIT/regfile_reg[1][4]/Q (DFFRQX2M)            0.39       0.39 r
  REG_FILE_UNIT/REG1[4] (Register_File_DEPTH16_DATA_WIDTH8_ADDRESS_WIDTH4)
                                                          0.00       0.39 r
  U5/Y (BUFX2M)                                           0.11       0.50 r
  ALU_UNIT/B[4] (ALU_OPERAND_WIDTH8_OUT_WIDTH16)          0.00       0.50 r
  ALU_UNIT/U114/Y (INVX2M)                                0.05       0.55 f
  ALU_UNIT/U46/Y (INVX2M)                                 0.33       0.88 r
  ALU_UNIT/div_58/b[4] (ALU_OPERAND_WIDTH8_OUT_WIDTH16_DW_div_uns_0)
                                                          0.00       0.88 r
  ALU_UNIT/div_58/U31/Y (NOR2X2M)                         0.14       1.02 f
  ALU_UNIT/div_58/U130/Y (NOR2BX2M)                       0.16       1.19 f
  ALU_UNIT/div_58/U62/Y (NOR2BX2M)                        0.18       1.37 f
  ALU_UNIT/div_58/U58/Y (OAI211X2M)                       0.13       1.50 r
  ALU_UNIT/div_58/U76/Y (NAND2X2M)                        0.11       1.61 f
  ALU_UNIT/div_58/U74/Y (OAI22X1M)                        0.17       1.78 r
  ALU_UNIT/div_58/U73/Y (NAND2X2M)                        0.12       1.90 f
  ALU_UNIT/div_58/U61/Y (OAI21X2M)                        0.22       2.11 r
  ALU_UNIT/div_58/U80/Y (OAI2BB1X2M)                      0.17       2.28 r
  ALU_UNIT/div_58/U79/Y (OAI21X2M)                        0.07       2.36 f
  ALU_UNIT/div_58/U78/Y (AO21XLM)                         0.31       2.67 f
  ALU_UNIT/div_58/U2/Y (AOI22X1M)                         0.31       2.98 r
  ALU_UNIT/div_58/U57/Y (INVX2M)                          0.11       3.09 f
  ALU_UNIT/div_58/U56/Y (NAND2X2M)                        0.07       3.16 r
  ALU_UNIT/div_58/U55/Y (AOI22X1M)                        0.13       3.29 f
  ALU_UNIT/div_58/U37/Y (AND2X2M)                         0.19       3.48 f
  ALU_UNIT/div_58/U36/Y (OAI22X1M)                        0.30       3.79 r
  ALU_UNIT/div_58/U6/Y (NOR2X2M)                          0.08       3.87 f
  ALU_UNIT/div_58/U72/Y (AOI2BB2XLM)                      0.27       4.14 f
  ALU_UNIT/div_58/U71/Y (OAI2BB1X2M)                      0.21       4.35 f
  ALU_UNIT/div_58/U70/Y (OAI21X2M)                        0.07       4.42 r
  ALU_UNIT/div_58/U69/Y (NAND2X2M)                        0.11       4.53 f
  ALU_UNIT/div_58/U68/Y (OAI21X2M)                        0.17       4.70 r
  ALU_UNIT/div_58/U67/Y (OAI21X2M)                        0.11       4.82 f
  ALU_UNIT/div_58/U28/Y (OAI2BB2X1M)                      0.29       5.11 f
  ALU_UNIT/div_58/U9/Y (INVX2M)                           0.10       5.21 r
  ALU_UNIT/div_58/U8/Y (AND2X2M)                          0.13       5.34 r
  ALU_UNIT/div_58/U7/Y (OAI22X1M)                         0.17       5.51 f
  ALU_UNIT/div_58/U54/Y (OAI21X2M)                        0.18       5.69 r
  ALU_UNIT/div_58/U53/Y (OAI2BB1X2M)                      0.08       5.77 f
  ALU_UNIT/div_58/U52/Y (AO21XLM)                         0.31       6.08 f
  ALU_UNIT/div_58/U1/Y (AOI22X1M)                         0.36       6.44 r
  ALU_UNIT/div_58/U30/Y (INVX2M)                          0.14       6.59 f
  ALU_UNIT/div_58/U33/Y (NAND2X2M)                        0.10       6.69 r
  ALU_UNIT/div_58/U32/Y (CLKXOR2X2M)                      0.25       6.94 f
  ALU_UNIT/div_58/U21/Y (OAI2BB1X2M)                      0.20       7.14 f
  ALU_UNIT/div_58/U20/Y (OAI21X2M)                        0.09       7.23 r
  ALU_UNIT/div_58/U120/Y (NOR2BX2M)                       0.07       7.31 f
  ALU_UNIT/div_58/U3/Y (OAI2B2X1M)                        0.30       7.61 r
  ALU_UNIT/div_58/U116/Y (NOR2X2M)                        0.08       7.69 f
  ALU_UNIT/div_58/U115/Y (AOI2BB2XLM)                     0.27       7.96 f
  ALU_UNIT/div_58/U114/Y (OAI31X1M)                       0.26       8.22 r
  ALU_UNIT/div_58/U5/Y (OAI2B2X1M)                        0.55       8.77 r
  ALU_UNIT/div_58/quotient[2] (ALU_OPERAND_WIDTH8_OUT_WIDTH16_DW_div_uns_0)
                                                          0.00       8.77 r
  ALU_UNIT/U117/Y (AOI222X1M)                             0.31       9.08 f
  ALU_UNIT/U55/Y (AOI31X2M)                               0.20       9.28 r
  ALU_UNIT/U54/Y (AO21XLM)                                0.14       9.41 r
  ALU_UNIT/ALU_OUT_reg[2]/D (DFFRQX2M)                    0.00       9.41 r
  data arrival time                                                  9.41

  clock ALU_CLK (rise edge)                              20.00      20.00
  clock network delay (ideal)                             0.00      20.00
  clock uncertainty                                      -0.20      19.80
  ALU_UNIT/ALU_OUT_reg[2]/CK (DFFRQX2M)                   0.00      19.80 r
  library setup time                                     -0.30      19.50
  data required time                                                19.50
  --------------------------------------------------------------------------
  data required time                                                19.50
  data arrival time                                                 -9.41
  --------------------------------------------------------------------------
  slack (MET)                                                       10.09


  Startpoint: REG_FILE_UNIT/regfile_reg[1][4]
              (rising edge-triggered flip-flop clocked by REF_CLK)
  Endpoint: ALU_UNIT/ALU_OUT_reg[3]
            (rising edge-triggered flip-flop clocked by ALU_CLK)
  Path Group: ALU_CLK
  Path Type: max

  Point                                                   Incr       Path
  --------------------------------------------------------------------------
  clock REF_CLK (rise edge)                               0.00       0.00
  clock network delay (ideal)                             0.00       0.00
  REG_FILE_UNIT/regfile_reg[1][4]/CK (DFFRQX2M)           0.00       0.00 r
  REG_FILE_UNIT/regfile_reg[1][4]/Q (DFFRQX2M)            0.39       0.39 r
  REG_FILE_UNIT/REG1[4] (Register_File_DEPTH16_DATA_WIDTH8_ADDRESS_WIDTH4)
                                                          0.00       0.39 r
  U5/Y (BUFX2M)                                           0.11       0.50 r
  ALU_UNIT/B[4] (ALU_OPERAND_WIDTH8_OUT_WIDTH16)          0.00       0.50 r
  ALU_UNIT/U114/Y (INVX2M)                                0.05       0.55 f
  ALU_UNIT/U46/Y (INVX2M)                                 0.33       0.88 r
  ALU_UNIT/div_58/b[4] (ALU_OPERAND_WIDTH8_OUT_WIDTH16_DW_div_uns_0)
                                                          0.00       0.88 r
  ALU_UNIT/div_58/U31/Y (NOR2X2M)                         0.14       1.02 f
  ALU_UNIT/div_58/U130/Y (NOR2BX2M)                       0.16       1.19 f
  ALU_UNIT/div_58/U62/Y (NOR2BX2M)                        0.18       1.37 f
  ALU_UNIT/div_58/U58/Y (OAI211X2M)                       0.13       1.50 r
  ALU_UNIT/div_58/U76/Y (NAND2X2M)                        0.11       1.61 f
  ALU_UNIT/div_58/U74/Y (OAI22X1M)                        0.17       1.78 r
  ALU_UNIT/div_58/U73/Y (NAND2X2M)                        0.12       1.90 f
  ALU_UNIT/div_58/U61/Y (OAI21X2M)                        0.22       2.11 r
  ALU_UNIT/div_58/U80/Y (OAI2BB1X2M)                      0.17       2.28 r
  ALU_UNIT/div_58/U79/Y (OAI21X2M)                        0.07       2.36 f
  ALU_UNIT/div_58/U78/Y (AO21XLM)                         0.31       2.67 f
  ALU_UNIT/div_58/U2/Y (AOI22X1M)                         0.31       2.98 r
  ALU_UNIT/div_58/U57/Y (INVX2M)                          0.11       3.09 f
  ALU_UNIT/div_58/U56/Y (NAND2X2M)                        0.07       3.16 r
  ALU_UNIT/div_58/U55/Y (AOI22X1M)                        0.13       3.29 f
  ALU_UNIT/div_58/U37/Y (AND2X2M)                         0.19       3.48 f
  ALU_UNIT/div_58/U36/Y (OAI22X1M)                        0.30       3.79 r
  ALU_UNIT/div_58/U6/Y (NOR2X2M)                          0.08       3.87 f
  ALU_UNIT/div_58/U72/Y (AOI2BB2XLM)                      0.27       4.14 f
  ALU_UNIT/div_58/U71/Y (OAI2BB1X2M)                      0.21       4.35 f
  ALU_UNIT/div_58/U70/Y (OAI21X2M)                        0.07       4.42 r
  ALU_UNIT/div_58/U69/Y (NAND2X2M)                        0.11       4.53 f
  ALU_UNIT/div_58/U68/Y (OAI21X2M)                        0.17       4.70 r
  ALU_UNIT/div_58/U67/Y (OAI21X2M)                        0.11       4.82 f
  ALU_UNIT/div_58/U28/Y (OAI2BB2X1M)                      0.29       5.11 f
  ALU_UNIT/div_58/U9/Y (INVX2M)                           0.10       5.21 r
  ALU_UNIT/div_58/U8/Y (AND2X2M)                          0.13       5.34 r
  ALU_UNIT/div_58/U7/Y (OAI22X1M)                         0.17       5.51 f
  ALU_UNIT/div_58/U54/Y (OAI21X2M)                        0.18       5.69 r
  ALU_UNIT/div_58/U53/Y (OAI2BB1X2M)                      0.08       5.77 f
  ALU_UNIT/div_58/U52/Y (AO21XLM)                         0.31       6.08 f
  ALU_UNIT/div_58/U1/Y (AOI22X1M)                         0.36       6.44 r
  ALU_UNIT/div_58/U30/Y (INVX2M)                          0.14       6.59 f
  ALU_UNIT/div_58/quotient[3] (ALU_OPERAND_WIDTH8_OUT_WIDTH16_DW_div_uns_0)
                                                          0.00       6.59 f
  ALU_UNIT/U56/Y (AOI222X1M)                              0.42       7.00 r
  ALU_UNIT/U58/Y (AOI31X2M)                               0.14       7.15 f
  ALU_UNIT/U57/Y (AO21XLM)                                0.27       7.41 f
  ALU_UNIT/ALU_OUT_reg[3]/D (DFFRQX2M)                    0.00       7.41 f
  data arrival time                                                  7.41

  clock ALU_CLK (rise edge)                              20.00      20.00
  clock network delay (ideal)                             0.00      20.00
  clock uncertainty                                      -0.20      19.80
  ALU_UNIT/ALU_OUT_reg[3]/CK (DFFRQX2M)                   0.00      19.80 r
  library setup time                                     -0.16      19.64
  data required time                                                19.64
  --------------------------------------------------------------------------
  data required time                                                19.64
  data arrival time                                                 -7.41
  --------------------------------------------------------------------------
  slack (MET)                                                       12.22


  Startpoint: REG_FILE_UNIT/regfile_reg[0][1]
              (rising edge-triggered flip-flop clocked by REF_CLK)
  Endpoint: ALU_UNIT/ALU_OUT_reg[15]
            (rising edge-triggered flip-flop clocked by ALU_CLK)
  Path Group: ALU_CLK
  Path Type: max

  Point                                                   Incr       Path
  --------------------------------------------------------------------------
  clock REF_CLK (rise edge)                               0.00       0.00
  clock network delay (ideal)                             0.00       0.00
  REG_FILE_UNIT/regfile_reg[0][1]/CK (DFFRQX2M)           0.00       0.00 r
  REG_FILE_UNIT/regfile_reg[0][1]/Q (DFFRQX2M)            0.39       0.39 r
  REG_FILE_UNIT/REG0[1] (Register_File_DEPTH16_DATA_WIDTH8_ADDRESS_WIDTH4)
                                                          0.00       0.39 r
  ALU_UNIT/A[1] (ALU_OPERAND_WIDTH8_OUT_WIDTH16)          0.00       0.39 r
  ALU_UNIT/U119/Y (BUFX2M)                                0.40       0.79 r
  ALU_UNIT/mult_55/A[1] (ALU_OPERAND_WIDTH8_OUT_WIDTH16_DW02_mult_0)
                                                          0.00       0.79 r
  ALU_UNIT/mult_55/U155/Y (INVX2M)                        0.19       0.98 f
  ALU_UNIT/mult_55/U101/Y (NOR2X2M)                       0.13       1.11 r
  ALU_UNIT/mult_55/U100/Y (XNOR2X2M)                      0.13       1.24 f
  ALU_UNIT/mult_55/U121/Y (XOR3XLM)                       0.57       1.81 f
  ALU_UNIT/mult_55/U47/Y (AND2X2M)                        0.21       2.02 f
  ALU_UNIT/mult_55/U46/Y (OA22X2M)                        0.33       2.35 f
  ALU_UNIT/mult_55/U41/Y (XOR3XLM)                        0.55       2.90 f
  ALU_UNIT/mult_55/U112/Y (XOR3XLM)                       0.35       3.26 r
  ALU_UNIT/mult_55/U43/Y (NOR2X2M)                        0.07       3.32 f
  ALU_UNIT/mult_55/U42/Y (AOI2BB2XLM)                     0.26       3.59 f
  ALU_UNIT/mult_55/U36/Y (XOR3XLM)                        0.56       4.15 f
  ALU_UNIT/mult_55/U16/Y (CLKXOR2X2M)                     0.32       4.47 r
  ALU_UNIT/mult_55/FS_1/A[7] (ALU_OPERAND_WIDTH8_OUT_WIDTH16_DW01_add_1)
                                                          0.00       4.47 r
  ALU_UNIT/mult_55/FS_1/U3/Y (NAND2X2M)                   0.08       4.55 f
  ALU_UNIT/mult_55/FS_1/U4/Y (OA21X2M)                    0.35       4.90 f
  ALU_UNIT/mult_55/FS_1/U1/Y (OAI21X2M)                   0.22       5.12 r
  ALU_UNIT/mult_55/FS_1/U9/Y (AND2X2M)                    0.16       5.28 r
  ALU_UNIT/mult_55/FS_1/U8/Y (OAI22X1M)                   0.17       5.45 f
  ALU_UNIT/mult_55/FS_1/U11/Y (OAI2BB1X2M)                0.22       5.67 f
  ALU_UNIT/mult_55/FS_1/U10/Y (OAI21X2M)                  0.10       5.76 r
  ALU_UNIT/mult_55/FS_1/U13/Y (AOI21X2M)                  0.11       5.87 f
  ALU_UNIT/mult_55/FS_1/U16/Y (AOI2BB1X2M)                0.11       5.99 r
  ALU_UNIT/mult_55/FS_1/U15/Y (CLKXOR2X2M)                0.22       6.20 r
  ALU_UNIT/mult_55/FS_1/SUM[13] (ALU_OPERAND_WIDTH8_OUT_WIDTH16_DW01_add_1)
                                                          0.00       6.20 r
  ALU_UNIT/mult_55/PRODUCT[15] (ALU_OPERAND_WIDTH8_OUT_WIDTH16_DW02_mult_0)
                                                          0.00       6.20 r
  ALU_UNIT/U61/Y (OAI2BB1X2M)                             0.12       6.32 r
  ALU_UNIT/ALU_OUT_reg[15]/D (DFFRQX2M)                   0.00       6.32 r
  data arrival time                                                  6.32

  clock ALU_CLK (rise edge)                              20.00      20.00
  clock network delay (ideal)                             0.00      20.00
  clock uncertainty                                      -0.20      19.80
  ALU_UNIT/ALU_OUT_reg[15]/CK (DFFRQX2M)                  0.00      19.80 r
  library setup time                                     -0.31      19.49
  data required time                                                19.49
  --------------------------------------------------------------------------
  data required time                                                19.49
  data arrival time                                                 -6.32
  --------------------------------------------------------------------------
  slack (MET)                                                       13.17


  Startpoint: REG_FILE_UNIT/regfile_reg[0][1]
              (rising edge-triggered flip-flop clocked by REF_CLK)
  Endpoint: ALU_UNIT/ALU_OUT_reg[14]
            (rising edge-triggered flip-flop clocked by ALU_CLK)
  Path Group: ALU_CLK
  Path Type: max

  Point                                                   Incr       Path
  --------------------------------------------------------------------------
  clock REF_CLK (rise edge)                               0.00       0.00
  clock network delay (ideal)                             0.00       0.00
  REG_FILE_UNIT/regfile_reg[0][1]/CK (DFFRQX2M)           0.00       0.00 r
  REG_FILE_UNIT/regfile_reg[0][1]/Q (DFFRQX2M)            0.39       0.39 r
  REG_FILE_UNIT/REG0[1] (Register_File_DEPTH16_DATA_WIDTH8_ADDRESS_WIDTH4)
                                                          0.00       0.39 r
  ALU_UNIT/A[1] (ALU_OPERAND_WIDTH8_OUT_WIDTH16)          0.00       0.39 r
  ALU_UNIT/U119/Y (BUFX2M)                                0.40       0.79 r
  ALU_UNIT/mult_55/A[1] (ALU_OPERAND_WIDTH8_OUT_WIDTH16_DW02_mult_0)
                                                          0.00       0.79 r
  ALU_UNIT/mult_55/U155/Y (INVX2M)                        0.19       0.98 f
  ALU_UNIT/mult_55/U101/Y (NOR2X2M)                       0.13       1.11 r
  ALU_UNIT/mult_55/U100/Y (XNOR2X2M)                      0.13       1.24 f
  ALU_UNIT/mult_55/U121/Y (XOR3XLM)                       0.57       1.81 f
  ALU_UNIT/mult_55/U47/Y (AND2X2M)                        0.21       2.02 f
  ALU_UNIT/mult_55/U46/Y (OA22X2M)                        0.33       2.35 f
  ALU_UNIT/mult_55/U41/Y (XOR3XLM)                        0.55       2.90 f
  ALU_UNIT/mult_55/U114/Y (OAI2BB1X2M)                    0.11       3.02 r
  ALU_UNIT/mult_55/U113/Y (OAI21X2M)                      0.09       3.11 f
  ALU_UNIT/mult_55/U110/Y (XOR3XLM)                       0.58       3.69 f
  ALU_UNIT/mult_55/U30/Y (NOR2X2M)                        0.13       3.81 r
  ALU_UNIT/mult_55/U3/Y (AOI2BB2XLM)                      0.32       4.13 r
  ALU_UNIT/mult_55/U12/Y (CLKXOR2X2M)                     0.42       4.55 f
  ALU_UNIT/mult_55/FS_1/A[8] (ALU_OPERAND_WIDTH8_OUT_WIDTH16_DW01_add_1)
                                                          0.00       4.55 f
  ALU_UNIT/mult_55/FS_1/U5/Y (NOR2X2M)                    0.12       4.67 r
  ALU_UNIT/mult_55/FS_1/U4/Y (OA21X2M)                    0.17       4.84 r
  ALU_UNIT/mult_55/FS_1/U1/Y (OAI21X2M)                   0.10       4.94 f
  ALU_UNIT/mult_55/FS_1/U9/Y (AND2X2M)                    0.15       5.09 f
  ALU_UNIT/mult_55/FS_1/U8/Y (OAI22X1M)                   0.31       5.40 r
  ALU_UNIT/mult_55/FS_1/U11/Y (OAI2BB1X2M)                0.19       5.59 r
  ALU_UNIT/mult_55/FS_1/U10/Y (OAI21X2M)                  0.09       5.68 f
  ALU_UNIT/mult_55/FS_1/U14/Y (XOR3XLM)                   0.24       5.93 r
  ALU_UNIT/mult_55/FS_1/SUM[12] (ALU_OPERAND_WIDTH8_OUT_WIDTH16_DW01_add_1)
                                                          0.00       5.93 r
  ALU_UNIT/mult_55/PRODUCT[14] (ALU_OPERAND_WIDTH8_OUT_WIDTH16_DW02_mult_0)
                                                          0.00       5.93 r
  ALU_UNIT/U60/Y (OAI2BB1X2M)                             0.13       6.06 r
  ALU_UNIT/ALU_OUT_reg[14]/D (DFFRQX2M)                   0.00       6.06 r
  data arrival time                                                  6.06

  clock ALU_CLK (rise edge)                              20.00      20.00
  clock network delay (ideal)                             0.00      20.00
  clock uncertainty                                      -0.20      19.80
  ALU_UNIT/ALU_OUT_reg[14]/CK (DFFRQX2M)                  0.00      19.80 r
  library setup time                                     -0.31      19.49
  data required time                                                19.49
  --------------------------------------------------------------------------
  data required time                                                19.49
  data arrival time                                                 -6.06
  --------------------------------------------------------------------------
  slack (MET)                                                       13.43


  Startpoint: REG_FILE_UNIT/regfile_reg[0][1]
              (rising edge-triggered flip-flop clocked by REF_CLK)
  Endpoint: ALU_UNIT/ALU_OUT_reg[13]
            (rising edge-triggered flip-flop clocked by ALU_CLK)
  Path Group: ALU_CLK
  Path Type: max

  Point                                                   Incr       Path
  --------------------------------------------------------------------------
  clock REF_CLK (rise edge)                               0.00       0.00
  clock network delay (ideal)                             0.00       0.00
  REG_FILE_UNIT/regfile_reg[0][1]/CK (DFFRQX2M)           0.00       0.00 r
  REG_FILE_UNIT/regfile_reg[0][1]/Q (DFFRQX2M)            0.39       0.39 r
  REG_FILE_UNIT/REG0[1] (Register_File_DEPTH16_DATA_WIDTH8_ADDRESS_WIDTH4)
                                                          0.00       0.39 r
  ALU_UNIT/A[1] (ALU_OPERAND_WIDTH8_OUT_WIDTH16)          0.00       0.39 r
  ALU_UNIT/U119/Y (BUFX2M)                                0.40       0.79 r
  ALU_UNIT/mult_55/A[1] (ALU_OPERAND_WIDTH8_OUT_WIDTH16_DW02_mult_0)
                                                          0.00       0.79 r
  ALU_UNIT/mult_55/U155/Y (INVX2M)                        0.19       0.98 f
  ALU_UNIT/mult_55/U101/Y (NOR2X2M)                       0.13       1.11 r
  ALU_UNIT/mult_55/U100/Y (XNOR2X2M)                      0.13       1.24 f
  ALU_UNIT/mult_55/U121/Y (XOR3XLM)                       0.57       1.81 f
  ALU_UNIT/mult_55/U47/Y (AND2X2M)                        0.21       2.02 f
  ALU_UNIT/mult_55/U46/Y (OA22X2M)                        0.33       2.35 f
  ALU_UNIT/mult_55/U41/Y (XOR3XLM)                        0.55       2.90 f
  ALU_UNIT/mult_55/U112/Y (XOR3XLM)                       0.35       3.26 r
  ALU_UNIT/mult_55/U43/Y (NOR2X2M)                        0.07       3.32 f
  ALU_UNIT/mult_55/U42/Y (AOI2BB2XLM)                     0.26       3.59 f
  ALU_UNIT/mult_55/U36/Y (XOR3XLM)                        0.56       4.15 f
  ALU_UNIT/mult_55/U16/Y (CLKXOR2X2M)                     0.32       4.47 r
  ALU_UNIT/mult_55/FS_1/A[7] (ALU_OPERAND_WIDTH8_OUT_WIDTH16_DW01_add_1)
                                                          0.00       4.47 r
  ALU_UNIT/mult_55/FS_1/U3/Y (NAND2X2M)                   0.08       4.55 f
  ALU_UNIT/mult_55/FS_1/U4/Y (OA21X2M)                    0.35       4.90 f
  ALU_UNIT/mult_55/FS_1/U1/Y (OAI21X2M)                   0.22       5.12 r
  ALU_UNIT/mult_55/FS_1/U9/Y (AND2X2M)                    0.16       5.28 r
  ALU_UNIT/mult_55/FS_1/U8/Y (OAI22X1M)                   0.17       5.45 f
  ALU_UNIT/mult_55/FS_1/U22/Y (XOR3XLM)                   0.26       5.71 r
  ALU_UNIT/mult_55/FS_1/SUM[11] (ALU_OPERAND_WIDTH8_OUT_WIDTH16_DW01_add_1)
                                                          0.00       5.71 r
  ALU_UNIT/mult_55/PRODUCT[13] (ALU_OPERAND_WIDTH8_OUT_WIDTH16_DW02_mult_0)
                                                          0.00       5.71 r
  ALU_UNIT/U65/Y (OAI2BB1X2M)                             0.13       5.84 r
  ALU_UNIT/ALU_OUT_reg[13]/D (DFFRQX2M)                   0.00       5.84 r
  data arrival time                                                  5.84

  clock ALU_CLK (rise edge)                              20.00      20.00
  clock network delay (ideal)                             0.00      20.00
  clock uncertainty                                      -0.20      19.80
  ALU_UNIT/ALU_OUT_reg[13]/CK (DFFRQX2M)                  0.00      19.80 r
  library setup time                                     -0.31      19.49
  data required time                                                19.49
  --------------------------------------------------------------------------
  data required time                                                19.49
  data arrival time                                                 -5.84
  --------------------------------------------------------------------------
  slack (MET)                                                       13.65


  Startpoint: REG_FILE_UNIT/regfile_reg[0][1]
              (rising edge-triggered flip-flop clocked by REF_CLK)
  Endpoint: ALU_UNIT/ALU_OUT_reg[12]
            (rising edge-triggered flip-flop clocked by ALU_CLK)
  Path Group: ALU_CLK
  Path Type: max

  Point                                                   Incr       Path
  --------------------------------------------------------------------------
  clock REF_CLK (rise edge)                               0.00       0.00
  clock network delay (ideal)                             0.00       0.00
  REG_FILE_UNIT/regfile_reg[0][1]/CK (DFFRQX2M)           0.00       0.00 r
  REG_FILE_UNIT/regfile_reg[0][1]/Q (DFFRQX2M)            0.39       0.39 r
  REG_FILE_UNIT/REG0[1] (Register_File_DEPTH16_DATA_WIDTH8_ADDRESS_WIDTH4)
                                                          0.00       0.39 r
  ALU_UNIT/A[1] (ALU_OPERAND_WIDTH8_OUT_WIDTH16)          0.00       0.39 r
  ALU_UNIT/U119/Y (BUFX2M)                                0.40       0.79 r
  ALU_UNIT/mult_55/A[1] (ALU_OPERAND_WIDTH8_OUT_WIDTH16_DW02_mult_0)
                                                          0.00       0.79 r
  ALU_UNIT/mult_55/U155/Y (INVX2M)                        0.19       0.98 f
  ALU_UNIT/mult_55/U101/Y (NOR2X2M)                       0.13       1.11 r
  ALU_UNIT/mult_55/U100/Y (XNOR2X2M)                      0.13       1.24 f
  ALU_UNIT/mult_55/U121/Y (XOR3XLM)                       0.57       1.81 f
  ALU_UNIT/mult_55/U47/Y (AND2X2M)                        0.21       2.02 f
  ALU_UNIT/mult_55/U46/Y (OA22X2M)                        0.33       2.35 f
  ALU_UNIT/mult_55/U41/Y (XOR3XLM)                        0.55       2.90 f
  ALU_UNIT/mult_55/U112/Y (XOR3XLM)                       0.35       3.26 r
  ALU_UNIT/mult_55/U43/Y (NOR2X2M)                        0.07       3.32 f
  ALU_UNIT/mult_55/U42/Y (AOI2BB2XLM)                     0.26       3.59 f
  ALU_UNIT/mult_55/U36/Y (XOR3XLM)                        0.56       4.15 f
  ALU_UNIT/mult_55/U16/Y (CLKXOR2X2M)                     0.32       4.47 r
  ALU_UNIT/mult_55/FS_1/A[7] (ALU_OPERAND_WIDTH8_OUT_WIDTH16_DW01_add_1)
                                                          0.00       4.47 r
  ALU_UNIT/mult_55/FS_1/U3/Y (NAND2X2M)                   0.08       4.55 f
  ALU_UNIT/mult_55/FS_1/U4/Y (OA21X2M)                    0.35       4.90 f
  ALU_UNIT/mult_55/FS_1/U1/Y (OAI21X2M)                   0.22       5.12 r
  ALU_UNIT/mult_55/FS_1/U21/Y (XOR3XLM)                   0.16       5.27 r
  ALU_UNIT/mult_55/FS_1/SUM[10] (ALU_OPERAND_WIDTH8_OUT_WIDTH16_DW01_add_1)
                                                          0.00       5.27 r
  ALU_UNIT/mult_55/PRODUCT[12] (ALU_OPERAND_WIDTH8_OUT_WIDTH16_DW02_mult_0)
                                                          0.00       5.27 r
  ALU_UNIT/U64/Y (OAI2BB1X2M)                             0.13       5.40 r
  ALU_UNIT/ALU_OUT_reg[12]/D (DFFRQX2M)                   0.00       5.40 r
  data arrival time                                                  5.40

  clock ALU_CLK (rise edge)                              20.00      20.00
  clock network delay (ideal)                             0.00      20.00
  clock uncertainty                                      -0.20      19.80
  ALU_UNIT/ALU_OUT_reg[12]/CK (DFFRQX2M)                  0.00      19.80 r
  library setup time                                     -0.31      19.49
  data required time                                                19.49
  --------------------------------------------------------------------------
  data required time                                                19.49
  data arrival time                                                 -5.40
  --------------------------------------------------------------------------
  slack (MET)                                                       14.09


  Startpoint: REG_FILE_UNIT/regfile_reg[1][4]
              (rising edge-triggered flip-flop clocked by REF_CLK)
  Endpoint: ALU_UNIT/ALU_OUT_reg[4]
            (rising edge-triggered flip-flop clocked by ALU_CLK)
  Path Group: ALU_CLK
  Path Type: max

  Point                                                   Incr       Path
  --------------------------------------------------------------------------
  clock REF_CLK (rise edge)                               0.00       0.00
  clock network delay (ideal)                             0.00       0.00
  REG_FILE_UNIT/regfile_reg[1][4]/CK (DFFRQX2M)           0.00       0.00 r
  REG_FILE_UNIT/regfile_reg[1][4]/Q (DFFRQX2M)            0.39       0.39 r
  REG_FILE_UNIT/REG1[4] (Register_File_DEPTH16_DATA_WIDTH8_ADDRESS_WIDTH4)
                                                          0.00       0.39 r
  U5/Y (BUFX2M)                                           0.11       0.50 r
  ALU_UNIT/B[4] (ALU_OPERAND_WIDTH8_OUT_WIDTH16)          0.00       0.50 r
  ALU_UNIT/U114/Y (INVX2M)                                0.05       0.55 f
  ALU_UNIT/U46/Y (INVX2M)                                 0.33       0.88 r
  ALU_UNIT/div_58/b[4] (ALU_OPERAND_WIDTH8_OUT_WIDTH16_DW_div_uns_0)
                                                          0.00       0.88 r
  ALU_UNIT/div_58/U31/Y (NOR2X2M)                         0.14       1.02 f
  ALU_UNIT/div_58/U130/Y (NOR2BX2M)                       0.16       1.19 f
  ALU_UNIT/div_58/U62/Y (NOR2BX2M)                        0.18       1.37 f
  ALU_UNIT/div_58/U58/Y (OAI211X2M)                       0.13       1.50 r
  ALU_UNIT/div_58/U76/Y (NAND2X2M)                        0.11       1.61 f
  ALU_UNIT/div_58/U74/Y (OAI22X1M)                        0.17       1.78 r
  ALU_UNIT/div_58/U73/Y (NAND2X2M)                        0.12       1.90 f
  ALU_UNIT/div_58/U61/Y (OAI21X2M)                        0.22       2.11 r
  ALU_UNIT/div_58/U80/Y (OAI2BB1X2M)                      0.17       2.28 r
  ALU_UNIT/div_58/U79/Y (OAI21X2M)                        0.07       2.36 f
  ALU_UNIT/div_58/U78/Y (AO21XLM)                         0.31       2.67 f
  ALU_UNIT/div_58/U2/Y (AOI22X1M)                         0.31       2.98 r
  ALU_UNIT/div_58/U57/Y (INVX2M)                          0.11       3.09 f
  ALU_UNIT/div_58/U55/Y (AOI22X1M)                        0.28       3.37 r
  ALU_UNIT/div_58/U37/Y (AND2X2M)                         0.17       3.54 r
  ALU_UNIT/div_58/U36/Y (OAI22X1M)                        0.17       3.71 f
  ALU_UNIT/div_58/U6/Y (NOR2X2M)                          0.12       3.83 r
  ALU_UNIT/div_58/U72/Y (AOI2BB2XLM)                      0.29       4.12 r
  ALU_UNIT/div_58/U71/Y (OAI2BB1X2M)                      0.19       4.31 r
  ALU_UNIT/div_58/U70/Y (OAI21X2M)                        0.07       4.37 f
  ALU_UNIT/div_58/U69/Y (NAND2X2M)                        0.11       4.49 r
  ALU_UNIT/div_58/U35/Y (INVX2M)                          0.08       4.57 f
  ALU_UNIT/div_58/quotient[4] (ALU_OPERAND_WIDTH8_OUT_WIDTH16_DW_div_uns_0)
                                                          0.00       4.57 f
  ALU_UNIT/U59/Y (AOI222X1M)                              0.40       4.97 r
  ALU_UNIT/U26/Y (AOI31X2M)                               0.14       5.11 f
  ALU_UNIT/U25/Y (AO21XLM)                                0.27       5.38 f
  ALU_UNIT/ALU_OUT_reg[4]/D (DFFRQX2M)                    0.00       5.38 f
  data arrival time                                                  5.38

  clock ALU_CLK (rise edge)                              20.00      20.00
  clock network delay (ideal)                             0.00      20.00
  clock uncertainty                                      -0.20      19.80
  ALU_UNIT/ALU_OUT_reg[4]/CK (DFFRQX2M)                   0.00      19.80 r
  library setup time                                     -0.16      19.64
  data required time                                                19.64
  --------------------------------------------------------------------------
  data required time                                                19.64
  data arrival time                                                 -5.38
  --------------------------------------------------------------------------
  slack (MET)                                                       14.26


  Startpoint: REG_FILE_UNIT/regfile_reg[0][1]
              (rising edge-triggered flip-flop clocked by REF_CLK)
  Endpoint: ALU_UNIT/ALU_OUT_reg[11]
            (rising edge-triggered flip-flop clocked by ALU_CLK)
  Path Group: ALU_CLK
  Path Type: max

  Point                                                   Incr       Path
  --------------------------------------------------------------------------
  clock REF_CLK (rise edge)                               0.00       0.00
  clock network delay (ideal)                             0.00       0.00
  REG_FILE_UNIT/regfile_reg[0][1]/CK (DFFRQX2M)           0.00       0.00 r
  REG_FILE_UNIT/regfile_reg[0][1]/Q (DFFRQX2M)            0.39       0.39 r
  REG_FILE_UNIT/REG0[1] (Register_File_DEPTH16_DATA_WIDTH8_ADDRESS_WIDTH4)
                                                          0.00       0.39 r
  ALU_UNIT/A[1] (ALU_OPERAND_WIDTH8_OUT_WIDTH16)          0.00       0.39 r
  ALU_UNIT/U119/Y (BUFX2M)                                0.40       0.79 r
  ALU_UNIT/mult_55/A[1] (ALU_OPERAND_WIDTH8_OUT_WIDTH16_DW02_mult_0)
                                                          0.00       0.79 r
  ALU_UNIT/mult_55/U155/Y (INVX2M)                        0.19       0.98 f
  ALU_UNIT/mult_55/U101/Y (NOR2X2M)                       0.13       1.11 r
  ALU_UNIT/mult_55/U100/Y (XNOR2X2M)                      0.13       1.24 f
  ALU_UNIT/mult_55/U121/Y (XOR3XLM)                       0.57       1.81 f
  ALU_UNIT/mult_55/U47/Y (AND2X2M)                        0.21       2.02 f
  ALU_UNIT/mult_55/U46/Y (OA22X2M)                        0.33       2.35 f
  ALU_UNIT/mult_55/U41/Y (XOR3XLM)                        0.55       2.90 f
  ALU_UNIT/mult_55/U112/Y (XOR3XLM)                       0.35       3.26 r
  ALU_UNIT/mult_55/U43/Y (NOR2X2M)                        0.07       3.32 f
  ALU_UNIT/mult_55/U42/Y (AOI2BB2XLM)                     0.26       3.59 f
  ALU_UNIT/mult_55/U36/Y (XOR3XLM)                        0.56       4.15 f
  ALU_UNIT/mult_55/U16/Y (CLKXOR2X2M)                     0.32       4.47 r
  ALU_UNIT/mult_55/FS_1/A[7] (ALU_OPERAND_WIDTH8_OUT_WIDTH16_DW01_add_1)
                                                          0.00       4.47 r
  ALU_UNIT/mult_55/FS_1/U3/Y (NAND2X2M)                   0.08       4.55 f
  ALU_UNIT/mult_55/FS_1/U4/Y (OA21X2M)                    0.35       4.90 f
  ALU_UNIT/mult_55/FS_1/U19/Y (XNOR2X2M)                  0.08       4.98 r
  ALU_UNIT/mult_55/FS_1/SUM[9] (ALU_OPERAND_WIDTH8_OUT_WIDTH16_DW01_add_1)
                                                          0.00       4.98 r
  ALU_UNIT/mult_55/PRODUCT[11] (ALU_OPERAND_WIDTH8_OUT_WIDTH16_DW02_mult_0)
                                                          0.00       4.98 r
  ALU_UNIT/U63/Y (OAI2BB1X2M)                             0.15       5.13 r
  ALU_UNIT/ALU_OUT_reg[11]/D (DFFRQX2M)                   0.00       5.13 r
  data arrival time                                                  5.13

  clock ALU_CLK (rise edge)                              20.00      20.00
  clock network delay (ideal)                             0.00      20.00
  clock uncertainty                                      -0.20      19.80
  ALU_UNIT/ALU_OUT_reg[11]/CK (DFFRQX2M)                  0.00      19.80 r
  library setup time                                     -0.31      19.49
  data required time                                                19.49
  --------------------------------------------------------------------------
  data required time                                                19.49
  data arrival time                                                 -5.13
  --------------------------------------------------------------------------
  slack (MET)                                                       14.36


  Startpoint: REG_FILE_UNIT/regfile_reg[0][1]
              (rising edge-triggered flip-flop clocked by REF_CLK)
  Endpoint: ALU_UNIT/ALU_OUT_reg[10]
            (rising edge-triggered flip-flop clocked by ALU_CLK)
  Path Group: ALU_CLK
  Path Type: max

  Point                                                   Incr       Path
  --------------------------------------------------------------------------
  clock REF_CLK (rise edge)                               0.00       0.00
  clock network delay (ideal)                             0.00       0.00
  REG_FILE_UNIT/regfile_reg[0][1]/CK (DFFRQX2M)           0.00       0.00 r
  REG_FILE_UNIT/regfile_reg[0][1]/Q (DFFRQX2M)            0.39       0.39 r
  REG_FILE_UNIT/REG0[1] (Register_File_DEPTH16_DATA_WIDTH8_ADDRESS_WIDTH4)
                                                          0.00       0.39 r
  ALU_UNIT/A[1] (ALU_OPERAND_WIDTH8_OUT_WIDTH16)          0.00       0.39 r
  ALU_UNIT/U119/Y (BUFX2M)                                0.40       0.79 r
  ALU_UNIT/mult_55/A[1] (ALU_OPERAND_WIDTH8_OUT_WIDTH16_DW02_mult_0)
                                                          0.00       0.79 r
  ALU_UNIT/mult_55/U155/Y (INVX2M)                        0.19       0.98 f
  ALU_UNIT/mult_55/U101/Y (NOR2X2M)                       0.13       1.11 r
  ALU_UNIT/mult_55/U100/Y (XNOR2X2M)                      0.13       1.24 f
  ALU_UNIT/mult_55/U121/Y (XOR3XLM)                       0.57       1.81 f
  ALU_UNIT/mult_55/U47/Y (AND2X2M)                        0.21       2.02 f
  ALU_UNIT/mult_55/U46/Y (OA22X2M)                        0.33       2.35 f
  ALU_UNIT/mult_55/U41/Y (XOR3XLM)                        0.55       2.90 f
  ALU_UNIT/mult_55/U114/Y (OAI2BB1X2M)                    0.11       3.02 r
  ALU_UNIT/mult_55/U113/Y (OAI21X2M)                      0.09       3.11 f
  ALU_UNIT/mult_55/U110/Y (XOR3XLM)                       0.58       3.69 f
  ALU_UNIT/mult_55/U30/Y (NOR2X2M)                        0.13       3.81 r
  ALU_UNIT/mult_55/U3/Y (AOI2BB2XLM)                      0.32       4.13 r
  ALU_UNIT/mult_55/U12/Y (CLKXOR2X2M)                     0.42       4.55 f
  ALU_UNIT/mult_55/FS_1/A[8] (ALU_OPERAND_WIDTH8_OUT_WIDTH16_DW01_add_1)
                                                          0.00       4.55 f
  ALU_UNIT/mult_55/FS_1/U2/Y (NAND2X2M)                   0.11       4.66 r
  ALU_UNIT/mult_55/FS_1/U18/Y (OAI21X2M)                  0.07       4.72 f
  ALU_UNIT/mult_55/FS_1/U17/Y (CLKXOR2X2M)                0.25       4.98 r
  ALU_UNIT/mult_55/FS_1/SUM[8] (ALU_OPERAND_WIDTH8_OUT_WIDTH16_DW01_add_1)
                                                          0.00       4.98 r
  ALU_UNIT/mult_55/PRODUCT[10] (ALU_OPERAND_WIDTH8_OUT_WIDTH16_DW02_mult_0)
                                                          0.00       4.98 r
  ALU_UNIT/U62/Y (OAI2BB1X2M)                             0.12       5.10 r
  ALU_UNIT/ALU_OUT_reg[10]/D (DFFRQX2M)                   0.00       5.10 r
  data arrival time                                                  5.10

  clock ALU_CLK (rise edge)                              20.00      20.00
  clock network delay (ideal)                             0.00      20.00
  clock uncertainty                                      -0.20      19.80
  ALU_UNIT/ALU_OUT_reg[10]/CK (DFFRQX2M)                  0.00      19.80 r
  library setup time                                     -0.31      19.49
  data required time                                                19.49
  --------------------------------------------------------------------------
  data required time                                                19.49
  data arrival time                                                 -5.10
  --------------------------------------------------------------------------
  slack (MET)                                                       14.39


  Startpoint: REG_FILE_UNIT/regfile_reg[0][1]
              (rising edge-triggered flip-flop clocked by REF_CLK)
  Endpoint: ALU_UNIT/ALU_OUT_reg[9]
            (rising edge-triggered flip-flop clocked by ALU_CLK)
  Path Group: ALU_CLK
  Path Type: max

  Point                                                   Incr       Path
  --------------------------------------------------------------------------
  clock REF_CLK (rise edge)                               0.00       0.00
  clock network delay (ideal)                             0.00       0.00
  REG_FILE_UNIT/regfile_reg[0][1]/CK (DFFRQX2M)           0.00       0.00 r
  REG_FILE_UNIT/regfile_reg[0][1]/Q (DFFRQX2M)            0.39       0.39 r
  REG_FILE_UNIT/REG0[1] (Register_File_DEPTH16_DATA_WIDTH8_ADDRESS_WIDTH4)
                                                          0.00       0.39 r
  ALU_UNIT/A[1] (ALU_OPERAND_WIDTH8_OUT_WIDTH16)          0.00       0.39 r
  ALU_UNIT/U119/Y (BUFX2M)                                0.40       0.79 r
  ALU_UNIT/mult_55/A[1] (ALU_OPERAND_WIDTH8_OUT_WIDTH16_DW02_mult_0)
                                                          0.00       0.79 r
  ALU_UNIT/mult_55/U155/Y (INVX2M)                        0.19       0.98 f
  ALU_UNIT/mult_55/U101/Y (NOR2X2M)                       0.13       1.11 r
  ALU_UNIT/mult_55/U100/Y (XNOR2X2M)                      0.13       1.24 f
  ALU_UNIT/mult_55/U121/Y (XOR3XLM)                       0.57       1.81 f
  ALU_UNIT/mult_55/U47/Y (AND2X2M)                        0.21       2.02 f
  ALU_UNIT/mult_55/U46/Y (OA22X2M)                        0.33       2.35 f
  ALU_UNIT/mult_55/U41/Y (XOR3XLM)                        0.55       2.90 f
  ALU_UNIT/mult_55/U112/Y (XOR3XLM)                       0.35       3.26 f
  ALU_UNIT/mult_55/U43/Y (NOR2X2M)                        0.12       3.38 r
  ALU_UNIT/mult_55/U42/Y (AOI2BB2XLM)                     0.27       3.66 r
  ALU_UNIT/mult_55/U36/Y (XOR3XLM)                        0.47       4.13 r
  ALU_UNIT/mult_55/U16/Y (CLKXOR2X2M)                     0.35       4.48 f
  ALU_UNIT/mult_55/FS_1/A[7] (ALU_OPERAND_WIDTH8_OUT_WIDTH16_DW01_add_1)
                                                          0.00       4.48 f
  ALU_UNIT/mult_55/FS_1/U23/Y (CLKXOR2X2M)                0.26       4.74 r
  ALU_UNIT/mult_55/FS_1/SUM[7] (ALU_OPERAND_WIDTH8_OUT_WIDTH16_DW01_add_1)
                                                          0.00       4.74 r
  ALU_UNIT/mult_55/PRODUCT[9] (ALU_OPERAND_WIDTH8_OUT_WIDTH16_DW02_mult_0)
                                                          0.00       4.74 r
  ALU_UNIT/U68/Y (OAI2BB1X2M)                             0.12       4.86 r
  ALU_UNIT/ALU_OUT_reg[9]/D (DFFRQX2M)                    0.00       4.86 r
  data arrival time                                                  4.86

  clock ALU_CLK (rise edge)                              20.00      20.00
  clock network delay (ideal)                             0.00      20.00
  clock uncertainty                                      -0.20      19.80
  ALU_UNIT/ALU_OUT_reg[9]/CK (DFFRQX2M)                   0.00      19.80 r
  library setup time                                     -0.31      19.49
  data required time                                                19.49
  --------------------------------------------------------------------------
  data required time                                                19.49
  data arrival time                                                 -4.86
  --------------------------------------------------------------------------
  slack (MET)                                                       14.63


  Startpoint: REG_FILE_UNIT/regfile_reg[0][0]
              (rising edge-triggered flip-flop clocked by REF_CLK)
  Endpoint: ALU_UNIT/ALU_OUT_reg[8]
            (rising edge-triggered flip-flop clocked by ALU_CLK)
  Path Group: ALU_CLK
  Path Type: max

  Point                                                   Incr       Path
  --------------------------------------------------------------------------
  clock REF_CLK (rise edge)                               0.00       0.00
  clock network delay (ideal)                             0.00       0.00
  REG_FILE_UNIT/regfile_reg[0][0]/CK (DFFRQX2M)           0.00       0.00 r
  REG_FILE_UNIT/regfile_reg[0][0]/Q (DFFRQX2M)            0.48       0.48 f
  REG_FILE_UNIT/REG0[0] (Register_File_DEPTH16_DATA_WIDTH8_ADDRESS_WIDTH4)
                                                          0.00       0.48 f
  ALU_UNIT/A[0] (ALU_OPERAND_WIDTH8_OUT_WIDTH16)          0.00       0.48 f
  ALU_UNIT/U4/Y (BUFX2M)                                  0.26       0.74 f
  ALU_UNIT/mult_55/A[0] (ALU_OPERAND_WIDTH8_OUT_WIDTH16_DW02_mult_0)
                                                          0.00       0.74 f
  ALU_UNIT/mult_55/U115/Y (INVX2M)                        0.22       0.96 r
  ALU_UNIT/mult_55/U103/Y (NOR2X2M)                       0.08       1.04 f
  ALU_UNIT/mult_55/U102/Y (XNOR2X2M)                      0.19       1.23 f
  ALU_UNIT/mult_55/U116/Y (XOR3XLM)                       0.57       1.80 f
  ALU_UNIT/mult_55/U32/Y (AND2X2M)                        0.21       2.02 f
  ALU_UNIT/mult_55/U31/Y (OAI22X1M)                       0.27       2.28 r
  ALU_UNIT/mult_55/U51/Y (OAI21X2M)                       0.11       2.39 f
  ALU_UNIT/mult_55/U50/Y (AOI21BX2M)                      0.18       2.57 f
  ALU_UNIT/mult_55/U39/Y (XOR3XLM)                        0.54       3.11 f
  ALU_UNIT/mult_55/U49/Y (AND2X2M)                        0.21       3.32 f
  ALU_UNIT/mult_55/U48/Y (OA22X2M)                        0.33       3.65 f
  ALU_UNIT/mult_55/U11/Y (XOR3XLM)                        0.54       4.19 f
  ALU_UNIT/mult_55/U7/Y (CLKXOR2X2M)                      0.29       4.48 r
  ALU_UNIT/mult_55/FS_1/A[6] (ALU_OPERAND_WIDTH8_OUT_WIDTH16_DW01_add_1)
                                                          0.00       4.48 r
  ALU_UNIT/mult_55/FS_1/U24/Y (BUFX2M)                    0.11       4.58 r
  ALU_UNIT/mult_55/FS_1/SUM[6] (ALU_OPERAND_WIDTH8_OUT_WIDTH16_DW01_add_1)
                                                          0.00       4.58 r
  ALU_UNIT/mult_55/PRODUCT[8] (ALU_OPERAND_WIDTH8_OUT_WIDTH16_DW02_mult_0)
                                                          0.00       4.58 r
  ALU_UNIT/U122/Y (NAND2X2M)                              0.06       4.64 f
  ALU_UNIT/U120/Y (OAI211X2M)                             0.08       4.72 r
  ALU_UNIT/ALU_OUT_reg[8]/D (DFFRQX2M)                    0.00       4.72 r
  data arrival time                                                  4.72

  clock ALU_CLK (rise edge)                              20.00      20.00
  clock network delay (ideal)                             0.00      20.00
  clock uncertainty                                      -0.20      19.80
  ALU_UNIT/ALU_OUT_reg[8]/CK (DFFRQX2M)                   0.00      19.80 r
  library setup time                                     -0.32      19.48
  data required time                                                19.48
  --------------------------------------------------------------------------
  data required time                                                19.48
  data arrival time                                                 -4.72
  --------------------------------------------------------------------------
  slack (MET)                                                       14.76


  Startpoint: REG_FILE_UNIT/regfile_reg[0][1]
              (rising edge-triggered flip-flop clocked by REF_CLK)
  Endpoint: ALU_UNIT/ALU_OUT_reg[7]
            (rising edge-triggered flip-flop clocked by ALU_CLK)
  Path Group: ALU_CLK
  Path Type: max

  Point                                                   Incr       Path
  --------------------------------------------------------------------------
  clock REF_CLK (rise edge)                               0.00       0.00
  clock network delay (ideal)                             0.00       0.00
  REG_FILE_UNIT/regfile_reg[0][1]/CK (DFFRQX2M)           0.00       0.00 r
  REG_FILE_UNIT/regfile_reg[0][1]/Q (DFFRQX2M)            0.39       0.39 r
  REG_FILE_UNIT/REG0[1] (Register_File_DEPTH16_DATA_WIDTH8_ADDRESS_WIDTH4)
                                                          0.00       0.39 r
  ALU_UNIT/A[1] (ALU_OPERAND_WIDTH8_OUT_WIDTH16)          0.00       0.39 r
  ALU_UNIT/U119/Y (BUFX2M)                                0.40       0.79 r
  ALU_UNIT/mult_55/A[1] (ALU_OPERAND_WIDTH8_OUT_WIDTH16_DW02_mult_0)
                                                          0.00       0.79 r
  ALU_UNIT/mult_55/U155/Y (INVX2M)                        0.19       0.98 f
  ALU_UNIT/mult_55/U133/Y (NOR2X2M)                       0.13       1.11 r
  ALU_UNIT/mult_55/U132/Y (XNOR2X2M)                      0.22       1.33 r
  ALU_UNIT/mult_55/U160/Y (NOR2X2M)                       0.07       1.41 f
  ALU_UNIT/mult_55/U159/Y (AOI2BB2XLM)                    0.26       1.67 f
  ALU_UNIT/mult_55/U66/Y (XOR3XLM)                        0.59       2.25 f
  ALU_UNIT/mult_55/U76/Y (OA21X2M)                        0.37       2.62 f
  ALU_UNIT/mult_55/U18/Y (XOR3XLM)                        0.56       3.18 f
  ALU_UNIT/mult_55/U74/Y (AND2X2M)                        0.21       3.38 f
  ALU_UNIT/mult_55/U73/Y (OA22X2M)                        0.33       3.72 f
  ALU_UNIT/mult_55/U24/Y (XNOR3X2M)                       0.38       4.10 f
  ALU_UNIT/mult_55/FS_1/A[5] (ALU_OPERAND_WIDTH8_OUT_WIDTH16_DW01_add_1)
                                                          0.00       4.10 f
  ALU_UNIT/mult_55/FS_1/U25/Y (BUFX2M)                    0.14       4.24 f
  ALU_UNIT/mult_55/FS_1/SUM[5] (ALU_OPERAND_WIDTH8_OUT_WIDTH16_DW01_add_1)
                                                          0.00       4.24 f
  ALU_UNIT/mult_55/PRODUCT[7] (ALU_OPERAND_WIDTH8_OUT_WIDTH16_DW02_mult_0)
                                                          0.00       4.24 f
  ALU_UNIT/U69/Y (OAI2BB2X1M)                             0.22       4.46 f
  ALU_UNIT/ALU_OUT_reg[7]/D (DFFRQX2M)                    0.00       4.46 f
  data arrival time                                                  4.46

  clock ALU_CLK (rise edge)                              20.00      20.00
  clock network delay (ideal)                             0.00      20.00
  clock uncertainty                                      -0.20      19.80
  ALU_UNIT/ALU_OUT_reg[7]/CK (DFFRQX2M)                   0.00      19.80 r
  library setup time                                     -0.17      19.63
  data required time                                                19.63
  --------------------------------------------------------------------------
  data required time                                                19.63
  data arrival time                                                 -4.46
  --------------------------------------------------------------------------
  slack (MET)                                                       15.18


  Startpoint: REG_FILE_UNIT/regfile_reg[0][1]
              (rising edge-triggered flip-flop clocked by REF_CLK)
  Endpoint: ALU_UNIT/ALU_OUT_reg[6]
            (rising edge-triggered flip-flop clocked by ALU_CLK)
  Path Group: ALU_CLK
  Path Type: max

  Point                                                   Incr       Path
  --------------------------------------------------------------------------
  clock REF_CLK (rise edge)                               0.00       0.00
  clock network delay (ideal)                             0.00       0.00
  REG_FILE_UNIT/regfile_reg[0][1]/CK (DFFRQX2M)           0.00       0.00 r
  REG_FILE_UNIT/regfile_reg[0][1]/Q (DFFRQX2M)            0.39       0.39 r
  REG_FILE_UNIT/REG0[1] (Register_File_DEPTH16_DATA_WIDTH8_ADDRESS_WIDTH4)
                                                          0.00       0.39 r
  ALU_UNIT/A[1] (ALU_OPERAND_WIDTH8_OUT_WIDTH16)          0.00       0.39 r
  ALU_UNIT/U119/Y (BUFX2M)                                0.40       0.79 r
  ALU_UNIT/mult_55/A[1] (ALU_OPERAND_WIDTH8_OUT_WIDTH16_DW02_mult_0)
                                                          0.00       0.79 r
  ALU_UNIT/mult_55/U155/Y (INVX2M)                        0.19       0.98 f
  ALU_UNIT/mult_55/U133/Y (NOR2X2M)                       0.13       1.11 r
  ALU_UNIT/mult_55/U132/Y (XNOR2X2M)                      0.13       1.24 f
  ALU_UNIT/mult_55/U146/Y (XOR3XLM)                       0.57       1.82 f
  ALU_UNIT/mult_55/U57/Y (AND2X2M)                        0.21       2.03 f
  ALU_UNIT/mult_55/U56/Y (OAI22X1M)                       0.25       2.28 r
  ALU_UNIT/mult_55/U62/Y (XOR3XLM)                        0.49       2.78 f
  ALU_UNIT/mult_55/U69/Y (NOR2X2M)                        0.13       2.90 r
  ALU_UNIT/mult_55/U68/Y (AOI2BB2XLM)                     0.31       3.21 r
  ALU_UNIT/mult_55/U86/Y (XNOR3X2M)                       0.44       3.65 f
  ALU_UNIT/mult_55/FS_1/A[4] (ALU_OPERAND_WIDTH8_OUT_WIDTH16_DW01_add_1)
                                                          0.00       3.65 f
  ALU_UNIT/mult_55/FS_1/U26/Y (BUFX2M)                    0.14       3.79 f
  ALU_UNIT/mult_55/FS_1/SUM[4] (ALU_OPERAND_WIDTH8_OUT_WIDTH16_DW01_add_1)
                                                          0.00       3.79 f
  ALU_UNIT/mult_55/PRODUCT[6] (ALU_OPERAND_WIDTH8_OUT_WIDTH16_DW02_mult_0)
                                                          0.00       3.79 f
  ALU_UNIT/U72/Y (AO21XLM)                                0.26       4.05 f
  ALU_UNIT/ALU_OUT_reg[6]/D (DFFRQX2M)                    0.00       4.05 f
  data arrival time                                                  4.05

  clock ALU_CLK (rise edge)                              20.00      20.00
  clock network delay (ideal)                             0.00      20.00
  clock uncertainty                                      -0.20      19.80
  ALU_UNIT/ALU_OUT_reg[6]/CK (DFFRQX2M)                   0.00      19.80 r
  library setup time                                     -0.16      19.64
  data required time                                                19.64
  --------------------------------------------------------------------------
  data required time                                                19.64
  data arrival time                                                 -4.05
  --------------------------------------------------------------------------
  slack (MET)                                                       15.58


  Startpoint: SYS_CTRL_UNIT/Current_State_reg[1]
              (rising edge-triggered flip-flop clocked by REF_CLK)
  Endpoint: ALU_UNIT/ALU_OUT_reg[5]
            (rising edge-triggered flip-flop clocked by ALU_CLK)
  Path Group: ALU_CLK
  Path Type: max

  Point                                                   Incr       Path
  --------------------------------------------------------------------------
  clock REF_CLK (rise edge)                               0.00       0.00
  clock network delay (ideal)                             0.00       0.00
  SYS_CTRL_UNIT/Current_State_reg[1]/CK (DFFRQX2M)        0.00       0.00 r
  SYS_CTRL_UNIT/Current_State_reg[1]/Q (DFFRQX2M)         0.41       0.41 r
  SYS_CTRL_UNIT/U43/Y (INVX2M)                            0.12       0.53 f
  SYS_CTRL_UNIT/U41/Y (NOR2X2M)                           0.20       0.74 r
  SYS_CTRL_UNIT/U45/Y (NAND3X2M)                          0.16       0.90 f
  SYS_CTRL_UNIT/U20/Y (NOR2X2M)                           0.22       1.12 r
  SYS_CTRL_UNIT/U11/Y (INVX2M)                            0.13       1.25 f
  SYS_CTRL_UNIT/U4/Y (NOR2X2M)                            0.27       1.52 r
  SYS_CTRL_UNIT/ALU_FUN[3] (SYS_CTRL_OP_WIDTH8_ALU_OUT_WIDTH16_REG_WIDTH8_REG_DEPTH16_ADDRESS_WIDTH4_UART_DATA_WIDTH8)
                                                          0.00       1.52 r
  ALU_UNIT/ALU_FUN[3] (ALU_OPERAND_WIDTH8_OUT_WIDTH16)
                                                          0.00       1.52 r
  ALU_UNIT/U36/Y (INVX2M)                                 0.10       1.62 f
  ALU_UNIT/U32/Y (NAND2X2M)                               0.11       1.73 r
  ALU_UNIT/U19/Y (INVX2M)                                 0.06       1.80 f
  ALU_UNIT/U12/Y (AOI22X1M)                               0.28       2.07 r
  ALU_UNIT/U6/Y (INVX2M)                                  0.15       2.22 f
  ALU_UNIT/U139/Y (AOI221XLM)                             0.43       2.65 r
  ALU_UNIT/U137/Y (OAI222X1M)                             0.25       2.91 f
  ALU_UNIT/U136/Y (AOI221XLM)                             0.35       3.26 r
  ALU_UNIT/U67/Y (AOI31X2M)                               0.14       3.40 f
  ALU_UNIT/U66/Y (AO21XLM)                                0.27       3.67 f
  ALU_UNIT/ALU_OUT_reg[5]/D (DFFRQX2M)                    0.00       3.67 f
  data arrival time                                                  3.67

  clock ALU_CLK (rise edge)                              20.00      20.00
  clock network delay (ideal)                             0.00      20.00
  clock uncertainty                                      -0.20      19.80
  ALU_UNIT/ALU_OUT_reg[5]/CK (DFFRQX2M)                   0.00      19.80 r
  library setup time                                     -0.16      19.64
  data required time                                                19.64
  --------------------------------------------------------------------------
  data required time                                                19.64
  data arrival time                                                 -3.67
  --------------------------------------------------------------------------
  slack (MET)                                                       15.97


  Startpoint: SYS_CTRL_UNIT/Current_State_reg[1]
              (rising edge-triggered flip-flop clocked by REF_CLK)
  Endpoint: ALU_UNIT/OUT_VALID_reg
            (rising edge-triggered flip-flop clocked by ALU_CLK)
  Path Group: ALU_CLK
  Path Type: max

  Point                                                   Incr       Path
  --------------------------------------------------------------------------
  clock REF_CLK (rise edge)                               0.00       0.00
  clock network delay (ideal)                             0.00       0.00
  SYS_CTRL_UNIT/Current_State_reg[1]/CK (DFFRQX2M)        0.00       0.00 r
  SYS_CTRL_UNIT/Current_State_reg[1]/Q (DFFRQX2M)         0.41       0.41 r
  SYS_CTRL_UNIT/U43/Y (INVX2M)                            0.12       0.53 f
  SYS_CTRL_UNIT/U41/Y (NOR2X2M)                           0.20       0.74 r
  SYS_CTRL_UNIT/U45/Y (NAND3X2M)                          0.16       0.90 f
  SYS_CTRL_UNIT/U20/Y (NOR2X2M)                           0.22       1.12 r
  SYS_CTRL_UNIT/EN (SYS_CTRL_OP_WIDTH8_ALU_OUT_WIDTH16_REG_WIDTH8_REG_DEPTH16_ADDRESS_WIDTH4_UART_DATA_WIDTH8)
                                                          0.00       1.12 r
  ALU_UNIT/EN (ALU_OPERAND_WIDTH8_OUT_WIDTH16)            0.00       1.12 r
  ALU_UNIT/OUT_VALID_reg/D (DFFRQX2M)                     0.00       1.12 r
  data arrival time                                                  1.12

  clock ALU_CLK (rise edge)                              20.00      20.00
  clock network delay (ideal)                             0.00      20.00
  clock uncertainty                                      -0.20      19.80
  ALU_UNIT/OUT_VALID_reg/CK (DFFRQX2M)                    0.00      19.80 r
  library setup time                                     -0.33      19.47
  data required time                                                19.47
  --------------------------------------------------------------------------
  data required time                                                19.47
  data arrival time                                                 -1.12
  --------------------------------------------------------------------------
  slack (MET)                                                       18.34


  Startpoint: SYS_CTRL_UNIT/Current_State_reg[1]
              (rising edge-triggered flip-flop clocked by REF_CLK)
  Endpoint: CLK_GATE_UNIT/Latch_Out_reg
            (negative level-sensitive latch clocked by REF_CLK)
  Path Group: REF_CLK
  Path Type: max

  Point                                                   Incr       Path
  --------------------------------------------------------------------------
  clock REF_CLK (rise edge)                               0.00       0.00
  clock network delay (ideal)                             0.00       0.00
  SYS_CTRL_UNIT/Current_State_reg[1]/CK (DFFRQX2M)        0.00       0.00 r
  SYS_CTRL_UNIT/Current_State_reg[1]/Q (DFFRQX2M)         0.50       0.50 f
  SYS_CTRL_UNIT/U43/Y (INVX2M)                            0.17       0.67 r
  SYS_CTRL_UNIT/U41/Y (NOR2X2M)                           0.11       0.78 f
  SYS_CTRL_UNIT/U44/Y (NAND3X2M)                          0.11       0.89 r
  SYS_CTRL_UNIT/U16/Y (INVX2M)                            0.06       0.95 f
  SYS_CTRL_UNIT/U13/Y (NOR2X2M)                           0.16       1.12 r
  SYS_CTRL_UNIT/U15/Y (NAND4X2M)                          0.13       1.24 f
  SYS_CTRL_UNIT/CLK_EN (SYS_CTRL_OP_WIDTH8_ALU_OUT_WIDTH16_REG_WIDTH8_REG_DEPTH16_ADDRESS_WIDTH4_UART_DATA_WIDTH8)
                                                          0.00       1.24 f
  CLK_GATE_UNIT/CLK_EN (CLK_GATE)                         0.00       1.24 f
  CLK_GATE_UNIT/Latch_Out_reg/D (TLATNX2M)                0.00       1.24 f
  data arrival time                                                  1.24

  clock REF_CLK (fall edge)                              10.00      10.00
  clock network delay (ideal)                             0.00      10.00
  clock uncertainty                                      -0.20       9.80
  CLK_GATE_UNIT/Latch_Out_reg/GN (TLATNX2M)               0.00       9.80 f
  time borrowed from endpoint                             0.00       9.80
  data required time                                                 9.80
  --------------------------------------------------------------------------
  data required time                                                 9.80
  data arrival time                                                 -1.24
  --------------------------------------------------------------------------
  slack (MET)                                                        8.56

  Time Borrowing Information
  --------------------------------------------------------------
  REF_CLK nominal pulse width                            10.00   
  library setup time                                     -0.13   
  --------------------------------------------------------------
  max time borrow                                         9.87   
  actual time borrow                                      0.00   
  --------------------------------------------------------------


  Startpoint: SYS_CTRL_UNIT/Current_State_reg[1]
              (rising edge-triggered flip-flop clocked by REF_CLK)
  Endpoint: REG_FILE_UNIT/RdData_reg[7]
            (rising edge-triggered flip-flop clocked by REF_CLK)
  Path Group: REF_CLK
  Path Type: max

  Point                                                   Incr       Path
  --------------------------------------------------------------------------
  clock REF_CLK (rise edge)                               0.00       0.00
  clock network delay (ideal)                             0.00       0.00
  SYS_CTRL_UNIT/Current_State_reg[1]/CK (DFFRQX2M)        0.00       0.00 r
  SYS_CTRL_UNIT/Current_State_reg[1]/Q (DFFRQX2M)         0.41       0.41 r
  SYS_CTRL_UNIT/U43/Y (INVX2M)                            0.12       0.53 f
  SYS_CTRL_UNIT/U41/Y (NOR2X2M)                           0.20       0.74 r
  SYS_CTRL_UNIT/U49/Y (NOR3BX2M)                          0.30       1.04 r
  SYS_CTRL_UNIT/U10/Y (AOI21X2M)                          0.17       1.21 f
  SYS_CTRL_UNIT/U7/Y (NOR2X2M)                            0.27       1.47 r
  SYS_CTRL_UNIT/Address[2] (SYS_CTRL_OP_WIDTH8_ALU_OUT_WIDTH16_REG_WIDTH8_REG_DEPTH16_ADDRESS_WIDTH4_UART_DATA_WIDTH8)
                                                          0.00       1.47 r
  REG_FILE_UNIT/Address[2] (Register_File_DEPTH16_DATA_WIDTH8_ADDRESS_WIDTH4)
                                                          0.00       1.47 r
  REG_FILE_UNIT/U49/Y (INVX2M)                            0.14       1.61 f
  REG_FILE_UNIT/U3/Y (NOR2X2M)                            0.74       2.35 r
  REG_FILE_UNIT/U204/Y (AOI221XLM)                        0.22       2.57 f
  REG_FILE_UNIT/U202/Y (OAI22X1M)                         0.25       2.82 r
  REG_FILE_UNIT/U171/Y (AOI221XLM)                        0.11       2.93 f
  REG_FILE_UNIT/U170/Y (OAI2BB2X1M)                       0.16       3.10 r
  REG_FILE_UNIT/RdData_reg[7]/D (DFFRQX2M)                0.00       3.10 r
  data arrival time                                                  3.10

  clock REF_CLK (rise edge)                              20.00      20.00
  clock network delay (ideal)                             0.00      20.00
  clock uncertainty                                      -0.20      19.80
  REG_FILE_UNIT/RdData_reg[7]/CK (DFFRQX2M)               0.00      19.80 r
  library setup time                                     -0.31      19.49
  data required time                                                19.49
  --------------------------------------------------------------------------
  data required time                                                19.49
  data arrival time                                                 -3.10
  --------------------------------------------------------------------------
  slack (MET)                                                       16.40


  Startpoint: SYS_CTRL_UNIT/Current_State_reg[1]
              (rising edge-triggered flip-flop clocked by REF_CLK)
  Endpoint: REG_FILE_UNIT/RdData_reg[6]
            (rising edge-triggered flip-flop clocked by REF_CLK)
  Path Group: REF_CLK
  Path Type: max

  Point                                                   Incr       Path
  --------------------------------------------------------------------------
  clock REF_CLK (rise edge)                               0.00       0.00
  clock network delay (ideal)                             0.00       0.00
  SYS_CTRL_UNIT/Current_State_reg[1]/CK (DFFRQX2M)        0.00       0.00 r
  SYS_CTRL_UNIT/Current_State_reg[1]/Q (DFFRQX2M)         0.41       0.41 r
  SYS_CTRL_UNIT/U43/Y (INVX2M)                            0.12       0.53 f
  SYS_CTRL_UNIT/U41/Y (NOR2X2M)                           0.20       0.74 r
  SYS_CTRL_UNIT/U49/Y (NOR3BX2M)                          0.30       1.04 r
  SYS_CTRL_UNIT/U10/Y (AOI21X2M)                          0.17       1.21 f
  SYS_CTRL_UNIT/U7/Y (NOR2X2M)                            0.27       1.47 r
  SYS_CTRL_UNIT/Address[2] (SYS_CTRL_OP_WIDTH8_ALU_OUT_WIDTH16_REG_WIDTH8_REG_DEPTH16_ADDRESS_WIDTH4_UART_DATA_WIDTH8)
                                                          0.00       1.47 r
  REG_FILE_UNIT/Address[2] (Register_File_DEPTH16_DATA_WIDTH8_ADDRESS_WIDTH4)
                                                          0.00       1.47 r
  REG_FILE_UNIT/U49/Y (INVX2M)                            0.14       1.61 f
  REG_FILE_UNIT/U3/Y (NOR2X2M)                            0.74       2.35 r
  REG_FILE_UNIT/U200/Y (AOI221XLM)                        0.22       2.57 f
  REG_FILE_UNIT/U198/Y (OAI22X1M)                         0.25       2.82 r
  REG_FILE_UNIT/U167/Y (AOI221XLM)                        0.11       2.93 f
  REG_FILE_UNIT/U166/Y (OAI2BB2X1M)                       0.16       3.10 r
  REG_FILE_UNIT/RdData_reg[6]/D (DFFRQX2M)                0.00       3.10 r
  data arrival time                                                  3.10

  clock REF_CLK (rise edge)                              20.00      20.00
  clock network delay (ideal)                             0.00      20.00
  clock uncertainty                                      -0.20      19.80
  REG_FILE_UNIT/RdData_reg[6]/CK (DFFRQX2M)               0.00      19.80 r
  library setup time                                     -0.31      19.49
  data required time                                                19.49
  --------------------------------------------------------------------------
  data required time                                                19.49
  data arrival time                                                 -3.10
  --------------------------------------------------------------------------
  slack (MET)                                                       16.40


  Startpoint: SYS_CTRL_UNIT/Current_State_reg[1]
              (rising edge-triggered flip-flop clocked by REF_CLK)
  Endpoint: REG_FILE_UNIT/RdData_reg[5]
            (rising edge-triggered flip-flop clocked by REF_CLK)
  Path Group: REF_CLK
  Path Type: max

  Point                                                   Incr       Path
  --------------------------------------------------------------------------
  clock REF_CLK (rise edge)                               0.00       0.00
  clock network delay (ideal)                             0.00       0.00
  SYS_CTRL_UNIT/Current_State_reg[1]/CK (DFFRQX2M)        0.00       0.00 r
  SYS_CTRL_UNIT/Current_State_reg[1]/Q (DFFRQX2M)         0.41       0.41 r
  SYS_CTRL_UNIT/U43/Y (INVX2M)                            0.12       0.53 f
  SYS_CTRL_UNIT/U41/Y (NOR2X2M)                           0.20       0.74 r
  SYS_CTRL_UNIT/U49/Y (NOR3BX2M)                          0.30       1.04 r
  SYS_CTRL_UNIT/U10/Y (AOI21X2M)                          0.17       1.21 f
  SYS_CTRL_UNIT/U7/Y (NOR2X2M)                            0.27       1.47 r
  SYS_CTRL_UNIT/Address[2] (SYS_CTRL_OP_WIDTH8_ALU_OUT_WIDTH16_REG_WIDTH8_REG_DEPTH16_ADDRESS_WIDTH4_UART_DATA_WIDTH8)
                                                          0.00       1.47 r
  REG_FILE_UNIT/Address[2] (Register_File_DEPTH16_DATA_WIDTH8_ADDRESS_WIDTH4)
                                                          0.00       1.47 r
  REG_FILE_UNIT/U49/Y (INVX2M)                            0.14       1.61 f
  REG_FILE_UNIT/U3/Y (NOR2X2M)                            0.74       2.35 r
  REG_FILE_UNIT/U196/Y (AOI221XLM)                        0.22       2.57 f
  REG_FILE_UNIT/U194/Y (OAI22X1M)                         0.25       2.82 r
  REG_FILE_UNIT/U163/Y (AOI221XLM)                        0.11       2.93 f
  REG_FILE_UNIT/U162/Y (OAI2BB2X1M)                       0.16       3.10 r
  REG_FILE_UNIT/RdData_reg[5]/D (DFFRQX2M)                0.00       3.10 r
  data arrival time                                                  3.10

  clock REF_CLK (rise edge)                              20.00      20.00
  clock network delay (ideal)                             0.00      20.00
  clock uncertainty                                      -0.20      19.80
  REG_FILE_UNIT/RdData_reg[5]/CK (DFFRQX2M)               0.00      19.80 r
  library setup time                                     -0.31      19.49
  data required time                                                19.49
  --------------------------------------------------------------------------
  data required time                                                19.49
  data arrival time                                                 -3.10
  --------------------------------------------------------------------------
  slack (MET)                                                       16.40


  Startpoint: SYS_CTRL_UNIT/Current_State_reg[1]
              (rising edge-triggered flip-flop clocked by REF_CLK)
  Endpoint: REG_FILE_UNIT/RdData_reg[4]
            (rising edge-triggered flip-flop clocked by REF_CLK)
  Path Group: REF_CLK
  Path Type: max

  Point                                                   Incr       Path
  --------------------------------------------------------------------------
  clock REF_CLK (rise edge)                               0.00       0.00
  clock network delay (ideal)                             0.00       0.00
  SYS_CTRL_UNIT/Current_State_reg[1]/CK (DFFRQX2M)        0.00       0.00 r
  SYS_CTRL_UNIT/Current_State_reg[1]/Q (DFFRQX2M)         0.41       0.41 r
  SYS_CTRL_UNIT/U43/Y (INVX2M)                            0.12       0.53 f
  SYS_CTRL_UNIT/U41/Y (NOR2X2M)                           0.20       0.74 r
  SYS_CTRL_UNIT/U49/Y (NOR3BX2M)                          0.30       1.04 r
  SYS_CTRL_UNIT/U10/Y (AOI21X2M)                          0.17       1.21 f
  SYS_CTRL_UNIT/U7/Y (NOR2X2M)                            0.27       1.47 r
  SYS_CTRL_UNIT/Address[2] (SYS_CTRL_OP_WIDTH8_ALU_OUT_WIDTH16_REG_WIDTH8_REG_DEPTH16_ADDRESS_WIDTH4_UART_DATA_WIDTH8)
                                                          0.00       1.47 r
  REG_FILE_UNIT/Address[2] (Register_File_DEPTH16_DATA_WIDTH8_ADDRESS_WIDTH4)
                                                          0.00       1.47 r
  REG_FILE_UNIT/U49/Y (INVX2M)                            0.14       1.61 f
  REG_FILE_UNIT/U3/Y (NOR2X2M)                            0.74       2.35 r
  REG_FILE_UNIT/U192/Y (AOI221XLM)                        0.22       2.57 f
  REG_FILE_UNIT/U190/Y (OAI22X1M)                         0.25       2.82 r
  REG_FILE_UNIT/U159/Y (AOI221XLM)                        0.11       2.93 f
  REG_FILE_UNIT/U158/Y (OAI2BB2X1M)                       0.16       3.10 r
  REG_FILE_UNIT/RdData_reg[4]/D (DFFRQX2M)                0.00       3.10 r
  data arrival time                                                  3.10

  clock REF_CLK (rise edge)                              20.00      20.00
  clock network delay (ideal)                             0.00      20.00
  clock uncertainty                                      -0.20      19.80
  REG_FILE_UNIT/RdData_reg[4]/CK (DFFRQX2M)               0.00      19.80 r
  library setup time                                     -0.31      19.49
  data required time                                                19.49
  --------------------------------------------------------------------------
  data required time                                                19.49
  data arrival time                                                 -3.10
  --------------------------------------------------------------------------
  slack (MET)                                                       16.40


  Startpoint: SYS_CTRL_UNIT/Current_State_reg[1]
              (rising edge-triggered flip-flop clocked by REF_CLK)
  Endpoint: REG_FILE_UNIT/RdData_reg[3]
            (rising edge-triggered flip-flop clocked by REF_CLK)
  Path Group: REF_CLK
  Path Type: max

  Point                                                   Incr       Path
  --------------------------------------------------------------------------
  clock REF_CLK (rise edge)                               0.00       0.00
  clock network delay (ideal)                             0.00       0.00
  SYS_CTRL_UNIT/Current_State_reg[1]/CK (DFFRQX2M)        0.00       0.00 r
  SYS_CTRL_UNIT/Current_State_reg[1]/Q (DFFRQX2M)         0.41       0.41 r
  SYS_CTRL_UNIT/U43/Y (INVX2M)                            0.12       0.53 f
  SYS_CTRL_UNIT/U41/Y (NOR2X2M)                           0.20       0.74 r
  SYS_CTRL_UNIT/U49/Y (NOR3BX2M)                          0.30       1.04 r
  SYS_CTRL_UNIT/U10/Y (AOI21X2M)                          0.17       1.21 f
  SYS_CTRL_UNIT/U7/Y (NOR2X2M)                            0.27       1.47 r
  SYS_CTRL_UNIT/Address[2] (SYS_CTRL_OP_WIDTH8_ALU_OUT_WIDTH16_REG_WIDTH8_REG_DEPTH16_ADDRESS_WIDTH4_UART_DATA_WIDTH8)
                                                          0.00       1.47 r
  REG_FILE_UNIT/Address[2] (Register_File_DEPTH16_DATA_WIDTH8_ADDRESS_WIDTH4)
                                                          0.00       1.47 r
  REG_FILE_UNIT/U49/Y (INVX2M)                            0.14       1.61 f
  REG_FILE_UNIT/U3/Y (NOR2X2M)                            0.74       2.35 r
  REG_FILE_UNIT/U188/Y (AOI221XLM)                        0.22       2.57 f
  REG_FILE_UNIT/U186/Y (OAI22X1M)                         0.25       2.82 r
  REG_FILE_UNIT/U155/Y (AOI221XLM)                        0.11       2.93 f
  REG_FILE_UNIT/U154/Y (OAI2BB2X1M)                       0.16       3.10 r
  REG_FILE_UNIT/RdData_reg[3]/D (DFFRQX2M)                0.00       3.10 r
  data arrival time                                                  3.10

  clock REF_CLK (rise edge)                              20.00      20.00
  clock network delay (ideal)                             0.00      20.00
  clock uncertainty                                      -0.20      19.80
  REG_FILE_UNIT/RdData_reg[3]/CK (DFFRQX2M)               0.00      19.80 r
  library setup time                                     -0.31      19.49
  data required time                                                19.49
  --------------------------------------------------------------------------
  data required time                                                19.49
  data arrival time                                                 -3.10
  --------------------------------------------------------------------------
  slack (MET)                                                       16.40


  Startpoint: SYS_CTRL_UNIT/Current_State_reg[1]
              (rising edge-triggered flip-flop clocked by REF_CLK)
  Endpoint: REG_FILE_UNIT/RdData_reg[2]
            (rising edge-triggered flip-flop clocked by REF_CLK)
  Path Group: REF_CLK
  Path Type: max

  Point                                                   Incr       Path
  --------------------------------------------------------------------------
  clock REF_CLK (rise edge)                               0.00       0.00
  clock network delay (ideal)                             0.00       0.00
  SYS_CTRL_UNIT/Current_State_reg[1]/CK (DFFRQX2M)        0.00       0.00 r
  SYS_CTRL_UNIT/Current_State_reg[1]/Q (DFFRQX2M)         0.41       0.41 r
  SYS_CTRL_UNIT/U43/Y (INVX2M)                            0.12       0.53 f
  SYS_CTRL_UNIT/U41/Y (NOR2X2M)                           0.20       0.74 r
  SYS_CTRL_UNIT/U49/Y (NOR3BX2M)                          0.30       1.04 r
  SYS_CTRL_UNIT/U10/Y (AOI21X2M)                          0.17       1.21 f
  SYS_CTRL_UNIT/U7/Y (NOR2X2M)                            0.27       1.47 r
  SYS_CTRL_UNIT/Address[2] (SYS_CTRL_OP_WIDTH8_ALU_OUT_WIDTH16_REG_WIDTH8_REG_DEPTH16_ADDRESS_WIDTH4_UART_DATA_WIDTH8)
                                                          0.00       1.47 r
  REG_FILE_UNIT/Address[2] (Register_File_DEPTH16_DATA_WIDTH8_ADDRESS_WIDTH4)
                                                          0.00       1.47 r
  REG_FILE_UNIT/U49/Y (INVX2M)                            0.14       1.61 f
  REG_FILE_UNIT/U3/Y (NOR2X2M)                            0.74       2.35 r
  REG_FILE_UNIT/U184/Y (AOI221XLM)                        0.22       2.57 f
  REG_FILE_UNIT/U182/Y (OAI22X1M)                         0.25       2.82 r
  REG_FILE_UNIT/U151/Y (AOI221XLM)                        0.11       2.93 f
  REG_FILE_UNIT/U150/Y (OAI2BB2X1M)                       0.16       3.10 r
  REG_FILE_UNIT/RdData_reg[2]/D (DFFRQX2M)                0.00       3.10 r
  data arrival time                                                  3.10

  clock REF_CLK (rise edge)                              20.00      20.00
  clock network delay (ideal)                             0.00      20.00
  clock uncertainty                                      -0.20      19.80
  REG_FILE_UNIT/RdData_reg[2]/CK (DFFRQX2M)               0.00      19.80 r
  library setup time                                     -0.31      19.49
  data required time                                                19.49
  --------------------------------------------------------------------------
  data required time                                                19.49
  data arrival time                                                 -3.10
  --------------------------------------------------------------------------
  slack (MET)                                                       16.40


  Startpoint: SYS_CTRL_UNIT/Current_State_reg[1]
              (rising edge-triggered flip-flop clocked by REF_CLK)
  Endpoint: REG_FILE_UNIT/RdData_reg[1]
            (rising edge-triggered flip-flop clocked by REF_CLK)
  Path Group: REF_CLK
  Path Type: max

  Point                                                   Incr       Path
  --------------------------------------------------------------------------
  clock REF_CLK (rise edge)                               0.00       0.00
  clock network delay (ideal)                             0.00       0.00
  SYS_CTRL_UNIT/Current_State_reg[1]/CK (DFFRQX2M)        0.00       0.00 r
  SYS_CTRL_UNIT/Current_State_reg[1]/Q (DFFRQX2M)         0.41       0.41 r
  SYS_CTRL_UNIT/U43/Y (INVX2M)                            0.12       0.53 f
  SYS_CTRL_UNIT/U41/Y (NOR2X2M)                           0.20       0.74 r
  SYS_CTRL_UNIT/U49/Y (NOR3BX2M)                          0.30       1.04 r
  SYS_CTRL_UNIT/U10/Y (AOI21X2M)                          0.17       1.21 f
  SYS_CTRL_UNIT/U7/Y (NOR2X2M)                            0.27       1.47 r
  SYS_CTRL_UNIT/Address[2] (SYS_CTRL_OP_WIDTH8_ALU_OUT_WIDTH16_REG_WIDTH8_REG_DEPTH16_ADDRESS_WIDTH4_UART_DATA_WIDTH8)
                                                          0.00       1.47 r
  REG_FILE_UNIT/Address[2] (Register_File_DEPTH16_DATA_WIDTH8_ADDRESS_WIDTH4)
                                                          0.00       1.47 r
  REG_FILE_UNIT/U49/Y (INVX2M)                            0.14       1.61 f
  REG_FILE_UNIT/U3/Y (NOR2X2M)                            0.74       2.35 r
  REG_FILE_UNIT/U180/Y (AOI221XLM)                        0.22       2.57 f
  REG_FILE_UNIT/U178/Y (OAI22X1M)                         0.25       2.82 r
  REG_FILE_UNIT/U227/Y (AOI221XLM)                        0.11       2.93 f
  REG_FILE_UNIT/U226/Y (OAI2BB2X1M)                       0.16       3.10 r
  REG_FILE_UNIT/RdData_reg[1]/D (DFFRQX2M)                0.00       3.10 r
  data arrival time                                                  3.10

  clock REF_CLK (rise edge)                              20.00      20.00
  clock network delay (ideal)                             0.00      20.00
  clock uncertainty                                      -0.20      19.80
  REG_FILE_UNIT/RdData_reg[1]/CK (DFFRQX2M)               0.00      19.80 r
  library setup time                                     -0.31      19.49
  data required time                                                19.49
  --------------------------------------------------------------------------
  data required time                                                19.49
  data arrival time                                                 -3.10
  --------------------------------------------------------------------------
  slack (MET)                                                       16.40


  Startpoint: SYS_CTRL_UNIT/Current_State_reg[1]
              (rising edge-triggered flip-flop clocked by REF_CLK)
  Endpoint: REG_FILE_UNIT/RdData_reg[0]
            (rising edge-triggered flip-flop clocked by REF_CLK)
  Path Group: REF_CLK
  Path Type: max

  Point                                                   Incr       Path
  --------------------------------------------------------------------------
  clock REF_CLK (rise edge)                               0.00       0.00
  clock network delay (ideal)                             0.00       0.00
  SYS_CTRL_UNIT/Current_State_reg[1]/CK (DFFRQX2M)        0.00       0.00 r
  SYS_CTRL_UNIT/Current_State_reg[1]/Q (DFFRQX2M)         0.41       0.41 r
  SYS_CTRL_UNIT/U43/Y (INVX2M)                            0.12       0.53 f
  SYS_CTRL_UNIT/U41/Y (NOR2X2M)                           0.20       0.74 r
  SYS_CTRL_UNIT/U49/Y (NOR3BX2M)                          0.30       1.04 r
  SYS_CTRL_UNIT/U10/Y (AOI21X2M)                          0.17       1.21 f
  SYS_CTRL_UNIT/U7/Y (NOR2X2M)                            0.27       1.47 r
  SYS_CTRL_UNIT/Address[2] (SYS_CTRL_OP_WIDTH8_ALU_OUT_WIDTH16_REG_WIDTH8_REG_DEPTH16_ADDRESS_WIDTH4_UART_DATA_WIDTH8)
                                                          0.00       1.47 r
  REG_FILE_UNIT/Address[2] (Register_File_DEPTH16_DATA_WIDTH8_ADDRESS_WIDTH4)
                                                          0.00       1.47 r
  REG_FILE_UNIT/U49/Y (INVX2M)                            0.14       1.61 f
  REG_FILE_UNIT/U3/Y (NOR2X2M)                            0.74       2.35 r
  REG_FILE_UNIT/U176/Y (AOI221XLM)                        0.22       2.57 f
  REG_FILE_UNIT/U174/Y (OAI22X1M)                         0.25       2.82 r
  REG_FILE_UNIT/U223/Y (AOI221XLM)                        0.11       2.93 f
  REG_FILE_UNIT/U222/Y (OAI2BB2X1M)                       0.16       3.10 r
  REG_FILE_UNIT/RdData_reg[0]/D (DFFRQX2M)                0.00       3.10 r
  data arrival time                                                  3.10

  clock REF_CLK (rise edge)                              20.00      20.00
  clock network delay (ideal)                             0.00      20.00
  clock uncertainty                                      -0.20      19.80
  REG_FILE_UNIT/RdData_reg[0]/CK (DFFRQX2M)               0.00      19.80 r
  library setup time                                     -0.31      19.49
  data required time                                                19.49
  --------------------------------------------------------------------------
  data required time                                                19.49
  data arrival time                                                 -3.10
  --------------------------------------------------------------------------
  slack (MET)                                                       16.40


  Startpoint: SYS_CTRL_UNIT/Current_State_reg[2]
              (rising edge-triggered flip-flop clocked by REF_CLK)
  Endpoint: FIFO_UNIT/wptr_full/wfull_reg
            (rising edge-triggered flip-flop clocked by REF_CLK)
  Path Group: REF_CLK
  Path Type: max

  Point                                                   Incr       Path
  --------------------------------------------------------------------------
  clock REF_CLK (rise edge)                               0.00       0.00
  clock network delay (ideal)                             0.00       0.00
  SYS_CTRL_UNIT/Current_State_reg[2]/CK (DFFRQX2M)        0.00       0.00 r
  SYS_CTRL_UNIT/Current_State_reg[2]/Q (DFFRQX2M)         0.55       0.55 f
  SYS_CTRL_UNIT/U39/Y (NOR3X2M)                           0.37       0.92 r
  SYS_CTRL_UNIT/U14/Y (INVX2M)                            0.11       1.03 f
  SYS_CTRL_UNIT/U50/Y (NOR3X2M)                           0.45       1.48 r
  SYS_CTRL_UNIT/U17/Y (NAND3BX2M)                         0.25       1.73 r
  SYS_CTRL_UNIT/TX_D_VLD (SYS_CTRL_OP_WIDTH8_ALU_OUT_WIDTH16_REG_WIDTH8_REG_DEPTH16_ADDRESS_WIDTH4_UART_DATA_WIDTH8)
                                                          0.00       1.73 r
  FIFO_UNIT/winc (FIFO_TOP_DATA_WIDTH8_ADDR_SIZE3)        0.00       1.73 r
  FIFO_UNIT/wptr_full/winc (FIFO_wptr_full_ADDR_SIZE3)
                                                          0.00       1.73 r
  FIFO_UNIT/wptr_full/U10/Y (NAND3X2M)                    0.13       1.87 f
  FIFO_UNIT/wptr_full/U5/Y (NOR2BX2M)                     0.18       2.05 r
  FIFO_UNIT/wptr_full/U13/Y (CLKXOR2X2M)                  0.28       2.32 f
  FIFO_UNIT/wptr_full/U1/Y (CLKXOR2X2M)                   0.21       2.53 r
  FIFO_UNIT/wptr_full/U14/Y (CLKXOR2X2M)                  0.29       2.82 f
  FIFO_UNIT/wptr_full/U6/Y (NOR4X1M)                      0.24       3.06 r
  FIFO_UNIT/wptr_full/wfull_reg/D (DFFRQX2M)              0.00       3.06 r
  data arrival time                                                  3.06

  clock REF_CLK (rise edge)                              20.00      20.00
  clock network delay (ideal)                             0.00      20.00
  clock uncertainty                                      -0.20      19.80
  FIFO_UNIT/wptr_full/wfull_reg/CK (DFFRQX2M)             0.00      19.80 r
  library setup time                                     -0.32      19.48
  data required time                                                19.48
  --------------------------------------------------------------------------
  data required time                                                19.48
  data arrival time                                                 -3.06
  --------------------------------------------------------------------------
  slack (MET)                                                       16.42


  Startpoint: SYS_CTRL_UNIT/Current_State_reg[1]
              (rising edge-triggered flip-flop clocked by REF_CLK)
  Endpoint: REG_FILE_UNIT/regfile_reg[3][5]
            (rising edge-triggered flip-flop clocked by REF_CLK)
  Path Group: REF_CLK
  Path Type: max

  Point                                                   Incr       Path
  --------------------------------------------------------------------------
  clock REF_CLK (rise edge)                               0.00       0.00
  clock network delay (ideal)                             0.00       0.00
  SYS_CTRL_UNIT/Current_State_reg[1]/CK (DFFRQX2M)        0.00       0.00 r
  SYS_CTRL_UNIT/Current_State_reg[1]/Q (DFFRQX2M)         0.41       0.41 r
  SYS_CTRL_UNIT/U43/Y (INVX2M)                            0.12       0.53 f
  SYS_CTRL_UNIT/U41/Y (NOR2X2M)                           0.20       0.74 r
  SYS_CTRL_UNIT/U49/Y (NOR3BX2M)                          0.30       1.04 r
  SYS_CTRL_UNIT/U10/Y (AOI21X2M)                          0.17       1.21 f
  SYS_CTRL_UNIT/U5/Y (OAI22X1M)                           0.44       1.65 r
  SYS_CTRL_UNIT/Address[0] (SYS_CTRL_OP_WIDTH8_ALU_OUT_WIDTH16_REG_WIDTH8_REG_DEPTH16_ADDRESS_WIDTH4_UART_DATA_WIDTH8)
                                                          0.00       1.65 r
  REG_FILE_UNIT/Address[0] (Register_File_DEPTH16_DATA_WIDTH8_ADDRESS_WIDTH4)
                                                          0.00       1.65 r
  REG_FILE_UNIT/U48/Y (INVX2M)                            0.16       1.81 f
  REG_FILE_UNIT/U2/Y (NOR3BX2M)                           0.42       2.22 r
  REG_FILE_UNIT/U35/Y (NAND2X2M)                          0.10       2.32 f
  REG_FILE_UNIT/U34/Y (BUFX2M)                            0.23       2.56 f
  REG_FILE_UNIT/U293/Y (OAI2BB2X1M)                       0.25       2.81 f
  REG_FILE_UNIT/regfile_reg[3][5]/D (DFFSQX2M)            0.00       2.81 f
  data arrival time                                                  2.81

  clock REF_CLK (rise edge)                              20.00      20.00
  clock network delay (ideal)                             0.00      20.00
  clock uncertainty                                      -0.20      19.80
  REG_FILE_UNIT/regfile_reg[3][5]/CK (DFFSQX2M)           0.00      19.80 r
  library setup time                                     -0.25      19.55
  data required time                                                19.55
  --------------------------------------------------------------------------
  data required time                                                19.55
  data arrival time                                                 -2.81
  --------------------------------------------------------------------------
  slack (MET)                                                       16.74


  Startpoint: SYS_CTRL_UNIT/Current_State_reg[1]
              (rising edge-triggered flip-flop clocked by REF_CLK)
  Endpoint: REG_FILE_UNIT/regfile_reg[5][7]
            (rising edge-triggered flip-flop clocked by REF_CLK)
  Path Group: REF_CLK
  Path Type: max

  Point                                                   Incr       Path
  --------------------------------------------------------------------------
  clock REF_CLK (rise edge)                               0.00       0.00
  clock network delay (ideal)                             0.00       0.00
  SYS_CTRL_UNIT/Current_State_reg[1]/CK (DFFRQX2M)        0.00       0.00 r
  SYS_CTRL_UNIT/Current_State_reg[1]/Q (DFFRQX2M)         0.41       0.41 r
  SYS_CTRL_UNIT/U43/Y (INVX2M)                            0.12       0.53 f
  SYS_CTRL_UNIT/U41/Y (NOR2X2M)                           0.20       0.74 r
  SYS_CTRL_UNIT/U49/Y (NOR3BX2M)                          0.30       1.04 r
  SYS_CTRL_UNIT/U10/Y (AOI21X2M)                          0.17       1.21 f
  SYS_CTRL_UNIT/U5/Y (OAI22X1M)                           0.44       1.65 r
  SYS_CTRL_UNIT/Address[0] (SYS_CTRL_OP_WIDTH8_ALU_OUT_WIDTH16_REG_WIDTH8_REG_DEPTH16_ADDRESS_WIDTH4_UART_DATA_WIDTH8)
                                                          0.00       1.65 r
  REG_FILE_UNIT/Address[0] (Register_File_DEPTH16_DATA_WIDTH8_ADDRESS_WIDTH4)
                                                          0.00       1.65 r
  REG_FILE_UNIT/U48/Y (INVX2M)                            0.16       1.81 f
  REG_FILE_UNIT/U2/Y (NOR3BX2M)                           0.42       2.22 r
  REG_FILE_UNIT/U39/Y (NAND2X2M)                          0.10       2.32 f
  REG_FILE_UNIT/U38/Y (BUFX2M)                            0.23       2.56 f
  REG_FILE_UNIT/U290/Y (OAI2BB2X1M)                       0.16       2.71 r
  REG_FILE_UNIT/regfile_reg[5][7]/D (DFFRQX2M)            0.00       2.71 r
  data arrival time                                                  2.71

  clock REF_CLK (rise edge)                              20.00      20.00
  clock network delay (ideal)                             0.00      20.00
  clock uncertainty                                      -0.20      19.80
  REG_FILE_UNIT/regfile_reg[5][7]/CK (DFFRQX2M)           0.00      19.80 r
  library setup time                                     -0.31      19.49
  data required time                                                19.49
  --------------------------------------------------------------------------
  data required time                                                19.49
  data arrival time                                                 -2.71
  --------------------------------------------------------------------------
  slack (MET)                                                       16.78


  Startpoint: SYS_CTRL_UNIT/Current_State_reg[1]
              (rising edge-triggered flip-flop clocked by REF_CLK)
  Endpoint: REG_FILE_UNIT/regfile_reg[5][6]
            (rising edge-triggered flip-flop clocked by REF_CLK)
  Path Group: REF_CLK
  Path Type: max

  Point                                                   Incr       Path
  --------------------------------------------------------------------------
  clock REF_CLK (rise edge)                               0.00       0.00
  clock network delay (ideal)                             0.00       0.00
  SYS_CTRL_UNIT/Current_State_reg[1]/CK (DFFRQX2M)        0.00       0.00 r
  SYS_CTRL_UNIT/Current_State_reg[1]/Q (DFFRQX2M)         0.41       0.41 r
  SYS_CTRL_UNIT/U43/Y (INVX2M)                            0.12       0.53 f
  SYS_CTRL_UNIT/U41/Y (NOR2X2M)                           0.20       0.74 r
  SYS_CTRL_UNIT/U49/Y (NOR3BX2M)                          0.30       1.04 r
  SYS_CTRL_UNIT/U10/Y (AOI21X2M)                          0.17       1.21 f
  SYS_CTRL_UNIT/U5/Y (OAI22X1M)                           0.44       1.65 r
  SYS_CTRL_UNIT/Address[0] (SYS_CTRL_OP_WIDTH8_ALU_OUT_WIDTH16_REG_WIDTH8_REG_DEPTH16_ADDRESS_WIDTH4_UART_DATA_WIDTH8)
                                                          0.00       1.65 r
  REG_FILE_UNIT/Address[0] (Register_File_DEPTH16_DATA_WIDTH8_ADDRESS_WIDTH4)
                                                          0.00       1.65 r
  REG_FILE_UNIT/U48/Y (INVX2M)                            0.16       1.81 f
  REG_FILE_UNIT/U2/Y (NOR3BX2M)                           0.42       2.22 r
  REG_FILE_UNIT/U39/Y (NAND2X2M)                          0.10       2.32 f
  REG_FILE_UNIT/U38/Y (BUFX2M)                            0.23       2.56 f
  REG_FILE_UNIT/U289/Y (OAI2BB2X1M)                       0.16       2.71 r
  REG_FILE_UNIT/regfile_reg[5][6]/D (DFFRQX2M)            0.00       2.71 r
  data arrival time                                                  2.71

  clock REF_CLK (rise edge)                              20.00      20.00
  clock network delay (ideal)                             0.00      20.00
  clock uncertainty                                      -0.20      19.80
  REG_FILE_UNIT/regfile_reg[5][6]/CK (DFFRQX2M)           0.00      19.80 r
  library setup time                                     -0.31      19.49
  data required time                                                19.49
  --------------------------------------------------------------------------
  data required time                                                19.49
  data arrival time                                                 -2.71
  --------------------------------------------------------------------------
  slack (MET)                                                       16.78


  Startpoint: SYS_CTRL_UNIT/Current_State_reg[1]
              (rising edge-triggered flip-flop clocked by REF_CLK)
  Endpoint: REG_FILE_UNIT/regfile_reg[5][5]
            (rising edge-triggered flip-flop clocked by REF_CLK)
  Path Group: REF_CLK
  Path Type: max

  Point                                                   Incr       Path
  --------------------------------------------------------------------------
  clock REF_CLK (rise edge)                               0.00       0.00
  clock network delay (ideal)                             0.00       0.00
  SYS_CTRL_UNIT/Current_State_reg[1]/CK (DFFRQX2M)        0.00       0.00 r
  SYS_CTRL_UNIT/Current_State_reg[1]/Q (DFFRQX2M)         0.41       0.41 r
  SYS_CTRL_UNIT/U43/Y (INVX2M)                            0.12       0.53 f
  SYS_CTRL_UNIT/U41/Y (NOR2X2M)                           0.20       0.74 r
  SYS_CTRL_UNIT/U49/Y (NOR3BX2M)                          0.30       1.04 r
  SYS_CTRL_UNIT/U10/Y (AOI21X2M)                          0.17       1.21 f
  SYS_CTRL_UNIT/U5/Y (OAI22X1M)                           0.44       1.65 r
  SYS_CTRL_UNIT/Address[0] (SYS_CTRL_OP_WIDTH8_ALU_OUT_WIDTH16_REG_WIDTH8_REG_DEPTH16_ADDRESS_WIDTH4_UART_DATA_WIDTH8)
                                                          0.00       1.65 r
  REG_FILE_UNIT/Address[0] (Register_File_DEPTH16_DATA_WIDTH8_ADDRESS_WIDTH4)
                                                          0.00       1.65 r
  REG_FILE_UNIT/U48/Y (INVX2M)                            0.16       1.81 f
  REG_FILE_UNIT/U2/Y (NOR3BX2M)                           0.42       2.22 r
  REG_FILE_UNIT/U39/Y (NAND2X2M)                          0.10       2.32 f
  REG_FILE_UNIT/U38/Y (BUFX2M)                            0.23       2.56 f
  REG_FILE_UNIT/U288/Y (OAI2BB2X1M)                       0.16       2.71 r
  REG_FILE_UNIT/regfile_reg[5][5]/D (DFFRQX2M)            0.00       2.71 r
  data arrival time                                                  2.71

  clock REF_CLK (rise edge)                              20.00      20.00
  clock network delay (ideal)                             0.00      20.00
  clock uncertainty                                      -0.20      19.80
  REG_FILE_UNIT/regfile_reg[5][5]/CK (DFFRQX2M)           0.00      19.80 r
  library setup time                                     -0.31      19.49
  data required time                                                19.49
  --------------------------------------------------------------------------
  data required time                                                19.49
  data arrival time                                                 -2.71
  --------------------------------------------------------------------------
  slack (MET)                                                       16.78


  Startpoint: SYS_CTRL_UNIT/Current_State_reg[1]
              (rising edge-triggered flip-flop clocked by REF_CLK)
  Endpoint: REG_FILE_UNIT/regfile_reg[5][4]
            (rising edge-triggered flip-flop clocked by REF_CLK)
  Path Group: REF_CLK
  Path Type: max

  Point                                                   Incr       Path
  --------------------------------------------------------------------------
  clock REF_CLK (rise edge)                               0.00       0.00
  clock network delay (ideal)                             0.00       0.00
  SYS_CTRL_UNIT/Current_State_reg[1]/CK (DFFRQX2M)        0.00       0.00 r
  SYS_CTRL_UNIT/Current_State_reg[1]/Q (DFFRQX2M)         0.41       0.41 r
  SYS_CTRL_UNIT/U43/Y (INVX2M)                            0.12       0.53 f
  SYS_CTRL_UNIT/U41/Y (NOR2X2M)                           0.20       0.74 r
  SYS_CTRL_UNIT/U49/Y (NOR3BX2M)                          0.30       1.04 r
  SYS_CTRL_UNIT/U10/Y (AOI21X2M)                          0.17       1.21 f
  SYS_CTRL_UNIT/U5/Y (OAI22X1M)                           0.44       1.65 r
  SYS_CTRL_UNIT/Address[0] (SYS_CTRL_OP_WIDTH8_ALU_OUT_WIDTH16_REG_WIDTH8_REG_DEPTH16_ADDRESS_WIDTH4_UART_DATA_WIDTH8)
                                                          0.00       1.65 r
  REG_FILE_UNIT/Address[0] (Register_File_DEPTH16_DATA_WIDTH8_ADDRESS_WIDTH4)
                                                          0.00       1.65 r
  REG_FILE_UNIT/U48/Y (INVX2M)                            0.16       1.81 f
  REG_FILE_UNIT/U2/Y (NOR3BX2M)                           0.42       2.22 r
  REG_FILE_UNIT/U39/Y (NAND2X2M)                          0.10       2.32 f
  REG_FILE_UNIT/U38/Y (BUFX2M)                            0.23       2.56 f
  REG_FILE_UNIT/U287/Y (OAI2BB2X1M)                       0.16       2.71 r
  REG_FILE_UNIT/regfile_reg[5][4]/D (DFFRQX2M)            0.00       2.71 r
  data arrival time                                                  2.71

  clock REF_CLK (rise edge)                              20.00      20.00
  clock network delay (ideal)                             0.00      20.00
  clock uncertainty                                      -0.20      19.80
  REG_FILE_UNIT/regfile_reg[5][4]/CK (DFFRQX2M)           0.00      19.80 r
  library setup time                                     -0.31      19.49
  data required time                                                19.49
  --------------------------------------------------------------------------
  data required time                                                19.49
  data arrival time                                                 -2.71
  --------------------------------------------------------------------------
  slack (MET)                                                       16.78


  Startpoint: SYS_CTRL_UNIT/Current_State_reg[1]
              (rising edge-triggered flip-flop clocked by REF_CLK)
  Endpoint: REG_FILE_UNIT/regfile_reg[5][3]
            (rising edge-triggered flip-flop clocked by REF_CLK)
  Path Group: REF_CLK
  Path Type: max

  Point                                                   Incr       Path
  --------------------------------------------------------------------------
  clock REF_CLK (rise edge)                               0.00       0.00
  clock network delay (ideal)                             0.00       0.00
  SYS_CTRL_UNIT/Current_State_reg[1]/CK (DFFRQX2M)        0.00       0.00 r
  SYS_CTRL_UNIT/Current_State_reg[1]/Q (DFFRQX2M)         0.41       0.41 r
  SYS_CTRL_UNIT/U43/Y (INVX2M)                            0.12       0.53 f
  SYS_CTRL_UNIT/U41/Y (NOR2X2M)                           0.20       0.74 r
  SYS_CTRL_UNIT/U49/Y (NOR3BX2M)                          0.30       1.04 r
  SYS_CTRL_UNIT/U10/Y (AOI21X2M)                          0.17       1.21 f
  SYS_CTRL_UNIT/U5/Y (OAI22X1M)                           0.44       1.65 r
  SYS_CTRL_UNIT/Address[0] (SYS_CTRL_OP_WIDTH8_ALU_OUT_WIDTH16_REG_WIDTH8_REG_DEPTH16_ADDRESS_WIDTH4_UART_DATA_WIDTH8)
                                                          0.00       1.65 r
  REG_FILE_UNIT/Address[0] (Register_File_DEPTH16_DATA_WIDTH8_ADDRESS_WIDTH4)
                                                          0.00       1.65 r
  REG_FILE_UNIT/U48/Y (INVX2M)                            0.16       1.81 f
  REG_FILE_UNIT/U2/Y (NOR3BX2M)                           0.42       2.22 r
  REG_FILE_UNIT/U39/Y (NAND2X2M)                          0.10       2.32 f
  REG_FILE_UNIT/U38/Y (BUFX2M)                            0.23       2.56 f
  REG_FILE_UNIT/U286/Y (OAI2BB2X1M)                       0.16       2.71 r
  REG_FILE_UNIT/regfile_reg[5][3]/D (DFFRQX2M)            0.00       2.71 r
  data arrival time                                                  2.71

  clock REF_CLK (rise edge)                              20.00      20.00
  clock network delay (ideal)                             0.00      20.00
  clock uncertainty                                      -0.20      19.80
  REG_FILE_UNIT/regfile_reg[5][3]/CK (DFFRQX2M)           0.00      19.80 r
  library setup time                                     -0.31      19.49
  data required time                                                19.49
  --------------------------------------------------------------------------
  data required time                                                19.49
  data arrival time                                                 -2.71
  --------------------------------------------------------------------------
  slack (MET)                                                       16.78


  Startpoint: SYS_CTRL_UNIT/Current_State_reg[1]
              (rising edge-triggered flip-flop clocked by REF_CLK)
  Endpoint: REG_FILE_UNIT/regfile_reg[5][2]
            (rising edge-triggered flip-flop clocked by REF_CLK)
  Path Group: REF_CLK
  Path Type: max

  Point                                                   Incr       Path
  --------------------------------------------------------------------------
  clock REF_CLK (rise edge)                               0.00       0.00
  clock network delay (ideal)                             0.00       0.00
  SYS_CTRL_UNIT/Current_State_reg[1]/CK (DFFRQX2M)        0.00       0.00 r
  SYS_CTRL_UNIT/Current_State_reg[1]/Q (DFFRQX2M)         0.41       0.41 r
  SYS_CTRL_UNIT/U43/Y (INVX2M)                            0.12       0.53 f
  SYS_CTRL_UNIT/U41/Y (NOR2X2M)                           0.20       0.74 r
  SYS_CTRL_UNIT/U49/Y (NOR3BX2M)                          0.30       1.04 r
  SYS_CTRL_UNIT/U10/Y (AOI21X2M)                          0.17       1.21 f
  SYS_CTRL_UNIT/U5/Y (OAI22X1M)                           0.44       1.65 r
  SYS_CTRL_UNIT/Address[0] (SYS_CTRL_OP_WIDTH8_ALU_OUT_WIDTH16_REG_WIDTH8_REG_DEPTH16_ADDRESS_WIDTH4_UART_DATA_WIDTH8)
                                                          0.00       1.65 r
  REG_FILE_UNIT/Address[0] (Register_File_DEPTH16_DATA_WIDTH8_ADDRESS_WIDTH4)
                                                          0.00       1.65 r
  REG_FILE_UNIT/U48/Y (INVX2M)                            0.16       1.81 f
  REG_FILE_UNIT/U2/Y (NOR3BX2M)                           0.42       2.22 r
  REG_FILE_UNIT/U39/Y (NAND2X2M)                          0.10       2.32 f
  REG_FILE_UNIT/U38/Y (BUFX2M)                            0.23       2.56 f
  REG_FILE_UNIT/U285/Y (OAI2BB2X1M)                       0.16       2.71 r
  REG_FILE_UNIT/regfile_reg[5][2]/D (DFFRQX2M)            0.00       2.71 r
  data arrival time                                                  2.71

  clock REF_CLK (rise edge)                              20.00      20.00
  clock network delay (ideal)                             0.00      20.00
  clock uncertainty                                      -0.20      19.80
  REG_FILE_UNIT/regfile_reg[5][2]/CK (DFFRQX2M)           0.00      19.80 r
  library setup time                                     -0.31      19.49
  data required time                                                19.49
  --------------------------------------------------------------------------
  data required time                                                19.49
  data arrival time                                                 -2.71
  --------------------------------------------------------------------------
  slack (MET)                                                       16.78


  Startpoint: SYS_CTRL_UNIT/Current_State_reg[1]
              (rising edge-triggered flip-flop clocked by REF_CLK)
  Endpoint: REG_FILE_UNIT/regfile_reg[5][1]
            (rising edge-triggered flip-flop clocked by REF_CLK)
  Path Group: REF_CLK
  Path Type: max

  Point                                                   Incr       Path
  --------------------------------------------------------------------------
  clock REF_CLK (rise edge)                               0.00       0.00
  clock network delay (ideal)                             0.00       0.00
  SYS_CTRL_UNIT/Current_State_reg[1]/CK (DFFRQX2M)        0.00       0.00 r
  SYS_CTRL_UNIT/Current_State_reg[1]/Q (DFFRQX2M)         0.41       0.41 r
  SYS_CTRL_UNIT/U43/Y (INVX2M)                            0.12       0.53 f
  SYS_CTRL_UNIT/U41/Y (NOR2X2M)                           0.20       0.74 r
  SYS_CTRL_UNIT/U49/Y (NOR3BX2M)                          0.30       1.04 r
  SYS_CTRL_UNIT/U10/Y (AOI21X2M)                          0.17       1.21 f
  SYS_CTRL_UNIT/U5/Y (OAI22X1M)                           0.44       1.65 r
  SYS_CTRL_UNIT/Address[0] (SYS_CTRL_OP_WIDTH8_ALU_OUT_WIDTH16_REG_WIDTH8_REG_DEPTH16_ADDRESS_WIDTH4_UART_DATA_WIDTH8)
                                                          0.00       1.65 r
  REG_FILE_UNIT/Address[0] (Register_File_DEPTH16_DATA_WIDTH8_ADDRESS_WIDTH4)
                                                          0.00       1.65 r
  REG_FILE_UNIT/U48/Y (INVX2M)                            0.16       1.81 f
  REG_FILE_UNIT/U2/Y (NOR3BX2M)                           0.42       2.22 r
  REG_FILE_UNIT/U39/Y (NAND2X2M)                          0.10       2.32 f
  REG_FILE_UNIT/U38/Y (BUFX2M)                            0.23       2.56 f
  REG_FILE_UNIT/U284/Y (OAI2BB2X1M)                       0.16       2.71 r
  REG_FILE_UNIT/regfile_reg[5][1]/D (DFFRQX2M)            0.00       2.71 r
  data arrival time                                                  2.71

  clock REF_CLK (rise edge)                              20.00      20.00
  clock network delay (ideal)                             0.00      20.00
  clock uncertainty                                      -0.20      19.80
  REG_FILE_UNIT/regfile_reg[5][1]/CK (DFFRQX2M)           0.00      19.80 r
  library setup time                                     -0.31      19.49
  data required time                                                19.49
  --------------------------------------------------------------------------
  data required time                                                19.49
  data arrival time                                                 -2.71
  --------------------------------------------------------------------------
  slack (MET)                                                       16.78


  Startpoint: SYS_CTRL_UNIT/Current_State_reg[1]
              (rising edge-triggered flip-flop clocked by REF_CLK)
  Endpoint: REG_FILE_UNIT/regfile_reg[5][0]
            (rising edge-triggered flip-flop clocked by REF_CLK)
  Path Group: REF_CLK
  Path Type: max

  Point                                                   Incr       Path
  --------------------------------------------------------------------------
  clock REF_CLK (rise edge)                               0.00       0.00
  clock network delay (ideal)                             0.00       0.00
  SYS_CTRL_UNIT/Current_State_reg[1]/CK (DFFRQX2M)        0.00       0.00 r
  SYS_CTRL_UNIT/Current_State_reg[1]/Q (DFFRQX2M)         0.41       0.41 r
  SYS_CTRL_UNIT/U43/Y (INVX2M)                            0.12       0.53 f
  SYS_CTRL_UNIT/U41/Y (NOR2X2M)                           0.20       0.74 r
  SYS_CTRL_UNIT/U49/Y (NOR3BX2M)                          0.30       1.04 r
  SYS_CTRL_UNIT/U10/Y (AOI21X2M)                          0.17       1.21 f
  SYS_CTRL_UNIT/U5/Y (OAI22X1M)                           0.44       1.65 r
  SYS_CTRL_UNIT/Address[0] (SYS_CTRL_OP_WIDTH8_ALU_OUT_WIDTH16_REG_WIDTH8_REG_DEPTH16_ADDRESS_WIDTH4_UART_DATA_WIDTH8)
                                                          0.00       1.65 r
  REG_FILE_UNIT/Address[0] (Register_File_DEPTH16_DATA_WIDTH8_ADDRESS_WIDTH4)
                                                          0.00       1.65 r
  REG_FILE_UNIT/U48/Y (INVX2M)                            0.16       1.81 f
  REG_FILE_UNIT/U2/Y (NOR3BX2M)                           0.42       2.22 r
  REG_FILE_UNIT/U39/Y (NAND2X2M)                          0.10       2.32 f
  REG_FILE_UNIT/U38/Y (BUFX2M)                            0.23       2.56 f
  REG_FILE_UNIT/U283/Y (OAI2BB2X1M)                       0.16       2.71 r
  REG_FILE_UNIT/regfile_reg[5][0]/D (DFFRQX2M)            0.00       2.71 r
  data arrival time                                                  2.71

  clock REF_CLK (rise edge)                              20.00      20.00
  clock network delay (ideal)                             0.00      20.00
  clock uncertainty                                      -0.20      19.80
  REG_FILE_UNIT/regfile_reg[5][0]/CK (DFFRQX2M)           0.00      19.80 r
  library setup time                                     -0.31      19.49
  data required time                                                19.49
  --------------------------------------------------------------------------
  data required time                                                19.49
  data arrival time                                                 -2.71
  --------------------------------------------------------------------------
  slack (MET)                                                       16.78


  Startpoint: SYS_CTRL_UNIT/Current_State_reg[1]
              (rising edge-triggered flip-flop clocked by REF_CLK)
  Endpoint: REG_FILE_UNIT/regfile_reg[7][7]
            (rising edge-triggered flip-flop clocked by REF_CLK)
  Path Group: REF_CLK
  Path Type: max

  Point                                                   Incr       Path
  --------------------------------------------------------------------------
  clock REF_CLK (rise edge)                               0.00       0.00
  clock network delay (ideal)                             0.00       0.00
  SYS_CTRL_UNIT/Current_State_reg[1]/CK (DFFRQX2M)        0.00       0.00 r
  SYS_CTRL_UNIT/Current_State_reg[1]/Q (DFFRQX2M)         0.41       0.41 r
  SYS_CTRL_UNIT/U43/Y (INVX2M)                            0.12       0.53 f
  SYS_CTRL_UNIT/U41/Y (NOR2X2M)                           0.20       0.74 r
  SYS_CTRL_UNIT/U49/Y (NOR3BX2M)                          0.30       1.04 r
  SYS_CTRL_UNIT/U10/Y (AOI21X2M)                          0.17       1.21 f
  SYS_CTRL_UNIT/U5/Y (OAI22X1M)                           0.44       1.65 r
  SYS_CTRL_UNIT/Address[0] (SYS_CTRL_OP_WIDTH8_ALU_OUT_WIDTH16_REG_WIDTH8_REG_DEPTH16_ADDRESS_WIDTH4_UART_DATA_WIDTH8)
                                                          0.00       1.65 r
  REG_FILE_UNIT/Address[0] (Register_File_DEPTH16_DATA_WIDTH8_ADDRESS_WIDTH4)
                                                          0.00       1.65 r
  REG_FILE_UNIT/U48/Y (INVX2M)                            0.16       1.81 f
  REG_FILE_UNIT/U2/Y (NOR3BX2M)                           0.42       2.22 r
  REG_FILE_UNIT/U37/Y (NAND2X2M)                          0.10       2.32 f
  REG_FILE_UNIT/U36/Y (BUFX2M)                            0.23       2.56 f
  REG_FILE_UNIT/U282/Y (OAI2BB2X1M)                       0.16       2.71 r
  REG_FILE_UNIT/regfile_reg[7][7]/D (DFFRQX2M)            0.00       2.71 r
  data arrival time                                                  2.71

  clock REF_CLK (rise edge)                              20.00      20.00
  clock network delay (ideal)                             0.00      20.00
  clock uncertainty                                      -0.20      19.80
  REG_FILE_UNIT/regfile_reg[7][7]/CK (DFFRQX2M)           0.00      19.80 r
  library setup time                                     -0.31      19.49
  data required time                                                19.49
  --------------------------------------------------------------------------
  data required time                                                19.49
  data arrival time                                                 -2.71
  --------------------------------------------------------------------------
  slack (MET)                                                       16.78


  Startpoint: SYS_CTRL_UNIT/Current_State_reg[1]
              (rising edge-triggered flip-flop clocked by REF_CLK)
  Endpoint: REG_FILE_UNIT/regfile_reg[7][6]
            (rising edge-triggered flip-flop clocked by REF_CLK)
  Path Group: REF_CLK
  Path Type: max

  Point                                                   Incr       Path
  --------------------------------------------------------------------------
  clock REF_CLK (rise edge)                               0.00       0.00
  clock network delay (ideal)                             0.00       0.00
  SYS_CTRL_UNIT/Current_State_reg[1]/CK (DFFRQX2M)        0.00       0.00 r
  SYS_CTRL_UNIT/Current_State_reg[1]/Q (DFFRQX2M)         0.41       0.41 r
  SYS_CTRL_UNIT/U43/Y (INVX2M)                            0.12       0.53 f
  SYS_CTRL_UNIT/U41/Y (NOR2X2M)                           0.20       0.74 r
  SYS_CTRL_UNIT/U49/Y (NOR3BX2M)                          0.30       1.04 r
  SYS_CTRL_UNIT/U10/Y (AOI21X2M)                          0.17       1.21 f
  SYS_CTRL_UNIT/U5/Y (OAI22X1M)                           0.44       1.65 r
  SYS_CTRL_UNIT/Address[0] (SYS_CTRL_OP_WIDTH8_ALU_OUT_WIDTH16_REG_WIDTH8_REG_DEPTH16_ADDRESS_WIDTH4_UART_DATA_WIDTH8)
                                                          0.00       1.65 r
  REG_FILE_UNIT/Address[0] (Register_File_DEPTH16_DATA_WIDTH8_ADDRESS_WIDTH4)
                                                          0.00       1.65 r
  REG_FILE_UNIT/U48/Y (INVX2M)                            0.16       1.81 f
  REG_FILE_UNIT/U2/Y (NOR3BX2M)                           0.42       2.22 r
  REG_FILE_UNIT/U37/Y (NAND2X2M)                          0.10       2.32 f
  REG_FILE_UNIT/U36/Y (BUFX2M)                            0.23       2.56 f
  REG_FILE_UNIT/U281/Y (OAI2BB2X1M)                       0.16       2.71 r
  REG_FILE_UNIT/regfile_reg[7][6]/D (DFFRQX2M)            0.00       2.71 r
  data arrival time                                                  2.71

  clock REF_CLK (rise edge)                              20.00      20.00
  clock network delay (ideal)                             0.00      20.00
  clock uncertainty                                      -0.20      19.80
  REG_FILE_UNIT/regfile_reg[7][6]/CK (DFFRQX2M)           0.00      19.80 r
  library setup time                                     -0.31      19.49
  data required time                                                19.49
  --------------------------------------------------------------------------
  data required time                                                19.49
  data arrival time                                                 -2.71
  --------------------------------------------------------------------------
  slack (MET)                                                       16.78


  Startpoint: SYS_CTRL_UNIT/Current_State_reg[1]
              (rising edge-triggered flip-flop clocked by REF_CLK)
  Endpoint: REG_FILE_UNIT/regfile_reg[7][5]
            (rising edge-triggered flip-flop clocked by REF_CLK)
  Path Group: REF_CLK
  Path Type: max

  Point                                                   Incr       Path
  --------------------------------------------------------------------------
  clock REF_CLK (rise edge)                               0.00       0.00
  clock network delay (ideal)                             0.00       0.00
  SYS_CTRL_UNIT/Current_State_reg[1]/CK (DFFRQX2M)        0.00       0.00 r
  SYS_CTRL_UNIT/Current_State_reg[1]/Q (DFFRQX2M)         0.41       0.41 r
  SYS_CTRL_UNIT/U43/Y (INVX2M)                            0.12       0.53 f
  SYS_CTRL_UNIT/U41/Y (NOR2X2M)                           0.20       0.74 r
  SYS_CTRL_UNIT/U49/Y (NOR3BX2M)                          0.30       1.04 r
  SYS_CTRL_UNIT/U10/Y (AOI21X2M)                          0.17       1.21 f
  SYS_CTRL_UNIT/U5/Y (OAI22X1M)                           0.44       1.65 r
  SYS_CTRL_UNIT/Address[0] (SYS_CTRL_OP_WIDTH8_ALU_OUT_WIDTH16_REG_WIDTH8_REG_DEPTH16_ADDRESS_WIDTH4_UART_DATA_WIDTH8)
                                                          0.00       1.65 r
  REG_FILE_UNIT/Address[0] (Register_File_DEPTH16_DATA_WIDTH8_ADDRESS_WIDTH4)
                                                          0.00       1.65 r
  REG_FILE_UNIT/U48/Y (INVX2M)                            0.16       1.81 f
  REG_FILE_UNIT/U2/Y (NOR3BX2M)                           0.42       2.22 r
  REG_FILE_UNIT/U37/Y (NAND2X2M)                          0.10       2.32 f
  REG_FILE_UNIT/U36/Y (BUFX2M)                            0.23       2.56 f
  REG_FILE_UNIT/U280/Y (OAI2BB2X1M)                       0.16       2.71 r
  REG_FILE_UNIT/regfile_reg[7][5]/D (DFFRQX2M)            0.00       2.71 r
  data arrival time                                                  2.71

  clock REF_CLK (rise edge)                              20.00      20.00
  clock network delay (ideal)                             0.00      20.00
  clock uncertainty                                      -0.20      19.80
  REG_FILE_UNIT/regfile_reg[7][5]/CK (DFFRQX2M)           0.00      19.80 r
  library setup time                                     -0.31      19.49
  data required time                                                19.49
  --------------------------------------------------------------------------
  data required time                                                19.49
  data arrival time                                                 -2.71
  --------------------------------------------------------------------------
  slack (MET)                                                       16.78


  Startpoint: SYS_CTRL_UNIT/Current_State_reg[1]
              (rising edge-triggered flip-flop clocked by REF_CLK)
  Endpoint: REG_FILE_UNIT/regfile_reg[7][4]
            (rising edge-triggered flip-flop clocked by REF_CLK)
  Path Group: REF_CLK
  Path Type: max

  Point                                                   Incr       Path
  --------------------------------------------------------------------------
  clock REF_CLK (rise edge)                               0.00       0.00
  clock network delay (ideal)                             0.00       0.00
  SYS_CTRL_UNIT/Current_State_reg[1]/CK (DFFRQX2M)        0.00       0.00 r
  SYS_CTRL_UNIT/Current_State_reg[1]/Q (DFFRQX2M)         0.41       0.41 r
  SYS_CTRL_UNIT/U43/Y (INVX2M)                            0.12       0.53 f
  SYS_CTRL_UNIT/U41/Y (NOR2X2M)                           0.20       0.74 r
  SYS_CTRL_UNIT/U49/Y (NOR3BX2M)                          0.30       1.04 r
  SYS_CTRL_UNIT/U10/Y (AOI21X2M)                          0.17       1.21 f
  SYS_CTRL_UNIT/U5/Y (OAI22X1M)                           0.44       1.65 r
  SYS_CTRL_UNIT/Address[0] (SYS_CTRL_OP_WIDTH8_ALU_OUT_WIDTH16_REG_WIDTH8_REG_DEPTH16_ADDRESS_WIDTH4_UART_DATA_WIDTH8)
                                                          0.00       1.65 r
  REG_FILE_UNIT/Address[0] (Register_File_DEPTH16_DATA_WIDTH8_ADDRESS_WIDTH4)
                                                          0.00       1.65 r
  REG_FILE_UNIT/U48/Y (INVX2M)                            0.16       1.81 f
  REG_FILE_UNIT/U2/Y (NOR3BX2M)                           0.42       2.22 r
  REG_FILE_UNIT/U37/Y (NAND2X2M)                          0.10       2.32 f
  REG_FILE_UNIT/U36/Y (BUFX2M)                            0.23       2.56 f
  REG_FILE_UNIT/U279/Y (OAI2BB2X1M)                       0.16       2.71 r
  REG_FILE_UNIT/regfile_reg[7][4]/D (DFFRQX2M)            0.00       2.71 r
  data arrival time                                                  2.71

  clock REF_CLK (rise edge)                              20.00      20.00
  clock network delay (ideal)                             0.00      20.00
  clock uncertainty                                      -0.20      19.80
  REG_FILE_UNIT/regfile_reg[7][4]/CK (DFFRQX2M)           0.00      19.80 r
  library setup time                                     -0.31      19.49
  data required time                                                19.49
  --------------------------------------------------------------------------
  data required time                                                19.49
  data arrival time                                                 -2.71
  --------------------------------------------------------------------------
  slack (MET)                                                       16.78


  Startpoint: SYS_CTRL_UNIT/Current_State_reg[1]
              (rising edge-triggered flip-flop clocked by REF_CLK)
  Endpoint: REG_FILE_UNIT/regfile_reg[7][3]
            (rising edge-triggered flip-flop clocked by REF_CLK)
  Path Group: REF_CLK
  Path Type: max

  Point                                                   Incr       Path
  --------------------------------------------------------------------------
  clock REF_CLK (rise edge)                               0.00       0.00
  clock network delay (ideal)                             0.00       0.00
  SYS_CTRL_UNIT/Current_State_reg[1]/CK (DFFRQX2M)        0.00       0.00 r
  SYS_CTRL_UNIT/Current_State_reg[1]/Q (DFFRQX2M)         0.41       0.41 r
  SYS_CTRL_UNIT/U43/Y (INVX2M)                            0.12       0.53 f
  SYS_CTRL_UNIT/U41/Y (NOR2X2M)                           0.20       0.74 r
  SYS_CTRL_UNIT/U49/Y (NOR3BX2M)                          0.30       1.04 r
  SYS_CTRL_UNIT/U10/Y (AOI21X2M)                          0.17       1.21 f
  SYS_CTRL_UNIT/U5/Y (OAI22X1M)                           0.44       1.65 r
  SYS_CTRL_UNIT/Address[0] (SYS_CTRL_OP_WIDTH8_ALU_OUT_WIDTH16_REG_WIDTH8_REG_DEPTH16_ADDRESS_WIDTH4_UART_DATA_WIDTH8)
                                                          0.00       1.65 r
  REG_FILE_UNIT/Address[0] (Register_File_DEPTH16_DATA_WIDTH8_ADDRESS_WIDTH4)
                                                          0.00       1.65 r
  REG_FILE_UNIT/U48/Y (INVX2M)                            0.16       1.81 f
  REG_FILE_UNIT/U2/Y (NOR3BX2M)                           0.42       2.22 r
  REG_FILE_UNIT/U37/Y (NAND2X2M)                          0.10       2.32 f
  REG_FILE_UNIT/U36/Y (BUFX2M)                            0.23       2.56 f
  REG_FILE_UNIT/U278/Y (OAI2BB2X1M)                       0.16       2.71 r
  REG_FILE_UNIT/regfile_reg[7][3]/D (DFFRQX2M)            0.00       2.71 r
  data arrival time                                                  2.71

  clock REF_CLK (rise edge)                              20.00      20.00
  clock network delay (ideal)                             0.00      20.00
  clock uncertainty                                      -0.20      19.80
  REG_FILE_UNIT/regfile_reg[7][3]/CK (DFFRQX2M)           0.00      19.80 r
  library setup time                                     -0.31      19.49
  data required time                                                19.49
  --------------------------------------------------------------------------
  data required time                                                19.49
  data arrival time                                                 -2.71
  --------------------------------------------------------------------------
  slack (MET)                                                       16.78


  Startpoint: SYS_CTRL_UNIT/Current_State_reg[1]
              (rising edge-triggered flip-flop clocked by REF_CLK)
  Endpoint: REG_FILE_UNIT/regfile_reg[7][2]
            (rising edge-triggered flip-flop clocked by REF_CLK)
  Path Group: REF_CLK
  Path Type: max

  Point                                                   Incr       Path
  --------------------------------------------------------------------------
  clock REF_CLK (rise edge)                               0.00       0.00
  clock network delay (ideal)                             0.00       0.00
  SYS_CTRL_UNIT/Current_State_reg[1]/CK (DFFRQX2M)        0.00       0.00 r
  SYS_CTRL_UNIT/Current_State_reg[1]/Q (DFFRQX2M)         0.41       0.41 r
  SYS_CTRL_UNIT/U43/Y (INVX2M)                            0.12       0.53 f
  SYS_CTRL_UNIT/U41/Y (NOR2X2M)                           0.20       0.74 r
  SYS_CTRL_UNIT/U49/Y (NOR3BX2M)                          0.30       1.04 r
  SYS_CTRL_UNIT/U10/Y (AOI21X2M)                          0.17       1.21 f
  SYS_CTRL_UNIT/U5/Y (OAI22X1M)                           0.44       1.65 r
  SYS_CTRL_UNIT/Address[0] (SYS_CTRL_OP_WIDTH8_ALU_OUT_WIDTH16_REG_WIDTH8_REG_DEPTH16_ADDRESS_WIDTH4_UART_DATA_WIDTH8)
                                                          0.00       1.65 r
  REG_FILE_UNIT/Address[0] (Register_File_DEPTH16_DATA_WIDTH8_ADDRESS_WIDTH4)
                                                          0.00       1.65 r
  REG_FILE_UNIT/U48/Y (INVX2M)                            0.16       1.81 f
  REG_FILE_UNIT/U2/Y (NOR3BX2M)                           0.42       2.22 r
  REG_FILE_UNIT/U37/Y (NAND2X2M)                          0.10       2.32 f
  REG_FILE_UNIT/U36/Y (BUFX2M)                            0.23       2.56 f
  REG_FILE_UNIT/U277/Y (OAI2BB2X1M)                       0.16       2.71 r
  REG_FILE_UNIT/regfile_reg[7][2]/D (DFFRQX2M)            0.00       2.71 r
  data arrival time                                                  2.71

  clock REF_CLK (rise edge)                              20.00      20.00
  clock network delay (ideal)                             0.00      20.00
  clock uncertainty                                      -0.20      19.80
  REG_FILE_UNIT/regfile_reg[7][2]/CK (DFFRQX2M)           0.00      19.80 r
  library setup time                                     -0.31      19.49
  data required time                                                19.49
  --------------------------------------------------------------------------
  data required time                                                19.49
  data arrival time                                                 -2.71
  --------------------------------------------------------------------------
  slack (MET)                                                       16.78


  Startpoint: SYS_CTRL_UNIT/Current_State_reg[1]
              (rising edge-triggered flip-flop clocked by REF_CLK)
  Endpoint: REG_FILE_UNIT/regfile_reg[7][1]
            (rising edge-triggered flip-flop clocked by REF_CLK)
  Path Group: REF_CLK
  Path Type: max

  Point                                                   Incr       Path
  --------------------------------------------------------------------------
  clock REF_CLK (rise edge)                               0.00       0.00
  clock network delay (ideal)                             0.00       0.00
  SYS_CTRL_UNIT/Current_State_reg[1]/CK (DFFRQX2M)        0.00       0.00 r
  SYS_CTRL_UNIT/Current_State_reg[1]/Q (DFFRQX2M)         0.41       0.41 r
  SYS_CTRL_UNIT/U43/Y (INVX2M)                            0.12       0.53 f
  SYS_CTRL_UNIT/U41/Y (NOR2X2M)                           0.20       0.74 r
  SYS_CTRL_UNIT/U49/Y (NOR3BX2M)                          0.30       1.04 r
  SYS_CTRL_UNIT/U10/Y (AOI21X2M)                          0.17       1.21 f
  SYS_CTRL_UNIT/U5/Y (OAI22X1M)                           0.44       1.65 r
  SYS_CTRL_UNIT/Address[0] (SYS_CTRL_OP_WIDTH8_ALU_OUT_WIDTH16_REG_WIDTH8_REG_DEPTH16_ADDRESS_WIDTH4_UART_DATA_WIDTH8)
                                                          0.00       1.65 r
  REG_FILE_UNIT/Address[0] (Register_File_DEPTH16_DATA_WIDTH8_ADDRESS_WIDTH4)
                                                          0.00       1.65 r
  REG_FILE_UNIT/U48/Y (INVX2M)                            0.16       1.81 f
  REG_FILE_UNIT/U2/Y (NOR3BX2M)                           0.42       2.22 r
  REG_FILE_UNIT/U37/Y (NAND2X2M)                          0.10       2.32 f
  REG_FILE_UNIT/U36/Y (BUFX2M)                            0.23       2.56 f
  REG_FILE_UNIT/U276/Y (OAI2BB2X1M)                       0.16       2.71 r
  REG_FILE_UNIT/regfile_reg[7][1]/D (DFFRQX2M)            0.00       2.71 r
  data arrival time                                                  2.71

  clock REF_CLK (rise edge)                              20.00      20.00
  clock network delay (ideal)                             0.00      20.00
  clock uncertainty                                      -0.20      19.80
  REG_FILE_UNIT/regfile_reg[7][1]/CK (DFFRQX2M)           0.00      19.80 r
  library setup time                                     -0.31      19.49
  data required time                                                19.49
  --------------------------------------------------------------------------
  data required time                                                19.49
  data arrival time                                                 -2.71
  --------------------------------------------------------------------------
  slack (MET)                                                       16.78


  Startpoint: SYS_CTRL_UNIT/Current_State_reg[1]
              (rising edge-triggered flip-flop clocked by REF_CLK)
  Endpoint: REG_FILE_UNIT/regfile_reg[7][0]
            (rising edge-triggered flip-flop clocked by REF_CLK)
  Path Group: REF_CLK
  Path Type: max

  Point                                                   Incr       Path
  --------------------------------------------------------------------------
  clock REF_CLK (rise edge)                               0.00       0.00
  clock network delay (ideal)                             0.00       0.00
  SYS_CTRL_UNIT/Current_State_reg[1]/CK (DFFRQX2M)        0.00       0.00 r
  SYS_CTRL_UNIT/Current_State_reg[1]/Q (DFFRQX2M)         0.41       0.41 r
  SYS_CTRL_UNIT/U43/Y (INVX2M)                            0.12       0.53 f
  SYS_CTRL_UNIT/U41/Y (NOR2X2M)                           0.20       0.74 r
  SYS_CTRL_UNIT/U49/Y (NOR3BX2M)                          0.30       1.04 r
  SYS_CTRL_UNIT/U10/Y (AOI21X2M)                          0.17       1.21 f
  SYS_CTRL_UNIT/U5/Y (OAI22X1M)                           0.44       1.65 r
  SYS_CTRL_UNIT/Address[0] (SYS_CTRL_OP_WIDTH8_ALU_OUT_WIDTH16_REG_WIDTH8_REG_DEPTH16_ADDRESS_WIDTH4_UART_DATA_WIDTH8)
                                                          0.00       1.65 r
  REG_FILE_UNIT/Address[0] (Register_File_DEPTH16_DATA_WIDTH8_ADDRESS_WIDTH4)
                                                          0.00       1.65 r
  REG_FILE_UNIT/U48/Y (INVX2M)                            0.16       1.81 f
  REG_FILE_UNIT/U2/Y (NOR3BX2M)                           0.42       2.22 r
  REG_FILE_UNIT/U37/Y (NAND2X2M)                          0.10       2.32 f
  REG_FILE_UNIT/U36/Y (BUFX2M)                            0.23       2.56 f
  REG_FILE_UNIT/U275/Y (OAI2BB2X1M)                       0.16       2.71 r
  REG_FILE_UNIT/regfile_reg[7][0]/D (DFFRQX2M)            0.00       2.71 r
  data arrival time                                                  2.71

  clock REF_CLK (rise edge)                              20.00      20.00
  clock network delay (ideal)                             0.00      20.00
  clock uncertainty                                      -0.20      19.80
  REG_FILE_UNIT/regfile_reg[7][0]/CK (DFFRQX2M)           0.00      19.80 r
  library setup time                                     -0.31      19.49
  data required time                                                19.49
  --------------------------------------------------------------------------
  data required time                                                19.49
  data arrival time                                                 -2.71
  --------------------------------------------------------------------------
  slack (MET)                                                       16.78


  Startpoint: SYS_CTRL_UNIT/Current_State_reg[1]
              (rising edge-triggered flip-flop clocked by REF_CLK)
  Endpoint: REG_FILE_UNIT/regfile_reg[3][3]
            (rising edge-triggered flip-flop clocked by REF_CLK)
  Path Group: REF_CLK
  Path Type: max

  Point                                                   Incr       Path
  --------------------------------------------------------------------------
  clock REF_CLK (rise edge)                               0.00       0.00
  clock network delay (ideal)                             0.00       0.00
  SYS_CTRL_UNIT/Current_State_reg[1]/CK (DFFRQX2M)        0.00       0.00 r
  SYS_CTRL_UNIT/Current_State_reg[1]/Q (DFFRQX2M)         0.41       0.41 r
  SYS_CTRL_UNIT/U43/Y (INVX2M)                            0.12       0.53 f
  SYS_CTRL_UNIT/U41/Y (NOR2X2M)                           0.20       0.74 r
  SYS_CTRL_UNIT/U49/Y (NOR3BX2M)                          0.30       1.04 r
  SYS_CTRL_UNIT/U10/Y (AOI21X2M)                          0.17       1.21 f
  SYS_CTRL_UNIT/U5/Y (OAI22X1M)                           0.44       1.65 r
  SYS_CTRL_UNIT/Address[0] (SYS_CTRL_OP_WIDTH8_ALU_OUT_WIDTH16_REG_WIDTH8_REG_DEPTH16_ADDRESS_WIDTH4_UART_DATA_WIDTH8)
                                                          0.00       1.65 r
  REG_FILE_UNIT/Address[0] (Register_File_DEPTH16_DATA_WIDTH8_ADDRESS_WIDTH4)
                                                          0.00       1.65 r
  REG_FILE_UNIT/U48/Y (INVX2M)                            0.16       1.81 f
  REG_FILE_UNIT/U2/Y (NOR3BX2M)                           0.42       2.22 r
  REG_FILE_UNIT/U35/Y (NAND2X2M)                          0.10       2.32 f
  REG_FILE_UNIT/U34/Y (BUFX2M)                            0.23       2.56 f
  REG_FILE_UNIT/U255/Y (OAI2BB2X1M)                       0.16       2.71 r
  REG_FILE_UNIT/regfile_reg[3][3]/D (DFFRQX2M)            0.00       2.71 r
  data arrival time                                                  2.71

  clock REF_CLK (rise edge)                              20.00      20.00
  clock network delay (ideal)                             0.00      20.00
  clock uncertainty                                      -0.20      19.80
  REG_FILE_UNIT/regfile_reg[3][3]/CK (DFFRQX2M)           0.00      19.80 r
  library setup time                                     -0.31      19.49
  data required time                                                19.49
  --------------------------------------------------------------------------
  data required time                                                19.49
  data arrival time                                                 -2.71
  --------------------------------------------------------------------------
  slack (MET)                                                       16.78


  Startpoint: SYS_CTRL_UNIT/Current_State_reg[1]
              (rising edge-triggered flip-flop clocked by REF_CLK)
  Endpoint: REG_FILE_UNIT/regfile_reg[3][7]
            (rising edge-triggered flip-flop clocked by REF_CLK)
  Path Group: REF_CLK
  Path Type: max

  Point                                                   Incr       Path
  --------------------------------------------------------------------------
  clock REF_CLK (rise edge)                               0.00       0.00
  clock network delay (ideal)                             0.00       0.00
  SYS_CTRL_UNIT/Current_State_reg[1]/CK (DFFRQX2M)        0.00       0.00 r
  SYS_CTRL_UNIT/Current_State_reg[1]/Q (DFFRQX2M)         0.41       0.41 r
  SYS_CTRL_UNIT/U43/Y (INVX2M)                            0.12       0.53 f
  SYS_CTRL_UNIT/U41/Y (NOR2X2M)                           0.20       0.74 r
  SYS_CTRL_UNIT/U49/Y (NOR3BX2M)                          0.30       1.04 r
  SYS_CTRL_UNIT/U10/Y (AOI21X2M)                          0.17       1.21 f
  SYS_CTRL_UNIT/U5/Y (OAI22X1M)                           0.44       1.65 r
  SYS_CTRL_UNIT/Address[0] (SYS_CTRL_OP_WIDTH8_ALU_OUT_WIDTH16_REG_WIDTH8_REG_DEPTH16_ADDRESS_WIDTH4_UART_DATA_WIDTH8)
                                                          0.00       1.65 r
  REG_FILE_UNIT/Address[0] (Register_File_DEPTH16_DATA_WIDTH8_ADDRESS_WIDTH4)
                                                          0.00       1.65 r
  REG_FILE_UNIT/U48/Y (INVX2M)                            0.16       1.81 f
  REG_FILE_UNIT/U2/Y (NOR3BX2M)                           0.42       2.22 r
  REG_FILE_UNIT/U35/Y (NAND2X2M)                          0.10       2.32 f
  REG_FILE_UNIT/U34/Y (BUFX2M)                            0.23       2.56 f
  REG_FILE_UNIT/U254/Y (OAI2BB2X1M)                       0.16       2.71 r
  REG_FILE_UNIT/regfile_reg[3][7]/D (DFFRQX2M)            0.00       2.71 r
  data arrival time                                                  2.71

  clock REF_CLK (rise edge)                              20.00      20.00
  clock network delay (ideal)                             0.00      20.00
  clock uncertainty                                      -0.20      19.80
  REG_FILE_UNIT/regfile_reg[3][7]/CK (DFFRQX2M)           0.00      19.80 r
  library setup time                                     -0.31      19.49
  data required time                                                19.49
  --------------------------------------------------------------------------
  data required time                                                19.49
  data arrival time                                                 -2.71
  --------------------------------------------------------------------------
  slack (MET)                                                       16.78


  Startpoint: SYS_CTRL_UNIT/Current_State_reg[1]
              (rising edge-triggered flip-flop clocked by REF_CLK)
  Endpoint: REG_FILE_UNIT/regfile_reg[3][4]
            (rising edge-triggered flip-flop clocked by REF_CLK)
  Path Group: REF_CLK
  Path Type: max

  Point                                                   Incr       Path
  --------------------------------------------------------------------------
  clock REF_CLK (rise edge)                               0.00       0.00
  clock network delay (ideal)                             0.00       0.00
  SYS_CTRL_UNIT/Current_State_reg[1]/CK (DFFRQX2M)        0.00       0.00 r
  SYS_CTRL_UNIT/Current_State_reg[1]/Q (DFFRQX2M)         0.41       0.41 r
  SYS_CTRL_UNIT/U43/Y (INVX2M)                            0.12       0.53 f
  SYS_CTRL_UNIT/U41/Y (NOR2X2M)                           0.20       0.74 r
  SYS_CTRL_UNIT/U49/Y (NOR3BX2M)                          0.30       1.04 r
  SYS_CTRL_UNIT/U10/Y (AOI21X2M)                          0.17       1.21 f
  SYS_CTRL_UNIT/U5/Y (OAI22X1M)                           0.44       1.65 r
  SYS_CTRL_UNIT/Address[0] (SYS_CTRL_OP_WIDTH8_ALU_OUT_WIDTH16_REG_WIDTH8_REG_DEPTH16_ADDRESS_WIDTH4_UART_DATA_WIDTH8)
                                                          0.00       1.65 r
  REG_FILE_UNIT/Address[0] (Register_File_DEPTH16_DATA_WIDTH8_ADDRESS_WIDTH4)
                                                          0.00       1.65 r
  REG_FILE_UNIT/U48/Y (INVX2M)                            0.16       1.81 f
  REG_FILE_UNIT/U2/Y (NOR3BX2M)                           0.42       2.22 r
  REG_FILE_UNIT/U35/Y (NAND2X2M)                          0.10       2.32 f
  REG_FILE_UNIT/U34/Y (BUFX2M)                            0.23       2.56 f
  REG_FILE_UNIT/U257/Y (OAI2BB2X1M)                       0.16       2.71 r
  REG_FILE_UNIT/regfile_reg[3][4]/D (DFFRQX2M)            0.00       2.71 r
  data arrival time                                                  2.71

  clock REF_CLK (rise edge)                              20.00      20.00
  clock network delay (ideal)                             0.00      20.00
  clock uncertainty                                      -0.20      19.80
  REG_FILE_UNIT/regfile_reg[3][4]/CK (DFFRQX2M)           0.00      19.80 r
  library setup time                                     -0.31      19.49
  data required time                                                19.49
  --------------------------------------------------------------------------
  data required time                                                19.49
  data arrival time                                                 -2.71
  --------------------------------------------------------------------------
  slack (MET)                                                       16.78


  Startpoint: SYS_CTRL_UNIT/Current_State_reg[1]
              (rising edge-triggered flip-flop clocked by REF_CLK)
  Endpoint: REG_FILE_UNIT/regfile_reg[3][0]
            (rising edge-triggered flip-flop clocked by REF_CLK)
  Path Group: REF_CLK
  Path Type: max

  Point                                                   Incr       Path
  --------------------------------------------------------------------------
  clock REF_CLK (rise edge)                               0.00       0.00
  clock network delay (ideal)                             0.00       0.00
  SYS_CTRL_UNIT/Current_State_reg[1]/CK (DFFRQX2M)        0.00       0.00 r
  SYS_CTRL_UNIT/Current_State_reg[1]/Q (DFFRQX2M)         0.41       0.41 r
  SYS_CTRL_UNIT/U43/Y (INVX2M)                            0.12       0.53 f
  SYS_CTRL_UNIT/U41/Y (NOR2X2M)                           0.20       0.74 r
  SYS_CTRL_UNIT/U49/Y (NOR3BX2M)                          0.30       1.04 r
  SYS_CTRL_UNIT/U10/Y (AOI21X2M)                          0.17       1.21 f
  SYS_CTRL_UNIT/U5/Y (OAI22X1M)                           0.44       1.65 r
  SYS_CTRL_UNIT/Address[0] (SYS_CTRL_OP_WIDTH8_ALU_OUT_WIDTH16_REG_WIDTH8_REG_DEPTH16_ADDRESS_WIDTH4_UART_DATA_WIDTH8)
                                                          0.00       1.65 r
  REG_FILE_UNIT/Address[0] (Register_File_DEPTH16_DATA_WIDTH8_ADDRESS_WIDTH4)
                                                          0.00       1.65 r
  REG_FILE_UNIT/U48/Y (INVX2M)                            0.16       1.81 f
  REG_FILE_UNIT/U2/Y (NOR3BX2M)                           0.42       2.22 r
  REG_FILE_UNIT/U35/Y (NAND2X2M)                          0.10       2.32 f
  REG_FILE_UNIT/U34/Y (BUFX2M)                            0.23       2.56 f
  REG_FILE_UNIT/U251/Y (OAI2BB2X1M)                       0.16       2.71 r
  REG_FILE_UNIT/regfile_reg[3][0]/D (DFFRQX2M)            0.00       2.71 r
  data arrival time                                                  2.71

  clock REF_CLK (rise edge)                              20.00      20.00
  clock network delay (ideal)                             0.00      20.00
  clock uncertainty                                      -0.20      19.80
  REG_FILE_UNIT/regfile_reg[3][0]/CK (DFFRQX2M)           0.00      19.80 r
  library setup time                                     -0.31      19.49
  data required time                                                19.49
  --------------------------------------------------------------------------
  data required time                                                19.49
  data arrival time                                                 -2.71
  --------------------------------------------------------------------------
  slack (MET)                                                       16.78


  Startpoint: SYS_CTRL_UNIT/Current_State_reg[1]
              (rising edge-triggered flip-flop clocked by REF_CLK)
  Endpoint: REG_FILE_UNIT/regfile_reg[3][2]
            (rising edge-triggered flip-flop clocked by REF_CLK)
  Path Group: REF_CLK
  Path Type: max

  Point                                                   Incr       Path
  --------------------------------------------------------------------------
  clock REF_CLK (rise edge)                               0.00       0.00
  clock network delay (ideal)                             0.00       0.00
  SYS_CTRL_UNIT/Current_State_reg[1]/CK (DFFRQX2M)        0.00       0.00 r
  SYS_CTRL_UNIT/Current_State_reg[1]/Q (DFFRQX2M)         0.41       0.41 r
  SYS_CTRL_UNIT/U43/Y (INVX2M)                            0.12       0.53 f
  SYS_CTRL_UNIT/U41/Y (NOR2X2M)                           0.20       0.74 r
  SYS_CTRL_UNIT/U49/Y (NOR3BX2M)                          0.30       1.04 r
  SYS_CTRL_UNIT/U10/Y (AOI21X2M)                          0.17       1.21 f
  SYS_CTRL_UNIT/U5/Y (OAI22X1M)                           0.44       1.65 r
  SYS_CTRL_UNIT/Address[0] (SYS_CTRL_OP_WIDTH8_ALU_OUT_WIDTH16_REG_WIDTH8_REG_DEPTH16_ADDRESS_WIDTH4_UART_DATA_WIDTH8)
                                                          0.00       1.65 r
  REG_FILE_UNIT/Address[0] (Register_File_DEPTH16_DATA_WIDTH8_ADDRESS_WIDTH4)
                                                          0.00       1.65 r
  REG_FILE_UNIT/U48/Y (INVX2M)                            0.16       1.81 f
  REG_FILE_UNIT/U2/Y (NOR3BX2M)                           0.42       2.22 r
  REG_FILE_UNIT/U35/Y (NAND2X2M)                          0.10       2.32 f
  REG_FILE_UNIT/U34/Y (BUFX2M)                            0.23       2.56 f
  REG_FILE_UNIT/U256/Y (OAI2BB2X1M)                       0.16       2.71 r
  REG_FILE_UNIT/regfile_reg[3][2]/D (DFFRQX2M)            0.00       2.71 r
  data arrival time                                                  2.71

  clock REF_CLK (rise edge)                              20.00      20.00
  clock network delay (ideal)                             0.00      20.00
  clock uncertainty                                      -0.20      19.80
  REG_FILE_UNIT/regfile_reg[3][2]/CK (DFFRQX2M)           0.00      19.80 r
  library setup time                                     -0.31      19.49
  data required time                                                19.49
  --------------------------------------------------------------------------
  data required time                                                19.49
  data arrival time                                                 -2.71
  --------------------------------------------------------------------------
  slack (MET)                                                       16.78


  Startpoint: SYS_CTRL_UNIT/Current_State_reg[1]
              (rising edge-triggered flip-flop clocked by REF_CLK)
  Endpoint: REG_FILE_UNIT/regfile_reg[3][6]
            (rising edge-triggered flip-flop clocked by REF_CLK)
  Path Group: REF_CLK
  Path Type: max

  Point                                                   Incr       Path
  --------------------------------------------------------------------------
  clock REF_CLK (rise edge)                               0.00       0.00
  clock network delay (ideal)                             0.00       0.00
  SYS_CTRL_UNIT/Current_State_reg[1]/CK (DFFRQX2M)        0.00       0.00 r
  SYS_CTRL_UNIT/Current_State_reg[1]/Q (DFFRQX2M)         0.41       0.41 r
  SYS_CTRL_UNIT/U43/Y (INVX2M)                            0.12       0.53 f
  SYS_CTRL_UNIT/U41/Y (NOR2X2M)                           0.20       0.74 r
  SYS_CTRL_UNIT/U49/Y (NOR3BX2M)                          0.30       1.04 r
  SYS_CTRL_UNIT/U10/Y (AOI21X2M)                          0.17       1.21 f
  SYS_CTRL_UNIT/U5/Y (OAI22X1M)                           0.44       1.65 r
  SYS_CTRL_UNIT/Address[0] (SYS_CTRL_OP_WIDTH8_ALU_OUT_WIDTH16_REG_WIDTH8_REG_DEPTH16_ADDRESS_WIDTH4_UART_DATA_WIDTH8)
                                                          0.00       1.65 r
  REG_FILE_UNIT/Address[0] (Register_File_DEPTH16_DATA_WIDTH8_ADDRESS_WIDTH4)
                                                          0.00       1.65 r
  REG_FILE_UNIT/U48/Y (INVX2M)                            0.16       1.81 f
  REG_FILE_UNIT/U2/Y (NOR3BX2M)                           0.42       2.22 r
  REG_FILE_UNIT/U35/Y (NAND2X2M)                          0.10       2.32 f
  REG_FILE_UNIT/U34/Y (BUFX2M)                            0.23       2.56 f
  REG_FILE_UNIT/U253/Y (OAI2BB2X1M)                       0.16       2.71 r
  REG_FILE_UNIT/regfile_reg[3][6]/D (DFFRQX2M)            0.00       2.71 r
  data arrival time                                                  2.71

  clock REF_CLK (rise edge)                              20.00      20.00
  clock network delay (ideal)                             0.00      20.00
  clock uncertainty                                      -0.20      19.80
  REG_FILE_UNIT/regfile_reg[3][6]/CK (DFFRQX2M)           0.00      19.80 r
  library setup time                                     -0.31      19.49
  data required time                                                19.49
  --------------------------------------------------------------------------
  data required time                                                19.49
  data arrival time                                                 -2.71
  --------------------------------------------------------------------------
  slack (MET)                                                       16.78


  Startpoint: SYS_CTRL_UNIT/Current_State_reg[1]
              (rising edge-triggered flip-flop clocked by REF_CLK)
  Endpoint: REG_FILE_UNIT/regfile_reg[3][1]
            (rising edge-triggered flip-flop clocked by REF_CLK)
  Path Group: REF_CLK
  Path Type: max

  Point                                                   Incr       Path
  --------------------------------------------------------------------------
  clock REF_CLK (rise edge)                               0.00       0.00
  clock network delay (ideal)                             0.00       0.00
  SYS_CTRL_UNIT/Current_State_reg[1]/CK (DFFRQX2M)        0.00       0.00 r
  SYS_CTRL_UNIT/Current_State_reg[1]/Q (DFFRQX2M)         0.41       0.41 r
  SYS_CTRL_UNIT/U43/Y (INVX2M)                            0.12       0.53 f
  SYS_CTRL_UNIT/U41/Y (NOR2X2M)                           0.20       0.74 r
  SYS_CTRL_UNIT/U49/Y (NOR3BX2M)                          0.30       1.04 r
  SYS_CTRL_UNIT/U10/Y (AOI21X2M)                          0.17       1.21 f
  SYS_CTRL_UNIT/U5/Y (OAI22X1M)                           0.44       1.65 r
  SYS_CTRL_UNIT/Address[0] (SYS_CTRL_OP_WIDTH8_ALU_OUT_WIDTH16_REG_WIDTH8_REG_DEPTH16_ADDRESS_WIDTH4_UART_DATA_WIDTH8)
                                                          0.00       1.65 r
  REG_FILE_UNIT/Address[0] (Register_File_DEPTH16_DATA_WIDTH8_ADDRESS_WIDTH4)
                                                          0.00       1.65 r
  REG_FILE_UNIT/U48/Y (INVX2M)                            0.16       1.81 f
  REG_FILE_UNIT/U2/Y (NOR3BX2M)                           0.42       2.22 r
  REG_FILE_UNIT/U35/Y (NAND2X2M)                          0.10       2.32 f
  REG_FILE_UNIT/U34/Y (BUFX2M)                            0.23       2.56 f
  REG_FILE_UNIT/U250/Y (OAI2BB2X1M)                       0.16       2.71 r
  REG_FILE_UNIT/regfile_reg[3][1]/D (DFFRQX2M)            0.00       2.71 r
  data arrival time                                                  2.71

  clock REF_CLK (rise edge)                              20.00      20.00
  clock network delay (ideal)                             0.00      20.00
  clock uncertainty                                      -0.20      19.80
  REG_FILE_UNIT/regfile_reg[3][1]/CK (DFFRQX2M)           0.00      19.80 r
  library setup time                                     -0.31      19.49
  data required time                                                19.49
  --------------------------------------------------------------------------
  data required time                                                19.49
  data arrival time                                                 -2.71
  --------------------------------------------------------------------------
  slack (MET)                                                       16.78


  Startpoint: SYS_CTRL_UNIT/Current_State_reg[1]
              (rising edge-triggered flip-flop clocked by REF_CLK)
  Endpoint: REG_FILE_UNIT/regfile_reg[1][1]
            (rising edge-triggered flip-flop clocked by REF_CLK)
  Path Group: REF_CLK
  Path Type: max

  Point                                                   Incr       Path
  --------------------------------------------------------------------------
  clock REF_CLK (rise edge)                               0.00       0.00
  clock network delay (ideal)                             0.00       0.00
  SYS_CTRL_UNIT/Current_State_reg[1]/CK (DFFRQX2M)        0.00       0.00 r
  SYS_CTRL_UNIT/Current_State_reg[1]/Q (DFFRQX2M)         0.41       0.41 r
  SYS_CTRL_UNIT/U43/Y (INVX2M)                            0.12       0.53 f
  SYS_CTRL_UNIT/U41/Y (NOR2X2M)                           0.20       0.74 r
  SYS_CTRL_UNIT/U49/Y (NOR3BX2M)                          0.30       1.04 r
  SYS_CTRL_UNIT/U10/Y (AOI21X2M)                          0.17       1.21 f
  SYS_CTRL_UNIT/U5/Y (OAI22X1M)                           0.44       1.65 r
  SYS_CTRL_UNIT/Address[0] (SYS_CTRL_OP_WIDTH8_ALU_OUT_WIDTH16_REG_WIDTH8_REG_DEPTH16_ADDRESS_WIDTH4_UART_DATA_WIDTH8)
                                                          0.00       1.65 r
  REG_FILE_UNIT/Address[0] (Register_File_DEPTH16_DATA_WIDTH8_ADDRESS_WIDTH4)
                                                          0.00       1.65 r
  REG_FILE_UNIT/U48/Y (INVX2M)                            0.16       1.81 f
  REG_FILE_UNIT/U2/Y (NOR3BX2M)                           0.42       2.22 r
  REG_FILE_UNIT/U33/Y (NAND2X2M)                          0.10       2.32 f
  REG_FILE_UNIT/U32/Y (BUFX2M)                            0.23       2.56 f
  REG_FILE_UNIT/U236/Y (OAI2BB2X1M)                       0.16       2.71 r
  REG_FILE_UNIT/regfile_reg[1][1]/D (DFFRQX2M)            0.00       2.71 r
  data arrival time                                                  2.71

  clock REF_CLK (rise edge)                              20.00      20.00
  clock network delay (ideal)                             0.00      20.00
  clock uncertainty                                      -0.20      19.80
  REG_FILE_UNIT/regfile_reg[1][1]/CK (DFFRQX2M)           0.00      19.80 r
  library setup time                                     -0.31      19.49
  data required time                                                19.49
  --------------------------------------------------------------------------
  data required time                                                19.49
  data arrival time                                                 -2.71
  --------------------------------------------------------------------------
  slack (MET)                                                       16.78


  Startpoint: SYS_CTRL_UNIT/Current_State_reg[1]
              (rising edge-triggered flip-flop clocked by REF_CLK)
  Endpoint: REG_FILE_UNIT/regfile_reg[1][4]
            (rising edge-triggered flip-flop clocked by REF_CLK)
  Path Group: REF_CLK
  Path Type: max

  Point                                                   Incr       Path
  --------------------------------------------------------------------------
  clock REF_CLK (rise edge)                               0.00       0.00
  clock network delay (ideal)                             0.00       0.00
  SYS_CTRL_UNIT/Current_State_reg[1]/CK (DFFRQX2M)        0.00       0.00 r
  SYS_CTRL_UNIT/Current_State_reg[1]/Q (DFFRQX2M)         0.41       0.41 r
  SYS_CTRL_UNIT/U43/Y (INVX2M)                            0.12       0.53 f
  SYS_CTRL_UNIT/U41/Y (NOR2X2M)                           0.20       0.74 r
  SYS_CTRL_UNIT/U49/Y (NOR3BX2M)                          0.30       1.04 r
  SYS_CTRL_UNIT/U10/Y (AOI21X2M)                          0.17       1.21 f
  SYS_CTRL_UNIT/U5/Y (OAI22X1M)                           0.44       1.65 r
  SYS_CTRL_UNIT/Address[0] (SYS_CTRL_OP_WIDTH8_ALU_OUT_WIDTH16_REG_WIDTH8_REG_DEPTH16_ADDRESS_WIDTH4_UART_DATA_WIDTH8)
                                                          0.00       1.65 r
  REG_FILE_UNIT/Address[0] (Register_File_DEPTH16_DATA_WIDTH8_ADDRESS_WIDTH4)
                                                          0.00       1.65 r
  REG_FILE_UNIT/U48/Y (INVX2M)                            0.16       1.81 f
  REG_FILE_UNIT/U2/Y (NOR3BX2M)                           0.42       2.22 r
  REG_FILE_UNIT/U33/Y (NAND2X2M)                          0.10       2.32 f
  REG_FILE_UNIT/U32/Y (BUFX2M)                            0.23       2.56 f
  REG_FILE_UNIT/U234/Y (OAI2BB2X1M)                       0.16       2.71 r
  REG_FILE_UNIT/regfile_reg[1][4]/D (DFFRQX2M)            0.00       2.71 r
  data arrival time                                                  2.71

  clock REF_CLK (rise edge)                              20.00      20.00
  clock network delay (ideal)                             0.00      20.00
  clock uncertainty                                      -0.20      19.80
  REG_FILE_UNIT/regfile_reg[1][4]/CK (DFFRQX2M)           0.00      19.80 r
  library setup time                                     -0.31      19.49
  data required time                                                19.49
  --------------------------------------------------------------------------
  data required time                                                19.49
  data arrival time                                                 -2.71
  --------------------------------------------------------------------------
  slack (MET)                                                       16.78


  Startpoint: SYS_CTRL_UNIT/Current_State_reg[1]
              (rising edge-triggered flip-flop clocked by REF_CLK)
  Endpoint: REG_FILE_UNIT/regfile_reg[1][2]
            (rising edge-triggered flip-flop clocked by REF_CLK)
  Path Group: REF_CLK
  Path Type: max

  Point                                                   Incr       Path
  --------------------------------------------------------------------------
  clock REF_CLK (rise edge)                               0.00       0.00
  clock network delay (ideal)                             0.00       0.00
  SYS_CTRL_UNIT/Current_State_reg[1]/CK (DFFRQX2M)        0.00       0.00 r
  SYS_CTRL_UNIT/Current_State_reg[1]/Q (DFFRQX2M)         0.41       0.41 r
  SYS_CTRL_UNIT/U43/Y (INVX2M)                            0.12       0.53 f
  SYS_CTRL_UNIT/U41/Y (NOR2X2M)                           0.20       0.74 r
  SYS_CTRL_UNIT/U49/Y (NOR3BX2M)                          0.30       1.04 r
  SYS_CTRL_UNIT/U10/Y (AOI21X2M)                          0.17       1.21 f
  SYS_CTRL_UNIT/U5/Y (OAI22X1M)                           0.44       1.65 r
  SYS_CTRL_UNIT/Address[0] (SYS_CTRL_OP_WIDTH8_ALU_OUT_WIDTH16_REG_WIDTH8_REG_DEPTH16_ADDRESS_WIDTH4_UART_DATA_WIDTH8)
                                                          0.00       1.65 r
  REG_FILE_UNIT/Address[0] (Register_File_DEPTH16_DATA_WIDTH8_ADDRESS_WIDTH4)
                                                          0.00       1.65 r
  REG_FILE_UNIT/U48/Y (INVX2M)                            0.16       1.81 f
  REG_FILE_UNIT/U2/Y (NOR3BX2M)                           0.42       2.22 r
  REG_FILE_UNIT/U33/Y (NAND2X2M)                          0.10       2.32 f
  REG_FILE_UNIT/U32/Y (BUFX2M)                            0.23       2.56 f
  REG_FILE_UNIT/U231/Y (OAI2BB2X1M)                       0.16       2.71 r
  REG_FILE_UNIT/regfile_reg[1][2]/D (DFFRQX2M)            0.00       2.71 r
  data arrival time                                                  2.71

  clock REF_CLK (rise edge)                              20.00      20.00
  clock network delay (ideal)                             0.00      20.00
  clock uncertainty                                      -0.20      19.80
  REG_FILE_UNIT/regfile_reg[1][2]/CK (DFFRQX2M)           0.00      19.80 r
  library setup time                                     -0.31      19.49
  data required time                                                19.49
  --------------------------------------------------------------------------
  data required time                                                19.49
  data arrival time                                                 -2.71
  --------------------------------------------------------------------------
  slack (MET)                                                       16.78


  Startpoint: SYS_CTRL_UNIT/Current_State_reg[1]
              (rising edge-triggered flip-flop clocked by REF_CLK)
  Endpoint: REG_FILE_UNIT/regfile_reg[1][0]
            (rising edge-triggered flip-flop clocked by REF_CLK)
  Path Group: REF_CLK
  Path Type: max

  Point                                                   Incr       Path
  --------------------------------------------------------------------------
  clock REF_CLK (rise edge)                               0.00       0.00
  clock network delay (ideal)                             0.00       0.00
  SYS_CTRL_UNIT/Current_State_reg[1]/CK (DFFRQX2M)        0.00       0.00 r
  SYS_CTRL_UNIT/Current_State_reg[1]/Q (DFFRQX2M)         0.41       0.41 r
  SYS_CTRL_UNIT/U43/Y (INVX2M)                            0.12       0.53 f
  SYS_CTRL_UNIT/U41/Y (NOR2X2M)                           0.20       0.74 r
  SYS_CTRL_UNIT/U49/Y (NOR3BX2M)                          0.30       1.04 r
  SYS_CTRL_UNIT/U10/Y (AOI21X2M)                          0.17       1.21 f
  SYS_CTRL_UNIT/U5/Y (OAI22X1M)                           0.44       1.65 r
  SYS_CTRL_UNIT/Address[0] (SYS_CTRL_OP_WIDTH8_ALU_OUT_WIDTH16_REG_WIDTH8_REG_DEPTH16_ADDRESS_WIDTH4_UART_DATA_WIDTH8)
                                                          0.00       1.65 r
  REG_FILE_UNIT/Address[0] (Register_File_DEPTH16_DATA_WIDTH8_ADDRESS_WIDTH4)
                                                          0.00       1.65 r
  REG_FILE_UNIT/U48/Y (INVX2M)                            0.16       1.81 f
  REG_FILE_UNIT/U2/Y (NOR3BX2M)                           0.42       2.22 r
  REG_FILE_UNIT/U33/Y (NAND2X2M)                          0.10       2.32 f
  REG_FILE_UNIT/U32/Y (BUFX2M)                            0.23       2.56 f
  REG_FILE_UNIT/U230/Y (OAI2BB2X1M)                       0.16       2.71 r
  REG_FILE_UNIT/regfile_reg[1][0]/D (DFFRQX2M)            0.00       2.71 r
  data arrival time                                                  2.71

  clock REF_CLK (rise edge)                              20.00      20.00
  clock network delay (ideal)                             0.00      20.00
  clock uncertainty                                      -0.20      19.80
  REG_FILE_UNIT/regfile_reg[1][0]/CK (DFFRQX2M)           0.00      19.80 r
  library setup time                                     -0.31      19.49
  data required time                                                19.49
  --------------------------------------------------------------------------
  data required time                                                19.49
  data arrival time                                                 -2.71
  --------------------------------------------------------------------------
  slack (MET)                                                       16.78


  Startpoint: SYS_CTRL_UNIT/Current_State_reg[1]
              (rising edge-triggered flip-flop clocked by REF_CLK)
  Endpoint: REG_FILE_UNIT/regfile_reg[1][6]
            (rising edge-triggered flip-flop clocked by REF_CLK)
  Path Group: REF_CLK
  Path Type: max

  Point                                                   Incr       Path
  --------------------------------------------------------------------------
  clock REF_CLK (rise edge)                               0.00       0.00
  clock network delay (ideal)                             0.00       0.00
  SYS_CTRL_UNIT/Current_State_reg[1]/CK (DFFRQX2M)        0.00       0.00 r
  SYS_CTRL_UNIT/Current_State_reg[1]/Q (DFFRQX2M)         0.41       0.41 r
  SYS_CTRL_UNIT/U43/Y (INVX2M)                            0.12       0.53 f
  SYS_CTRL_UNIT/U41/Y (NOR2X2M)                           0.20       0.74 r
  SYS_CTRL_UNIT/U49/Y (NOR3BX2M)                          0.30       1.04 r
  SYS_CTRL_UNIT/U10/Y (AOI21X2M)                          0.17       1.21 f
  SYS_CTRL_UNIT/U5/Y (OAI22X1M)                           0.44       1.65 r
  SYS_CTRL_UNIT/Address[0] (SYS_CTRL_OP_WIDTH8_ALU_OUT_WIDTH16_REG_WIDTH8_REG_DEPTH16_ADDRESS_WIDTH4_UART_DATA_WIDTH8)
                                                          0.00       1.65 r
  REG_FILE_UNIT/Address[0] (Register_File_DEPTH16_DATA_WIDTH8_ADDRESS_WIDTH4)
                                                          0.00       1.65 r
  REG_FILE_UNIT/U48/Y (INVX2M)                            0.16       1.81 f
  REG_FILE_UNIT/U2/Y (NOR3BX2M)                           0.42       2.22 r
  REG_FILE_UNIT/U33/Y (NAND2X2M)                          0.10       2.32 f
  REG_FILE_UNIT/U32/Y (BUFX2M)                            0.23       2.56 f
  REG_FILE_UNIT/U237/Y (OAI2BB2X1M)                       0.16       2.71 r
  REG_FILE_UNIT/regfile_reg[1][6]/D (DFFRQX2M)            0.00       2.71 r
  data arrival time                                                  2.71

  clock REF_CLK (rise edge)                              20.00      20.00
  clock network delay (ideal)                             0.00      20.00
  clock uncertainty                                      -0.20      19.80
  REG_FILE_UNIT/regfile_reg[1][6]/CK (DFFRQX2M)           0.00      19.80 r
  library setup time                                     -0.31      19.49
  data required time                                                19.49
  --------------------------------------------------------------------------
  data required time                                                19.49
  data arrival time                                                 -2.71
  --------------------------------------------------------------------------
  slack (MET)                                                       16.78


  Startpoint: SYS_CTRL_UNIT/Current_State_reg[1]
              (rising edge-triggered flip-flop clocked by REF_CLK)
  Endpoint: REG_FILE_UNIT/regfile_reg[1][7]
            (rising edge-triggered flip-flop clocked by REF_CLK)
  Path Group: REF_CLK
  Path Type: max

  Point                                                   Incr       Path
  --------------------------------------------------------------------------
  clock REF_CLK (rise edge)                               0.00       0.00
  clock network delay (ideal)                             0.00       0.00
  SYS_CTRL_UNIT/Current_State_reg[1]/CK (DFFRQX2M)        0.00       0.00 r
  SYS_CTRL_UNIT/Current_State_reg[1]/Q (DFFRQX2M)         0.41       0.41 r
  SYS_CTRL_UNIT/U43/Y (INVX2M)                            0.12       0.53 f
  SYS_CTRL_UNIT/U41/Y (NOR2X2M)                           0.20       0.74 r
  SYS_CTRL_UNIT/U49/Y (NOR3BX2M)                          0.30       1.04 r
  SYS_CTRL_UNIT/U10/Y (AOI21X2M)                          0.17       1.21 f
  SYS_CTRL_UNIT/U5/Y (OAI22X1M)                           0.44       1.65 r
  SYS_CTRL_UNIT/Address[0] (SYS_CTRL_OP_WIDTH8_ALU_OUT_WIDTH16_REG_WIDTH8_REG_DEPTH16_ADDRESS_WIDTH4_UART_DATA_WIDTH8)
                                                          0.00       1.65 r
  REG_FILE_UNIT/Address[0] (Register_File_DEPTH16_DATA_WIDTH8_ADDRESS_WIDTH4)
                                                          0.00       1.65 r
  REG_FILE_UNIT/U48/Y (INVX2M)                            0.16       1.81 f
  REG_FILE_UNIT/U2/Y (NOR3BX2M)                           0.42       2.22 r
  REG_FILE_UNIT/U33/Y (NAND2X2M)                          0.10       2.32 f
  REG_FILE_UNIT/U32/Y (BUFX2M)                            0.23       2.56 f
  REG_FILE_UNIT/U233/Y (OAI2BB2X1M)                       0.16       2.71 r
  REG_FILE_UNIT/regfile_reg[1][7]/D (DFFRQX2M)            0.00       2.71 r
  data arrival time                                                  2.71

  clock REF_CLK (rise edge)                              20.00      20.00
  clock network delay (ideal)                             0.00      20.00
  clock uncertainty                                      -0.20      19.80
  REG_FILE_UNIT/regfile_reg[1][7]/CK (DFFRQX2M)           0.00      19.80 r
  library setup time                                     -0.31      19.49
  data required time                                                19.49
  --------------------------------------------------------------------------
  data required time                                                19.49
  data arrival time                                                 -2.71
  --------------------------------------------------------------------------
  slack (MET)                                                       16.78


  Startpoint: SYS_CTRL_UNIT/Current_State_reg[1]
              (rising edge-triggered flip-flop clocked by REF_CLK)
  Endpoint: REG_FILE_UNIT/regfile_reg[1][5]
            (rising edge-triggered flip-flop clocked by REF_CLK)
  Path Group: REF_CLK
  Path Type: max

  Point                                                   Incr       Path
  --------------------------------------------------------------------------
  clock REF_CLK (rise edge)                               0.00       0.00
  clock network delay (ideal)                             0.00       0.00
  SYS_CTRL_UNIT/Current_State_reg[1]/CK (DFFRQX2M)        0.00       0.00 r
  SYS_CTRL_UNIT/Current_State_reg[1]/Q (DFFRQX2M)         0.41       0.41 r
  SYS_CTRL_UNIT/U43/Y (INVX2M)                            0.12       0.53 f
  SYS_CTRL_UNIT/U41/Y (NOR2X2M)                           0.20       0.74 r
  SYS_CTRL_UNIT/U49/Y (NOR3BX2M)                          0.30       1.04 r
  SYS_CTRL_UNIT/U10/Y (AOI21X2M)                          0.17       1.21 f
  SYS_CTRL_UNIT/U5/Y (OAI22X1M)                           0.44       1.65 r
  SYS_CTRL_UNIT/Address[0] (SYS_CTRL_OP_WIDTH8_ALU_OUT_WIDTH16_REG_WIDTH8_REG_DEPTH16_ADDRESS_WIDTH4_UART_DATA_WIDTH8)
                                                          0.00       1.65 r
  REG_FILE_UNIT/Address[0] (Register_File_DEPTH16_DATA_WIDTH8_ADDRESS_WIDTH4)
                                                          0.00       1.65 r
  REG_FILE_UNIT/U48/Y (INVX2M)                            0.16       1.81 f
  REG_FILE_UNIT/U2/Y (NOR3BX2M)                           0.42       2.22 r
  REG_FILE_UNIT/U33/Y (NAND2X2M)                          0.10       2.32 f
  REG_FILE_UNIT/U32/Y (BUFX2M)                            0.23       2.56 f
  REG_FILE_UNIT/U235/Y (OAI2BB2X1M)                       0.16       2.71 r
  REG_FILE_UNIT/regfile_reg[1][5]/D (DFFRQX2M)            0.00       2.71 r
  data arrival time                                                  2.71

  clock REF_CLK (rise edge)                              20.00      20.00
  clock network delay (ideal)                             0.00      20.00
  clock uncertainty                                      -0.20      19.80
  REG_FILE_UNIT/regfile_reg[1][5]/CK (DFFRQX2M)           0.00      19.80 r
  library setup time                                     -0.31      19.49
  data required time                                                19.49
  --------------------------------------------------------------------------
  data required time                                                19.49
  data arrival time                                                 -2.71
  --------------------------------------------------------------------------
  slack (MET)                                                       16.78


  Startpoint: SYS_CTRL_UNIT/Current_State_reg[1]
              (rising edge-triggered flip-flop clocked by REF_CLK)
  Endpoint: REG_FILE_UNIT/regfile_reg[1][3]
            (rising edge-triggered flip-flop clocked by REF_CLK)
  Path Group: REF_CLK
  Path Type: max

  Point                                                   Incr       Path
  --------------------------------------------------------------------------
  clock REF_CLK (rise edge)                               0.00       0.00
  clock network delay (ideal)                             0.00       0.00
  SYS_CTRL_UNIT/Current_State_reg[1]/CK (DFFRQX2M)        0.00       0.00 r
  SYS_CTRL_UNIT/Current_State_reg[1]/Q (DFFRQX2M)         0.41       0.41 r
  SYS_CTRL_UNIT/U43/Y (INVX2M)                            0.12       0.53 f
  SYS_CTRL_UNIT/U41/Y (NOR2X2M)                           0.20       0.74 r
  SYS_CTRL_UNIT/U49/Y (NOR3BX2M)                          0.30       1.04 r
  SYS_CTRL_UNIT/U10/Y (AOI21X2M)                          0.17       1.21 f
  SYS_CTRL_UNIT/U5/Y (OAI22X1M)                           0.44       1.65 r
  SYS_CTRL_UNIT/Address[0] (SYS_CTRL_OP_WIDTH8_ALU_OUT_WIDTH16_REG_WIDTH8_REG_DEPTH16_ADDRESS_WIDTH4_UART_DATA_WIDTH8)
                                                          0.00       1.65 r
  REG_FILE_UNIT/Address[0] (Register_File_DEPTH16_DATA_WIDTH8_ADDRESS_WIDTH4)
                                                          0.00       1.65 r
  REG_FILE_UNIT/U48/Y (INVX2M)                            0.16       1.81 f
  REG_FILE_UNIT/U2/Y (NOR3BX2M)                           0.42       2.22 r
  REG_FILE_UNIT/U33/Y (NAND2X2M)                          0.10       2.32 f
  REG_FILE_UNIT/U32/Y (BUFX2M)                            0.23       2.56 f
  REG_FILE_UNIT/U232/Y (OAI2BB2X1M)                       0.16       2.71 r
  REG_FILE_UNIT/regfile_reg[1][3]/D (DFFRQX2M)            0.00       2.71 r
  data arrival time                                                  2.71

  clock REF_CLK (rise edge)                              20.00      20.00
  clock network delay (ideal)                             0.00      20.00
  clock uncertainty                                      -0.20      19.80
  REG_FILE_UNIT/regfile_reg[1][3]/CK (DFFRQX2M)           0.00      19.80 r
  library setup time                                     -0.31      19.49
  data required time                                                19.49
  --------------------------------------------------------------------------
  data required time                                                19.49
  data arrival time                                                 -2.71
  --------------------------------------------------------------------------
  slack (MET)                                                       16.78


  Startpoint: SYS_CTRL_UNIT/Current_State_reg[2]
              (rising edge-triggered flip-flop clocked by REF_CLK)
  Endpoint: FIFO_UNIT/fifomem/mem_reg[4][7]
            (rising edge-triggered flip-flop clocked by REF_CLK)
  Path Group: REF_CLK
  Path Type: max

  Point                                                   Incr       Path
  --------------------------------------------------------------------------
  clock REF_CLK (rise edge)                               0.00       0.00
  clock network delay (ideal)                             0.00       0.00
  SYS_CTRL_UNIT/Current_State_reg[2]/CK (DFFRQX2M)        0.00       0.00 r
  SYS_CTRL_UNIT/Current_State_reg[2]/Q (DFFRQX2M)         0.55       0.55 f
  SYS_CTRL_UNIT/U39/Y (NOR3X2M)                           0.37       0.92 r
  SYS_CTRL_UNIT/U14/Y (INVX2M)                            0.11       1.03 f
  SYS_CTRL_UNIT/U50/Y (NOR3X2M)                           0.45       1.48 r
  SYS_CTRL_UNIT/U17/Y (NAND3BX2M)                         0.25       1.73 r
  SYS_CTRL_UNIT/TX_D_VLD (SYS_CTRL_OP_WIDTH8_ALU_OUT_WIDTH16_REG_WIDTH8_REG_DEPTH16_ADDRESS_WIDTH4_UART_DATA_WIDTH8)
                                                          0.00       1.73 r
  FIFO_UNIT/winc (FIFO_TOP_DATA_WIDTH8_ADDR_SIZE3)        0.00       1.73 r
  FIFO_UNIT/fifomem/wclken (FIFO_MEM_DATA_WIDTH8_ADDR_SIZE3)
                                                          0.00       1.73 r
  FIFO_UNIT/fifomem/U64/Y (NAND3BX2M)                     0.18       1.92 f
  FIFO_UNIT/fifomem/U102/Y (NOR3X2M)                      0.21       2.13 r
  FIFO_UNIT/fifomem/U101/Y (BUFX2M)                       0.24       2.37 r
  FIFO_UNIT/fifomem/U45/Y (INVX2M)                        0.12       2.49 f
  FIFO_UNIT/fifomem/U27/Y (OAI22X1M)                      0.19       2.68 r
  FIFO_UNIT/fifomem/mem_reg[4][7]/D (DFFRQX2M)            0.00       2.68 r
  data arrival time                                                  2.68

  clock REF_CLK (rise edge)                              20.00      20.00
  clock network delay (ideal)                             0.00      20.00
  clock uncertainty                                      -0.20      19.80
  FIFO_UNIT/fifomem/mem_reg[4][7]/CK (DFFRQX2M)           0.00      19.80 r
  library setup time                                     -0.32      19.48
  data required time                                                19.48
  --------------------------------------------------------------------------
  data required time                                                19.48
  data arrival time                                                 -2.68
  --------------------------------------------------------------------------
  slack (MET)                                                       16.80


  Startpoint: SYS_CTRL_UNIT/Current_State_reg[2]
              (rising edge-triggered flip-flop clocked by REF_CLK)
  Endpoint: FIFO_UNIT/fifomem/mem_reg[4][6]
            (rising edge-triggered flip-flop clocked by REF_CLK)
  Path Group: REF_CLK
  Path Type: max

  Point                                                   Incr       Path
  --------------------------------------------------------------------------
  clock REF_CLK (rise edge)                               0.00       0.00
  clock network delay (ideal)                             0.00       0.00
  SYS_CTRL_UNIT/Current_State_reg[2]/CK (DFFRQX2M)        0.00       0.00 r
  SYS_CTRL_UNIT/Current_State_reg[2]/Q (DFFRQX2M)         0.55       0.55 f
  SYS_CTRL_UNIT/U39/Y (NOR3X2M)                           0.37       0.92 r
  SYS_CTRL_UNIT/U14/Y (INVX2M)                            0.11       1.03 f
  SYS_CTRL_UNIT/U50/Y (NOR3X2M)                           0.45       1.48 r
  SYS_CTRL_UNIT/U17/Y (NAND3BX2M)                         0.25       1.73 r
  SYS_CTRL_UNIT/TX_D_VLD (SYS_CTRL_OP_WIDTH8_ALU_OUT_WIDTH16_REG_WIDTH8_REG_DEPTH16_ADDRESS_WIDTH4_UART_DATA_WIDTH8)
                                                          0.00       1.73 r
  FIFO_UNIT/winc (FIFO_TOP_DATA_WIDTH8_ADDR_SIZE3)        0.00       1.73 r
  FIFO_UNIT/fifomem/wclken (FIFO_MEM_DATA_WIDTH8_ADDR_SIZE3)
                                                          0.00       1.73 r
  FIFO_UNIT/fifomem/U64/Y (NAND3BX2M)                     0.18       1.92 f
  FIFO_UNIT/fifomem/U102/Y (NOR3X2M)                      0.21       2.13 r
  FIFO_UNIT/fifomem/U101/Y (BUFX2M)                       0.24       2.37 r
  FIFO_UNIT/fifomem/U45/Y (INVX2M)                        0.12       2.49 f
  FIFO_UNIT/fifomem/U26/Y (OAI22X1M)                      0.19       2.68 r
  FIFO_UNIT/fifomem/mem_reg[4][6]/D (DFFRQX2M)            0.00       2.68 r
  data arrival time                                                  2.68

  clock REF_CLK (rise edge)                              20.00      20.00
  clock network delay (ideal)                             0.00      20.00
  clock uncertainty                                      -0.20      19.80
  FIFO_UNIT/fifomem/mem_reg[4][6]/CK (DFFRQX2M)           0.00      19.80 r
  library setup time                                     -0.32      19.48
  data required time                                                19.48
  --------------------------------------------------------------------------
  data required time                                                19.48
  data arrival time                                                 -2.68
  --------------------------------------------------------------------------
  slack (MET)                                                       16.80


  Startpoint: SYS_CTRL_UNIT/Current_State_reg[2]
              (rising edge-triggered flip-flop clocked by REF_CLK)
  Endpoint: FIFO_UNIT/fifomem/mem_reg[4][5]
            (rising edge-triggered flip-flop clocked by REF_CLK)
  Path Group: REF_CLK
  Path Type: max

  Point                                                   Incr       Path
  --------------------------------------------------------------------------
  clock REF_CLK (rise edge)                               0.00       0.00
  clock network delay (ideal)                             0.00       0.00
  SYS_CTRL_UNIT/Current_State_reg[2]/CK (DFFRQX2M)        0.00       0.00 r
  SYS_CTRL_UNIT/Current_State_reg[2]/Q (DFFRQX2M)         0.55       0.55 f
  SYS_CTRL_UNIT/U39/Y (NOR3X2M)                           0.37       0.92 r
  SYS_CTRL_UNIT/U14/Y (INVX2M)                            0.11       1.03 f
  SYS_CTRL_UNIT/U50/Y (NOR3X2M)                           0.45       1.48 r
  SYS_CTRL_UNIT/U17/Y (NAND3BX2M)                         0.25       1.73 r
  SYS_CTRL_UNIT/TX_D_VLD (SYS_CTRL_OP_WIDTH8_ALU_OUT_WIDTH16_REG_WIDTH8_REG_DEPTH16_ADDRESS_WIDTH4_UART_DATA_WIDTH8)
                                                          0.00       1.73 r
  FIFO_UNIT/winc (FIFO_TOP_DATA_WIDTH8_ADDR_SIZE3)        0.00       1.73 r
  FIFO_UNIT/fifomem/wclken (FIFO_MEM_DATA_WIDTH8_ADDR_SIZE3)
                                                          0.00       1.73 r
  FIFO_UNIT/fifomem/U64/Y (NAND3BX2M)                     0.18       1.92 f
  FIFO_UNIT/fifomem/U102/Y (NOR3X2M)                      0.21       2.13 r
  FIFO_UNIT/fifomem/U101/Y (BUFX2M)                       0.24       2.37 r
  FIFO_UNIT/fifomem/U45/Y (INVX2M)                        0.12       2.49 f
  FIFO_UNIT/fifomem/U25/Y (OAI22X1M)                      0.19       2.68 r
  FIFO_UNIT/fifomem/mem_reg[4][5]/D (DFFRQX2M)            0.00       2.68 r
  data arrival time                                                  2.68

  clock REF_CLK (rise edge)                              20.00      20.00
  clock network delay (ideal)                             0.00      20.00
  clock uncertainty                                      -0.20      19.80
  FIFO_UNIT/fifomem/mem_reg[4][5]/CK (DFFRQX2M)           0.00      19.80 r
  library setup time                                     -0.32      19.48
  data required time                                                19.48
  --------------------------------------------------------------------------
  data required time                                                19.48
  data arrival time                                                 -2.68
  --------------------------------------------------------------------------
  slack (MET)                                                       16.80


  Startpoint: SYS_CTRL_UNIT/Current_State_reg[2]
              (rising edge-triggered flip-flop clocked by REF_CLK)
  Endpoint: FIFO_UNIT/fifomem/mem_reg[4][4]
            (rising edge-triggered flip-flop clocked by REF_CLK)
  Path Group: REF_CLK
  Path Type: max

  Point                                                   Incr       Path
  --------------------------------------------------------------------------
  clock REF_CLK (rise edge)                               0.00       0.00
  clock network delay (ideal)                             0.00       0.00
  SYS_CTRL_UNIT/Current_State_reg[2]/CK (DFFRQX2M)        0.00       0.00 r
  SYS_CTRL_UNIT/Current_State_reg[2]/Q (DFFRQX2M)         0.55       0.55 f
  SYS_CTRL_UNIT/U39/Y (NOR3X2M)                           0.37       0.92 r
  SYS_CTRL_UNIT/U14/Y (INVX2M)                            0.11       1.03 f
  SYS_CTRL_UNIT/U50/Y (NOR3X2M)                           0.45       1.48 r
  SYS_CTRL_UNIT/U17/Y (NAND3BX2M)                         0.25       1.73 r
  SYS_CTRL_UNIT/TX_D_VLD (SYS_CTRL_OP_WIDTH8_ALU_OUT_WIDTH16_REG_WIDTH8_REG_DEPTH16_ADDRESS_WIDTH4_UART_DATA_WIDTH8)
                                                          0.00       1.73 r
  FIFO_UNIT/winc (FIFO_TOP_DATA_WIDTH8_ADDR_SIZE3)        0.00       1.73 r
  FIFO_UNIT/fifomem/wclken (FIFO_MEM_DATA_WIDTH8_ADDR_SIZE3)
                                                          0.00       1.73 r
  FIFO_UNIT/fifomem/U64/Y (NAND3BX2M)                     0.18       1.92 f
  FIFO_UNIT/fifomem/U102/Y (NOR3X2M)                      0.21       2.13 r
  FIFO_UNIT/fifomem/U101/Y (BUFX2M)                       0.24       2.37 r
  FIFO_UNIT/fifomem/U45/Y (INVX2M)                        0.12       2.49 f
  FIFO_UNIT/fifomem/U24/Y (OAI22X1M)                      0.19       2.68 r
  FIFO_UNIT/fifomem/mem_reg[4][4]/D (DFFRQX2M)            0.00       2.68 r
  data arrival time                                                  2.68

  clock REF_CLK (rise edge)                              20.00      20.00
  clock network delay (ideal)                             0.00      20.00
  clock uncertainty                                      -0.20      19.80
  FIFO_UNIT/fifomem/mem_reg[4][4]/CK (DFFRQX2M)           0.00      19.80 r
  library setup time                                     -0.32      19.48
  data required time                                                19.48
  --------------------------------------------------------------------------
  data required time                                                19.48
  data arrival time                                                 -2.68
  --------------------------------------------------------------------------
  slack (MET)                                                       16.80


  Startpoint: SYS_CTRL_UNIT/Current_State_reg[2]
              (rising edge-triggered flip-flop clocked by REF_CLK)
  Endpoint: FIFO_UNIT/fifomem/mem_reg[4][3]
            (rising edge-triggered flip-flop clocked by REF_CLK)
  Path Group: REF_CLK
  Path Type: max

  Point                                                   Incr       Path
  --------------------------------------------------------------------------
  clock REF_CLK (rise edge)                               0.00       0.00
  clock network delay (ideal)                             0.00       0.00
  SYS_CTRL_UNIT/Current_State_reg[2]/CK (DFFRQX2M)        0.00       0.00 r
  SYS_CTRL_UNIT/Current_State_reg[2]/Q (DFFRQX2M)         0.55       0.55 f
  SYS_CTRL_UNIT/U39/Y (NOR3X2M)                           0.37       0.92 r
  SYS_CTRL_UNIT/U14/Y (INVX2M)                            0.11       1.03 f
  SYS_CTRL_UNIT/U50/Y (NOR3X2M)                           0.45       1.48 r
  SYS_CTRL_UNIT/U17/Y (NAND3BX2M)                         0.25       1.73 r
  SYS_CTRL_UNIT/TX_D_VLD (SYS_CTRL_OP_WIDTH8_ALU_OUT_WIDTH16_REG_WIDTH8_REG_DEPTH16_ADDRESS_WIDTH4_UART_DATA_WIDTH8)
                                                          0.00       1.73 r
  FIFO_UNIT/winc (FIFO_TOP_DATA_WIDTH8_ADDR_SIZE3)        0.00       1.73 r
  FIFO_UNIT/fifomem/wclken (FIFO_MEM_DATA_WIDTH8_ADDR_SIZE3)
                                                          0.00       1.73 r
  FIFO_UNIT/fifomem/U64/Y (NAND3BX2M)                     0.18       1.92 f
  FIFO_UNIT/fifomem/U102/Y (NOR3X2M)                      0.21       2.13 r
  FIFO_UNIT/fifomem/U101/Y (BUFX2M)                       0.24       2.37 r
  FIFO_UNIT/fifomem/U45/Y (INVX2M)                        0.12       2.49 f
  FIFO_UNIT/fifomem/U23/Y (OAI22X1M)                      0.19       2.68 r
  FIFO_UNIT/fifomem/mem_reg[4][3]/D (DFFRQX2M)            0.00       2.68 r
  data arrival time                                                  2.68

  clock REF_CLK (rise edge)                              20.00      20.00
  clock network delay (ideal)                             0.00      20.00
  clock uncertainty                                      -0.20      19.80
  FIFO_UNIT/fifomem/mem_reg[4][3]/CK (DFFRQX2M)           0.00      19.80 r
  library setup time                                     -0.32      19.48
  data required time                                                19.48
  --------------------------------------------------------------------------
  data required time                                                19.48
  data arrival time                                                 -2.68
  --------------------------------------------------------------------------
  slack (MET)                                                       16.80


  Startpoint: SYS_CTRL_UNIT/Current_State_reg[2]
              (rising edge-triggered flip-flop clocked by REF_CLK)
  Endpoint: FIFO_UNIT/fifomem/mem_reg[4][2]
            (rising edge-triggered flip-flop clocked by REF_CLK)
  Path Group: REF_CLK
  Path Type: max

  Point                                                   Incr       Path
  --------------------------------------------------------------------------
  clock REF_CLK (rise edge)                               0.00       0.00
  clock network delay (ideal)                             0.00       0.00
  SYS_CTRL_UNIT/Current_State_reg[2]/CK (DFFRQX2M)        0.00       0.00 r
  SYS_CTRL_UNIT/Current_State_reg[2]/Q (DFFRQX2M)         0.55       0.55 f
  SYS_CTRL_UNIT/U39/Y (NOR3X2M)                           0.37       0.92 r
  SYS_CTRL_UNIT/U14/Y (INVX2M)                            0.11       1.03 f
  SYS_CTRL_UNIT/U50/Y (NOR3X2M)                           0.45       1.48 r
  SYS_CTRL_UNIT/U17/Y (NAND3BX2M)                         0.25       1.73 r
  SYS_CTRL_UNIT/TX_D_VLD (SYS_CTRL_OP_WIDTH8_ALU_OUT_WIDTH16_REG_WIDTH8_REG_DEPTH16_ADDRESS_WIDTH4_UART_DATA_WIDTH8)
                                                          0.00       1.73 r
  FIFO_UNIT/winc (FIFO_TOP_DATA_WIDTH8_ADDR_SIZE3)        0.00       1.73 r
  FIFO_UNIT/fifomem/wclken (FIFO_MEM_DATA_WIDTH8_ADDR_SIZE3)
                                                          0.00       1.73 r
  FIFO_UNIT/fifomem/U64/Y (NAND3BX2M)                     0.18       1.92 f
  FIFO_UNIT/fifomem/U102/Y (NOR3X2M)                      0.21       2.13 r
  FIFO_UNIT/fifomem/U101/Y (BUFX2M)                       0.24       2.37 r
  FIFO_UNIT/fifomem/U45/Y (INVX2M)                        0.12       2.49 f
  FIFO_UNIT/fifomem/U22/Y (OAI22X1M)                      0.19       2.68 r
  FIFO_UNIT/fifomem/mem_reg[4][2]/D (DFFRQX2M)            0.00       2.68 r
  data arrival time                                                  2.68

  clock REF_CLK (rise edge)                              20.00      20.00
  clock network delay (ideal)                             0.00      20.00
  clock uncertainty                                      -0.20      19.80
  FIFO_UNIT/fifomem/mem_reg[4][2]/CK (DFFRQX2M)           0.00      19.80 r
  library setup time                                     -0.32      19.48
  data required time                                                19.48
  --------------------------------------------------------------------------
  data required time                                                19.48
  data arrival time                                                 -2.68
  --------------------------------------------------------------------------
  slack (MET)                                                       16.80


  Startpoint: SYS_CTRL_UNIT/Current_State_reg[2]
              (rising edge-triggered flip-flop clocked by REF_CLK)
  Endpoint: FIFO_UNIT/fifomem/mem_reg[4][1]
            (rising edge-triggered flip-flop clocked by REF_CLK)
  Path Group: REF_CLK
  Path Type: max

  Point                                                   Incr       Path
  --------------------------------------------------------------------------
  clock REF_CLK (rise edge)                               0.00       0.00
  clock network delay (ideal)                             0.00       0.00
  SYS_CTRL_UNIT/Current_State_reg[2]/CK (DFFRQX2M)        0.00       0.00 r
  SYS_CTRL_UNIT/Current_State_reg[2]/Q (DFFRQX2M)         0.55       0.55 f
  SYS_CTRL_UNIT/U39/Y (NOR3X2M)                           0.37       0.92 r
  SYS_CTRL_UNIT/U14/Y (INVX2M)                            0.11       1.03 f
  SYS_CTRL_UNIT/U50/Y (NOR3X2M)                           0.45       1.48 r
  SYS_CTRL_UNIT/U17/Y (NAND3BX2M)                         0.25       1.73 r
  SYS_CTRL_UNIT/TX_D_VLD (SYS_CTRL_OP_WIDTH8_ALU_OUT_WIDTH16_REG_WIDTH8_REG_DEPTH16_ADDRESS_WIDTH4_UART_DATA_WIDTH8)
                                                          0.00       1.73 r
  FIFO_UNIT/winc (FIFO_TOP_DATA_WIDTH8_ADDR_SIZE3)        0.00       1.73 r
  FIFO_UNIT/fifomem/wclken (FIFO_MEM_DATA_WIDTH8_ADDR_SIZE3)
                                                          0.00       1.73 r
  FIFO_UNIT/fifomem/U64/Y (NAND3BX2M)                     0.18       1.92 f
  FIFO_UNIT/fifomem/U102/Y (NOR3X2M)                      0.21       2.13 r
  FIFO_UNIT/fifomem/U101/Y (BUFX2M)                       0.24       2.37 r
  FIFO_UNIT/fifomem/U45/Y (INVX2M)                        0.12       2.49 f
  FIFO_UNIT/fifomem/U21/Y (OAI22X1M)                      0.19       2.68 r
  FIFO_UNIT/fifomem/mem_reg[4][1]/D (DFFRQX2M)            0.00       2.68 r
  data arrival time                                                  2.68

  clock REF_CLK (rise edge)                              20.00      20.00
  clock network delay (ideal)                             0.00      20.00
  clock uncertainty                                      -0.20      19.80
  FIFO_UNIT/fifomem/mem_reg[4][1]/CK (DFFRQX2M)           0.00      19.80 r
  library setup time                                     -0.32      19.48
  data required time                                                19.48
  --------------------------------------------------------------------------
  data required time                                                19.48
  data arrival time                                                 -2.68
  --------------------------------------------------------------------------
  slack (MET)                                                       16.80


  Startpoint: SYS_CTRL_UNIT/Current_State_reg[2]
              (rising edge-triggered flip-flop clocked by REF_CLK)
  Endpoint: FIFO_UNIT/fifomem/mem_reg[4][0]
            (rising edge-triggered flip-flop clocked by REF_CLK)
  Path Group: REF_CLK
  Path Type: max

  Point                                                   Incr       Path
  --------------------------------------------------------------------------
  clock REF_CLK (rise edge)                               0.00       0.00
  clock network delay (ideal)                             0.00       0.00
  SYS_CTRL_UNIT/Current_State_reg[2]/CK (DFFRQX2M)        0.00       0.00 r
  SYS_CTRL_UNIT/Current_State_reg[2]/Q (DFFRQX2M)         0.55       0.55 f
  SYS_CTRL_UNIT/U39/Y (NOR3X2M)                           0.37       0.92 r
  SYS_CTRL_UNIT/U14/Y (INVX2M)                            0.11       1.03 f
  SYS_CTRL_UNIT/U50/Y (NOR3X2M)                           0.45       1.48 r
  SYS_CTRL_UNIT/U17/Y (NAND3BX2M)                         0.25       1.73 r
  SYS_CTRL_UNIT/TX_D_VLD (SYS_CTRL_OP_WIDTH8_ALU_OUT_WIDTH16_REG_WIDTH8_REG_DEPTH16_ADDRESS_WIDTH4_UART_DATA_WIDTH8)
                                                          0.00       1.73 r
  FIFO_UNIT/winc (FIFO_TOP_DATA_WIDTH8_ADDR_SIZE3)        0.00       1.73 r
  FIFO_UNIT/fifomem/wclken (FIFO_MEM_DATA_WIDTH8_ADDR_SIZE3)
                                                          0.00       1.73 r
  FIFO_UNIT/fifomem/U64/Y (NAND3BX2M)                     0.18       1.92 f
  FIFO_UNIT/fifomem/U102/Y (NOR3X2M)                      0.21       2.13 r
  FIFO_UNIT/fifomem/U101/Y (BUFX2M)                       0.24       2.37 r
  FIFO_UNIT/fifomem/U45/Y (INVX2M)                        0.12       2.49 f
  FIFO_UNIT/fifomem/U20/Y (OAI22X1M)                      0.19       2.68 r
  FIFO_UNIT/fifomem/mem_reg[4][0]/D (DFFRQX2M)            0.00       2.68 r
  data arrival time                                                  2.68

  clock REF_CLK (rise edge)                              20.00      20.00
  clock network delay (ideal)                             0.00      20.00
  clock uncertainty                                      -0.20      19.80
  FIFO_UNIT/fifomem/mem_reg[4][0]/CK (DFFRQX2M)           0.00      19.80 r
  library setup time                                     -0.32      19.48
  data required time                                                19.48
  --------------------------------------------------------------------------
  data required time                                                19.48
  data arrival time                                                 -2.68
  --------------------------------------------------------------------------
  slack (MET)                                                       16.80


  Startpoint: SYS_CTRL_UNIT/Current_State_reg[2]
              (rising edge-triggered flip-flop clocked by REF_CLK)
  Endpoint: FIFO_UNIT/fifomem/mem_reg[7][7]
            (rising edge-triggered flip-flop clocked by REF_CLK)
  Path Group: REF_CLK
  Path Type: max

  Point                                                   Incr       Path
  --------------------------------------------------------------------------
  clock REF_CLK (rise edge)                               0.00       0.00
  clock network delay (ideal)                             0.00       0.00
  SYS_CTRL_UNIT/Current_State_reg[2]/CK (DFFRQX2M)        0.00       0.00 r
  SYS_CTRL_UNIT/Current_State_reg[2]/Q (DFFRQX2M)         0.55       0.55 f
  SYS_CTRL_UNIT/U39/Y (NOR3X2M)                           0.37       0.92 r
  SYS_CTRL_UNIT/U14/Y (INVX2M)                            0.11       1.03 f
  SYS_CTRL_UNIT/U50/Y (NOR3X2M)                           0.45       1.48 r
  SYS_CTRL_UNIT/U17/Y (NAND3BX2M)                         0.25       1.73 r
  SYS_CTRL_UNIT/TX_D_VLD (SYS_CTRL_OP_WIDTH8_ALU_OUT_WIDTH16_REG_WIDTH8_REG_DEPTH16_ADDRESS_WIDTH4_UART_DATA_WIDTH8)
                                                          0.00       1.73 r
  FIFO_UNIT/winc (FIFO_TOP_DATA_WIDTH8_ADDR_SIZE3)        0.00       1.73 r
  FIFO_UNIT/fifomem/wclken (FIFO_MEM_DATA_WIDTH8_ADDR_SIZE3)
                                                          0.00       1.73 r
  FIFO_UNIT/fifomem/U64/Y (NAND3BX2M)                     0.18       1.92 f
  FIFO_UNIT/fifomem/U50/Y (NOR3X2M)                       0.20       2.12 r
  FIFO_UNIT/fifomem/U49/Y (BUFX2M)                        0.24       2.36 r
  FIFO_UNIT/fifomem/U9/Y (INVX2M)                         0.13       2.49 f
  FIFO_UNIT/fifomem/U43/Y (OAI22X1M)                      0.18       2.67 r
  FIFO_UNIT/fifomem/mem_reg[7][7]/D (DFFRQX2M)            0.00       2.67 r
  data arrival time                                                  2.67

  clock REF_CLK (rise edge)                              20.00      20.00
  clock network delay (ideal)                             0.00      20.00
  clock uncertainty                                      -0.20      19.80
  FIFO_UNIT/fifomem/mem_reg[7][7]/CK (DFFRQX2M)           0.00      19.80 r
  library setup time                                     -0.32      19.48
  data required time                                                19.48
  --------------------------------------------------------------------------
  data required time                                                19.48
  data arrival time                                                 -2.67
  --------------------------------------------------------------------------
  slack (MET)                                                       16.82


  Startpoint: SYS_CTRL_UNIT/Current_State_reg[2]
              (rising edge-triggered flip-flop clocked by REF_CLK)
  Endpoint: FIFO_UNIT/fifomem/mem_reg[7][6]
            (rising edge-triggered flip-flop clocked by REF_CLK)
  Path Group: REF_CLK
  Path Type: max

  Point                                                   Incr       Path
  --------------------------------------------------------------------------
  clock REF_CLK (rise edge)                               0.00       0.00
  clock network delay (ideal)                             0.00       0.00
  SYS_CTRL_UNIT/Current_State_reg[2]/CK (DFFRQX2M)        0.00       0.00 r
  SYS_CTRL_UNIT/Current_State_reg[2]/Q (DFFRQX2M)         0.55       0.55 f
  SYS_CTRL_UNIT/U39/Y (NOR3X2M)                           0.37       0.92 r
  SYS_CTRL_UNIT/U14/Y (INVX2M)                            0.11       1.03 f
  SYS_CTRL_UNIT/U50/Y (NOR3X2M)                           0.45       1.48 r
  SYS_CTRL_UNIT/U17/Y (NAND3BX2M)                         0.25       1.73 r
  SYS_CTRL_UNIT/TX_D_VLD (SYS_CTRL_OP_WIDTH8_ALU_OUT_WIDTH16_REG_WIDTH8_REG_DEPTH16_ADDRESS_WIDTH4_UART_DATA_WIDTH8)
                                                          0.00       1.73 r
  FIFO_UNIT/winc (FIFO_TOP_DATA_WIDTH8_ADDR_SIZE3)        0.00       1.73 r
  FIFO_UNIT/fifomem/wclken (FIFO_MEM_DATA_WIDTH8_ADDR_SIZE3)
                                                          0.00       1.73 r
  FIFO_UNIT/fifomem/U64/Y (NAND3BX2M)                     0.18       1.92 f
  FIFO_UNIT/fifomem/U50/Y (NOR3X2M)                       0.20       2.12 r
  FIFO_UNIT/fifomem/U49/Y (BUFX2M)                        0.24       2.36 r
  FIFO_UNIT/fifomem/U9/Y (INVX2M)                         0.13       2.49 f
  FIFO_UNIT/fifomem/U42/Y (OAI22X1M)                      0.18       2.67 r
  FIFO_UNIT/fifomem/mem_reg[7][6]/D (DFFRQX2M)            0.00       2.67 r
  data arrival time                                                  2.67

  clock REF_CLK (rise edge)                              20.00      20.00
  clock network delay (ideal)                             0.00      20.00
  clock uncertainty                                      -0.20      19.80
  FIFO_UNIT/fifomem/mem_reg[7][6]/CK (DFFRQX2M)           0.00      19.80 r
  library setup time                                     -0.32      19.48
  data required time                                                19.48
  --------------------------------------------------------------------------
  data required time                                                19.48
  data arrival time                                                 -2.67
  --------------------------------------------------------------------------
  slack (MET)                                                       16.82


  Startpoint: SYS_CTRL_UNIT/Current_State_reg[2]
              (rising edge-triggered flip-flop clocked by REF_CLK)
  Endpoint: FIFO_UNIT/fifomem/mem_reg[7][5]
            (rising edge-triggered flip-flop clocked by REF_CLK)
  Path Group: REF_CLK
  Path Type: max

  Point                                                   Incr       Path
  --------------------------------------------------------------------------
  clock REF_CLK (rise edge)                               0.00       0.00
  clock network delay (ideal)                             0.00       0.00
  SYS_CTRL_UNIT/Current_State_reg[2]/CK (DFFRQX2M)        0.00       0.00 r
  SYS_CTRL_UNIT/Current_State_reg[2]/Q (DFFRQX2M)         0.55       0.55 f
  SYS_CTRL_UNIT/U39/Y (NOR3X2M)                           0.37       0.92 r
  SYS_CTRL_UNIT/U14/Y (INVX2M)                            0.11       1.03 f
  SYS_CTRL_UNIT/U50/Y (NOR3X2M)                           0.45       1.48 r
  SYS_CTRL_UNIT/U17/Y (NAND3BX2M)                         0.25       1.73 r
  SYS_CTRL_UNIT/TX_D_VLD (SYS_CTRL_OP_WIDTH8_ALU_OUT_WIDTH16_REG_WIDTH8_REG_DEPTH16_ADDRESS_WIDTH4_UART_DATA_WIDTH8)
                                                          0.00       1.73 r
  FIFO_UNIT/winc (FIFO_TOP_DATA_WIDTH8_ADDR_SIZE3)        0.00       1.73 r
  FIFO_UNIT/fifomem/wclken (FIFO_MEM_DATA_WIDTH8_ADDR_SIZE3)
                                                          0.00       1.73 r
  FIFO_UNIT/fifomem/U64/Y (NAND3BX2M)                     0.18       1.92 f
  FIFO_UNIT/fifomem/U50/Y (NOR3X2M)                       0.20       2.12 r
  FIFO_UNIT/fifomem/U49/Y (BUFX2M)                        0.24       2.36 r
  FIFO_UNIT/fifomem/U9/Y (INVX2M)                         0.13       2.49 f
  FIFO_UNIT/fifomem/U41/Y (OAI22X1M)                      0.18       2.67 r
  FIFO_UNIT/fifomem/mem_reg[7][5]/D (DFFRQX2M)            0.00       2.67 r
  data arrival time                                                  2.67

  clock REF_CLK (rise edge)                              20.00      20.00
  clock network delay (ideal)                             0.00      20.00
  clock uncertainty                                      -0.20      19.80
  FIFO_UNIT/fifomem/mem_reg[7][5]/CK (DFFRQX2M)           0.00      19.80 r
  library setup time                                     -0.32      19.48
  data required time                                                19.48
  --------------------------------------------------------------------------
  data required time                                                19.48
  data arrival time                                                 -2.67
  --------------------------------------------------------------------------
  slack (MET)                                                       16.82


  Startpoint: SYS_CTRL_UNIT/Current_State_reg[2]
              (rising edge-triggered flip-flop clocked by REF_CLK)
  Endpoint: FIFO_UNIT/fifomem/mem_reg[7][4]
            (rising edge-triggered flip-flop clocked by REF_CLK)
  Path Group: REF_CLK
  Path Type: max

  Point                                                   Incr       Path
  --------------------------------------------------------------------------
  clock REF_CLK (rise edge)                               0.00       0.00
  clock network delay (ideal)                             0.00       0.00
  SYS_CTRL_UNIT/Current_State_reg[2]/CK (DFFRQX2M)        0.00       0.00 r
  SYS_CTRL_UNIT/Current_State_reg[2]/Q (DFFRQX2M)         0.55       0.55 f
  SYS_CTRL_UNIT/U39/Y (NOR3X2M)                           0.37       0.92 r
  SYS_CTRL_UNIT/U14/Y (INVX2M)                            0.11       1.03 f
  SYS_CTRL_UNIT/U50/Y (NOR3X2M)                           0.45       1.48 r
  SYS_CTRL_UNIT/U17/Y (NAND3BX2M)                         0.25       1.73 r
  SYS_CTRL_UNIT/TX_D_VLD (SYS_CTRL_OP_WIDTH8_ALU_OUT_WIDTH16_REG_WIDTH8_REG_DEPTH16_ADDRESS_WIDTH4_UART_DATA_WIDTH8)
                                                          0.00       1.73 r
  FIFO_UNIT/winc (FIFO_TOP_DATA_WIDTH8_ADDR_SIZE3)        0.00       1.73 r
  FIFO_UNIT/fifomem/wclken (FIFO_MEM_DATA_WIDTH8_ADDR_SIZE3)
                                                          0.00       1.73 r
  FIFO_UNIT/fifomem/U64/Y (NAND3BX2M)                     0.18       1.92 f
  FIFO_UNIT/fifomem/U50/Y (NOR3X2M)                       0.20       2.12 r
  FIFO_UNIT/fifomem/U49/Y (BUFX2M)                        0.24       2.36 r
  FIFO_UNIT/fifomem/U9/Y (INVX2M)                         0.13       2.49 f
  FIFO_UNIT/fifomem/U40/Y (OAI22X1M)                      0.18       2.67 r
  FIFO_UNIT/fifomem/mem_reg[7][4]/D (DFFRQX2M)            0.00       2.67 r
  data arrival time                                                  2.67

  clock REF_CLK (rise edge)                              20.00      20.00
  clock network delay (ideal)                             0.00      20.00
  clock uncertainty                                      -0.20      19.80
  FIFO_UNIT/fifomem/mem_reg[7][4]/CK (DFFRQX2M)           0.00      19.80 r
  library setup time                                     -0.32      19.48
  data required time                                                19.48
  --------------------------------------------------------------------------
  data required time                                                19.48
  data arrival time                                                 -2.67
  --------------------------------------------------------------------------
  slack (MET)                                                       16.82


  Startpoint: SYS_CTRL_UNIT/Current_State_reg[2]
              (rising edge-triggered flip-flop clocked by REF_CLK)
  Endpoint: FIFO_UNIT/fifomem/mem_reg[7][3]
            (rising edge-triggered flip-flop clocked by REF_CLK)
  Path Group: REF_CLK
  Path Type: max

  Point                                                   Incr       Path
  --------------------------------------------------------------------------
  clock REF_CLK (rise edge)                               0.00       0.00
  clock network delay (ideal)                             0.00       0.00
  SYS_CTRL_UNIT/Current_State_reg[2]/CK (DFFRQX2M)        0.00       0.00 r
  SYS_CTRL_UNIT/Current_State_reg[2]/Q (DFFRQX2M)         0.55       0.55 f
  SYS_CTRL_UNIT/U39/Y (NOR3X2M)                           0.37       0.92 r
  SYS_CTRL_UNIT/U14/Y (INVX2M)                            0.11       1.03 f
  SYS_CTRL_UNIT/U50/Y (NOR3X2M)                           0.45       1.48 r
  SYS_CTRL_UNIT/U17/Y (NAND3BX2M)                         0.25       1.73 r
  SYS_CTRL_UNIT/TX_D_VLD (SYS_CTRL_OP_WIDTH8_ALU_OUT_WIDTH16_REG_WIDTH8_REG_DEPTH16_ADDRESS_WIDTH4_UART_DATA_WIDTH8)
                                                          0.00       1.73 r
  FIFO_UNIT/winc (FIFO_TOP_DATA_WIDTH8_ADDR_SIZE3)        0.00       1.73 r
  FIFO_UNIT/fifomem/wclken (FIFO_MEM_DATA_WIDTH8_ADDR_SIZE3)
                                                          0.00       1.73 r
  FIFO_UNIT/fifomem/U64/Y (NAND3BX2M)                     0.18       1.92 f
  FIFO_UNIT/fifomem/U50/Y (NOR3X2M)                       0.20       2.12 r
  FIFO_UNIT/fifomem/U49/Y (BUFX2M)                        0.24       2.36 r
  FIFO_UNIT/fifomem/U9/Y (INVX2M)                         0.13       2.49 f
  FIFO_UNIT/fifomem/U39/Y (OAI22X1M)                      0.18       2.67 r
  FIFO_UNIT/fifomem/mem_reg[7][3]/D (DFFRQX2M)            0.00       2.67 r
  data arrival time                                                  2.67

  clock REF_CLK (rise edge)                              20.00      20.00
  clock network delay (ideal)                             0.00      20.00
  clock uncertainty                                      -0.20      19.80
  FIFO_UNIT/fifomem/mem_reg[7][3]/CK (DFFRQX2M)           0.00      19.80 r
  library setup time                                     -0.32      19.48
  data required time                                                19.48
  --------------------------------------------------------------------------
  data required time                                                19.48
  data arrival time                                                 -2.67
  --------------------------------------------------------------------------
  slack (MET)                                                       16.82


  Startpoint: SYS_CTRL_UNIT/Current_State_reg[2]
              (rising edge-triggered flip-flop clocked by REF_CLK)
  Endpoint: FIFO_UNIT/fifomem/mem_reg[7][2]
            (rising edge-triggered flip-flop clocked by REF_CLK)
  Path Group: REF_CLK
  Path Type: max

  Point                                                   Incr       Path
  --------------------------------------------------------------------------
  clock REF_CLK (rise edge)                               0.00       0.00
  clock network delay (ideal)                             0.00       0.00
  SYS_CTRL_UNIT/Current_State_reg[2]/CK (DFFRQX2M)        0.00       0.00 r
  SYS_CTRL_UNIT/Current_State_reg[2]/Q (DFFRQX2M)         0.55       0.55 f
  SYS_CTRL_UNIT/U39/Y (NOR3X2M)                           0.37       0.92 r
  SYS_CTRL_UNIT/U14/Y (INVX2M)                            0.11       1.03 f
  SYS_CTRL_UNIT/U50/Y (NOR3X2M)                           0.45       1.48 r
  SYS_CTRL_UNIT/U17/Y (NAND3BX2M)                         0.25       1.73 r
  SYS_CTRL_UNIT/TX_D_VLD (SYS_CTRL_OP_WIDTH8_ALU_OUT_WIDTH16_REG_WIDTH8_REG_DEPTH16_ADDRESS_WIDTH4_UART_DATA_WIDTH8)
                                                          0.00       1.73 r
  FIFO_UNIT/winc (FIFO_TOP_DATA_WIDTH8_ADDR_SIZE3)        0.00       1.73 r
  FIFO_UNIT/fifomem/wclken (FIFO_MEM_DATA_WIDTH8_ADDR_SIZE3)
                                                          0.00       1.73 r
  FIFO_UNIT/fifomem/U64/Y (NAND3BX2M)                     0.18       1.92 f
  FIFO_UNIT/fifomem/U50/Y (NOR3X2M)                       0.20       2.12 r
  FIFO_UNIT/fifomem/U49/Y (BUFX2M)                        0.24       2.36 r
  FIFO_UNIT/fifomem/U9/Y (INVX2M)                         0.13       2.49 f
  FIFO_UNIT/fifomem/U38/Y (OAI22X1M)                      0.18       2.67 r
  FIFO_UNIT/fifomem/mem_reg[7][2]/D (DFFRQX2M)            0.00       2.67 r
  data arrival time                                                  2.67

  clock REF_CLK (rise edge)                              20.00      20.00
  clock network delay (ideal)                             0.00      20.00
  clock uncertainty                                      -0.20      19.80
  FIFO_UNIT/fifomem/mem_reg[7][2]/CK (DFFRQX2M)           0.00      19.80 r
  library setup time                                     -0.32      19.48
  data required time                                                19.48
  --------------------------------------------------------------------------
  data required time                                                19.48
  data arrival time                                                 -2.67
  --------------------------------------------------------------------------
  slack (MET)                                                       16.82


  Startpoint: SYS_CTRL_UNIT/Current_State_reg[2]
              (rising edge-triggered flip-flop clocked by REF_CLK)
  Endpoint: FIFO_UNIT/fifomem/mem_reg[7][1]
            (rising edge-triggered flip-flop clocked by REF_CLK)
  Path Group: REF_CLK
  Path Type: max

  Point                                                   Incr       Path
  --------------------------------------------------------------------------
  clock REF_CLK (rise edge)                               0.00       0.00
  clock network delay (ideal)                             0.00       0.00
  SYS_CTRL_UNIT/Current_State_reg[2]/CK (DFFRQX2M)        0.00       0.00 r
  SYS_CTRL_UNIT/Current_State_reg[2]/Q (DFFRQX2M)         0.55       0.55 f
  SYS_CTRL_UNIT/U39/Y (NOR3X2M)                           0.37       0.92 r
  SYS_CTRL_UNIT/U14/Y (INVX2M)                            0.11       1.03 f
  SYS_CTRL_UNIT/U50/Y (NOR3X2M)                           0.45       1.48 r
  SYS_CTRL_UNIT/U17/Y (NAND3BX2M)                         0.25       1.73 r
  SYS_CTRL_UNIT/TX_D_VLD (SYS_CTRL_OP_WIDTH8_ALU_OUT_WIDTH16_REG_WIDTH8_REG_DEPTH16_ADDRESS_WIDTH4_UART_DATA_WIDTH8)
                                                          0.00       1.73 r
  FIFO_UNIT/winc (FIFO_TOP_DATA_WIDTH8_ADDR_SIZE3)        0.00       1.73 r
  FIFO_UNIT/fifomem/wclken (FIFO_MEM_DATA_WIDTH8_ADDR_SIZE3)
                                                          0.00       1.73 r
  FIFO_UNIT/fifomem/U64/Y (NAND3BX2M)                     0.18       1.92 f
  FIFO_UNIT/fifomem/U50/Y (NOR3X2M)                       0.20       2.12 r
  FIFO_UNIT/fifomem/U49/Y (BUFX2M)                        0.24       2.36 r
  FIFO_UNIT/fifomem/U9/Y (INVX2M)                         0.13       2.49 f
  FIFO_UNIT/fifomem/U37/Y (OAI22X1M)                      0.18       2.67 r
  FIFO_UNIT/fifomem/mem_reg[7][1]/D (DFFRQX2M)            0.00       2.67 r
  data arrival time                                                  2.67

  clock REF_CLK (rise edge)                              20.00      20.00
  clock network delay (ideal)                             0.00      20.00
  clock uncertainty                                      -0.20      19.80
  FIFO_UNIT/fifomem/mem_reg[7][1]/CK (DFFRQX2M)           0.00      19.80 r
  library setup time                                     -0.32      19.48
  data required time                                                19.48
  --------------------------------------------------------------------------
  data required time                                                19.48
  data arrival time                                                 -2.67
  --------------------------------------------------------------------------
  slack (MET)                                                       16.82


  Startpoint: SYS_CTRL_UNIT/Current_State_reg[2]
              (rising edge-triggered flip-flop clocked by REF_CLK)
  Endpoint: FIFO_UNIT/fifomem/mem_reg[7][0]
            (rising edge-triggered flip-flop clocked by REF_CLK)
  Path Group: REF_CLK
  Path Type: max

  Point                                                   Incr       Path
  --------------------------------------------------------------------------
  clock REF_CLK (rise edge)                               0.00       0.00
  clock network delay (ideal)                             0.00       0.00
  SYS_CTRL_UNIT/Current_State_reg[2]/CK (DFFRQX2M)        0.00       0.00 r
  SYS_CTRL_UNIT/Current_State_reg[2]/Q (DFFRQX2M)         0.55       0.55 f
  SYS_CTRL_UNIT/U39/Y (NOR3X2M)                           0.37       0.92 r
  SYS_CTRL_UNIT/U14/Y (INVX2M)                            0.11       1.03 f
  SYS_CTRL_UNIT/U50/Y (NOR3X2M)                           0.45       1.48 r
  SYS_CTRL_UNIT/U17/Y (NAND3BX2M)                         0.25       1.73 r
  SYS_CTRL_UNIT/TX_D_VLD (SYS_CTRL_OP_WIDTH8_ALU_OUT_WIDTH16_REG_WIDTH8_REG_DEPTH16_ADDRESS_WIDTH4_UART_DATA_WIDTH8)
                                                          0.00       1.73 r
  FIFO_UNIT/winc (FIFO_TOP_DATA_WIDTH8_ADDR_SIZE3)        0.00       1.73 r
  FIFO_UNIT/fifomem/wclken (FIFO_MEM_DATA_WIDTH8_ADDR_SIZE3)
                                                          0.00       1.73 r
  FIFO_UNIT/fifomem/U64/Y (NAND3BX2M)                     0.18       1.92 f
  FIFO_UNIT/fifomem/U50/Y (NOR3X2M)                       0.20       2.12 r
  FIFO_UNIT/fifomem/U49/Y (BUFX2M)                        0.24       2.36 r
  FIFO_UNIT/fifomem/U9/Y (INVX2M)                         0.13       2.49 f
  FIFO_UNIT/fifomem/U36/Y (OAI22X1M)                      0.18       2.67 r
  FIFO_UNIT/fifomem/mem_reg[7][0]/D (DFFRQX2M)            0.00       2.67 r
  data arrival time                                                  2.67

  clock REF_CLK (rise edge)                              20.00      20.00
  clock network delay (ideal)                             0.00      20.00
  clock uncertainty                                      -0.20      19.80
  FIFO_UNIT/fifomem/mem_reg[7][0]/CK (DFFRQX2M)           0.00      19.80 r
  library setup time                                     -0.32      19.48
  data required time                                                19.48
  --------------------------------------------------------------------------
  data required time                                                19.48
  data arrival time                                                 -2.67
  --------------------------------------------------------------------------
  slack (MET)                                                       16.82


  Startpoint: SYS_CTRL_UNIT/Current_State_reg[2]
              (rising edge-triggered flip-flop clocked by REF_CLK)
  Endpoint: FIFO_UNIT/fifomem/mem_reg[1][7]
            (rising edge-triggered flip-flop clocked by REF_CLK)
  Path Group: REF_CLK
  Path Type: max

  Point                                                   Incr       Path
  --------------------------------------------------------------------------
  clock REF_CLK (rise edge)                               0.00       0.00
  clock network delay (ideal)                             0.00       0.00
  SYS_CTRL_UNIT/Current_State_reg[2]/CK (DFFRQX2M)        0.00       0.00 r
  SYS_CTRL_UNIT/Current_State_reg[2]/Q (DFFRQX2M)         0.55       0.55 f
  SYS_CTRL_UNIT/U39/Y (NOR3X2M)                           0.37       0.92 r
  SYS_CTRL_UNIT/U14/Y (INVX2M)                            0.11       1.03 f
  SYS_CTRL_UNIT/U50/Y (NOR3X2M)                           0.45       1.48 r
  SYS_CTRL_UNIT/U17/Y (NAND3BX2M)                         0.25       1.73 r
  SYS_CTRL_UNIT/TX_D_VLD (SYS_CTRL_OP_WIDTH8_ALU_OUT_WIDTH16_REG_WIDTH8_REG_DEPTH16_ADDRESS_WIDTH4_UART_DATA_WIDTH8)
                                                          0.00       1.73 r
  FIFO_UNIT/winc (FIFO_TOP_DATA_WIDTH8_ADDR_SIZE3)        0.00       1.73 r
  FIFO_UNIT/fifomem/wclken (FIFO_MEM_DATA_WIDTH8_ADDR_SIZE3)
                                                          0.00       1.73 r
  FIFO_UNIT/fifomem/U63/Y (NOR3BX2M)                      0.40       2.14 r
  FIFO_UNIT/fifomem/U3/Y (NAND3X2M)                       0.33       2.47 f
  FIFO_UNIT/fifomem/U96/Y (OAI2BB2X1M)                    0.20       2.67 r
  FIFO_UNIT/fifomem/mem_reg[1][7]/D (DFFRQX2M)            0.00       2.67 r
  data arrival time                                                  2.67

  clock REF_CLK (rise edge)                              20.00      20.00
  clock network delay (ideal)                             0.00      20.00
  clock uncertainty                                      -0.20      19.80
  FIFO_UNIT/fifomem/mem_reg[1][7]/CK (DFFRQX2M)           0.00      19.80 r
  library setup time                                     -0.31      19.49
  data required time                                                19.49
  --------------------------------------------------------------------------
  data required time                                                19.49
  data arrival time                                                 -2.67
  --------------------------------------------------------------------------
  slack (MET)                                                       16.83


  Startpoint: SYS_CTRL_UNIT/Current_State_reg[2]
              (rising edge-triggered flip-flop clocked by REF_CLK)
  Endpoint: FIFO_UNIT/fifomem/mem_reg[1][6]
            (rising edge-triggered flip-flop clocked by REF_CLK)
  Path Group: REF_CLK
  Path Type: max

  Point                                                   Incr       Path
  --------------------------------------------------------------------------
  clock REF_CLK (rise edge)                               0.00       0.00
  clock network delay (ideal)                             0.00       0.00
  SYS_CTRL_UNIT/Current_State_reg[2]/CK (DFFRQX2M)        0.00       0.00 r
  SYS_CTRL_UNIT/Current_State_reg[2]/Q (DFFRQX2M)         0.55       0.55 f
  SYS_CTRL_UNIT/U39/Y (NOR3X2M)                           0.37       0.92 r
  SYS_CTRL_UNIT/U14/Y (INVX2M)                            0.11       1.03 f
  SYS_CTRL_UNIT/U50/Y (NOR3X2M)                           0.45       1.48 r
  SYS_CTRL_UNIT/U17/Y (NAND3BX2M)                         0.25       1.73 r
  SYS_CTRL_UNIT/TX_D_VLD (SYS_CTRL_OP_WIDTH8_ALU_OUT_WIDTH16_REG_WIDTH8_REG_DEPTH16_ADDRESS_WIDTH4_UART_DATA_WIDTH8)
                                                          0.00       1.73 r
  FIFO_UNIT/winc (FIFO_TOP_DATA_WIDTH8_ADDR_SIZE3)        0.00       1.73 r
  FIFO_UNIT/fifomem/wclken (FIFO_MEM_DATA_WIDTH8_ADDR_SIZE3)
                                                          0.00       1.73 r
  FIFO_UNIT/fifomem/U63/Y (NOR3BX2M)                      0.40       2.14 r
  FIFO_UNIT/fifomem/U3/Y (NAND3X2M)                       0.33       2.47 f
  FIFO_UNIT/fifomem/U95/Y (OAI2BB2X1M)                    0.20       2.67 r
  FIFO_UNIT/fifomem/mem_reg[1][6]/D (DFFRQX2M)            0.00       2.67 r
  data arrival time                                                  2.67

  clock REF_CLK (rise edge)                              20.00      20.00
  clock network delay (ideal)                             0.00      20.00
  clock uncertainty                                      -0.20      19.80
  FIFO_UNIT/fifomem/mem_reg[1][6]/CK (DFFRQX2M)           0.00      19.80 r
  library setup time                                     -0.31      19.49
  data required time                                                19.49
  --------------------------------------------------------------------------
  data required time                                                19.49
  data arrival time                                                 -2.67
  --------------------------------------------------------------------------
  slack (MET)                                                       16.83


  Startpoint: SYS_CTRL_UNIT/Current_State_reg[2]
              (rising edge-triggered flip-flop clocked by REF_CLK)
  Endpoint: FIFO_UNIT/fifomem/mem_reg[1][5]
            (rising edge-triggered flip-flop clocked by REF_CLK)
  Path Group: REF_CLK
  Path Type: max

  Point                                                   Incr       Path
  --------------------------------------------------------------------------
  clock REF_CLK (rise edge)                               0.00       0.00
  clock network delay (ideal)                             0.00       0.00
  SYS_CTRL_UNIT/Current_State_reg[2]/CK (DFFRQX2M)        0.00       0.00 r
  SYS_CTRL_UNIT/Current_State_reg[2]/Q (DFFRQX2M)         0.55       0.55 f
  SYS_CTRL_UNIT/U39/Y (NOR3X2M)                           0.37       0.92 r
  SYS_CTRL_UNIT/U14/Y (INVX2M)                            0.11       1.03 f
  SYS_CTRL_UNIT/U50/Y (NOR3X2M)                           0.45       1.48 r
  SYS_CTRL_UNIT/U17/Y (NAND3BX2M)                         0.25       1.73 r
  SYS_CTRL_UNIT/TX_D_VLD (SYS_CTRL_OP_WIDTH8_ALU_OUT_WIDTH16_REG_WIDTH8_REG_DEPTH16_ADDRESS_WIDTH4_UART_DATA_WIDTH8)
                                                          0.00       1.73 r
  FIFO_UNIT/winc (FIFO_TOP_DATA_WIDTH8_ADDR_SIZE3)        0.00       1.73 r
  FIFO_UNIT/fifomem/wclken (FIFO_MEM_DATA_WIDTH8_ADDR_SIZE3)
                                                          0.00       1.73 r
  FIFO_UNIT/fifomem/U63/Y (NOR3BX2M)                      0.40       2.14 r
  FIFO_UNIT/fifomem/U3/Y (NAND3X2M)                       0.33       2.47 f
  FIFO_UNIT/fifomem/U94/Y (OAI2BB2X1M)                    0.20       2.67 r
  FIFO_UNIT/fifomem/mem_reg[1][5]/D (DFFRQX2M)            0.00       2.67 r
  data arrival time                                                  2.67

  clock REF_CLK (rise edge)                              20.00      20.00
  clock network delay (ideal)                             0.00      20.00
  clock uncertainty                                      -0.20      19.80
  FIFO_UNIT/fifomem/mem_reg[1][5]/CK (DFFRQX2M)           0.00      19.80 r
  library setup time                                     -0.31      19.49
  data required time                                                19.49
  --------------------------------------------------------------------------
  data required time                                                19.49
  data arrival time                                                 -2.67
  --------------------------------------------------------------------------
  slack (MET)                                                       16.83


  Startpoint: SYS_CTRL_UNIT/Current_State_reg[2]
              (rising edge-triggered flip-flop clocked by REF_CLK)
  Endpoint: FIFO_UNIT/fifomem/mem_reg[1][4]
            (rising edge-triggered flip-flop clocked by REF_CLK)
  Path Group: REF_CLK
  Path Type: max

  Point                                                   Incr       Path
  --------------------------------------------------------------------------
  clock REF_CLK (rise edge)                               0.00       0.00
  clock network delay (ideal)                             0.00       0.00
  SYS_CTRL_UNIT/Current_State_reg[2]/CK (DFFRQX2M)        0.00       0.00 r
  SYS_CTRL_UNIT/Current_State_reg[2]/Q (DFFRQX2M)         0.55       0.55 f
  SYS_CTRL_UNIT/U39/Y (NOR3X2M)                           0.37       0.92 r
  SYS_CTRL_UNIT/U14/Y (INVX2M)                            0.11       1.03 f
  SYS_CTRL_UNIT/U50/Y (NOR3X2M)                           0.45       1.48 r
  SYS_CTRL_UNIT/U17/Y (NAND3BX2M)                         0.25       1.73 r
  SYS_CTRL_UNIT/TX_D_VLD (SYS_CTRL_OP_WIDTH8_ALU_OUT_WIDTH16_REG_WIDTH8_REG_DEPTH16_ADDRESS_WIDTH4_UART_DATA_WIDTH8)
                                                          0.00       1.73 r
  FIFO_UNIT/winc (FIFO_TOP_DATA_WIDTH8_ADDR_SIZE3)        0.00       1.73 r
  FIFO_UNIT/fifomem/wclken (FIFO_MEM_DATA_WIDTH8_ADDR_SIZE3)
                                                          0.00       1.73 r
  FIFO_UNIT/fifomem/U63/Y (NOR3BX2M)                      0.40       2.14 r
  FIFO_UNIT/fifomem/U3/Y (NAND3X2M)                       0.33       2.47 f
  FIFO_UNIT/fifomem/U93/Y (OAI2BB2X1M)                    0.20       2.67 r
  FIFO_UNIT/fifomem/mem_reg[1][4]/D (DFFRQX2M)            0.00       2.67 r
  data arrival time                                                  2.67

  clock REF_CLK (rise edge)                              20.00      20.00
  clock network delay (ideal)                             0.00      20.00
  clock uncertainty                                      -0.20      19.80
  FIFO_UNIT/fifomem/mem_reg[1][4]/CK (DFFRQX2M)           0.00      19.80 r
  library setup time                                     -0.31      19.49
  data required time                                                19.49
  --------------------------------------------------------------------------
  data required time                                                19.49
  data arrival time                                                 -2.67
  --------------------------------------------------------------------------
  slack (MET)                                                       16.83


  Startpoint: SYS_CTRL_UNIT/Current_State_reg[2]
              (rising edge-triggered flip-flop clocked by REF_CLK)
  Endpoint: FIFO_UNIT/fifomem/mem_reg[1][3]
            (rising edge-triggered flip-flop clocked by REF_CLK)
  Path Group: REF_CLK
  Path Type: max

  Point                                                   Incr       Path
  --------------------------------------------------------------------------
  clock REF_CLK (rise edge)                               0.00       0.00
  clock network delay (ideal)                             0.00       0.00
  SYS_CTRL_UNIT/Current_State_reg[2]/CK (DFFRQX2M)        0.00       0.00 r
  SYS_CTRL_UNIT/Current_State_reg[2]/Q (DFFRQX2M)         0.55       0.55 f
  SYS_CTRL_UNIT/U39/Y (NOR3X2M)                           0.37       0.92 r
  SYS_CTRL_UNIT/U14/Y (INVX2M)                            0.11       1.03 f
  SYS_CTRL_UNIT/U50/Y (NOR3X2M)                           0.45       1.48 r
  SYS_CTRL_UNIT/U17/Y (NAND3BX2M)                         0.25       1.73 r
  SYS_CTRL_UNIT/TX_D_VLD (SYS_CTRL_OP_WIDTH8_ALU_OUT_WIDTH16_REG_WIDTH8_REG_DEPTH16_ADDRESS_WIDTH4_UART_DATA_WIDTH8)
                                                          0.00       1.73 r
  FIFO_UNIT/winc (FIFO_TOP_DATA_WIDTH8_ADDR_SIZE3)        0.00       1.73 r
  FIFO_UNIT/fifomem/wclken (FIFO_MEM_DATA_WIDTH8_ADDR_SIZE3)
                                                          0.00       1.73 r
  FIFO_UNIT/fifomem/U63/Y (NOR3BX2M)                      0.40       2.14 r
  FIFO_UNIT/fifomem/U3/Y (NAND3X2M)                       0.33       2.47 f
  FIFO_UNIT/fifomem/U92/Y (OAI2BB2X1M)                    0.20       2.67 r
  FIFO_UNIT/fifomem/mem_reg[1][3]/D (DFFRQX2M)            0.00       2.67 r
  data arrival time                                                  2.67

  clock REF_CLK (rise edge)                              20.00      20.00
  clock network delay (ideal)                             0.00      20.00
  clock uncertainty                                      -0.20      19.80
  FIFO_UNIT/fifomem/mem_reg[1][3]/CK (DFFRQX2M)           0.00      19.80 r
  library setup time                                     -0.31      19.49
  data required time                                                19.49
  --------------------------------------------------------------------------
  data required time                                                19.49
  data arrival time                                                 -2.67
  --------------------------------------------------------------------------
  slack (MET)                                                       16.83


  Startpoint: SYS_CTRL_UNIT/Current_State_reg[2]
              (rising edge-triggered flip-flop clocked by REF_CLK)
  Endpoint: FIFO_UNIT/fifomem/mem_reg[1][2]
            (rising edge-triggered flip-flop clocked by REF_CLK)
  Path Group: REF_CLK
  Path Type: max

  Point                                                   Incr       Path
  --------------------------------------------------------------------------
  clock REF_CLK (rise edge)                               0.00       0.00
  clock network delay (ideal)                             0.00       0.00
  SYS_CTRL_UNIT/Current_State_reg[2]/CK (DFFRQX2M)        0.00       0.00 r
  SYS_CTRL_UNIT/Current_State_reg[2]/Q (DFFRQX2M)         0.55       0.55 f
  SYS_CTRL_UNIT/U39/Y (NOR3X2M)                           0.37       0.92 r
  SYS_CTRL_UNIT/U14/Y (INVX2M)                            0.11       1.03 f
  SYS_CTRL_UNIT/U50/Y (NOR3X2M)                           0.45       1.48 r
  SYS_CTRL_UNIT/U17/Y (NAND3BX2M)                         0.25       1.73 r
  SYS_CTRL_UNIT/TX_D_VLD (SYS_CTRL_OP_WIDTH8_ALU_OUT_WIDTH16_REG_WIDTH8_REG_DEPTH16_ADDRESS_WIDTH4_UART_DATA_WIDTH8)
                                                          0.00       1.73 r
  FIFO_UNIT/winc (FIFO_TOP_DATA_WIDTH8_ADDR_SIZE3)        0.00       1.73 r
  FIFO_UNIT/fifomem/wclken (FIFO_MEM_DATA_WIDTH8_ADDR_SIZE3)
                                                          0.00       1.73 r
  FIFO_UNIT/fifomem/U63/Y (NOR3BX2M)                      0.40       2.14 r
  FIFO_UNIT/fifomem/U3/Y (NAND3X2M)                       0.33       2.47 f
  FIFO_UNIT/fifomem/U91/Y (OAI2BB2X1M)                    0.20       2.67 r
  FIFO_UNIT/fifomem/mem_reg[1][2]/D (DFFRQX2M)            0.00       2.67 r
  data arrival time                                                  2.67

  clock REF_CLK (rise edge)                              20.00      20.00
  clock network delay (ideal)                             0.00      20.00
  clock uncertainty                                      -0.20      19.80
  FIFO_UNIT/fifomem/mem_reg[1][2]/CK (DFFRQX2M)           0.00      19.80 r
  library setup time                                     -0.31      19.49
  data required time                                                19.49
  --------------------------------------------------------------------------
  data required time                                                19.49
  data arrival time                                                 -2.67
  --------------------------------------------------------------------------
  slack (MET)                                                       16.83


  Startpoint: SYS_CTRL_UNIT/Current_State_reg[2]
              (rising edge-triggered flip-flop clocked by REF_CLK)
  Endpoint: FIFO_UNIT/fifomem/mem_reg[1][1]
            (rising edge-triggered flip-flop clocked by REF_CLK)
  Path Group: REF_CLK
  Path Type: max

  Point                                                   Incr       Path
  --------------------------------------------------------------------------
  clock REF_CLK (rise edge)                               0.00       0.00
  clock network delay (ideal)                             0.00       0.00
  SYS_CTRL_UNIT/Current_State_reg[2]/CK (DFFRQX2M)        0.00       0.00 r
  SYS_CTRL_UNIT/Current_State_reg[2]/Q (DFFRQX2M)         0.55       0.55 f
  SYS_CTRL_UNIT/U39/Y (NOR3X2M)                           0.37       0.92 r
  SYS_CTRL_UNIT/U14/Y (INVX2M)                            0.11       1.03 f
  SYS_CTRL_UNIT/U50/Y (NOR3X2M)                           0.45       1.48 r
  SYS_CTRL_UNIT/U17/Y (NAND3BX2M)                         0.25       1.73 r
  SYS_CTRL_UNIT/TX_D_VLD (SYS_CTRL_OP_WIDTH8_ALU_OUT_WIDTH16_REG_WIDTH8_REG_DEPTH16_ADDRESS_WIDTH4_UART_DATA_WIDTH8)
                                                          0.00       1.73 r
  FIFO_UNIT/winc (FIFO_TOP_DATA_WIDTH8_ADDR_SIZE3)        0.00       1.73 r
  FIFO_UNIT/fifomem/wclken (FIFO_MEM_DATA_WIDTH8_ADDR_SIZE3)
                                                          0.00       1.73 r
  FIFO_UNIT/fifomem/U63/Y (NOR3BX2M)                      0.40       2.14 r
  FIFO_UNIT/fifomem/U3/Y (NAND3X2M)                       0.33       2.47 f
  FIFO_UNIT/fifomem/U90/Y (OAI2BB2X1M)                    0.20       2.67 r
  FIFO_UNIT/fifomem/mem_reg[1][1]/D (DFFRQX2M)            0.00       2.67 r
  data arrival time                                                  2.67

  clock REF_CLK (rise edge)                              20.00      20.00
  clock network delay (ideal)                             0.00      20.00
  clock uncertainty                                      -0.20      19.80
  FIFO_UNIT/fifomem/mem_reg[1][1]/CK (DFFRQX2M)           0.00      19.80 r
  library setup time                                     -0.31      19.49
  data required time                                                19.49
  --------------------------------------------------------------------------
  data required time                                                19.49
  data arrival time                                                 -2.67
  --------------------------------------------------------------------------
  slack (MET)                                                       16.83


  Startpoint: SYS_CTRL_UNIT/Current_State_reg[2]
              (rising edge-triggered flip-flop clocked by REF_CLK)
  Endpoint: FIFO_UNIT/fifomem/mem_reg[1][0]
            (rising edge-triggered flip-flop clocked by REF_CLK)
  Path Group: REF_CLK
  Path Type: max

  Point                                                   Incr       Path
  --------------------------------------------------------------------------
  clock REF_CLK (rise edge)                               0.00       0.00
  clock network delay (ideal)                             0.00       0.00
  SYS_CTRL_UNIT/Current_State_reg[2]/CK (DFFRQX2M)        0.00       0.00 r
  SYS_CTRL_UNIT/Current_State_reg[2]/Q (DFFRQX2M)         0.55       0.55 f
  SYS_CTRL_UNIT/U39/Y (NOR3X2M)                           0.37       0.92 r
  SYS_CTRL_UNIT/U14/Y (INVX2M)                            0.11       1.03 f
  SYS_CTRL_UNIT/U50/Y (NOR3X2M)                           0.45       1.48 r
  SYS_CTRL_UNIT/U17/Y (NAND3BX2M)                         0.25       1.73 r
  SYS_CTRL_UNIT/TX_D_VLD (SYS_CTRL_OP_WIDTH8_ALU_OUT_WIDTH16_REG_WIDTH8_REG_DEPTH16_ADDRESS_WIDTH4_UART_DATA_WIDTH8)
                                                          0.00       1.73 r
  FIFO_UNIT/winc (FIFO_TOP_DATA_WIDTH8_ADDR_SIZE3)        0.00       1.73 r
  FIFO_UNIT/fifomem/wclken (FIFO_MEM_DATA_WIDTH8_ADDR_SIZE3)
                                                          0.00       1.73 r
  FIFO_UNIT/fifomem/U63/Y (NOR3BX2M)                      0.40       2.14 r
  FIFO_UNIT/fifomem/U3/Y (NAND3X2M)                       0.33       2.47 f
  FIFO_UNIT/fifomem/U89/Y (OAI2BB2X1M)                    0.20       2.67 r
  FIFO_UNIT/fifomem/mem_reg[1][0]/D (DFFRQX2M)            0.00       2.67 r
  data arrival time                                                  2.67

  clock REF_CLK (rise edge)                              20.00      20.00
  clock network delay (ideal)                             0.00      20.00
  clock uncertainty                                      -0.20      19.80
  FIFO_UNIT/fifomem/mem_reg[1][0]/CK (DFFRQX2M)           0.00      19.80 r
  library setup time                                     -0.31      19.49
  data required time                                                19.49
  --------------------------------------------------------------------------
  data required time                                                19.49
  data arrival time                                                 -2.67
  --------------------------------------------------------------------------
  slack (MET)                                                       16.83


  Startpoint: SYS_CTRL_UNIT/Current_State_reg[2]
              (rising edge-triggered flip-flop clocked by REF_CLK)
  Endpoint: FIFO_UNIT/fifomem/mem_reg[3][7]
            (rising edge-triggered flip-flop clocked by REF_CLK)
  Path Group: REF_CLK
  Path Type: max

  Point                                                   Incr       Path
  --------------------------------------------------------------------------
  clock REF_CLK (rise edge)                               0.00       0.00
  clock network delay (ideal)                             0.00       0.00
  SYS_CTRL_UNIT/Current_State_reg[2]/CK (DFFRQX2M)        0.00       0.00 r
  SYS_CTRL_UNIT/Current_State_reg[2]/Q (DFFRQX2M)         0.55       0.55 f
  SYS_CTRL_UNIT/U39/Y (NOR3X2M)                           0.37       0.92 r
  SYS_CTRL_UNIT/U14/Y (INVX2M)                            0.11       1.03 f
  SYS_CTRL_UNIT/U50/Y (NOR3X2M)                           0.45       1.48 r
  SYS_CTRL_UNIT/U17/Y (NAND3BX2M)                         0.25       1.73 r
  SYS_CTRL_UNIT/TX_D_VLD (SYS_CTRL_OP_WIDTH8_ALU_OUT_WIDTH16_REG_WIDTH8_REG_DEPTH16_ADDRESS_WIDTH4_UART_DATA_WIDTH8)
                                                          0.00       1.73 r
  FIFO_UNIT/winc (FIFO_TOP_DATA_WIDTH8_ADDR_SIZE3)        0.00       1.73 r
  FIFO_UNIT/fifomem/wclken (FIFO_MEM_DATA_WIDTH8_ADDR_SIZE3)
                                                          0.00       1.73 r
  FIFO_UNIT/fifomem/U63/Y (NOR3BX2M)                      0.40       2.14 r
  FIFO_UNIT/fifomem/U2/Y (NAND3X2M)                       0.33       2.47 f
  FIFO_UNIT/fifomem/U80/Y (OAI2BB2X1M)                    0.20       2.67 r
  FIFO_UNIT/fifomem/mem_reg[3][7]/D (DFFRQX2M)            0.00       2.67 r
  data arrival time                                                  2.67

  clock REF_CLK (rise edge)                              20.00      20.00
  clock network delay (ideal)                             0.00      20.00
  clock uncertainty                                      -0.20      19.80
  FIFO_UNIT/fifomem/mem_reg[3][7]/CK (DFFRQX2M)           0.00      19.80 r
  library setup time                                     -0.31      19.49
  data required time                                                19.49
  --------------------------------------------------------------------------
  data required time                                                19.49
  data arrival time                                                 -2.67
  --------------------------------------------------------------------------
  slack (MET)                                                       16.83


  Startpoint: SYS_CTRL_UNIT/Current_State_reg[2]
              (rising edge-triggered flip-flop clocked by REF_CLK)
  Endpoint: FIFO_UNIT/fifomem/mem_reg[3][6]
            (rising edge-triggered flip-flop clocked by REF_CLK)
  Path Group: REF_CLK
  Path Type: max

  Point                                                   Incr       Path
  --------------------------------------------------------------------------
  clock REF_CLK (rise edge)                               0.00       0.00
  clock network delay (ideal)                             0.00       0.00
  SYS_CTRL_UNIT/Current_State_reg[2]/CK (DFFRQX2M)        0.00       0.00 r
  SYS_CTRL_UNIT/Current_State_reg[2]/Q (DFFRQX2M)         0.55       0.55 f
  SYS_CTRL_UNIT/U39/Y (NOR3X2M)                           0.37       0.92 r
  SYS_CTRL_UNIT/U14/Y (INVX2M)                            0.11       1.03 f
  SYS_CTRL_UNIT/U50/Y (NOR3X2M)                           0.45       1.48 r
  SYS_CTRL_UNIT/U17/Y (NAND3BX2M)                         0.25       1.73 r
  SYS_CTRL_UNIT/TX_D_VLD (SYS_CTRL_OP_WIDTH8_ALU_OUT_WIDTH16_REG_WIDTH8_REG_DEPTH16_ADDRESS_WIDTH4_UART_DATA_WIDTH8)
                                                          0.00       1.73 r
  FIFO_UNIT/winc (FIFO_TOP_DATA_WIDTH8_ADDR_SIZE3)        0.00       1.73 r
  FIFO_UNIT/fifomem/wclken (FIFO_MEM_DATA_WIDTH8_ADDR_SIZE3)
                                                          0.00       1.73 r
  FIFO_UNIT/fifomem/U63/Y (NOR3BX2M)                      0.40       2.14 r
  FIFO_UNIT/fifomem/U2/Y (NAND3X2M)                       0.33       2.47 f
  FIFO_UNIT/fifomem/U79/Y (OAI2BB2X1M)                    0.20       2.67 r
  FIFO_UNIT/fifomem/mem_reg[3][6]/D (DFFRQX2M)            0.00       2.67 r
  data arrival time                                                  2.67

  clock REF_CLK (rise edge)                              20.00      20.00
  clock network delay (ideal)                             0.00      20.00
  clock uncertainty                                      -0.20      19.80
  FIFO_UNIT/fifomem/mem_reg[3][6]/CK (DFFRQX2M)           0.00      19.80 r
  library setup time                                     -0.31      19.49
  data required time                                                19.49
  --------------------------------------------------------------------------
  data required time                                                19.49
  data arrival time                                                 -2.67
  --------------------------------------------------------------------------
  slack (MET)                                                       16.83


  Startpoint: SYS_CTRL_UNIT/Current_State_reg[2]
              (rising edge-triggered flip-flop clocked by REF_CLK)
  Endpoint: FIFO_UNIT/fifomem/mem_reg[3][5]
            (rising edge-triggered flip-flop clocked by REF_CLK)
  Path Group: REF_CLK
  Path Type: max

  Point                                                   Incr       Path
  --------------------------------------------------------------------------
  clock REF_CLK (rise edge)                               0.00       0.00
  clock network delay (ideal)                             0.00       0.00
  SYS_CTRL_UNIT/Current_State_reg[2]/CK (DFFRQX2M)        0.00       0.00 r
  SYS_CTRL_UNIT/Current_State_reg[2]/Q (DFFRQX2M)         0.55       0.55 f
  SYS_CTRL_UNIT/U39/Y (NOR3X2M)                           0.37       0.92 r
  SYS_CTRL_UNIT/U14/Y (INVX2M)                            0.11       1.03 f
  SYS_CTRL_UNIT/U50/Y (NOR3X2M)                           0.45       1.48 r
  SYS_CTRL_UNIT/U17/Y (NAND3BX2M)                         0.25       1.73 r
  SYS_CTRL_UNIT/TX_D_VLD (SYS_CTRL_OP_WIDTH8_ALU_OUT_WIDTH16_REG_WIDTH8_REG_DEPTH16_ADDRESS_WIDTH4_UART_DATA_WIDTH8)
                                                          0.00       1.73 r
  FIFO_UNIT/winc (FIFO_TOP_DATA_WIDTH8_ADDR_SIZE3)        0.00       1.73 r
  FIFO_UNIT/fifomem/wclken (FIFO_MEM_DATA_WIDTH8_ADDR_SIZE3)
                                                          0.00       1.73 r
  FIFO_UNIT/fifomem/U63/Y (NOR3BX2M)                      0.40       2.14 r
  FIFO_UNIT/fifomem/U2/Y (NAND3X2M)                       0.33       2.47 f
  FIFO_UNIT/fifomem/U78/Y (OAI2BB2X1M)                    0.20       2.67 r
  FIFO_UNIT/fifomem/mem_reg[3][5]/D (DFFRQX2M)            0.00       2.67 r
  data arrival time                                                  2.67

  clock REF_CLK (rise edge)                              20.00      20.00
  clock network delay (ideal)                             0.00      20.00
  clock uncertainty                                      -0.20      19.80
  FIFO_UNIT/fifomem/mem_reg[3][5]/CK (DFFRQX2M)           0.00      19.80 r
  library setup time                                     -0.31      19.49
  data required time                                                19.49
  --------------------------------------------------------------------------
  data required time                                                19.49
  data arrival time                                                 -2.67
  --------------------------------------------------------------------------
  slack (MET)                                                       16.83


  Startpoint: SYS_CTRL_UNIT/Current_State_reg[2]
              (rising edge-triggered flip-flop clocked by REF_CLK)
  Endpoint: FIFO_UNIT/fifomem/mem_reg[3][4]
            (rising edge-triggered flip-flop clocked by REF_CLK)
  Path Group: REF_CLK
  Path Type: max

  Point                                                   Incr       Path
  --------------------------------------------------------------------------
  clock REF_CLK (rise edge)                               0.00       0.00
  clock network delay (ideal)                             0.00       0.00
  SYS_CTRL_UNIT/Current_State_reg[2]/CK (DFFRQX2M)        0.00       0.00 r
  SYS_CTRL_UNIT/Current_State_reg[2]/Q (DFFRQX2M)         0.55       0.55 f
  SYS_CTRL_UNIT/U39/Y (NOR3X2M)                           0.37       0.92 r
  SYS_CTRL_UNIT/U14/Y (INVX2M)                            0.11       1.03 f
  SYS_CTRL_UNIT/U50/Y (NOR3X2M)                           0.45       1.48 r
  SYS_CTRL_UNIT/U17/Y (NAND3BX2M)                         0.25       1.73 r
  SYS_CTRL_UNIT/TX_D_VLD (SYS_CTRL_OP_WIDTH8_ALU_OUT_WIDTH16_REG_WIDTH8_REG_DEPTH16_ADDRESS_WIDTH4_UART_DATA_WIDTH8)
                                                          0.00       1.73 r
  FIFO_UNIT/winc (FIFO_TOP_DATA_WIDTH8_ADDR_SIZE3)        0.00       1.73 r
  FIFO_UNIT/fifomem/wclken (FIFO_MEM_DATA_WIDTH8_ADDR_SIZE3)
                                                          0.00       1.73 r
  FIFO_UNIT/fifomem/U63/Y (NOR3BX2M)                      0.40       2.14 r
  FIFO_UNIT/fifomem/U2/Y (NAND3X2M)                       0.33       2.47 f
  FIFO_UNIT/fifomem/U77/Y (OAI2BB2X1M)                    0.20       2.67 r
  FIFO_UNIT/fifomem/mem_reg[3][4]/D (DFFRQX2M)            0.00       2.67 r
  data arrival time                                                  2.67

  clock REF_CLK (rise edge)                              20.00      20.00
  clock network delay (ideal)                             0.00      20.00
  clock uncertainty                                      -0.20      19.80
  FIFO_UNIT/fifomem/mem_reg[3][4]/CK (DFFRQX2M)           0.00      19.80 r
  library setup time                                     -0.31      19.49
  data required time                                                19.49
  --------------------------------------------------------------------------
  data required time                                                19.49
  data arrival time                                                 -2.67
  --------------------------------------------------------------------------
  slack (MET)                                                       16.83


  Startpoint: SYS_CTRL_UNIT/Current_State_reg[2]
              (rising edge-triggered flip-flop clocked by REF_CLK)
  Endpoint: FIFO_UNIT/fifomem/mem_reg[3][3]
            (rising edge-triggered flip-flop clocked by REF_CLK)
  Path Group: REF_CLK
  Path Type: max

  Point                                                   Incr       Path
  --------------------------------------------------------------------------
  clock REF_CLK (rise edge)                               0.00       0.00
  clock network delay (ideal)                             0.00       0.00
  SYS_CTRL_UNIT/Current_State_reg[2]/CK (DFFRQX2M)        0.00       0.00 r
  SYS_CTRL_UNIT/Current_State_reg[2]/Q (DFFRQX2M)         0.55       0.55 f
  SYS_CTRL_UNIT/U39/Y (NOR3X2M)                           0.37       0.92 r
  SYS_CTRL_UNIT/U14/Y (INVX2M)                            0.11       1.03 f
  SYS_CTRL_UNIT/U50/Y (NOR3X2M)                           0.45       1.48 r
  SYS_CTRL_UNIT/U17/Y (NAND3BX2M)                         0.25       1.73 r
  SYS_CTRL_UNIT/TX_D_VLD (SYS_CTRL_OP_WIDTH8_ALU_OUT_WIDTH16_REG_WIDTH8_REG_DEPTH16_ADDRESS_WIDTH4_UART_DATA_WIDTH8)
                                                          0.00       1.73 r
  FIFO_UNIT/winc (FIFO_TOP_DATA_WIDTH8_ADDR_SIZE3)        0.00       1.73 r
  FIFO_UNIT/fifomem/wclken (FIFO_MEM_DATA_WIDTH8_ADDR_SIZE3)
                                                          0.00       1.73 r
  FIFO_UNIT/fifomem/U63/Y (NOR3BX2M)                      0.40       2.14 r
  FIFO_UNIT/fifomem/U2/Y (NAND3X2M)                       0.33       2.47 f
  FIFO_UNIT/fifomem/U76/Y (OAI2BB2X1M)                    0.20       2.67 r
  FIFO_UNIT/fifomem/mem_reg[3][3]/D (DFFRQX2M)            0.00       2.67 r
  data arrival time                                                  2.67

  clock REF_CLK (rise edge)                              20.00      20.00
  clock network delay (ideal)                             0.00      20.00
  clock uncertainty                                      -0.20      19.80
  FIFO_UNIT/fifomem/mem_reg[3][3]/CK (DFFRQX2M)           0.00      19.80 r
  library setup time                                     -0.31      19.49
  data required time                                                19.49
  --------------------------------------------------------------------------
  data required time                                                19.49
  data arrival time                                                 -2.67
  --------------------------------------------------------------------------
  slack (MET)                                                       16.83


  Startpoint: SYS_CTRL_UNIT/Current_State_reg[2]
              (rising edge-triggered flip-flop clocked by REF_CLK)
  Endpoint: FIFO_UNIT/fifomem/mem_reg[3][2]
            (rising edge-triggered flip-flop clocked by REF_CLK)
  Path Group: REF_CLK
  Path Type: max

  Point                                                   Incr       Path
  --------------------------------------------------------------------------
  clock REF_CLK (rise edge)                               0.00       0.00
  clock network delay (ideal)                             0.00       0.00
  SYS_CTRL_UNIT/Current_State_reg[2]/CK (DFFRQX2M)        0.00       0.00 r
  SYS_CTRL_UNIT/Current_State_reg[2]/Q (DFFRQX2M)         0.55       0.55 f
  SYS_CTRL_UNIT/U39/Y (NOR3X2M)                           0.37       0.92 r
  SYS_CTRL_UNIT/U14/Y (INVX2M)                            0.11       1.03 f
  SYS_CTRL_UNIT/U50/Y (NOR3X2M)                           0.45       1.48 r
  SYS_CTRL_UNIT/U17/Y (NAND3BX2M)                         0.25       1.73 r
  SYS_CTRL_UNIT/TX_D_VLD (SYS_CTRL_OP_WIDTH8_ALU_OUT_WIDTH16_REG_WIDTH8_REG_DEPTH16_ADDRESS_WIDTH4_UART_DATA_WIDTH8)
                                                          0.00       1.73 r
  FIFO_UNIT/winc (FIFO_TOP_DATA_WIDTH8_ADDR_SIZE3)        0.00       1.73 r
  FIFO_UNIT/fifomem/wclken (FIFO_MEM_DATA_WIDTH8_ADDR_SIZE3)
                                                          0.00       1.73 r
  FIFO_UNIT/fifomem/U63/Y (NOR3BX2M)                      0.40       2.14 r
  FIFO_UNIT/fifomem/U2/Y (NAND3X2M)                       0.33       2.47 f
  FIFO_UNIT/fifomem/U75/Y (OAI2BB2X1M)                    0.20       2.67 r
  FIFO_UNIT/fifomem/mem_reg[3][2]/D (DFFRQX2M)            0.00       2.67 r
  data arrival time                                                  2.67

  clock REF_CLK (rise edge)                              20.00      20.00
  clock network delay (ideal)                             0.00      20.00
  clock uncertainty                                      -0.20      19.80
  FIFO_UNIT/fifomem/mem_reg[3][2]/CK (DFFRQX2M)           0.00      19.80 r
  library setup time                                     -0.31      19.49
  data required time                                                19.49
  --------------------------------------------------------------------------
  data required time                                                19.49
  data arrival time                                                 -2.67
  --------------------------------------------------------------------------
  slack (MET)                                                       16.83


  Startpoint: SYS_CTRL_UNIT/Current_State_reg[2]
              (rising edge-triggered flip-flop clocked by REF_CLK)
  Endpoint: FIFO_UNIT/fifomem/mem_reg[3][1]
            (rising edge-triggered flip-flop clocked by REF_CLK)
  Path Group: REF_CLK
  Path Type: max

  Point                                                   Incr       Path
  --------------------------------------------------------------------------
  clock REF_CLK (rise edge)                               0.00       0.00
  clock network delay (ideal)                             0.00       0.00
  SYS_CTRL_UNIT/Current_State_reg[2]/CK (DFFRQX2M)        0.00       0.00 r
  SYS_CTRL_UNIT/Current_State_reg[2]/Q (DFFRQX2M)         0.55       0.55 f
  SYS_CTRL_UNIT/U39/Y (NOR3X2M)                           0.37       0.92 r
  SYS_CTRL_UNIT/U14/Y (INVX2M)                            0.11       1.03 f
  SYS_CTRL_UNIT/U50/Y (NOR3X2M)                           0.45       1.48 r
  SYS_CTRL_UNIT/U17/Y (NAND3BX2M)                         0.25       1.73 r
  SYS_CTRL_UNIT/TX_D_VLD (SYS_CTRL_OP_WIDTH8_ALU_OUT_WIDTH16_REG_WIDTH8_REG_DEPTH16_ADDRESS_WIDTH4_UART_DATA_WIDTH8)
                                                          0.00       1.73 r
  FIFO_UNIT/winc (FIFO_TOP_DATA_WIDTH8_ADDR_SIZE3)        0.00       1.73 r
  FIFO_UNIT/fifomem/wclken (FIFO_MEM_DATA_WIDTH8_ADDR_SIZE3)
                                                          0.00       1.73 r
  FIFO_UNIT/fifomem/U63/Y (NOR3BX2M)                      0.40       2.14 r
  FIFO_UNIT/fifomem/U2/Y (NAND3X2M)                       0.33       2.47 f
  FIFO_UNIT/fifomem/U74/Y (OAI2BB2X1M)                    0.20       2.67 r
  FIFO_UNIT/fifomem/mem_reg[3][1]/D (DFFRQX2M)            0.00       2.67 r
  data arrival time                                                  2.67

  clock REF_CLK (rise edge)                              20.00      20.00
  clock network delay (ideal)                             0.00      20.00
  clock uncertainty                                      -0.20      19.80
  FIFO_UNIT/fifomem/mem_reg[3][1]/CK (DFFRQX2M)           0.00      19.80 r
  library setup time                                     -0.31      19.49
  data required time                                                19.49
  --------------------------------------------------------------------------
  data required time                                                19.49
  data arrival time                                                 -2.67
  --------------------------------------------------------------------------
  slack (MET)                                                       16.83


  Startpoint: SYS_CTRL_UNIT/Current_State_reg[2]
              (rising edge-triggered flip-flop clocked by REF_CLK)
  Endpoint: FIFO_UNIT/fifomem/mem_reg[3][0]
            (rising edge-triggered flip-flop clocked by REF_CLK)
  Path Group: REF_CLK
  Path Type: max

  Point                                                   Incr       Path
  --------------------------------------------------------------------------
  clock REF_CLK (rise edge)                               0.00       0.00
  clock network delay (ideal)                             0.00       0.00
  SYS_CTRL_UNIT/Current_State_reg[2]/CK (DFFRQX2M)        0.00       0.00 r
  SYS_CTRL_UNIT/Current_State_reg[2]/Q (DFFRQX2M)         0.55       0.55 f
  SYS_CTRL_UNIT/U39/Y (NOR3X2M)                           0.37       0.92 r
  SYS_CTRL_UNIT/U14/Y (INVX2M)                            0.11       1.03 f
  SYS_CTRL_UNIT/U50/Y (NOR3X2M)                           0.45       1.48 r
  SYS_CTRL_UNIT/U17/Y (NAND3BX2M)                         0.25       1.73 r
  SYS_CTRL_UNIT/TX_D_VLD (SYS_CTRL_OP_WIDTH8_ALU_OUT_WIDTH16_REG_WIDTH8_REG_DEPTH16_ADDRESS_WIDTH4_UART_DATA_WIDTH8)
                                                          0.00       1.73 r
  FIFO_UNIT/winc (FIFO_TOP_DATA_WIDTH8_ADDR_SIZE3)        0.00       1.73 r
  FIFO_UNIT/fifomem/wclken (FIFO_MEM_DATA_WIDTH8_ADDR_SIZE3)
                                                          0.00       1.73 r
  FIFO_UNIT/fifomem/U63/Y (NOR3BX2M)                      0.40       2.14 r
  FIFO_UNIT/fifomem/U2/Y (NAND3X2M)                       0.33       2.47 f
  FIFO_UNIT/fifomem/U73/Y (OAI2BB2X1M)                    0.20       2.67 r
  FIFO_UNIT/fifomem/mem_reg[3][0]/D (DFFRQX2M)            0.00       2.67 r
  data arrival time                                                  2.67

  clock REF_CLK (rise edge)                              20.00      20.00
  clock network delay (ideal)                             0.00      20.00
  clock uncertainty                                      -0.20      19.80
  FIFO_UNIT/fifomem/mem_reg[3][0]/CK (DFFRQX2M)           0.00      19.80 r
  library setup time                                     -0.31      19.49
  data required time                                                19.49
  --------------------------------------------------------------------------
  data required time                                                19.49
  data arrival time                                                 -2.67
  --------------------------------------------------------------------------
  slack (MET)                                                       16.83


  Startpoint: SYS_CTRL_UNIT/Current_State_reg[2]
              (rising edge-triggered flip-flop clocked by REF_CLK)
  Endpoint: FIFO_UNIT/fifomem/mem_reg[2][7]
            (rising edge-triggered flip-flop clocked by REF_CLK)
  Path Group: REF_CLK
  Path Type: max

  Point                                                   Incr       Path
  --------------------------------------------------------------------------
  clock REF_CLK (rise edge)                               0.00       0.00
  clock network delay (ideal)                             0.00       0.00
  SYS_CTRL_UNIT/Current_State_reg[2]/CK (DFFRQX2M)        0.00       0.00 r
  SYS_CTRL_UNIT/Current_State_reg[2]/Q (DFFRQX2M)         0.55       0.55 f
  SYS_CTRL_UNIT/U39/Y (NOR3X2M)                           0.37       0.92 r
  SYS_CTRL_UNIT/U14/Y (INVX2M)                            0.11       1.03 f
  SYS_CTRL_UNIT/U50/Y (NOR3X2M)                           0.45       1.48 r
  SYS_CTRL_UNIT/U17/Y (NAND3BX2M)                         0.25       1.73 r
  SYS_CTRL_UNIT/TX_D_VLD (SYS_CTRL_OP_WIDTH8_ALU_OUT_WIDTH16_REG_WIDTH8_REG_DEPTH16_ADDRESS_WIDTH4_UART_DATA_WIDTH8)
                                                          0.00       1.73 r
  FIFO_UNIT/winc (FIFO_TOP_DATA_WIDTH8_ADDR_SIZE3)        0.00       1.73 r
  FIFO_UNIT/fifomem/wclken (FIFO_MEM_DATA_WIDTH8_ADDR_SIZE3)
                                                          0.00       1.73 r
  FIFO_UNIT/fifomem/U63/Y (NOR3BX2M)                      0.40       2.14 r
  FIFO_UNIT/fifomem/U1/Y (NAND3X2M)                       0.33       2.47 f
  FIFO_UNIT/fifomem/U72/Y (OAI2BB2X1M)                    0.20       2.67 r
  FIFO_UNIT/fifomem/mem_reg[2][7]/D (DFFRQX2M)            0.00       2.67 r
  data arrival time                                                  2.67

  clock REF_CLK (rise edge)                              20.00      20.00
  clock network delay (ideal)                             0.00      20.00
  clock uncertainty                                      -0.20      19.80
  FIFO_UNIT/fifomem/mem_reg[2][7]/CK (DFFRQX2M)           0.00      19.80 r
  library setup time                                     -0.31      19.49
  data required time                                                19.49
  --------------------------------------------------------------------------
  data required time                                                19.49
  data arrival time                                                 -2.67
  --------------------------------------------------------------------------
  slack (MET)                                                       16.83


  Startpoint: SYS_CTRL_UNIT/Current_State_reg[2]
              (rising edge-triggered flip-flop clocked by REF_CLK)
  Endpoint: FIFO_UNIT/fifomem/mem_reg[2][6]
            (rising edge-triggered flip-flop clocked by REF_CLK)
  Path Group: REF_CLK
  Path Type: max

  Point                                                   Incr       Path
  --------------------------------------------------------------------------
  clock REF_CLK (rise edge)                               0.00       0.00
  clock network delay (ideal)                             0.00       0.00
  SYS_CTRL_UNIT/Current_State_reg[2]/CK (DFFRQX2M)        0.00       0.00 r
  SYS_CTRL_UNIT/Current_State_reg[2]/Q (DFFRQX2M)         0.55       0.55 f
  SYS_CTRL_UNIT/U39/Y (NOR3X2M)                           0.37       0.92 r
  SYS_CTRL_UNIT/U14/Y (INVX2M)                            0.11       1.03 f
  SYS_CTRL_UNIT/U50/Y (NOR3X2M)                           0.45       1.48 r
  SYS_CTRL_UNIT/U17/Y (NAND3BX2M)                         0.25       1.73 r
  SYS_CTRL_UNIT/TX_D_VLD (SYS_CTRL_OP_WIDTH8_ALU_OUT_WIDTH16_REG_WIDTH8_REG_DEPTH16_ADDRESS_WIDTH4_UART_DATA_WIDTH8)
                                                          0.00       1.73 r
  FIFO_UNIT/winc (FIFO_TOP_DATA_WIDTH8_ADDR_SIZE3)        0.00       1.73 r
  FIFO_UNIT/fifomem/wclken (FIFO_MEM_DATA_WIDTH8_ADDR_SIZE3)
                                                          0.00       1.73 r
  FIFO_UNIT/fifomem/U63/Y (NOR3BX2M)                      0.40       2.14 r
  FIFO_UNIT/fifomem/U1/Y (NAND3X2M)                       0.33       2.47 f
  FIFO_UNIT/fifomem/U71/Y (OAI2BB2X1M)                    0.20       2.67 r
  FIFO_UNIT/fifomem/mem_reg[2][6]/D (DFFRQX2M)            0.00       2.67 r
  data arrival time                                                  2.67

  clock REF_CLK (rise edge)                              20.00      20.00
  clock network delay (ideal)                             0.00      20.00
  clock uncertainty                                      -0.20      19.80
  FIFO_UNIT/fifomem/mem_reg[2][6]/CK (DFFRQX2M)           0.00      19.80 r
  library setup time                                     -0.31      19.49
  data required time                                                19.49
  --------------------------------------------------------------------------
  data required time                                                19.49
  data arrival time                                                 -2.67
  --------------------------------------------------------------------------
  slack (MET)                                                       16.83


  Startpoint: SYS_CTRL_UNIT/Current_State_reg[2]
              (rising edge-triggered flip-flop clocked by REF_CLK)
  Endpoint: FIFO_UNIT/fifomem/mem_reg[2][5]
            (rising edge-triggered flip-flop clocked by REF_CLK)
  Path Group: REF_CLK
  Path Type: max

  Point                                                   Incr       Path
  --------------------------------------------------------------------------
  clock REF_CLK (rise edge)                               0.00       0.00
  clock network delay (ideal)                             0.00       0.00
  SYS_CTRL_UNIT/Current_State_reg[2]/CK (DFFRQX2M)        0.00       0.00 r
  SYS_CTRL_UNIT/Current_State_reg[2]/Q (DFFRQX2M)         0.55       0.55 f
  SYS_CTRL_UNIT/U39/Y (NOR3X2M)                           0.37       0.92 r
  SYS_CTRL_UNIT/U14/Y (INVX2M)                            0.11       1.03 f
  SYS_CTRL_UNIT/U50/Y (NOR3X2M)                           0.45       1.48 r
  SYS_CTRL_UNIT/U17/Y (NAND3BX2M)                         0.25       1.73 r
  SYS_CTRL_UNIT/TX_D_VLD (SYS_CTRL_OP_WIDTH8_ALU_OUT_WIDTH16_REG_WIDTH8_REG_DEPTH16_ADDRESS_WIDTH4_UART_DATA_WIDTH8)
                                                          0.00       1.73 r
  FIFO_UNIT/winc (FIFO_TOP_DATA_WIDTH8_ADDR_SIZE3)        0.00       1.73 r
  FIFO_UNIT/fifomem/wclken (FIFO_MEM_DATA_WIDTH8_ADDR_SIZE3)
                                                          0.00       1.73 r
  FIFO_UNIT/fifomem/U63/Y (NOR3BX2M)                      0.40       2.14 r
  FIFO_UNIT/fifomem/U1/Y (NAND3X2M)                       0.33       2.47 f
  FIFO_UNIT/fifomem/U70/Y (OAI2BB2X1M)                    0.20       2.67 r
  FIFO_UNIT/fifomem/mem_reg[2][5]/D (DFFRQX2M)            0.00       2.67 r
  data arrival time                                                  2.67

  clock REF_CLK (rise edge)                              20.00      20.00
  clock network delay (ideal)                             0.00      20.00
  clock uncertainty                                      -0.20      19.80
  FIFO_UNIT/fifomem/mem_reg[2][5]/CK (DFFRQX2M)           0.00      19.80 r
  library setup time                                     -0.31      19.49
  data required time                                                19.49
  --------------------------------------------------------------------------
  data required time                                                19.49
  data arrival time                                                 -2.67
  --------------------------------------------------------------------------
  slack (MET)                                                       16.83


  Startpoint: SYS_CTRL_UNIT/Current_State_reg[2]
              (rising edge-triggered flip-flop clocked by REF_CLK)
  Endpoint: FIFO_UNIT/fifomem/mem_reg[2][4]
            (rising edge-triggered flip-flop clocked by REF_CLK)
  Path Group: REF_CLK
  Path Type: max

  Point                                                   Incr       Path
  --------------------------------------------------------------------------
  clock REF_CLK (rise edge)                               0.00       0.00
  clock network delay (ideal)                             0.00       0.00
  SYS_CTRL_UNIT/Current_State_reg[2]/CK (DFFRQX2M)        0.00       0.00 r
  SYS_CTRL_UNIT/Current_State_reg[2]/Q (DFFRQX2M)         0.55       0.55 f
  SYS_CTRL_UNIT/U39/Y (NOR3X2M)                           0.37       0.92 r
  SYS_CTRL_UNIT/U14/Y (INVX2M)                            0.11       1.03 f
  SYS_CTRL_UNIT/U50/Y (NOR3X2M)                           0.45       1.48 r
  SYS_CTRL_UNIT/U17/Y (NAND3BX2M)                         0.25       1.73 r
  SYS_CTRL_UNIT/TX_D_VLD (SYS_CTRL_OP_WIDTH8_ALU_OUT_WIDTH16_REG_WIDTH8_REG_DEPTH16_ADDRESS_WIDTH4_UART_DATA_WIDTH8)
                                                          0.00       1.73 r
  FIFO_UNIT/winc (FIFO_TOP_DATA_WIDTH8_ADDR_SIZE3)        0.00       1.73 r
  FIFO_UNIT/fifomem/wclken (FIFO_MEM_DATA_WIDTH8_ADDR_SIZE3)
                                                          0.00       1.73 r
  FIFO_UNIT/fifomem/U63/Y (NOR3BX2M)                      0.40       2.14 r
  FIFO_UNIT/fifomem/U1/Y (NAND3X2M)                       0.33       2.47 f
  FIFO_UNIT/fifomem/U69/Y (OAI2BB2X1M)                    0.20       2.67 r
  FIFO_UNIT/fifomem/mem_reg[2][4]/D (DFFRQX2M)            0.00       2.67 r
  data arrival time                                                  2.67

  clock REF_CLK (rise edge)                              20.00      20.00
  clock network delay (ideal)                             0.00      20.00
  clock uncertainty                                      -0.20      19.80
  FIFO_UNIT/fifomem/mem_reg[2][4]/CK (DFFRQX2M)           0.00      19.80 r
  library setup time                                     -0.31      19.49
  data required time                                                19.49
  --------------------------------------------------------------------------
  data required time                                                19.49
  data arrival time                                                 -2.67
  --------------------------------------------------------------------------
  slack (MET)                                                       16.83


  Startpoint: SYS_CTRL_UNIT/Current_State_reg[2]
              (rising edge-triggered flip-flop clocked by REF_CLK)
  Endpoint: FIFO_UNIT/fifomem/mem_reg[2][3]
            (rising edge-triggered flip-flop clocked by REF_CLK)
  Path Group: REF_CLK
  Path Type: max

  Point                                                   Incr       Path
  --------------------------------------------------------------------------
  clock REF_CLK (rise edge)                               0.00       0.00
  clock network delay (ideal)                             0.00       0.00
  SYS_CTRL_UNIT/Current_State_reg[2]/CK (DFFRQX2M)        0.00       0.00 r
  SYS_CTRL_UNIT/Current_State_reg[2]/Q (DFFRQX2M)         0.55       0.55 f
  SYS_CTRL_UNIT/U39/Y (NOR3X2M)                           0.37       0.92 r
  SYS_CTRL_UNIT/U14/Y (INVX2M)                            0.11       1.03 f
  SYS_CTRL_UNIT/U50/Y (NOR3X2M)                           0.45       1.48 r
  SYS_CTRL_UNIT/U17/Y (NAND3BX2M)                         0.25       1.73 r
  SYS_CTRL_UNIT/TX_D_VLD (SYS_CTRL_OP_WIDTH8_ALU_OUT_WIDTH16_REG_WIDTH8_REG_DEPTH16_ADDRESS_WIDTH4_UART_DATA_WIDTH8)
                                                          0.00       1.73 r
  FIFO_UNIT/winc (FIFO_TOP_DATA_WIDTH8_ADDR_SIZE3)        0.00       1.73 r
  FIFO_UNIT/fifomem/wclken (FIFO_MEM_DATA_WIDTH8_ADDR_SIZE3)
                                                          0.00       1.73 r
  FIFO_UNIT/fifomem/U63/Y (NOR3BX2M)                      0.40       2.14 r
  FIFO_UNIT/fifomem/U1/Y (NAND3X2M)                       0.33       2.47 f
  FIFO_UNIT/fifomem/U68/Y (OAI2BB2X1M)                    0.20       2.67 r
  FIFO_UNIT/fifomem/mem_reg[2][3]/D (DFFRQX2M)            0.00       2.67 r
  data arrival time                                                  2.67

  clock REF_CLK (rise edge)                              20.00      20.00
  clock network delay (ideal)                             0.00      20.00
  clock uncertainty                                      -0.20      19.80
  FIFO_UNIT/fifomem/mem_reg[2][3]/CK (DFFRQX2M)           0.00      19.80 r
  library setup time                                     -0.31      19.49
  data required time                                                19.49
  --------------------------------------------------------------------------
  data required time                                                19.49
  data arrival time                                                 -2.67
  --------------------------------------------------------------------------
  slack (MET)                                                       16.83


  Startpoint: SYS_CTRL_UNIT/Current_State_reg[2]
              (rising edge-triggered flip-flop clocked by REF_CLK)
  Endpoint: FIFO_UNIT/fifomem/mem_reg[2][2]
            (rising edge-triggered flip-flop clocked by REF_CLK)
  Path Group: REF_CLK
  Path Type: max

  Point                                                   Incr       Path
  --------------------------------------------------------------------------
  clock REF_CLK (rise edge)                               0.00       0.00
  clock network delay (ideal)                             0.00       0.00
  SYS_CTRL_UNIT/Current_State_reg[2]/CK (DFFRQX2M)        0.00       0.00 r
  SYS_CTRL_UNIT/Current_State_reg[2]/Q (DFFRQX2M)         0.55       0.55 f
  SYS_CTRL_UNIT/U39/Y (NOR3X2M)                           0.37       0.92 r
  SYS_CTRL_UNIT/U14/Y (INVX2M)                            0.11       1.03 f
  SYS_CTRL_UNIT/U50/Y (NOR3X2M)                           0.45       1.48 r
  SYS_CTRL_UNIT/U17/Y (NAND3BX2M)                         0.25       1.73 r
  SYS_CTRL_UNIT/TX_D_VLD (SYS_CTRL_OP_WIDTH8_ALU_OUT_WIDTH16_REG_WIDTH8_REG_DEPTH16_ADDRESS_WIDTH4_UART_DATA_WIDTH8)
                                                          0.00       1.73 r
  FIFO_UNIT/winc (FIFO_TOP_DATA_WIDTH8_ADDR_SIZE3)        0.00       1.73 r
  FIFO_UNIT/fifomem/wclken (FIFO_MEM_DATA_WIDTH8_ADDR_SIZE3)
                                                          0.00       1.73 r
  FIFO_UNIT/fifomem/U63/Y (NOR3BX2M)                      0.40       2.14 r
  FIFO_UNIT/fifomem/U1/Y (NAND3X2M)                       0.33       2.47 f
  FIFO_UNIT/fifomem/U67/Y (OAI2BB2X1M)                    0.20       2.67 r
  FIFO_UNIT/fifomem/mem_reg[2][2]/D (DFFRQX2M)            0.00       2.67 r
  data arrival time                                                  2.67

  clock REF_CLK (rise edge)                              20.00      20.00
  clock network delay (ideal)                             0.00      20.00
  clock uncertainty                                      -0.20      19.80
  FIFO_UNIT/fifomem/mem_reg[2][2]/CK (DFFRQX2M)           0.00      19.80 r
  library setup time                                     -0.31      19.49
  data required time                                                19.49
  --------------------------------------------------------------------------
  data required time                                                19.49
  data arrival time                                                 -2.67
  --------------------------------------------------------------------------
  slack (MET)                                                       16.83


  Startpoint: SYS_CTRL_UNIT/Current_State_reg[2]
              (rising edge-triggered flip-flop clocked by REF_CLK)
  Endpoint: FIFO_UNIT/fifomem/mem_reg[2][1]
            (rising edge-triggered flip-flop clocked by REF_CLK)
  Path Group: REF_CLK
  Path Type: max

  Point                                                   Incr       Path
  --------------------------------------------------------------------------
  clock REF_CLK (rise edge)                               0.00       0.00
  clock network delay (ideal)                             0.00       0.00
  SYS_CTRL_UNIT/Current_State_reg[2]/CK (DFFRQX2M)        0.00       0.00 r
  SYS_CTRL_UNIT/Current_State_reg[2]/Q (DFFRQX2M)         0.55       0.55 f
  SYS_CTRL_UNIT/U39/Y (NOR3X2M)                           0.37       0.92 r
  SYS_CTRL_UNIT/U14/Y (INVX2M)                            0.11       1.03 f
  SYS_CTRL_UNIT/U50/Y (NOR3X2M)                           0.45       1.48 r
  SYS_CTRL_UNIT/U17/Y (NAND3BX2M)                         0.25       1.73 r
  SYS_CTRL_UNIT/TX_D_VLD (SYS_CTRL_OP_WIDTH8_ALU_OUT_WIDTH16_REG_WIDTH8_REG_DEPTH16_ADDRESS_WIDTH4_UART_DATA_WIDTH8)
                                                          0.00       1.73 r
  FIFO_UNIT/winc (FIFO_TOP_DATA_WIDTH8_ADDR_SIZE3)        0.00       1.73 r
  FIFO_UNIT/fifomem/wclken (FIFO_MEM_DATA_WIDTH8_ADDR_SIZE3)
                                                          0.00       1.73 r
  FIFO_UNIT/fifomem/U63/Y (NOR3BX2M)                      0.40       2.14 r
  FIFO_UNIT/fifomem/U1/Y (NAND3X2M)                       0.33       2.47 f
  FIFO_UNIT/fifomem/U66/Y (OAI2BB2X1M)                    0.20       2.67 r
  FIFO_UNIT/fifomem/mem_reg[2][1]/D (DFFRQX2M)            0.00       2.67 r
  data arrival time                                                  2.67

  clock REF_CLK (rise edge)                              20.00      20.00
  clock network delay (ideal)                             0.00      20.00
  clock uncertainty                                      -0.20      19.80
  FIFO_UNIT/fifomem/mem_reg[2][1]/CK (DFFRQX2M)           0.00      19.80 r
  library setup time                                     -0.31      19.49
  data required time                                                19.49
  --------------------------------------------------------------------------
  data required time                                                19.49
  data arrival time                                                 -2.67
  --------------------------------------------------------------------------
  slack (MET)                                                       16.83


  Startpoint: SYS_CTRL_UNIT/Current_State_reg[2]
              (rising edge-triggered flip-flop clocked by REF_CLK)
  Endpoint: FIFO_UNIT/fifomem/mem_reg[2][0]
            (rising edge-triggered flip-flop clocked by REF_CLK)
  Path Group: REF_CLK
  Path Type: max

  Point                                                   Incr       Path
  --------------------------------------------------------------------------
  clock REF_CLK (rise edge)                               0.00       0.00
  clock network delay (ideal)                             0.00       0.00
  SYS_CTRL_UNIT/Current_State_reg[2]/CK (DFFRQX2M)        0.00       0.00 r
  SYS_CTRL_UNIT/Current_State_reg[2]/Q (DFFRQX2M)         0.55       0.55 f
  SYS_CTRL_UNIT/U39/Y (NOR3X2M)                           0.37       0.92 r
  SYS_CTRL_UNIT/U14/Y (INVX2M)                            0.11       1.03 f
  SYS_CTRL_UNIT/U50/Y (NOR3X2M)                           0.45       1.48 r
  SYS_CTRL_UNIT/U17/Y (NAND3BX2M)                         0.25       1.73 r
  SYS_CTRL_UNIT/TX_D_VLD (SYS_CTRL_OP_WIDTH8_ALU_OUT_WIDTH16_REG_WIDTH8_REG_DEPTH16_ADDRESS_WIDTH4_UART_DATA_WIDTH8)
                                                          0.00       1.73 r
  FIFO_UNIT/winc (FIFO_TOP_DATA_WIDTH8_ADDR_SIZE3)        0.00       1.73 r
  FIFO_UNIT/fifomem/wclken (FIFO_MEM_DATA_WIDTH8_ADDR_SIZE3)
                                                          0.00       1.73 r
  FIFO_UNIT/fifomem/U63/Y (NOR3BX2M)                      0.40       2.14 r
  FIFO_UNIT/fifomem/U1/Y (NAND3X2M)                       0.33       2.47 f
  FIFO_UNIT/fifomem/U65/Y (OAI2BB2X1M)                    0.20       2.67 r
  FIFO_UNIT/fifomem/mem_reg[2][0]/D (DFFRQX2M)            0.00       2.67 r
  data arrival time                                                  2.67

  clock REF_CLK (rise edge)                              20.00      20.00
  clock network delay (ideal)                             0.00      20.00
  clock uncertainty                                      -0.20      19.80
  FIFO_UNIT/fifomem/mem_reg[2][0]/CK (DFFRQX2M)           0.00      19.80 r
  library setup time                                     -0.31      19.49
  data required time                                                19.49
  --------------------------------------------------------------------------
  data required time                                                19.49
  data arrival time                                                 -2.67
  --------------------------------------------------------------------------
  slack (MET)                                                       16.83


  Startpoint: SYS_CTRL_UNIT/Current_State_reg[2]
              (rising edge-triggered flip-flop clocked by REF_CLK)
  Endpoint: FIFO_UNIT/fifomem/mem_reg[6][7]
            (rising edge-triggered flip-flop clocked by REF_CLK)
  Path Group: REF_CLK
  Path Type: max

  Point                                                   Incr       Path
  --------------------------------------------------------------------------
  clock REF_CLK (rise edge)                               0.00       0.00
  clock network delay (ideal)                             0.00       0.00
  SYS_CTRL_UNIT/Current_State_reg[2]/CK (DFFRQX2M)        0.00       0.00 r
  SYS_CTRL_UNIT/Current_State_reg[2]/Q (DFFRQX2M)         0.55       0.55 f
  SYS_CTRL_UNIT/U39/Y (NOR3X2M)                           0.37       0.92 r
  SYS_CTRL_UNIT/U14/Y (INVX2M)                            0.11       1.03 f
  SYS_CTRL_UNIT/U50/Y (NOR3X2M)                           0.45       1.48 r
  SYS_CTRL_UNIT/U17/Y (NAND3BX2M)                         0.25       1.73 r
  SYS_CTRL_UNIT/TX_D_VLD (SYS_CTRL_OP_WIDTH8_ALU_OUT_WIDTH16_REG_WIDTH8_REG_DEPTH16_ADDRESS_WIDTH4_UART_DATA_WIDTH8)
                                                          0.00       1.73 r
  FIFO_UNIT/winc (FIFO_TOP_DATA_WIDTH8_ADDR_SIZE3)        0.00       1.73 r
  FIFO_UNIT/fifomem/wclken (FIFO_MEM_DATA_WIDTH8_ADDR_SIZE3)
                                                          0.00       1.73 r
  FIFO_UNIT/fifomem/U64/Y (NAND3BX2M)                     0.18       1.92 f
  FIFO_UNIT/fifomem/U98/Y (NOR3X2M)                       0.17       2.09 r
  FIFO_UNIT/fifomem/U97/Y (BUFX2M)                        0.24       2.33 r
  FIFO_UNIT/fifomem/U44/Y (INVX2M)                        0.12       2.45 f
  FIFO_UNIT/fifomem/U19/Y (OAI22X1M)                      0.19       2.65 r
  FIFO_UNIT/fifomem/mem_reg[6][7]/D (DFFRQX2M)            0.00       2.65 r
  data arrival time                                                  2.65

  clock REF_CLK (rise edge)                              20.00      20.00
  clock network delay (ideal)                             0.00      20.00
  clock uncertainty                                      -0.20      19.80
  FIFO_UNIT/fifomem/mem_reg[6][7]/CK (DFFRQX2M)           0.00      19.80 r
  library setup time                                     -0.32      19.48
  data required time                                                19.48
  --------------------------------------------------------------------------
  data required time                                                19.48
  data arrival time                                                 -2.65
  --------------------------------------------------------------------------
  slack (MET)                                                       16.84


  Startpoint: SYS_CTRL_UNIT/Current_State_reg[2]
              (rising edge-triggered flip-flop clocked by REF_CLK)
  Endpoint: FIFO_UNIT/fifomem/mem_reg[6][6]
            (rising edge-triggered flip-flop clocked by REF_CLK)
  Path Group: REF_CLK
  Path Type: max

  Point                                                   Incr       Path
  --------------------------------------------------------------------------
  clock REF_CLK (rise edge)                               0.00       0.00
  clock network delay (ideal)                             0.00       0.00
  SYS_CTRL_UNIT/Current_State_reg[2]/CK (DFFRQX2M)        0.00       0.00 r
  SYS_CTRL_UNIT/Current_State_reg[2]/Q (DFFRQX2M)         0.55       0.55 f
  SYS_CTRL_UNIT/U39/Y (NOR3X2M)                           0.37       0.92 r
  SYS_CTRL_UNIT/U14/Y (INVX2M)                            0.11       1.03 f
  SYS_CTRL_UNIT/U50/Y (NOR3X2M)                           0.45       1.48 r
  SYS_CTRL_UNIT/U17/Y (NAND3BX2M)                         0.25       1.73 r
  SYS_CTRL_UNIT/TX_D_VLD (SYS_CTRL_OP_WIDTH8_ALU_OUT_WIDTH16_REG_WIDTH8_REG_DEPTH16_ADDRESS_WIDTH4_UART_DATA_WIDTH8)
                                                          0.00       1.73 r
  FIFO_UNIT/winc (FIFO_TOP_DATA_WIDTH8_ADDR_SIZE3)        0.00       1.73 r
  FIFO_UNIT/fifomem/wclken (FIFO_MEM_DATA_WIDTH8_ADDR_SIZE3)
                                                          0.00       1.73 r
  FIFO_UNIT/fifomem/U64/Y (NAND3BX2M)                     0.18       1.92 f
  FIFO_UNIT/fifomem/U98/Y (NOR3X2M)                       0.17       2.09 r
  FIFO_UNIT/fifomem/U97/Y (BUFX2M)                        0.24       2.33 r
  FIFO_UNIT/fifomem/U44/Y (INVX2M)                        0.12       2.45 f
  FIFO_UNIT/fifomem/U18/Y (OAI22X1M)                      0.19       2.65 r
  FIFO_UNIT/fifomem/mem_reg[6][6]/D (DFFRQX2M)            0.00       2.65 r
  data arrival time                                                  2.65

  clock REF_CLK (rise edge)                              20.00      20.00
  clock network delay (ideal)                             0.00      20.00
  clock uncertainty                                      -0.20      19.80
  FIFO_UNIT/fifomem/mem_reg[6][6]/CK (DFFRQX2M)           0.00      19.80 r
  library setup time                                     -0.32      19.48
  data required time                                                19.48
  --------------------------------------------------------------------------
  data required time                                                19.48
  data arrival time                                                 -2.65
  --------------------------------------------------------------------------
  slack (MET)                                                       16.84


  Startpoint: SYS_CTRL_UNIT/Current_State_reg[2]
              (rising edge-triggered flip-flop clocked by REF_CLK)
  Endpoint: FIFO_UNIT/fifomem/mem_reg[6][5]
            (rising edge-triggered flip-flop clocked by REF_CLK)
  Path Group: REF_CLK
  Path Type: max

  Point                                                   Incr       Path
  --------------------------------------------------------------------------
  clock REF_CLK (rise edge)                               0.00       0.00
  clock network delay (ideal)                             0.00       0.00
  SYS_CTRL_UNIT/Current_State_reg[2]/CK (DFFRQX2M)        0.00       0.00 r
  SYS_CTRL_UNIT/Current_State_reg[2]/Q (DFFRQX2M)         0.55       0.55 f
  SYS_CTRL_UNIT/U39/Y (NOR3X2M)                           0.37       0.92 r
  SYS_CTRL_UNIT/U14/Y (INVX2M)                            0.11       1.03 f
  SYS_CTRL_UNIT/U50/Y (NOR3X2M)                           0.45       1.48 r
  SYS_CTRL_UNIT/U17/Y (NAND3BX2M)                         0.25       1.73 r
  SYS_CTRL_UNIT/TX_D_VLD (SYS_CTRL_OP_WIDTH8_ALU_OUT_WIDTH16_REG_WIDTH8_REG_DEPTH16_ADDRESS_WIDTH4_UART_DATA_WIDTH8)
                                                          0.00       1.73 r
  FIFO_UNIT/winc (FIFO_TOP_DATA_WIDTH8_ADDR_SIZE3)        0.00       1.73 r
  FIFO_UNIT/fifomem/wclken (FIFO_MEM_DATA_WIDTH8_ADDR_SIZE3)
                                                          0.00       1.73 r
  FIFO_UNIT/fifomem/U64/Y (NAND3BX2M)                     0.18       1.92 f
  FIFO_UNIT/fifomem/U98/Y (NOR3X2M)                       0.17       2.09 r
  FIFO_UNIT/fifomem/U97/Y (BUFX2M)                        0.24       2.33 r
  FIFO_UNIT/fifomem/U44/Y (INVX2M)                        0.12       2.45 f
  FIFO_UNIT/fifomem/U17/Y (OAI22X1M)                      0.19       2.65 r
  FIFO_UNIT/fifomem/mem_reg[6][5]/D (DFFRQX2M)            0.00       2.65 r
  data arrival time                                                  2.65

  clock REF_CLK (rise edge)                              20.00      20.00
  clock network delay (ideal)                             0.00      20.00
  clock uncertainty                                      -0.20      19.80
  FIFO_UNIT/fifomem/mem_reg[6][5]/CK (DFFRQX2M)           0.00      19.80 r
  library setup time                                     -0.32      19.48
  data required time                                                19.48
  --------------------------------------------------------------------------
  data required time                                                19.48
  data arrival time                                                 -2.65
  --------------------------------------------------------------------------
  slack (MET)                                                       16.84


  Startpoint: SYS_CTRL_UNIT/Current_State_reg[2]
              (rising edge-triggered flip-flop clocked by REF_CLK)
  Endpoint: FIFO_UNIT/fifomem/mem_reg[6][4]
            (rising edge-triggered flip-flop clocked by REF_CLK)
  Path Group: REF_CLK
  Path Type: max

  Point                                                   Incr       Path
  --------------------------------------------------------------------------
  clock REF_CLK (rise edge)                               0.00       0.00
  clock network delay (ideal)                             0.00       0.00
  SYS_CTRL_UNIT/Current_State_reg[2]/CK (DFFRQX2M)        0.00       0.00 r
  SYS_CTRL_UNIT/Current_State_reg[2]/Q (DFFRQX2M)         0.55       0.55 f
  SYS_CTRL_UNIT/U39/Y (NOR3X2M)                           0.37       0.92 r
  SYS_CTRL_UNIT/U14/Y (INVX2M)                            0.11       1.03 f
  SYS_CTRL_UNIT/U50/Y (NOR3X2M)                           0.45       1.48 r
  SYS_CTRL_UNIT/U17/Y (NAND3BX2M)                         0.25       1.73 r
  SYS_CTRL_UNIT/TX_D_VLD (SYS_CTRL_OP_WIDTH8_ALU_OUT_WIDTH16_REG_WIDTH8_REG_DEPTH16_ADDRESS_WIDTH4_UART_DATA_WIDTH8)
                                                          0.00       1.73 r
  FIFO_UNIT/winc (FIFO_TOP_DATA_WIDTH8_ADDR_SIZE3)        0.00       1.73 r
  FIFO_UNIT/fifomem/wclken (FIFO_MEM_DATA_WIDTH8_ADDR_SIZE3)
                                                          0.00       1.73 r
  FIFO_UNIT/fifomem/U64/Y (NAND3BX2M)                     0.18       1.92 f
  FIFO_UNIT/fifomem/U98/Y (NOR3X2M)                       0.17       2.09 r
  FIFO_UNIT/fifomem/U97/Y (BUFX2M)                        0.24       2.33 r
  FIFO_UNIT/fifomem/U44/Y (INVX2M)                        0.12       2.45 f
  FIFO_UNIT/fifomem/U16/Y (OAI22X1M)                      0.19       2.65 r
  FIFO_UNIT/fifomem/mem_reg[6][4]/D (DFFRQX2M)            0.00       2.65 r
  data arrival time                                                  2.65

  clock REF_CLK (rise edge)                              20.00      20.00
  clock network delay (ideal)                             0.00      20.00
  clock uncertainty                                      -0.20      19.80
  FIFO_UNIT/fifomem/mem_reg[6][4]/CK (DFFRQX2M)           0.00      19.80 r
  library setup time                                     -0.32      19.48
  data required time                                                19.48
  --------------------------------------------------------------------------
  data required time                                                19.48
  data arrival time                                                 -2.65
  --------------------------------------------------------------------------
  slack (MET)                                                       16.84


  Startpoint: SYS_CTRL_UNIT/Current_State_reg[2]
              (rising edge-triggered flip-flop clocked by REF_CLK)
  Endpoint: FIFO_UNIT/fifomem/mem_reg[6][3]
            (rising edge-triggered flip-flop clocked by REF_CLK)
  Path Group: REF_CLK
  Path Type: max

  Point                                                   Incr       Path
  --------------------------------------------------------------------------
  clock REF_CLK (rise edge)                               0.00       0.00
  clock network delay (ideal)                             0.00       0.00
  SYS_CTRL_UNIT/Current_State_reg[2]/CK (DFFRQX2M)        0.00       0.00 r
  SYS_CTRL_UNIT/Current_State_reg[2]/Q (DFFRQX2M)         0.55       0.55 f
  SYS_CTRL_UNIT/U39/Y (NOR3X2M)                           0.37       0.92 r
  SYS_CTRL_UNIT/U14/Y (INVX2M)                            0.11       1.03 f
  SYS_CTRL_UNIT/U50/Y (NOR3X2M)                           0.45       1.48 r
  SYS_CTRL_UNIT/U17/Y (NAND3BX2M)                         0.25       1.73 r
  SYS_CTRL_UNIT/TX_D_VLD (SYS_CTRL_OP_WIDTH8_ALU_OUT_WIDTH16_REG_WIDTH8_REG_DEPTH16_ADDRESS_WIDTH4_UART_DATA_WIDTH8)
                                                          0.00       1.73 r
  FIFO_UNIT/winc (FIFO_TOP_DATA_WIDTH8_ADDR_SIZE3)        0.00       1.73 r
  FIFO_UNIT/fifomem/wclken (FIFO_MEM_DATA_WIDTH8_ADDR_SIZE3)
                                                          0.00       1.73 r
  FIFO_UNIT/fifomem/U64/Y (NAND3BX2M)                     0.18       1.92 f
  FIFO_UNIT/fifomem/U98/Y (NOR3X2M)                       0.17       2.09 r
  FIFO_UNIT/fifomem/U97/Y (BUFX2M)                        0.24       2.33 r
  FIFO_UNIT/fifomem/U44/Y (INVX2M)                        0.12       2.45 f
  FIFO_UNIT/fifomem/U15/Y (OAI22X1M)                      0.19       2.65 r
  FIFO_UNIT/fifomem/mem_reg[6][3]/D (DFFRQX2M)            0.00       2.65 r
  data arrival time                                                  2.65

  clock REF_CLK (rise edge)                              20.00      20.00
  clock network delay (ideal)                             0.00      20.00
  clock uncertainty                                      -0.20      19.80
  FIFO_UNIT/fifomem/mem_reg[6][3]/CK (DFFRQX2M)           0.00      19.80 r
  library setup time                                     -0.32      19.48
  data required time                                                19.48
  --------------------------------------------------------------------------
  data required time                                                19.48
  data arrival time                                                 -2.65
  --------------------------------------------------------------------------
  slack (MET)                                                       16.84


  Startpoint: SYS_CTRL_UNIT/Current_State_reg[2]
              (rising edge-triggered flip-flop clocked by REF_CLK)
  Endpoint: FIFO_UNIT/fifomem/mem_reg[6][2]
            (rising edge-triggered flip-flop clocked by REF_CLK)
  Path Group: REF_CLK
  Path Type: max

  Point                                                   Incr       Path
  --------------------------------------------------------------------------
  clock REF_CLK (rise edge)                               0.00       0.00
  clock network delay (ideal)                             0.00       0.00
  SYS_CTRL_UNIT/Current_State_reg[2]/CK (DFFRQX2M)        0.00       0.00 r
  SYS_CTRL_UNIT/Current_State_reg[2]/Q (DFFRQX2M)         0.55       0.55 f
  SYS_CTRL_UNIT/U39/Y (NOR3X2M)                           0.37       0.92 r
  SYS_CTRL_UNIT/U14/Y (INVX2M)                            0.11       1.03 f
  SYS_CTRL_UNIT/U50/Y (NOR3X2M)                           0.45       1.48 r
  SYS_CTRL_UNIT/U17/Y (NAND3BX2M)                         0.25       1.73 r
  SYS_CTRL_UNIT/TX_D_VLD (SYS_CTRL_OP_WIDTH8_ALU_OUT_WIDTH16_REG_WIDTH8_REG_DEPTH16_ADDRESS_WIDTH4_UART_DATA_WIDTH8)
                                                          0.00       1.73 r
  FIFO_UNIT/winc (FIFO_TOP_DATA_WIDTH8_ADDR_SIZE3)        0.00       1.73 r
  FIFO_UNIT/fifomem/wclken (FIFO_MEM_DATA_WIDTH8_ADDR_SIZE3)
                                                          0.00       1.73 r
  FIFO_UNIT/fifomem/U64/Y (NAND3BX2M)                     0.18       1.92 f
  FIFO_UNIT/fifomem/U98/Y (NOR3X2M)                       0.17       2.09 r
  FIFO_UNIT/fifomem/U97/Y (BUFX2M)                        0.24       2.33 r
  FIFO_UNIT/fifomem/U44/Y (INVX2M)                        0.12       2.45 f
  FIFO_UNIT/fifomem/U14/Y (OAI22X1M)                      0.19       2.65 r
  FIFO_UNIT/fifomem/mem_reg[6][2]/D (DFFRQX2M)            0.00       2.65 r
  data arrival time                                                  2.65

  clock REF_CLK (rise edge)                              20.00      20.00
  clock network delay (ideal)                             0.00      20.00
  clock uncertainty                                      -0.20      19.80
  FIFO_UNIT/fifomem/mem_reg[6][2]/CK (DFFRQX2M)           0.00      19.80 r
  library setup time                                     -0.32      19.48
  data required time                                                19.48
  --------------------------------------------------------------------------
  data required time                                                19.48
  data arrival time                                                 -2.65
  --------------------------------------------------------------------------
  slack (MET)                                                       16.84


  Startpoint: SYS_CTRL_UNIT/Current_State_reg[2]
              (rising edge-triggered flip-flop clocked by REF_CLK)
  Endpoint: FIFO_UNIT/fifomem/mem_reg[6][1]
            (rising edge-triggered flip-flop clocked by REF_CLK)
  Path Group: REF_CLK
  Path Type: max

  Point                                                   Incr       Path
  --------------------------------------------------------------------------
  clock REF_CLK (rise edge)                               0.00       0.00
  clock network delay (ideal)                             0.00       0.00
  SYS_CTRL_UNIT/Current_State_reg[2]/CK (DFFRQX2M)        0.00       0.00 r
  SYS_CTRL_UNIT/Current_State_reg[2]/Q (DFFRQX2M)         0.55       0.55 f
  SYS_CTRL_UNIT/U39/Y (NOR3X2M)                           0.37       0.92 r
  SYS_CTRL_UNIT/U14/Y (INVX2M)                            0.11       1.03 f
  SYS_CTRL_UNIT/U50/Y (NOR3X2M)                           0.45       1.48 r
  SYS_CTRL_UNIT/U17/Y (NAND3BX2M)                         0.25       1.73 r
  SYS_CTRL_UNIT/TX_D_VLD (SYS_CTRL_OP_WIDTH8_ALU_OUT_WIDTH16_REG_WIDTH8_REG_DEPTH16_ADDRESS_WIDTH4_UART_DATA_WIDTH8)
                                                          0.00       1.73 r
  FIFO_UNIT/winc (FIFO_TOP_DATA_WIDTH8_ADDR_SIZE3)        0.00       1.73 r
  FIFO_UNIT/fifomem/wclken (FIFO_MEM_DATA_WIDTH8_ADDR_SIZE3)
                                                          0.00       1.73 r
  FIFO_UNIT/fifomem/U64/Y (NAND3BX2M)                     0.18       1.92 f
  FIFO_UNIT/fifomem/U98/Y (NOR3X2M)                       0.17       2.09 r
  FIFO_UNIT/fifomem/U97/Y (BUFX2M)                        0.24       2.33 r
  FIFO_UNIT/fifomem/U44/Y (INVX2M)                        0.12       2.45 f
  FIFO_UNIT/fifomem/U13/Y (OAI22X1M)                      0.19       2.65 r
  FIFO_UNIT/fifomem/mem_reg[6][1]/D (DFFRQX2M)            0.00       2.65 r
  data arrival time                                                  2.65

  clock REF_CLK (rise edge)                              20.00      20.00
  clock network delay (ideal)                             0.00      20.00
  clock uncertainty                                      -0.20      19.80
  FIFO_UNIT/fifomem/mem_reg[6][1]/CK (DFFRQX2M)           0.00      19.80 r
  library setup time                                     -0.32      19.48
  data required time                                                19.48
  --------------------------------------------------------------------------
  data required time                                                19.48
  data arrival time                                                 -2.65
  --------------------------------------------------------------------------
  slack (MET)                                                       16.84


  Startpoint: SYS_CTRL_UNIT/Current_State_reg[2]
              (rising edge-triggered flip-flop clocked by REF_CLK)
  Endpoint: FIFO_UNIT/fifomem/mem_reg[6][0]
            (rising edge-triggered flip-flop clocked by REF_CLK)
  Path Group: REF_CLK
  Path Type: max

  Point                                                   Incr       Path
  --------------------------------------------------------------------------
  clock REF_CLK (rise edge)                               0.00       0.00
  clock network delay (ideal)                             0.00       0.00
  SYS_CTRL_UNIT/Current_State_reg[2]/CK (DFFRQX2M)        0.00       0.00 r
  SYS_CTRL_UNIT/Current_State_reg[2]/Q (DFFRQX2M)         0.55       0.55 f
  SYS_CTRL_UNIT/U39/Y (NOR3X2M)                           0.37       0.92 r
  SYS_CTRL_UNIT/U14/Y (INVX2M)                            0.11       1.03 f
  SYS_CTRL_UNIT/U50/Y (NOR3X2M)                           0.45       1.48 r
  SYS_CTRL_UNIT/U17/Y (NAND3BX2M)                         0.25       1.73 r
  SYS_CTRL_UNIT/TX_D_VLD (SYS_CTRL_OP_WIDTH8_ALU_OUT_WIDTH16_REG_WIDTH8_REG_DEPTH16_ADDRESS_WIDTH4_UART_DATA_WIDTH8)
                                                          0.00       1.73 r
  FIFO_UNIT/winc (FIFO_TOP_DATA_WIDTH8_ADDR_SIZE3)        0.00       1.73 r
  FIFO_UNIT/fifomem/wclken (FIFO_MEM_DATA_WIDTH8_ADDR_SIZE3)
                                                          0.00       1.73 r
  FIFO_UNIT/fifomem/U64/Y (NAND3BX2M)                     0.18       1.92 f
  FIFO_UNIT/fifomem/U98/Y (NOR3X2M)                       0.17       2.09 r
  FIFO_UNIT/fifomem/U97/Y (BUFX2M)                        0.24       2.33 r
  FIFO_UNIT/fifomem/U44/Y (INVX2M)                        0.12       2.45 f
  FIFO_UNIT/fifomem/U12/Y (OAI22X1M)                      0.19       2.65 r
  FIFO_UNIT/fifomem/mem_reg[6][0]/D (DFFRQX2M)            0.00       2.65 r
  data arrival time                                                  2.65

  clock REF_CLK (rise edge)                              20.00      20.00
  clock network delay (ideal)                             0.00      20.00
  clock uncertainty                                      -0.20      19.80
  FIFO_UNIT/fifomem/mem_reg[6][0]/CK (DFFRQX2M)           0.00      19.80 r
  library setup time                                     -0.32      19.48
  data required time                                                19.48
  --------------------------------------------------------------------------
  data required time                                                19.48
  data arrival time                                                 -2.65
  --------------------------------------------------------------------------
  slack (MET)                                                       16.84


  Startpoint: SYS_CTRL_UNIT/Current_State_reg[2]
              (rising edge-triggered flip-flop clocked by REF_CLK)
  Endpoint: FIFO_UNIT/fifomem/mem_reg[5][7]
            (rising edge-triggered flip-flop clocked by REF_CLK)
  Path Group: REF_CLK
  Path Type: max

  Point                                                   Incr       Path
  --------------------------------------------------------------------------
  clock REF_CLK (rise edge)                               0.00       0.00
  clock network delay (ideal)                             0.00       0.00
  SYS_CTRL_UNIT/Current_State_reg[2]/CK (DFFRQX2M)        0.00       0.00 r
  SYS_CTRL_UNIT/Current_State_reg[2]/Q (DFFRQX2M)         0.55       0.55 f
  SYS_CTRL_UNIT/U39/Y (NOR3X2M)                           0.37       0.92 r
  SYS_CTRL_UNIT/U14/Y (INVX2M)                            0.11       1.03 f
  SYS_CTRL_UNIT/U50/Y (NOR3X2M)                           0.45       1.48 r
  SYS_CTRL_UNIT/U17/Y (NAND3BX2M)                         0.25       1.73 r
  SYS_CTRL_UNIT/TX_D_VLD (SYS_CTRL_OP_WIDTH8_ALU_OUT_WIDTH16_REG_WIDTH8_REG_DEPTH16_ADDRESS_WIDTH4_UART_DATA_WIDTH8)
                                                          0.00       1.73 r
  FIFO_UNIT/winc (FIFO_TOP_DATA_WIDTH8_ADDR_SIZE3)        0.00       1.73 r
  FIFO_UNIT/fifomem/wclken (FIFO_MEM_DATA_WIDTH8_ADDR_SIZE3)
                                                          0.00       1.73 r
  FIFO_UNIT/fifomem/U64/Y (NAND3BX2M)                     0.18       1.92 f
  FIFO_UNIT/fifomem/U100/Y (NOR3X2M)                      0.17       2.09 r
  FIFO_UNIT/fifomem/U99/Y (BUFX2M)                        0.24       2.33 r
  FIFO_UNIT/fifomem/U46/Y (INVX2M)                        0.12       2.45 f
  FIFO_UNIT/fifomem/U35/Y (OAI22X1M)                      0.19       2.65 r
  FIFO_UNIT/fifomem/mem_reg[5][7]/D (DFFRQX2M)            0.00       2.65 r
  data arrival time                                                  2.65

  clock REF_CLK (rise edge)                              20.00      20.00
  clock network delay (ideal)                             0.00      20.00
  clock uncertainty                                      -0.20      19.80
  FIFO_UNIT/fifomem/mem_reg[5][7]/CK (DFFRQX2M)           0.00      19.80 r
  library setup time                                     -0.32      19.48
  data required time                                                19.48
  --------------------------------------------------------------------------
  data required time                                                19.48
  data arrival time                                                 -2.65
  --------------------------------------------------------------------------
  slack (MET)                                                       16.84


  Startpoint: SYS_CTRL_UNIT/Current_State_reg[2]
              (rising edge-triggered flip-flop clocked by REF_CLK)
  Endpoint: FIFO_UNIT/fifomem/mem_reg[5][6]
            (rising edge-triggered flip-flop clocked by REF_CLK)
  Path Group: REF_CLK
  Path Type: max

  Point                                                   Incr       Path
  --------------------------------------------------------------------------
  clock REF_CLK (rise edge)                               0.00       0.00
  clock network delay (ideal)                             0.00       0.00
  SYS_CTRL_UNIT/Current_State_reg[2]/CK (DFFRQX2M)        0.00       0.00 r
  SYS_CTRL_UNIT/Current_State_reg[2]/Q (DFFRQX2M)         0.55       0.55 f
  SYS_CTRL_UNIT/U39/Y (NOR3X2M)                           0.37       0.92 r
  SYS_CTRL_UNIT/U14/Y (INVX2M)                            0.11       1.03 f
  SYS_CTRL_UNIT/U50/Y (NOR3X2M)                           0.45       1.48 r
  SYS_CTRL_UNIT/U17/Y (NAND3BX2M)                         0.25       1.73 r
  SYS_CTRL_UNIT/TX_D_VLD (SYS_CTRL_OP_WIDTH8_ALU_OUT_WIDTH16_REG_WIDTH8_REG_DEPTH16_ADDRESS_WIDTH4_UART_DATA_WIDTH8)
                                                          0.00       1.73 r
  FIFO_UNIT/winc (FIFO_TOP_DATA_WIDTH8_ADDR_SIZE3)        0.00       1.73 r
  FIFO_UNIT/fifomem/wclken (FIFO_MEM_DATA_WIDTH8_ADDR_SIZE3)
                                                          0.00       1.73 r
  FIFO_UNIT/fifomem/U64/Y (NAND3BX2M)                     0.18       1.92 f
  FIFO_UNIT/fifomem/U100/Y (NOR3X2M)                      0.17       2.09 r
  FIFO_UNIT/fifomem/U99/Y (BUFX2M)                        0.24       2.33 r
  FIFO_UNIT/fifomem/U46/Y (INVX2M)                        0.12       2.45 f
  FIFO_UNIT/fifomem/U34/Y (OAI22X1M)                      0.19       2.65 r
  FIFO_UNIT/fifomem/mem_reg[5][6]/D (DFFRQX2M)            0.00       2.65 r
  data arrival time                                                  2.65

  clock REF_CLK (rise edge)                              20.00      20.00
  clock network delay (ideal)                             0.00      20.00
  clock uncertainty                                      -0.20      19.80
  FIFO_UNIT/fifomem/mem_reg[5][6]/CK (DFFRQX2M)           0.00      19.80 r
  library setup time                                     -0.32      19.48
  data required time                                                19.48
  --------------------------------------------------------------------------
  data required time                                                19.48
  data arrival time                                                 -2.65
  --------------------------------------------------------------------------
  slack (MET)                                                       16.84


  Startpoint: SYS_CTRL_UNIT/Current_State_reg[2]
              (rising edge-triggered flip-flop clocked by REF_CLK)
  Endpoint: FIFO_UNIT/fifomem/mem_reg[5][5]
            (rising edge-triggered flip-flop clocked by REF_CLK)
  Path Group: REF_CLK
  Path Type: max

  Point                                                   Incr       Path
  --------------------------------------------------------------------------
  clock REF_CLK (rise edge)                               0.00       0.00
  clock network delay (ideal)                             0.00       0.00
  SYS_CTRL_UNIT/Current_State_reg[2]/CK (DFFRQX2M)        0.00       0.00 r
  SYS_CTRL_UNIT/Current_State_reg[2]/Q (DFFRQX2M)         0.55       0.55 f
  SYS_CTRL_UNIT/U39/Y (NOR3X2M)                           0.37       0.92 r
  SYS_CTRL_UNIT/U14/Y (INVX2M)                            0.11       1.03 f
  SYS_CTRL_UNIT/U50/Y (NOR3X2M)                           0.45       1.48 r
  SYS_CTRL_UNIT/U17/Y (NAND3BX2M)                         0.25       1.73 r
  SYS_CTRL_UNIT/TX_D_VLD (SYS_CTRL_OP_WIDTH8_ALU_OUT_WIDTH16_REG_WIDTH8_REG_DEPTH16_ADDRESS_WIDTH4_UART_DATA_WIDTH8)
                                                          0.00       1.73 r
  FIFO_UNIT/winc (FIFO_TOP_DATA_WIDTH8_ADDR_SIZE3)        0.00       1.73 r
  FIFO_UNIT/fifomem/wclken (FIFO_MEM_DATA_WIDTH8_ADDR_SIZE3)
                                                          0.00       1.73 r
  FIFO_UNIT/fifomem/U64/Y (NAND3BX2M)                     0.18       1.92 f
  FIFO_UNIT/fifomem/U100/Y (NOR3X2M)                      0.17       2.09 r
  FIFO_UNIT/fifomem/U99/Y (BUFX2M)                        0.24       2.33 r
  FIFO_UNIT/fifomem/U46/Y (INVX2M)                        0.12       2.45 f
  FIFO_UNIT/fifomem/U33/Y (OAI22X1M)                      0.19       2.65 r
  FIFO_UNIT/fifomem/mem_reg[5][5]/D (DFFRQX2M)            0.00       2.65 r
  data arrival time                                                  2.65

  clock REF_CLK (rise edge)                              20.00      20.00
  clock network delay (ideal)                             0.00      20.00
  clock uncertainty                                      -0.20      19.80
  FIFO_UNIT/fifomem/mem_reg[5][5]/CK (DFFRQX2M)           0.00      19.80 r
  library setup time                                     -0.32      19.48
  data required time                                                19.48
  --------------------------------------------------------------------------
  data required time                                                19.48
  data arrival time                                                 -2.65
  --------------------------------------------------------------------------
  slack (MET)                                                       16.84


  Startpoint: SYS_CTRL_UNIT/Current_State_reg[2]
              (rising edge-triggered flip-flop clocked by REF_CLK)
  Endpoint: FIFO_UNIT/fifomem/mem_reg[5][4]
            (rising edge-triggered flip-flop clocked by REF_CLK)
  Path Group: REF_CLK
  Path Type: max

  Point                                                   Incr       Path
  --------------------------------------------------------------------------
  clock REF_CLK (rise edge)                               0.00       0.00
  clock network delay (ideal)                             0.00       0.00
  SYS_CTRL_UNIT/Current_State_reg[2]/CK (DFFRQX2M)        0.00       0.00 r
  SYS_CTRL_UNIT/Current_State_reg[2]/Q (DFFRQX2M)         0.55       0.55 f
  SYS_CTRL_UNIT/U39/Y (NOR3X2M)                           0.37       0.92 r
  SYS_CTRL_UNIT/U14/Y (INVX2M)                            0.11       1.03 f
  SYS_CTRL_UNIT/U50/Y (NOR3X2M)                           0.45       1.48 r
  SYS_CTRL_UNIT/U17/Y (NAND3BX2M)                         0.25       1.73 r
  SYS_CTRL_UNIT/TX_D_VLD (SYS_CTRL_OP_WIDTH8_ALU_OUT_WIDTH16_REG_WIDTH8_REG_DEPTH16_ADDRESS_WIDTH4_UART_DATA_WIDTH8)
                                                          0.00       1.73 r
  FIFO_UNIT/winc (FIFO_TOP_DATA_WIDTH8_ADDR_SIZE3)        0.00       1.73 r
  FIFO_UNIT/fifomem/wclken (FIFO_MEM_DATA_WIDTH8_ADDR_SIZE3)
                                                          0.00       1.73 r
  FIFO_UNIT/fifomem/U64/Y (NAND3BX2M)                     0.18       1.92 f
  FIFO_UNIT/fifomem/U100/Y (NOR3X2M)                      0.17       2.09 r
  FIFO_UNIT/fifomem/U99/Y (BUFX2M)                        0.24       2.33 r
  FIFO_UNIT/fifomem/U46/Y (INVX2M)                        0.12       2.45 f
  FIFO_UNIT/fifomem/U32/Y (OAI22X1M)                      0.19       2.65 r
  FIFO_UNIT/fifomem/mem_reg[5][4]/D (DFFRQX2M)            0.00       2.65 r
  data arrival time                                                  2.65

  clock REF_CLK (rise edge)                              20.00      20.00
  clock network delay (ideal)                             0.00      20.00
  clock uncertainty                                      -0.20      19.80
  FIFO_UNIT/fifomem/mem_reg[5][4]/CK (DFFRQX2M)           0.00      19.80 r
  library setup time                                     -0.32      19.48
  data required time                                                19.48
  --------------------------------------------------------------------------
  data required time                                                19.48
  data arrival time                                                 -2.65
  --------------------------------------------------------------------------
  slack (MET)                                                       16.84


  Startpoint: SYS_CTRL_UNIT/Current_State_reg[2]
              (rising edge-triggered flip-flop clocked by REF_CLK)
  Endpoint: FIFO_UNIT/fifomem/mem_reg[5][3]
            (rising edge-triggered flip-flop clocked by REF_CLK)
  Path Group: REF_CLK
  Path Type: max

  Point                                                   Incr       Path
  --------------------------------------------------------------------------
  clock REF_CLK (rise edge)                               0.00       0.00
  clock network delay (ideal)                             0.00       0.00
  SYS_CTRL_UNIT/Current_State_reg[2]/CK (DFFRQX2M)        0.00       0.00 r
  SYS_CTRL_UNIT/Current_State_reg[2]/Q (DFFRQX2M)         0.55       0.55 f
  SYS_CTRL_UNIT/U39/Y (NOR3X2M)                           0.37       0.92 r
  SYS_CTRL_UNIT/U14/Y (INVX2M)                            0.11       1.03 f
  SYS_CTRL_UNIT/U50/Y (NOR3X2M)                           0.45       1.48 r
  SYS_CTRL_UNIT/U17/Y (NAND3BX2M)                         0.25       1.73 r
  SYS_CTRL_UNIT/TX_D_VLD (SYS_CTRL_OP_WIDTH8_ALU_OUT_WIDTH16_REG_WIDTH8_REG_DEPTH16_ADDRESS_WIDTH4_UART_DATA_WIDTH8)
                                                          0.00       1.73 r
  FIFO_UNIT/winc (FIFO_TOP_DATA_WIDTH8_ADDR_SIZE3)        0.00       1.73 r
  FIFO_UNIT/fifomem/wclken (FIFO_MEM_DATA_WIDTH8_ADDR_SIZE3)
                                                          0.00       1.73 r
  FIFO_UNIT/fifomem/U64/Y (NAND3BX2M)                     0.18       1.92 f
  FIFO_UNIT/fifomem/U100/Y (NOR3X2M)                      0.17       2.09 r
  FIFO_UNIT/fifomem/U99/Y (BUFX2M)                        0.24       2.33 r
  FIFO_UNIT/fifomem/U46/Y (INVX2M)                        0.12       2.45 f
  FIFO_UNIT/fifomem/U31/Y (OAI22X1M)                      0.19       2.65 r
  FIFO_UNIT/fifomem/mem_reg[5][3]/D (DFFRQX2M)            0.00       2.65 r
  data arrival time                                                  2.65

  clock REF_CLK (rise edge)                              20.00      20.00
  clock network delay (ideal)                             0.00      20.00
  clock uncertainty                                      -0.20      19.80
  FIFO_UNIT/fifomem/mem_reg[5][3]/CK (DFFRQX2M)           0.00      19.80 r
  library setup time                                     -0.32      19.48
  data required time                                                19.48
  --------------------------------------------------------------------------
  data required time                                                19.48
  data arrival time                                                 -2.65
  --------------------------------------------------------------------------
  slack (MET)                                                       16.84


  Startpoint: SYS_CTRL_UNIT/Current_State_reg[2]
              (rising edge-triggered flip-flop clocked by REF_CLK)
  Endpoint: FIFO_UNIT/fifomem/mem_reg[5][2]
            (rising edge-triggered flip-flop clocked by REF_CLK)
  Path Group: REF_CLK
  Path Type: max

  Point                                                   Incr       Path
  --------------------------------------------------------------------------
  clock REF_CLK (rise edge)                               0.00       0.00
  clock network delay (ideal)                             0.00       0.00
  SYS_CTRL_UNIT/Current_State_reg[2]/CK (DFFRQX2M)        0.00       0.00 r
  SYS_CTRL_UNIT/Current_State_reg[2]/Q (DFFRQX2M)         0.55       0.55 f
  SYS_CTRL_UNIT/U39/Y (NOR3X2M)                           0.37       0.92 r
  SYS_CTRL_UNIT/U14/Y (INVX2M)                            0.11       1.03 f
  SYS_CTRL_UNIT/U50/Y (NOR3X2M)                           0.45       1.48 r
  SYS_CTRL_UNIT/U17/Y (NAND3BX2M)                         0.25       1.73 r
  SYS_CTRL_UNIT/TX_D_VLD (SYS_CTRL_OP_WIDTH8_ALU_OUT_WIDTH16_REG_WIDTH8_REG_DEPTH16_ADDRESS_WIDTH4_UART_DATA_WIDTH8)
                                                          0.00       1.73 r
  FIFO_UNIT/winc (FIFO_TOP_DATA_WIDTH8_ADDR_SIZE3)        0.00       1.73 r
  FIFO_UNIT/fifomem/wclken (FIFO_MEM_DATA_WIDTH8_ADDR_SIZE3)
                                                          0.00       1.73 r
  FIFO_UNIT/fifomem/U64/Y (NAND3BX2M)                     0.18       1.92 f
  FIFO_UNIT/fifomem/U100/Y (NOR3X2M)                      0.17       2.09 r
  FIFO_UNIT/fifomem/U99/Y (BUFX2M)                        0.24       2.33 r
  FIFO_UNIT/fifomem/U46/Y (INVX2M)                        0.12       2.45 f
  FIFO_UNIT/fifomem/U30/Y (OAI22X1M)                      0.19       2.65 r
  FIFO_UNIT/fifomem/mem_reg[5][2]/D (DFFRQX2M)            0.00       2.65 r
  data arrival time                                                  2.65

  clock REF_CLK (rise edge)                              20.00      20.00
  clock network delay (ideal)                             0.00      20.00
  clock uncertainty                                      -0.20      19.80
  FIFO_UNIT/fifomem/mem_reg[5][2]/CK (DFFRQX2M)           0.00      19.80 r
  library setup time                                     -0.32      19.48
  data required time                                                19.48
  --------------------------------------------------------------------------
  data required time                                                19.48
  data arrival time                                                 -2.65
  --------------------------------------------------------------------------
  slack (MET)                                                       16.84


  Startpoint: SYS_CTRL_UNIT/Current_State_reg[2]
              (rising edge-triggered flip-flop clocked by REF_CLK)
  Endpoint: FIFO_UNIT/fifomem/mem_reg[5][1]
            (rising edge-triggered flip-flop clocked by REF_CLK)
  Path Group: REF_CLK
  Path Type: max

  Point                                                   Incr       Path
  --------------------------------------------------------------------------
  clock REF_CLK (rise edge)                               0.00       0.00
  clock network delay (ideal)                             0.00       0.00
  SYS_CTRL_UNIT/Current_State_reg[2]/CK (DFFRQX2M)        0.00       0.00 r
  SYS_CTRL_UNIT/Current_State_reg[2]/Q (DFFRQX2M)         0.55       0.55 f
  SYS_CTRL_UNIT/U39/Y (NOR3X2M)                           0.37       0.92 r
  SYS_CTRL_UNIT/U14/Y (INVX2M)                            0.11       1.03 f
  SYS_CTRL_UNIT/U50/Y (NOR3X2M)                           0.45       1.48 r
  SYS_CTRL_UNIT/U17/Y (NAND3BX2M)                         0.25       1.73 r
  SYS_CTRL_UNIT/TX_D_VLD (SYS_CTRL_OP_WIDTH8_ALU_OUT_WIDTH16_REG_WIDTH8_REG_DEPTH16_ADDRESS_WIDTH4_UART_DATA_WIDTH8)
                                                          0.00       1.73 r
  FIFO_UNIT/winc (FIFO_TOP_DATA_WIDTH8_ADDR_SIZE3)        0.00       1.73 r
  FIFO_UNIT/fifomem/wclken (FIFO_MEM_DATA_WIDTH8_ADDR_SIZE3)
                                                          0.00       1.73 r
  FIFO_UNIT/fifomem/U64/Y (NAND3BX2M)                     0.18       1.92 f
  FIFO_UNIT/fifomem/U100/Y (NOR3X2M)                      0.17       2.09 r
  FIFO_UNIT/fifomem/U99/Y (BUFX2M)                        0.24       2.33 r
  FIFO_UNIT/fifomem/U46/Y (INVX2M)                        0.12       2.45 f
  FIFO_UNIT/fifomem/U29/Y (OAI22X1M)                      0.19       2.65 r
  FIFO_UNIT/fifomem/mem_reg[5][1]/D (DFFRQX2M)            0.00       2.65 r
  data arrival time                                                  2.65

  clock REF_CLK (rise edge)                              20.00      20.00
  clock network delay (ideal)                             0.00      20.00
  clock uncertainty                                      -0.20      19.80
  FIFO_UNIT/fifomem/mem_reg[5][1]/CK (DFFRQX2M)           0.00      19.80 r
  library setup time                                     -0.32      19.48
  data required time                                                19.48
  --------------------------------------------------------------------------
  data required time                                                19.48
  data arrival time                                                 -2.65
  --------------------------------------------------------------------------
  slack (MET)                                                       16.84


  Startpoint: SYS_CTRL_UNIT/Current_State_reg[2]
              (rising edge-triggered flip-flop clocked by REF_CLK)
  Endpoint: FIFO_UNIT/fifomem/mem_reg[5][0]
            (rising edge-triggered flip-flop clocked by REF_CLK)
  Path Group: REF_CLK
  Path Type: max

  Point                                                   Incr       Path
  --------------------------------------------------------------------------
  clock REF_CLK (rise edge)                               0.00       0.00
  clock network delay (ideal)                             0.00       0.00
  SYS_CTRL_UNIT/Current_State_reg[2]/CK (DFFRQX2M)        0.00       0.00 r
  SYS_CTRL_UNIT/Current_State_reg[2]/Q (DFFRQX2M)         0.55       0.55 f
  SYS_CTRL_UNIT/U39/Y (NOR3X2M)                           0.37       0.92 r
  SYS_CTRL_UNIT/U14/Y (INVX2M)                            0.11       1.03 f
  SYS_CTRL_UNIT/U50/Y (NOR3X2M)                           0.45       1.48 r
  SYS_CTRL_UNIT/U17/Y (NAND3BX2M)                         0.25       1.73 r
  SYS_CTRL_UNIT/TX_D_VLD (SYS_CTRL_OP_WIDTH8_ALU_OUT_WIDTH16_REG_WIDTH8_REG_DEPTH16_ADDRESS_WIDTH4_UART_DATA_WIDTH8)
                                                          0.00       1.73 r
  FIFO_UNIT/winc (FIFO_TOP_DATA_WIDTH8_ADDR_SIZE3)        0.00       1.73 r
  FIFO_UNIT/fifomem/wclken (FIFO_MEM_DATA_WIDTH8_ADDR_SIZE3)
                                                          0.00       1.73 r
  FIFO_UNIT/fifomem/U64/Y (NAND3BX2M)                     0.18       1.92 f
  FIFO_UNIT/fifomem/U100/Y (NOR3X2M)                      0.17       2.09 r
  FIFO_UNIT/fifomem/U99/Y (BUFX2M)                        0.24       2.33 r
  FIFO_UNIT/fifomem/U46/Y (INVX2M)                        0.12       2.45 f
  FIFO_UNIT/fifomem/U28/Y (OAI22X1M)                      0.19       2.65 r
  FIFO_UNIT/fifomem/mem_reg[5][0]/D (DFFRQX2M)            0.00       2.65 r
  data arrival time                                                  2.65

  clock REF_CLK (rise edge)                              20.00      20.00
  clock network delay (ideal)                             0.00      20.00
  clock uncertainty                                      -0.20      19.80
  FIFO_UNIT/fifomem/mem_reg[5][0]/CK (DFFRQX2M)           0.00      19.80 r
  library setup time                                     -0.32      19.48
  data required time                                                19.48
  --------------------------------------------------------------------------
  data required time                                                19.48
  data arrival time                                                 -2.65
  --------------------------------------------------------------------------
  slack (MET)                                                       16.84


  Startpoint: SYS_CTRL_UNIT/Current_State_reg[2]
              (rising edge-triggered flip-flop clocked by REF_CLK)
  Endpoint: FIFO_UNIT/fifomem/mem_reg[0][1]
            (rising edge-triggered flip-flop clocked by REF_CLK)
  Path Group: REF_CLK
  Path Type: max

  Point                                                   Incr       Path
  --------------------------------------------------------------------------
  clock REF_CLK (rise edge)                               0.00       0.00
  clock network delay (ideal)                             0.00       0.00
  SYS_CTRL_UNIT/Current_State_reg[2]/CK (DFFRQX2M)        0.00       0.00 r
  SYS_CTRL_UNIT/Current_State_reg[2]/Q (DFFRQX2M)         0.55       0.55 f
  SYS_CTRL_UNIT/U39/Y (NOR3X2M)                           0.37       0.92 r
  SYS_CTRL_UNIT/U14/Y (INVX2M)                            0.11       1.03 f
  SYS_CTRL_UNIT/U50/Y (NOR3X2M)                           0.45       1.48 r
  SYS_CTRL_UNIT/U17/Y (NAND3BX2M)                         0.25       1.73 r
  SYS_CTRL_UNIT/TX_D_VLD (SYS_CTRL_OP_WIDTH8_ALU_OUT_WIDTH16_REG_WIDTH8_REG_DEPTH16_ADDRESS_WIDTH4_UART_DATA_WIDTH8)
                                                          0.00       1.73 r
  FIFO_UNIT/winc (FIFO_TOP_DATA_WIDTH8_ADDR_SIZE3)        0.00       1.73 r
  FIFO_UNIT/fifomem/wclken (FIFO_MEM_DATA_WIDTH8_ADDR_SIZE3)
                                                          0.00       1.73 r
  FIFO_UNIT/fifomem/U63/Y (NOR3BX2M)                      0.40       2.14 r
  FIFO_UNIT/fifomem/U48/Y (NAND3X2M)                      0.13       2.27 f
  FIFO_UNIT/fifomem/U47/Y (BUFX2M)                        0.23       2.50 f
  FIFO_UNIT/fifomem/U82/Y (OAI2BB2X1M)                    0.16       2.66 r
  FIFO_UNIT/fifomem/mem_reg[0][1]/D (DFFRQX2M)            0.00       2.66 r
  data arrival time                                                  2.66

  clock REF_CLK (rise edge)                              20.00      20.00
  clock network delay (ideal)                             0.00      20.00
  clock uncertainty                                      -0.20      19.80
  FIFO_UNIT/fifomem/mem_reg[0][1]/CK (DFFRQX2M)           0.00      19.80 r
  library setup time                                     -0.31      19.49
  data required time                                                19.49
  --------------------------------------------------------------------------
  data required time                                                19.49
  data arrival time                                                 -2.66
  --------------------------------------------------------------------------
  slack (MET)                                                       16.84


  Startpoint: SYS_CTRL_UNIT/Current_State_reg[2]
              (rising edge-triggered flip-flop clocked by REF_CLK)
  Endpoint: FIFO_UNIT/fifomem/mem_reg[0][0]
            (rising edge-triggered flip-flop clocked by REF_CLK)
  Path Group: REF_CLK
  Path Type: max

  Point                                                   Incr       Path
  --------------------------------------------------------------------------
  clock REF_CLK (rise edge)                               0.00       0.00
  clock network delay (ideal)                             0.00       0.00
  SYS_CTRL_UNIT/Current_State_reg[2]/CK (DFFRQX2M)        0.00       0.00 r
  SYS_CTRL_UNIT/Current_State_reg[2]/Q (DFFRQX2M)         0.55       0.55 f
  SYS_CTRL_UNIT/U39/Y (NOR3X2M)                           0.37       0.92 r
  SYS_CTRL_UNIT/U14/Y (INVX2M)                            0.11       1.03 f
  SYS_CTRL_UNIT/U50/Y (NOR3X2M)                           0.45       1.48 r
  SYS_CTRL_UNIT/U17/Y (NAND3BX2M)                         0.25       1.73 r
  SYS_CTRL_UNIT/TX_D_VLD (SYS_CTRL_OP_WIDTH8_ALU_OUT_WIDTH16_REG_WIDTH8_REG_DEPTH16_ADDRESS_WIDTH4_UART_DATA_WIDTH8)
                                                          0.00       1.73 r
  FIFO_UNIT/winc (FIFO_TOP_DATA_WIDTH8_ADDR_SIZE3)        0.00       1.73 r
  FIFO_UNIT/fifomem/wclken (FIFO_MEM_DATA_WIDTH8_ADDR_SIZE3)
                                                          0.00       1.73 r
  FIFO_UNIT/fifomem/U63/Y (NOR3BX2M)                      0.40       2.14 r
  FIFO_UNIT/fifomem/U48/Y (NAND3X2M)                      0.13       2.27 f
  FIFO_UNIT/fifomem/U47/Y (BUFX2M)                        0.23       2.50 f
  FIFO_UNIT/fifomem/U81/Y (OAI2BB2X1M)                    0.16       2.66 r
  FIFO_UNIT/fifomem/mem_reg[0][0]/D (DFFRQX2M)            0.00       2.66 r
  data arrival time                                                  2.66

  clock REF_CLK (rise edge)                              20.00      20.00
  clock network delay (ideal)                             0.00      20.00
  clock uncertainty                                      -0.20      19.80
  FIFO_UNIT/fifomem/mem_reg[0][0]/CK (DFFRQX2M)           0.00      19.80 r
  library setup time                                     -0.31      19.49
  data required time                                                19.49
  --------------------------------------------------------------------------
  data required time                                                19.49
  data arrival time                                                 -2.66
  --------------------------------------------------------------------------
  slack (MET)                                                       16.84


  Startpoint: UART_RX_IN (input port clocked by UART_CLK)
  Endpoint: UART_UNIT/UART_RX_UNIT/u_edge_bit_counter/edge_cnt_reg[2]
            (rising edge-triggered flip-flop clocked by RX_CLK)
  Path Group: RX_CLK
  Path Type: max

  Point                                                   Incr       Path
  --------------------------------------------------------------------------
  clock UART_CLK (rise edge)                              0.00       0.00
  clock network delay (ideal)                             0.00       0.00
  input external delay                                   54.26      54.26 f
  UART_RX_IN (in)                                         0.01      54.27 f
  U8/Y (BUFX2M)                                           0.15      54.42 f
  UART_UNIT/RX_IN (UART_DATA_WIDTH8)                      0.00      54.42 f
  UART_UNIT/UART_RX_UNIT/RX_IN (UART_RX_DATA_WIDTH8)      0.00      54.42 f
  UART_UNIT/UART_RX_UNIT/u_FSM_RX/RX_IN (FSM_RX_DATA_WIDTH8)
                                                          0.00      54.42 f
  UART_UNIT/UART_RX_UNIT/u_FSM_RX/U1/Y (AO21XLM)          0.40      54.82 f
  UART_UNIT/UART_RX_UNIT/u_FSM_RX/U2/Y (NAND2X2M)         0.15      54.97 r
  UART_UNIT/UART_RX_UNIT/u_FSM_RX/enable (FSM_RX_DATA_WIDTH8)
                                                          0.00      54.97 r
  UART_UNIT/UART_RX_UNIT/u_edge_bit_counter/enable (edge_bit_counter_DATA_WIDTH8)
                                                          0.00      54.97 r
  UART_UNIT/UART_RX_UNIT/u_edge_bit_counter/U3/Y (NAND2X2M)
                                                          0.16      55.13 f
  UART_UNIT/UART_RX_UNIT/u_edge_bit_counter/U1/Y (INVX2M)
                                                          0.17      55.30 r
  UART_UNIT/UART_RX_UNIT/u_edge_bit_counter/U23/Y (AOI21X2M)
                                                          0.09      55.39 f
  UART_UNIT/UART_RX_UNIT/u_edge_bit_counter/U21/Y (OAI21X2M)
                                                          0.12      55.52 r
  UART_UNIT/UART_RX_UNIT/u_edge_bit_counter/edge_cnt_reg[2]/D (DFFRQX2M)
                                                          0.00      55.52 r
  data arrival time                                                 55.52

  clock RX_CLK (rise edge)                              271.30     271.30
  clock network delay (ideal)                             0.00     271.30
  clock uncertainty                                      -0.20     271.10
  UART_UNIT/UART_RX_UNIT/u_edge_bit_counter/edge_cnt_reg[2]/CK (DFFRQX2M)
                                                          0.00     271.10 r
  library setup time                                     -0.31     270.79
  data required time                                               270.79
  --------------------------------------------------------------------------
  data required time                                               270.79
  data arrival time                                                -55.52
  --------------------------------------------------------------------------
  slack (MET)                                                      215.27


  Startpoint: UART_RX_IN (input port clocked by UART_CLK)
  Endpoint: UART_UNIT/UART_RX_UNIT/u_edge_bit_counter/bit_cnt_reg[3]
            (rising edge-triggered flip-flop clocked by RX_CLK)
  Path Group: RX_CLK
  Path Type: max

  Point                                                   Incr       Path
  --------------------------------------------------------------------------
  clock UART_CLK (rise edge)                              0.00       0.00
  clock network delay (ideal)                             0.00       0.00
  input external delay                                   54.26      54.26 f
  UART_RX_IN (in)                                         0.01      54.27 f
  U8/Y (BUFX2M)                                           0.15      54.42 f
  UART_UNIT/RX_IN (UART_DATA_WIDTH8)                      0.00      54.42 f
  UART_UNIT/UART_RX_UNIT/RX_IN (UART_RX_DATA_WIDTH8)      0.00      54.42 f
  UART_UNIT/UART_RX_UNIT/u_FSM_RX/RX_IN (FSM_RX_DATA_WIDTH8)
                                                          0.00      54.42 f
  UART_UNIT/UART_RX_UNIT/u_FSM_RX/U1/Y (AO21XLM)          0.40      54.82 f
  UART_UNIT/UART_RX_UNIT/u_FSM_RX/U2/Y (NAND2X2M)         0.15      54.97 r
  UART_UNIT/UART_RX_UNIT/u_FSM_RX/enable (FSM_RX_DATA_WIDTH8)
                                                          0.00      54.97 r
  UART_UNIT/UART_RX_UNIT/u_edge_bit_counter/enable (edge_bit_counter_DATA_WIDTH8)
                                                          0.00      54.97 r
  UART_UNIT/UART_RX_UNIT/u_edge_bit_counter/U3/Y (NAND2X2M)
                                                          0.16      55.13 f
  UART_UNIT/UART_RX_UNIT/u_edge_bit_counter/U1/Y (INVX2M)
                                                          0.17      55.30 r
  UART_UNIT/UART_RX_UNIT/u_edge_bit_counter/U12/Y (AOI21X2M)
                                                          0.06      55.36 f
  UART_UNIT/UART_RX_UNIT/u_edge_bit_counter/U10/Y (OAI32X1M)
                                                          0.10      55.46 r
  UART_UNIT/UART_RX_UNIT/u_edge_bit_counter/bit_cnt_reg[3]/D (DFFRQX2M)
                                                          0.00      55.46 r
  data arrival time                                                 55.46

  clock RX_CLK (rise edge)                              271.30     271.30
  clock network delay (ideal)                             0.00     271.30
  clock uncertainty                                      -0.20     271.10
  UART_UNIT/UART_RX_UNIT/u_edge_bit_counter/bit_cnt_reg[3]/CK (DFFRQX2M)
                                                          0.00     271.10 r
  library setup time                                     -0.35     270.75
  data required time                                               270.75
  --------------------------------------------------------------------------
  data required time                                               270.75
  data arrival time                                                -55.46
  --------------------------------------------------------------------------
  slack (MET)                                                      215.29


  Startpoint: UART_RX_IN (input port clocked by UART_CLK)
  Endpoint: UART_UNIT/UART_RX_UNIT/u_edge_bit_counter/bit_cnt_reg[1]
            (rising edge-triggered flip-flop clocked by RX_CLK)
  Path Group: RX_CLK
  Path Type: max

  Point                                                   Incr       Path
  --------------------------------------------------------------------------
  clock UART_CLK (rise edge)                              0.00       0.00
  clock network delay (ideal)                             0.00       0.00
  input external delay                                   54.26      54.26 f
  UART_RX_IN (in)                                         0.01      54.27 f
  U8/Y (BUFX2M)                                           0.15      54.42 f
  UART_UNIT/RX_IN (UART_DATA_WIDTH8)                      0.00      54.42 f
  UART_UNIT/UART_RX_UNIT/RX_IN (UART_RX_DATA_WIDTH8)      0.00      54.42 f
  UART_UNIT/UART_RX_UNIT/u_FSM_RX/RX_IN (FSM_RX_DATA_WIDTH8)
                                                          0.00      54.42 f
  UART_UNIT/UART_RX_UNIT/u_FSM_RX/U1/Y (AO21XLM)          0.40      54.82 f
  UART_UNIT/UART_RX_UNIT/u_FSM_RX/U2/Y (NAND2X2M)         0.15      54.97 r
  UART_UNIT/UART_RX_UNIT/u_FSM_RX/enable (FSM_RX_DATA_WIDTH8)
                                                          0.00      54.97 r
  UART_UNIT/UART_RX_UNIT/u_edge_bit_counter/enable (edge_bit_counter_DATA_WIDTH8)
                                                          0.00      54.97 r
  UART_UNIT/UART_RX_UNIT/u_edge_bit_counter/U3/Y (NAND2X2M)
                                                          0.16      55.13 f
  UART_UNIT/UART_RX_UNIT/u_edge_bit_counter/U1/Y (INVX2M)
                                                          0.17      55.30 r
  UART_UNIT/UART_RX_UNIT/u_edge_bit_counter/U16/Y (AOI21X2M)
                                                          0.06      55.36 f
  UART_UNIT/UART_RX_UNIT/u_edge_bit_counter/U14/Y (OAI32X1M)
                                                          0.10      55.46 r
  UART_UNIT/UART_RX_UNIT/u_edge_bit_counter/bit_cnt_reg[1]/D (DFFRQX2M)
                                                          0.00      55.46 r
  data arrival time                                                 55.46

  clock RX_CLK (rise edge)                              271.30     271.30
  clock network delay (ideal)                             0.00     271.30
  clock uncertainty                                      -0.20     271.10
  UART_UNIT/UART_RX_UNIT/u_edge_bit_counter/bit_cnt_reg[1]/CK (DFFRQX2M)
                                                          0.00     271.10 r
  library setup time                                     -0.35     270.75
  data required time                                               270.75
  --------------------------------------------------------------------------
  data required time                                               270.75
  data arrival time                                                -55.46
  --------------------------------------------------------------------------
  slack (MET)                                                      215.29


  Startpoint: UART_RX_IN (input port clocked by UART_CLK)
  Endpoint: UART_UNIT/UART_RX_UNIT/u_edge_bit_counter/bit_cnt_reg[2]
            (rising edge-triggered flip-flop clocked by RX_CLK)
  Path Group: RX_CLK
  Path Type: max

  Point                                                   Incr       Path
  --------------------------------------------------------------------------
  clock UART_CLK (rise edge)                              0.00       0.00
  clock network delay (ideal)                             0.00       0.00
  input external delay                                   54.26      54.26 f
  UART_RX_IN (in)                                         0.01      54.27 f
  U8/Y (BUFX2M)                                           0.15      54.42 f
  UART_UNIT/RX_IN (UART_DATA_WIDTH8)                      0.00      54.42 f
  UART_UNIT/UART_RX_UNIT/RX_IN (UART_RX_DATA_WIDTH8)      0.00      54.42 f
  UART_UNIT/UART_RX_UNIT/u_FSM_RX/RX_IN (FSM_RX_DATA_WIDTH8)
                                                          0.00      54.42 f
  UART_UNIT/UART_RX_UNIT/u_FSM_RX/U1/Y (AO21XLM)          0.40      54.82 f
  UART_UNIT/UART_RX_UNIT/u_FSM_RX/U2/Y (NAND2X2M)         0.15      54.97 r
  UART_UNIT/UART_RX_UNIT/u_FSM_RX/enable (FSM_RX_DATA_WIDTH8)
                                                          0.00      54.97 r
  UART_UNIT/UART_RX_UNIT/u_edge_bit_counter/enable (edge_bit_counter_DATA_WIDTH8)
                                                          0.00      54.97 r
  UART_UNIT/UART_RX_UNIT/u_edge_bit_counter/U3/Y (NAND2X2M)
                                                          0.16      55.13 f
  UART_UNIT/UART_RX_UNIT/u_edge_bit_counter/U1/Y (INVX2M)
                                                          0.17      55.30 r
  UART_UNIT/UART_RX_UNIT/u_edge_bit_counter/U18/Y (AOI21X2M)
                                                          0.06      55.36 f
  UART_UNIT/UART_RX_UNIT/u_edge_bit_counter/U17/Y (OAI32X1M)
                                                          0.12      55.48 r
  UART_UNIT/UART_RX_UNIT/u_edge_bit_counter/bit_cnt_reg[2]/D (DFFRX1M)
                                                          0.00      55.48 r
  data arrival time                                                 55.48

  clock RX_CLK (rise edge)                              271.30     271.30
  clock network delay (ideal)                             0.00     271.30
  clock uncertainty                                      -0.20     271.10
  UART_UNIT/UART_RX_UNIT/u_edge_bit_counter/bit_cnt_reg[2]/CK (DFFRX1M)
                                                          0.00     271.10 r
  library setup time                                     -0.29     270.80
  data required time                                               270.80
  --------------------------------------------------------------------------
  data required time                                               270.80
  data arrival time                                                -55.48
  --------------------------------------------------------------------------
  slack (MET)                                                      215.33


  Startpoint: UART_RX_IN (input port clocked by UART_CLK)
  Endpoint: UART_UNIT/UART_RX_UNIT/u_Data_Sampling/Data_Sampled_reg_reg[1]
            (rising edge-triggered flip-flop clocked by RX_CLK)
  Path Group: RX_CLK
  Path Type: max

  Point                                                   Incr       Path
  --------------------------------------------------------------------------
  clock UART_CLK (rise edge)                              0.00       0.00
  clock network delay (ideal)                             0.00       0.00
  input external delay                                   54.26      54.26 f
  UART_RX_IN (in)                                         0.01      54.27 f
  U8/Y (BUFX2M)                                           0.15      54.42 f
  UART_UNIT/RX_IN (UART_DATA_WIDTH8)                      0.00      54.42 f
  UART_UNIT/UART_RX_UNIT/RX_IN (UART_RX_DATA_WIDTH8)      0.00      54.42 f
  UART_UNIT/UART_RX_UNIT/u_FSM_RX/RX_IN (FSM_RX_DATA_WIDTH8)
                                                          0.00      54.42 f
  UART_UNIT/UART_RX_UNIT/u_FSM_RX/U1/Y (AO21XLM)          0.40      54.82 f
  UART_UNIT/UART_RX_UNIT/u_FSM_RX/U3/Y (NAND2X2M)         0.13      54.95 r
  UART_UNIT/UART_RX_UNIT/u_FSM_RX/dat_samp_en (FSM_RX_DATA_WIDTH8)
                                                          0.00      54.95 r
  UART_UNIT/UART_RX_UNIT/u_Data_Sampling/dat_samp_en (Data_Sampling_DATA_WIDTH8)
                                                          0.00      54.95 r
  UART_UNIT/UART_RX_UNIT/u_Data_Sampling/U1/Y (INVX2M)
                                                          0.07      55.03 f
  UART_UNIT/UART_RX_UNIT/u_Data_Sampling/U16/Y (OAI32X1M)
                                                          0.28      55.31 r
  UART_UNIT/UART_RX_UNIT/u_Data_Sampling/Data_Sampled_reg_reg[1]/D (DFFRQX2M)
                                                          0.00      55.31 r
  data arrival time                                                 55.31

  clock RX_CLK (rise edge)                              271.30     271.30
  clock network delay (ideal)                             0.00     271.30
  clock uncertainty                                      -0.20     271.10
  UART_UNIT/UART_RX_UNIT/u_Data_Sampling/Data_Sampled_reg_reg[1]/CK (DFFRQX2M)
                                                          0.00     271.10 r
  library setup time                                     -0.35     270.75
  data required time                                               270.75
  --------------------------------------------------------------------------
  data required time                                               270.75
  data arrival time                                                -55.31
  --------------------------------------------------------------------------
  slack (MET)                                                      215.44


  Startpoint: UART_RX_IN (input port clocked by UART_CLK)
  Endpoint: UART_UNIT/UART_RX_UNIT/u_Data_Sampling/Data_Sampled_reg_reg[0]
            (rising edge-triggered flip-flop clocked by RX_CLK)
  Path Group: RX_CLK
  Path Type: max

  Point                                                   Incr       Path
  --------------------------------------------------------------------------
  clock UART_CLK (rise edge)                              0.00       0.00
  clock network delay (ideal)                             0.00       0.00
  input external delay                                   54.26      54.26 f
  UART_RX_IN (in)                                         0.01      54.27 f
  U8/Y (BUFX2M)                                           0.15      54.42 f
  UART_UNIT/RX_IN (UART_DATA_WIDTH8)                      0.00      54.42 f
  UART_UNIT/UART_RX_UNIT/RX_IN (UART_RX_DATA_WIDTH8)      0.00      54.42 f
  UART_UNIT/UART_RX_UNIT/u_FSM_RX/RX_IN (FSM_RX_DATA_WIDTH8)
                                                          0.00      54.42 f
  UART_UNIT/UART_RX_UNIT/u_FSM_RX/U1/Y (AO21XLM)          0.40      54.82 f
  UART_UNIT/UART_RX_UNIT/u_FSM_RX/U3/Y (NAND2X2M)         0.13      54.95 r
  UART_UNIT/UART_RX_UNIT/u_FSM_RX/dat_samp_en (FSM_RX_DATA_WIDTH8)
                                                          0.00      54.95 r
  UART_UNIT/UART_RX_UNIT/u_Data_Sampling/dat_samp_en (Data_Sampling_DATA_WIDTH8)
                                                          0.00      54.95 r
  UART_UNIT/UART_RX_UNIT/u_Data_Sampling/U1/Y (INVX2M)
                                                          0.07      55.03 f
  UART_UNIT/UART_RX_UNIT/u_Data_Sampling/U20/Y (OAI32X1M)
                                                          0.28      55.31 r
  UART_UNIT/UART_RX_UNIT/u_Data_Sampling/Data_Sampled_reg_reg[0]/D (DFFRQX2M)
                                                          0.00      55.31 r
  data arrival time                                                 55.31

  clock RX_CLK (rise edge)                              271.30     271.30
  clock network delay (ideal)                             0.00     271.30
  clock uncertainty                                      -0.20     271.10
  UART_UNIT/UART_RX_UNIT/u_Data_Sampling/Data_Sampled_reg_reg[0]/CK (DFFRQX2M)
                                                          0.00     271.10 r
  library setup time                                     -0.35     270.75
  data required time                                               270.75
  --------------------------------------------------------------------------
  data required time                                               270.75
  data arrival time                                                -55.31
  --------------------------------------------------------------------------
  slack (MET)                                                      215.44


  Startpoint: UART_RX_IN (input port clocked by UART_CLK)
  Endpoint: UART_UNIT/UART_RX_UNIT/u_edge_bit_counter/bit_cnt_reg[0]
            (rising edge-triggered flip-flop clocked by RX_CLK)
  Path Group: RX_CLK
  Path Type: max

  Point                                                   Incr       Path
  --------------------------------------------------------------------------
  clock UART_CLK (rise edge)                              0.00       0.00
  clock network delay (ideal)                             0.00       0.00
  input external delay                                   54.26      54.26 f
  UART_RX_IN (in)                                         0.01      54.27 f
  U8/Y (BUFX2M)                                           0.15      54.42 f
  UART_UNIT/RX_IN (UART_DATA_WIDTH8)                      0.00      54.42 f
  UART_UNIT/UART_RX_UNIT/RX_IN (UART_RX_DATA_WIDTH8)      0.00      54.42 f
  UART_UNIT/UART_RX_UNIT/u_FSM_RX/RX_IN (FSM_RX_DATA_WIDTH8)
                                                          0.00      54.42 f
  UART_UNIT/UART_RX_UNIT/u_FSM_RX/U1/Y (AO21XLM)          0.40      54.82 f
  UART_UNIT/UART_RX_UNIT/u_FSM_RX/U2/Y (NAND2X2M)         0.15      54.97 r
  UART_UNIT/UART_RX_UNIT/u_FSM_RX/enable (FSM_RX_DATA_WIDTH8)
                                                          0.00      54.97 r
  UART_UNIT/UART_RX_UNIT/u_edge_bit_counter/enable (edge_bit_counter_DATA_WIDTH8)
                                                          0.00      54.97 r
  UART_UNIT/UART_RX_UNIT/u_edge_bit_counter/U4/Y (NAND2BX2M)
                                                          0.12      55.09 f
  UART_UNIT/UART_RX_UNIT/u_edge_bit_counter/U19/Y (OAI22X1M)
                                                          0.20      55.29 r
  UART_UNIT/UART_RX_UNIT/u_edge_bit_counter/bit_cnt_reg[0]/D (DFFRQX2M)
                                                          0.00      55.29 r
  data arrival time                                                 55.29

  clock RX_CLK (rise edge)                              271.30     271.30
  clock network delay (ideal)                             0.00     271.30
  clock uncertainty                                      -0.20     271.10
  UART_UNIT/UART_RX_UNIT/u_edge_bit_counter/bit_cnt_reg[0]/CK (DFFRQX2M)
                                                          0.00     271.10 r
  library setup time                                     -0.33     270.77
  data required time                                               270.77
  --------------------------------------------------------------------------
  data required time                                               270.77
  data arrival time                                                -55.29
  --------------------------------------------------------------------------
  slack (MET)                                                      215.48


  Startpoint: UART_RX_IN (input port clocked by UART_CLK)
  Endpoint: UART_UNIT/UART_RX_UNIT/u_Data_Sampling/Data_Sampled_reg_reg[2]
            (rising edge-triggered flip-flop clocked by RX_CLK)
  Path Group: RX_CLK
  Path Type: max

  Point                                                   Incr       Path
  --------------------------------------------------------------------------
  clock UART_CLK (rise edge)                              0.00       0.00
  clock network delay (ideal)                             0.00       0.00
  input external delay                                   54.26      54.26 f
  UART_RX_IN (in)                                         0.01      54.27 f
  U8/Y (BUFX2M)                                           0.15      54.42 f
  UART_UNIT/RX_IN (UART_DATA_WIDTH8)                      0.00      54.42 f
  UART_UNIT/UART_RX_UNIT/RX_IN (UART_RX_DATA_WIDTH8)      0.00      54.42 f
  UART_UNIT/UART_RX_UNIT/u_FSM_RX/RX_IN (FSM_RX_DATA_WIDTH8)
                                                          0.00      54.42 f
  UART_UNIT/UART_RX_UNIT/u_FSM_RX/U1/Y (AO21XLM)          0.40      54.82 f
  UART_UNIT/UART_RX_UNIT/u_FSM_RX/U3/Y (NAND2X2M)         0.13      54.95 r
  UART_UNIT/UART_RX_UNIT/u_FSM_RX/dat_samp_en (FSM_RX_DATA_WIDTH8)
                                                          0.00      54.95 r
  UART_UNIT/UART_RX_UNIT/u_Data_Sampling/dat_samp_en (Data_Sampling_DATA_WIDTH8)
                                                          0.00      54.95 r
  UART_UNIT/UART_RX_UNIT/u_Data_Sampling/U1/Y (INVX2M)
                                                          0.07      55.03 f
  UART_UNIT/UART_RX_UNIT/u_Data_Sampling/U24/Y (OAI32X1M)
                                                          0.23      55.25 r
  UART_UNIT/UART_RX_UNIT/u_Data_Sampling/Data_Sampled_reg_reg[2]/D (DFFRQX2M)
                                                          0.00      55.25 r
  data arrival time                                                 55.25

  clock RX_CLK (rise edge)                              271.30     271.30
  clock network delay (ideal)                             0.00     271.30
  clock uncertainty                                      -0.20     271.10
  UART_UNIT/UART_RX_UNIT/u_Data_Sampling/Data_Sampled_reg_reg[2]/CK (DFFRQX2M)
                                                          0.00     271.10 r
  library setup time                                     -0.35     270.75
  data required time                                               270.75
  --------------------------------------------------------------------------
  data required time                                               270.75
  data arrival time                                                -55.25
  --------------------------------------------------------------------------
  slack (MET)                                                      215.50


  Startpoint: UART_RX_IN (input port clocked by UART_CLK)
  Endpoint: UART_UNIT/UART_RX_UNIT/u_edge_bit_counter/edge_cnt_reg[0]
            (rising edge-triggered flip-flop clocked by RX_CLK)
  Path Group: RX_CLK
  Path Type: max

  Point                                                   Incr       Path
  --------------------------------------------------------------------------
  clock UART_CLK (rise edge)                              0.00       0.00
  clock network delay (ideal)                             0.00       0.00
  input external delay                                   54.26      54.26 f
  UART_RX_IN (in)                                         0.01      54.27 f
  U8/Y (BUFX2M)                                           0.15      54.42 f
  UART_UNIT/RX_IN (UART_DATA_WIDTH8)                      0.00      54.42 f
  UART_UNIT/UART_RX_UNIT/RX_IN (UART_RX_DATA_WIDTH8)      0.00      54.42 f
  UART_UNIT/UART_RX_UNIT/u_FSM_RX/RX_IN (FSM_RX_DATA_WIDTH8)
                                                          0.00      54.42 f
  UART_UNIT/UART_RX_UNIT/u_FSM_RX/U1/Y (AO21XLM)          0.40      54.82 f
  UART_UNIT/UART_RX_UNIT/u_FSM_RX/U2/Y (NAND2X2M)         0.15      54.97 r
  UART_UNIT/UART_RX_UNIT/u_FSM_RX/enable (FSM_RX_DATA_WIDTH8)
                                                          0.00      54.97 r
  UART_UNIT/UART_RX_UNIT/u_edge_bit_counter/enable (edge_bit_counter_DATA_WIDTH8)
                                                          0.00      54.97 r
  UART_UNIT/UART_RX_UNIT/u_edge_bit_counter/U3/Y (NAND2X2M)
                                                          0.16      55.13 f
  UART_UNIT/UART_RX_UNIT/u_edge_bit_counter/U20/Y (NOR2X2M)
                                                          0.15      55.28 r
  UART_UNIT/UART_RX_UNIT/u_edge_bit_counter/edge_cnt_reg[0]/D (DFFRQX2M)
                                                          0.00      55.28 r
  data arrival time                                                 55.28

  clock RX_CLK (rise edge)                              271.30     271.30
  clock network delay (ideal)                             0.00     271.30
  clock uncertainty                                      -0.20     271.10
  UART_UNIT/UART_RX_UNIT/u_edge_bit_counter/edge_cnt_reg[0]/CK (DFFRQX2M)
                                                          0.00     271.10 r
  library setup time                                     -0.31     270.78
  data required time                                               270.78
  --------------------------------------------------------------------------
  data required time                                               270.78
  data arrival time                                                -55.28
  --------------------------------------------------------------------------
  slack (MET)                                                      215.50


  Startpoint: UART_RX_IN (input port clocked by UART_CLK)
  Endpoint: UART_UNIT/UART_RX_UNIT/u_edge_bit_counter/edge_cnt_reg[5]
            (rising edge-triggered flip-flop clocked by RX_CLK)
  Path Group: RX_CLK
  Path Type: max

  Point                                                   Incr       Path
  --------------------------------------------------------------------------
  clock UART_CLK (rise edge)                              0.00       0.00
  clock network delay (ideal)                             0.00       0.00
  input external delay                                   54.26      54.26 f
  UART_RX_IN (in)                                         0.01      54.27 f
  U8/Y (BUFX2M)                                           0.15      54.42 f
  UART_UNIT/RX_IN (UART_DATA_WIDTH8)                      0.00      54.42 f
  UART_UNIT/UART_RX_UNIT/RX_IN (UART_RX_DATA_WIDTH8)      0.00      54.42 f
  UART_UNIT/UART_RX_UNIT/u_FSM_RX/RX_IN (FSM_RX_DATA_WIDTH8)
                                                          0.00      54.42 f
  UART_UNIT/UART_RX_UNIT/u_FSM_RX/U1/Y (AO21XLM)          0.40      54.82 f
  UART_UNIT/UART_RX_UNIT/u_FSM_RX/U2/Y (NAND2X2M)         0.15      54.97 r
  UART_UNIT/UART_RX_UNIT/u_FSM_RX/enable (FSM_RX_DATA_WIDTH8)
                                                          0.00      54.97 r
  UART_UNIT/UART_RX_UNIT/u_edge_bit_counter/enable (edge_bit_counter_DATA_WIDTH8)
                                                          0.00      54.97 r
  UART_UNIT/UART_RX_UNIT/u_edge_bit_counter/U3/Y (NAND2X2M)
                                                          0.16      55.13 f
  UART_UNIT/UART_RX_UNIT/u_edge_bit_counter/U30/Y (NOR2X2M)
                                                          0.12      55.25 r
  UART_UNIT/UART_RX_UNIT/u_edge_bit_counter/edge_cnt_reg[5]/D (DFFRQX2M)
                                                          0.00      55.25 r
  data arrival time                                                 55.25

  clock RX_CLK (rise edge)                              271.30     271.30
  clock network delay (ideal)                             0.00     271.30
  clock uncertainty                                      -0.20     271.10
  UART_UNIT/UART_RX_UNIT/u_edge_bit_counter/edge_cnt_reg[5]/CK (DFFRQX2M)
                                                          0.00     271.10 r
  library setup time                                     -0.31     270.79
  data required time                                               270.79
  --------------------------------------------------------------------------
  data required time                                               270.79
  data arrival time                                                -55.25
  --------------------------------------------------------------------------
  slack (MET)                                                      215.54


  Startpoint: UART_RX_IN (input port clocked by UART_CLK)
  Endpoint: UART_UNIT/UART_RX_UNIT/u_edge_bit_counter/edge_cnt_reg[3]
            (rising edge-triggered flip-flop clocked by RX_CLK)
  Path Group: RX_CLK
  Path Type: max

  Point                                                   Incr       Path
  --------------------------------------------------------------------------
  clock UART_CLK (rise edge)                              0.00       0.00
  clock network delay (ideal)                             0.00       0.00
  input external delay                                   54.26      54.26 f
  UART_RX_IN (in)                                         0.01      54.27 f
  U8/Y (BUFX2M)                                           0.15      54.42 f
  UART_UNIT/RX_IN (UART_DATA_WIDTH8)                      0.00      54.42 f
  UART_UNIT/UART_RX_UNIT/RX_IN (UART_RX_DATA_WIDTH8)      0.00      54.42 f
  UART_UNIT/UART_RX_UNIT/u_FSM_RX/RX_IN (FSM_RX_DATA_WIDTH8)
                                                          0.00      54.42 f
  UART_UNIT/UART_RX_UNIT/u_FSM_RX/U1/Y (AO21XLM)          0.40      54.82 f
  UART_UNIT/UART_RX_UNIT/u_FSM_RX/U2/Y (NAND2X2M)         0.15      54.97 r
  UART_UNIT/UART_RX_UNIT/u_FSM_RX/enable (FSM_RX_DATA_WIDTH8)
                                                          0.00      54.97 r
  UART_UNIT/UART_RX_UNIT/u_edge_bit_counter/enable (edge_bit_counter_DATA_WIDTH8)
                                                          0.00      54.97 r
  UART_UNIT/UART_RX_UNIT/u_edge_bit_counter/U3/Y (NAND2X2M)
                                                          0.16      55.13 f
  UART_UNIT/UART_RX_UNIT/u_edge_bit_counter/U26/Y (NOR2X2M)
                                                          0.12      55.25 r
  UART_UNIT/UART_RX_UNIT/u_edge_bit_counter/edge_cnt_reg[3]/D (DFFRQX2M)
                                                          0.00      55.25 r
  data arrival time                                                 55.25

  clock RX_CLK (rise edge)                              271.30     271.30
  clock network delay (ideal)                             0.00     271.30
  clock uncertainty                                      -0.20     271.10
  UART_UNIT/UART_RX_UNIT/u_edge_bit_counter/edge_cnt_reg[3]/CK (DFFRQX2M)
                                                          0.00     271.10 r
  library setup time                                     -0.31     270.79
  data required time                                               270.79
  --------------------------------------------------------------------------
  data required time                                               270.79
  data arrival time                                                -55.25
  --------------------------------------------------------------------------
  slack (MET)                                                      215.54


  Startpoint: UART_RX_IN (input port clocked by UART_CLK)
  Endpoint: UART_UNIT/UART_RX_UNIT/u_edge_bit_counter/edge_cnt_reg[4]
            (rising edge-triggered flip-flop clocked by RX_CLK)
  Path Group: RX_CLK
  Path Type: max

  Point                                                   Incr       Path
  --------------------------------------------------------------------------
  clock UART_CLK (rise edge)                              0.00       0.00
  clock network delay (ideal)                             0.00       0.00
  input external delay                                   54.26      54.26 f
  UART_RX_IN (in)                                         0.01      54.27 f
  U8/Y (BUFX2M)                                           0.15      54.42 f
  UART_UNIT/RX_IN (UART_DATA_WIDTH8)                      0.00      54.42 f
  UART_UNIT/UART_RX_UNIT/RX_IN (UART_RX_DATA_WIDTH8)      0.00      54.42 f
  UART_UNIT/UART_RX_UNIT/u_FSM_RX/RX_IN (FSM_RX_DATA_WIDTH8)
                                                          0.00      54.42 f
  UART_UNIT/UART_RX_UNIT/u_FSM_RX/U1/Y (AO21XLM)          0.40      54.82 f
  UART_UNIT/UART_RX_UNIT/u_FSM_RX/U2/Y (NAND2X2M)         0.15      54.97 r
  UART_UNIT/UART_RX_UNIT/u_FSM_RX/enable (FSM_RX_DATA_WIDTH8)
                                                          0.00      54.97 r
  UART_UNIT/UART_RX_UNIT/u_edge_bit_counter/enable (edge_bit_counter_DATA_WIDTH8)
                                                          0.00      54.97 r
  UART_UNIT/UART_RX_UNIT/u_edge_bit_counter/U3/Y (NAND2X2M)
                                                          0.16      55.13 f
  UART_UNIT/UART_RX_UNIT/u_edge_bit_counter/U28/Y (NOR2X2M)
                                                          0.12      55.25 r
  UART_UNIT/UART_RX_UNIT/u_edge_bit_counter/edge_cnt_reg[4]/D (DFFRQX2M)
                                                          0.00      55.25 r
  data arrival time                                                 55.25

  clock RX_CLK (rise edge)                              271.30     271.30
  clock network delay (ideal)                             0.00     271.30
  clock uncertainty                                      -0.20     271.10
  UART_UNIT/UART_RX_UNIT/u_edge_bit_counter/edge_cnt_reg[4]/CK (DFFRQX2M)
                                                          0.00     271.10 r
  library setup time                                     -0.31     270.79
  data required time                                               270.79
  --------------------------------------------------------------------------
  data required time                                               270.79
  data arrival time                                                -55.25
  --------------------------------------------------------------------------
  slack (MET)                                                      215.54


  Startpoint: UART_RX_IN (input port clocked by UART_CLK)
  Endpoint: UART_UNIT/UART_RX_UNIT/u_edge_bit_counter/edge_cnt_reg[1]
            (rising edge-triggered flip-flop clocked by RX_CLK)
  Path Group: RX_CLK
  Path Type: max

  Point                                                   Incr       Path
  --------------------------------------------------------------------------
  clock UART_CLK (rise edge)                              0.00       0.00
  clock network delay (ideal)                             0.00       0.00
  input external delay                                   54.26      54.26 f
  UART_RX_IN (in)                                         0.01      54.27 f
  U8/Y (BUFX2M)                                           0.15      54.42 f
  UART_UNIT/RX_IN (UART_DATA_WIDTH8)                      0.00      54.42 f
  UART_UNIT/UART_RX_UNIT/RX_IN (UART_RX_DATA_WIDTH8)      0.00      54.42 f
  UART_UNIT/UART_RX_UNIT/u_FSM_RX/RX_IN (FSM_RX_DATA_WIDTH8)
                                                          0.00      54.42 f
  UART_UNIT/UART_RX_UNIT/u_FSM_RX/U1/Y (AO21XLM)          0.40      54.82 f
  UART_UNIT/UART_RX_UNIT/u_FSM_RX/U2/Y (NAND2X2M)         0.15      54.97 r
  UART_UNIT/UART_RX_UNIT/u_FSM_RX/enable (FSM_RX_DATA_WIDTH8)
                                                          0.00      54.97 r
  UART_UNIT/UART_RX_UNIT/u_edge_bit_counter/enable (edge_bit_counter_DATA_WIDTH8)
                                                          0.00      54.97 r
  UART_UNIT/UART_RX_UNIT/u_edge_bit_counter/U3/Y (NAND2X2M)
                                                          0.16      55.13 f
  UART_UNIT/UART_RX_UNIT/u_edge_bit_counter/U24/Y (NOR2X2M)
                                                          0.12      55.25 r
  UART_UNIT/UART_RX_UNIT/u_edge_bit_counter/edge_cnt_reg[1]/D (DFFRQX2M)
                                                          0.00      55.25 r
  data arrival time                                                 55.25

  clock RX_CLK (rise edge)                              271.30     271.30
  clock network delay (ideal)                             0.00     271.30
  clock uncertainty                                      -0.20     271.10
  UART_UNIT/UART_RX_UNIT/u_edge_bit_counter/edge_cnt_reg[1]/CK (DFFRQX2M)
                                                          0.00     271.10 r
  library setup time                                     -0.31     270.79
  data required time                                               270.79
  --------------------------------------------------------------------------
  data required time                                               270.79
  data arrival time                                                -55.25
  --------------------------------------------------------------------------
  slack (MET)                                                      215.54


  Startpoint: UART_RX_IN (input port clocked by UART_CLK)
  Endpoint: UART_UNIT/UART_RX_UNIT/u_Data_Sampling/sampled_bit_reg
            (rising edge-triggered flip-flop clocked by RX_CLK)
  Path Group: RX_CLK
  Path Type: max

  Point                                                   Incr       Path
  --------------------------------------------------------------------------
  clock UART_CLK (rise edge)                              0.00       0.00
  clock network delay (ideal)                             0.00       0.00
  input external delay                                   54.26      54.26 f
  UART_RX_IN (in)                                         0.01      54.27 f
  U8/Y (BUFX2M)                                           0.15      54.42 f
  UART_UNIT/RX_IN (UART_DATA_WIDTH8)                      0.00      54.42 f
  UART_UNIT/UART_RX_UNIT/RX_IN (UART_RX_DATA_WIDTH8)      0.00      54.42 f
  UART_UNIT/UART_RX_UNIT/u_FSM_RX/RX_IN (FSM_RX_DATA_WIDTH8)
                                                          0.00      54.42 f
  UART_UNIT/UART_RX_UNIT/u_FSM_RX/U1/Y (AO21XLM)          0.40      54.82 f
  UART_UNIT/UART_RX_UNIT/u_FSM_RX/U3/Y (NAND2X2M)         0.13      54.95 r
  UART_UNIT/UART_RX_UNIT/u_FSM_RX/dat_samp_en (FSM_RX_DATA_WIDTH8)
                                                          0.00      54.95 r
  UART_UNIT/UART_RX_UNIT/u_Data_Sampling/dat_samp_en (Data_Sampling_DATA_WIDTH8)
                                                          0.00      54.95 r
  UART_UNIT/UART_RX_UNIT/u_Data_Sampling/U1/Y (INVX2M)
                                                          0.07      55.03 f
  UART_UNIT/UART_RX_UNIT/u_Data_Sampling/U28/Y (OAI2BB2X1M)
                                                          0.14      55.16 r
  UART_UNIT/UART_RX_UNIT/u_Data_Sampling/sampled_bit_reg/D (DFFRQX2M)
                                                          0.00      55.16 r
  data arrival time                                                 55.16

  clock RX_CLK (rise edge)                              271.30     271.30
  clock network delay (ideal)                             0.00     271.30
  clock uncertainty                                      -0.20     271.10
  UART_UNIT/UART_RX_UNIT/u_Data_Sampling/sampled_bit_reg/CK (DFFRQX2M)
                                                          0.00     271.10 r
  library setup time                                     -0.31     270.78
  data required time                                               270.78
  --------------------------------------------------------------------------
  data required time                                               270.78
  data arrival time                                                -55.16
  --------------------------------------------------------------------------
  slack (MET)                                                      215.62


  Startpoint: UART_RX_IN (input port clocked by UART_CLK)
  Endpoint: UART_UNIT/UART_RX_UNIT/u_Start_Check/strt_glitch_reg
            (rising edge-triggered flip-flop clocked by RX_CLK)
  Path Group: RX_CLK
  Path Type: max

  Point                                                   Incr       Path
  --------------------------------------------------------------------------
  clock UART_CLK (rise edge)                              0.00       0.00
  clock network delay (ideal)                             0.00       0.00
  input external delay                                   54.26      54.26 f
  UART_RX_IN (in)                                         0.01      54.27 f
  U8/Y (BUFX2M)                                           0.15      54.42 f
  UART_UNIT/RX_IN (UART_DATA_WIDTH8)                      0.00      54.42 f
  UART_UNIT/UART_RX_UNIT/RX_IN (UART_RX_DATA_WIDTH8)      0.00      54.42 f
  UART_UNIT/UART_RX_UNIT/u_FSM_RX/RX_IN (FSM_RX_DATA_WIDTH8)
                                                          0.00      54.42 f
  UART_UNIT/UART_RX_UNIT/u_FSM_RX/U1/Y (AO21XLM)          0.40      54.82 f
  UART_UNIT/UART_RX_UNIT/u_FSM_RX/U11/Y (NOR2X2M)         0.14      54.96 r
  UART_UNIT/UART_RX_UNIT/u_FSM_RX/strt_chk_en (FSM_RX_DATA_WIDTH8)
                                                          0.00      54.96 r
  UART_UNIT/UART_RX_UNIT/u_Start_Check/strt_chk_en (Start_Check_DATA_WIDTH8)
                                                          0.00      54.96 r
  UART_UNIT/UART_RX_UNIT/u_Start_Check/U1/Y (AO2B2X2M)
                                                          0.33      55.30 f
  UART_UNIT/UART_RX_UNIT/u_Start_Check/strt_glitch_reg/D (DFFRQX2M)
                                                          0.00      55.30 f
  data arrival time                                                 55.30

  clock RX_CLK (rise edge)                              271.30     271.30
  clock network delay (ideal)                             0.00     271.30
  clock uncertainty                                      -0.20     271.10
  UART_UNIT/UART_RX_UNIT/u_Start_Check/strt_glitch_reg/CK (DFFRQX2M)
                                                          0.00     271.10 r
  library setup time                                     -0.16     270.94
  data required time                                               270.94
  --------------------------------------------------------------------------
  data required time                                               270.94
  data arrival time                                                -55.30
  --------------------------------------------------------------------------
  slack (MET)                                                      215.64


  Startpoint: UART_RX_IN (input port clocked by UART_CLK)
  Endpoint: UART_UNIT/UART_RX_UNIT/u_FSM_RX/Current_State_reg[0]
            (rising edge-triggered flip-flop clocked by RX_CLK)
  Path Group: RX_CLK
  Path Type: max

  Point                                                   Incr       Path
  --------------------------------------------------------------------------
  clock UART_CLK (rise edge)                              0.00       0.00
  clock network delay (ideal)                             0.00       0.00
  input external delay                                   54.26      54.26 f
  UART_RX_IN (in)                                         0.01      54.27 f
  U8/Y (BUFX2M)                                           0.15      54.42 f
  UART_UNIT/RX_IN (UART_DATA_WIDTH8)                      0.00      54.42 f
  UART_UNIT/UART_RX_UNIT/RX_IN (UART_RX_DATA_WIDTH8)      0.00      54.42 f
  UART_UNIT/UART_RX_UNIT/u_FSM_RX/RX_IN (FSM_RX_DATA_WIDTH8)
                                                          0.00      54.42 f
  UART_UNIT/UART_RX_UNIT/u_FSM_RX/U15/Y (OAI22X1M)        0.14      54.56 r
  UART_UNIT/UART_RX_UNIT/u_FSM_RX/U13/Y (AOI31X2M)        0.13      54.69 f
  UART_UNIT/UART_RX_UNIT/u_FSM_RX/U12/Y (OAI221X1M)       0.08      54.77 r
  UART_UNIT/UART_RX_UNIT/u_FSM_RX/Current_State_reg[0]/D (DFFRQX2M)
                                                          0.00      54.77 r
  data arrival time                                                 54.77

  clock RX_CLK (rise edge)                              271.30     271.30
  clock network delay (ideal)                             0.00     271.30
  clock uncertainty                                      -0.20     271.10
  UART_UNIT/UART_RX_UNIT/u_FSM_RX/Current_State_reg[0]/CK (DFFRQX2M)
                                                          0.00     271.10 r
  library setup time                                     -0.34     270.76
  data required time                                               270.76
  --------------------------------------------------------------------------
  data required time                                               270.76
  data arrival time                                                -54.77
  --------------------------------------------------------------------------
  slack (MET)                                                      215.99


  Startpoint: UART_UNIT/UART_RX_UNIT/u_deserializer/P_DATA_reg[4]
              (rising edge-triggered flip-flop clocked by RX_CLK)
  Endpoint: UART_UNIT/UART_RX_UNIT/u_Parity_Check/par_err_reg
            (rising edge-triggered flip-flop clocked by RX_CLK)
  Path Group: RX_CLK
  Path Type: max

  Point                                                   Incr       Path
  --------------------------------------------------------------------------
  clock RX_CLK (rise edge)                                0.00       0.00
  clock network delay (ideal)                             0.00       0.00
  UART_UNIT/UART_RX_UNIT/u_deserializer/P_DATA_reg[4]/CK (DFFRX1M)
                                                          0.00       0.00 r
  UART_UNIT/UART_RX_UNIT/u_deserializer/P_DATA_reg[4]/Q (DFFRX1M)
                                                          0.49       0.49 f
  UART_UNIT/UART_RX_UNIT/u_deserializer/P_DATA[4] (deserializer_DATA_WIDTH8)
                                                          0.00       0.49 f
  UART_UNIT/UART_RX_UNIT/u_Parity_Check/P_DATA[4] (Parity_Check_DATA_WIDTH8)
                                                          0.00       0.49 f
  UART_UNIT/UART_RX_UNIT/u_Parity_Check/U3/Y (XOR3XLM)
                                                          0.49       0.99 f
  UART_UNIT/UART_RX_UNIT/u_Parity_Check/U1/Y (XOR3XLM)
                                                          0.53       1.52 f
  UART_UNIT/UART_RX_UNIT/u_Parity_Check/U7/Y (XOR3XLM)
                                                          0.27       1.79 f
  UART_UNIT/UART_RX_UNIT/u_Parity_Check/U5/Y (OAI2BB2X1M)
                                                          0.14       1.93 r
  UART_UNIT/UART_RX_UNIT/u_Parity_Check/par_err_reg/D (DFFRQX2M)
                                                          0.00       1.93 r
  data arrival time                                                  1.93

  clock RX_CLK (rise edge)                              271.30     271.30
  clock network delay (ideal)                             0.00     271.30
  clock uncertainty                                      -0.20     271.10
  UART_UNIT/UART_RX_UNIT/u_Parity_Check/par_err_reg/CK (DFFRQX2M)
                                                          0.00     271.10 r
  library setup time                                     -0.31     270.78
  data required time                                               270.78
  --------------------------------------------------------------------------
  data required time                                               270.78
  data arrival time                                                 -1.93
  --------------------------------------------------------------------------
  slack (MET)                                                      268.85


  Startpoint: UART_UNIT/UART_RX_UNIT/u_edge_bit_counter/edge_cnt_reg[5]
              (rising edge-triggered flip-flop clocked by RX_CLK)
  Endpoint: UART_UNIT/UART_RX_UNIT/u_deserializer/P_DATA_reg[7]
            (rising edge-triggered flip-flop clocked by RX_CLK)
  Path Group: RX_CLK
  Path Type: max

  Point                                                   Incr       Path
  --------------------------------------------------------------------------
  clock RX_CLK (rise edge)                                0.00       0.00
  clock network delay (ideal)                             0.00       0.00
  UART_UNIT/UART_RX_UNIT/u_edge_bit_counter/edge_cnt_reg[5]/CK (DFFRQX2M)
                                                          0.00       0.00 r
  UART_UNIT/UART_RX_UNIT/u_edge_bit_counter/edge_cnt_reg[5]/Q (DFFRQX2M)
                                                          0.53       0.53 f
  UART_UNIT/UART_RX_UNIT/u_edge_bit_counter/edge_cnt[5] (edge_bit_counter_DATA_WIDTH8)
                                                          0.00       0.53 f
  UART_UNIT/UART_RX_UNIT/u_deserializer/edge_cnt[5] (deserializer_DATA_WIDTH8)
                                                          0.00       0.53 f
  UART_UNIT/UART_RX_UNIT/u_deserializer/U15/Y (XOR3XLM)
                                                          0.44       0.97 r
  UART_UNIT/UART_RX_UNIT/u_deserializer/U22/Y (AND4X2M)
                                                          0.17       1.14 r
  UART_UNIT/UART_RX_UNIT/u_deserializer/U12/Y (NAND4BX1M)
                                                          0.15       1.29 f
  UART_UNIT/UART_RX_UNIT/u_deserializer/U11/Y (BUFX2M)
                                                          0.22       1.51 f
  UART_UNIT/UART_RX_UNIT/u_deserializer/U1/Y (INVX2M)     0.14       1.65 r
  UART_UNIT/UART_RX_UNIT/u_deserializer/U19/Y (OAI2BB2X1M)
                                                          0.17       1.82 r
  UART_UNIT/UART_RX_UNIT/u_deserializer/P_DATA_reg[7]/D (DFFRX1M)
                                                          0.00       1.82 r
  data arrival time                                                  1.82

  clock RX_CLK (rise edge)                              271.30     271.30
  clock network delay (ideal)                             0.00     271.30
  clock uncertainty                                      -0.20     271.10
  UART_UNIT/UART_RX_UNIT/u_deserializer/P_DATA_reg[7]/CK (DFFRX1M)
                                                          0.00     271.10 r
  library setup time                                     -0.26     270.84
  data required time                                               270.84
  --------------------------------------------------------------------------
  data required time                                               270.84
  data arrival time                                                 -1.82
  --------------------------------------------------------------------------
  slack (MET)                                                      269.02


  Startpoint: UART_UNIT/UART_RX_UNIT/u_edge_bit_counter/edge_cnt_reg[0]
              (rising edge-triggered flip-flop clocked by RX_CLK)
  Endpoint: UART_UNIT/UART_RX_UNIT/u_FSM_RX/Current_State_reg[2]
            (rising edge-triggered flip-flop clocked by RX_CLK)
  Path Group: RX_CLK
  Path Type: max

  Point                                                   Incr       Path
  --------------------------------------------------------------------------
  clock RX_CLK (rise edge)                                0.00       0.00
  clock network delay (ideal)                             0.00       0.00
  UART_UNIT/UART_RX_UNIT/u_edge_bit_counter/edge_cnt_reg[0]/CK (DFFRQX2M)
                                                          0.00       0.00 r
  UART_UNIT/UART_RX_UNIT/u_edge_bit_counter/edge_cnt_reg[0]/Q (DFFRQX2M)
                                                          0.55       0.55 f
  UART_UNIT/UART_RX_UNIT/u_edge_bit_counter/edge_cnt[0] (edge_bit_counter_DATA_WIDTH8)
                                                          0.00       0.55 f
  UART_UNIT/UART_RX_UNIT/u_FSM_RX/edge_cnt[0] (FSM_RX_DATA_WIDTH8)
                                                          0.00       0.55 f
  UART_UNIT/UART_RX_UNIT/u_FSM_RX/U16/Y (XNOR2X2M)        0.20       0.75 f
  UART_UNIT/UART_RX_UNIT/u_FSM_RX/U18/Y (NOR4X1M)         0.29       1.04 r
  UART_UNIT/UART_RX_UNIT/u_FSM_RX/U19/Y (NAND4X2M)        0.22       1.26 f
  UART_UNIT/UART_RX_UNIT/u_FSM_RX/U23/Y (NOR3BX2M)        0.27       1.53 r
  UART_UNIT/UART_RX_UNIT/u_FSM_RX/U51/Y (NAND3X2M)        0.12       1.65 f
  UART_UNIT/UART_RX_UNIT/u_FSM_RX/U49/Y (NAND3X2M)        0.09       1.75 r
  UART_UNIT/UART_RX_UNIT/u_FSM_RX/Current_State_reg[2]/D (DFFRQX2M)
                                                          0.00       1.75 r
  data arrival time                                                  1.75

  clock RX_CLK (rise edge)                              271.30     271.30
  clock network delay (ideal)                             0.00     271.30
  clock uncertainty                                      -0.20     271.10
  UART_UNIT/UART_RX_UNIT/u_FSM_RX/Current_State_reg[2]/CK (DFFRQX2M)
                                                          0.00     271.10 r
  library setup time                                     -0.30     270.79
  data required time                                               270.79
  --------------------------------------------------------------------------
  data required time                                               270.79
  data arrival time                                                 -1.75
  --------------------------------------------------------------------------
  slack (MET)                                                      269.05


  Startpoint: UART_UNIT/UART_RX_UNIT/u_edge_bit_counter/edge_cnt_reg[5]
              (rising edge-triggered flip-flop clocked by RX_CLK)
  Endpoint: UART_UNIT/UART_RX_UNIT/u_deserializer/P_DATA_reg[4]
            (rising edge-triggered flip-flop clocked by RX_CLK)
  Path Group: RX_CLK
  Path Type: max

  Point                                                   Incr       Path
  --------------------------------------------------------------------------
  clock RX_CLK (rise edge)                                0.00       0.00
  clock network delay (ideal)                             0.00       0.00
  UART_UNIT/UART_RX_UNIT/u_edge_bit_counter/edge_cnt_reg[5]/CK (DFFRQX2M)
                                                          0.00       0.00 r
  UART_UNIT/UART_RX_UNIT/u_edge_bit_counter/edge_cnt_reg[5]/Q (DFFRQX2M)
                                                          0.53       0.53 f
  UART_UNIT/UART_RX_UNIT/u_edge_bit_counter/edge_cnt[5] (edge_bit_counter_DATA_WIDTH8)
                                                          0.00       0.53 f
  UART_UNIT/UART_RX_UNIT/u_deserializer/edge_cnt[5] (deserializer_DATA_WIDTH8)
                                                          0.00       0.53 f
  UART_UNIT/UART_RX_UNIT/u_deserializer/U15/Y (XOR3XLM)
                                                          0.51       1.03 f
  UART_UNIT/UART_RX_UNIT/u_deserializer/U22/Y (AND4X2M)
                                                          0.19       1.22 f
  UART_UNIT/UART_RX_UNIT/u_deserializer/U12/Y (NAND4BX1M)
                                                          0.09       1.31 r
  UART_UNIT/UART_RX_UNIT/u_deserializer/U11/Y (BUFX2M)
                                                          0.20       1.51 r
  UART_UNIT/UART_RX_UNIT/u_deserializer/U1/Y (INVX2M)     0.12       1.63 f
  UART_UNIT/UART_RX_UNIT/u_deserializer/U7/Y (OAI22X1M)
                                                          0.12       1.75 r
  UART_UNIT/UART_RX_UNIT/u_deserializer/P_DATA_reg[4]/D (DFFRX1M)
                                                          0.00       1.75 r
  data arrival time                                                  1.75

  clock RX_CLK (rise edge)                              271.30     271.30
  clock network delay (ideal)                             0.00     271.30
  clock uncertainty                                      -0.20     271.10
  UART_UNIT/UART_RX_UNIT/u_deserializer/P_DATA_reg[4]/CK (DFFRX1M)
                                                          0.00     271.10 r
  library setup time                                     -0.27     270.83
  data required time                                               270.83
  --------------------------------------------------------------------------
  data required time                                               270.83
  data arrival time                                                 -1.75
  --------------------------------------------------------------------------
  slack (MET)                                                      269.08


  Startpoint: UART_UNIT/UART_RX_UNIT/u_edge_bit_counter/edge_cnt_reg[5]
              (rising edge-triggered flip-flop clocked by RX_CLK)
  Endpoint: UART_UNIT/UART_RX_UNIT/u_deserializer/P_DATA_reg[3]
            (rising edge-triggered flip-flop clocked by RX_CLK)
  Path Group: RX_CLK
  Path Type: max

  Point                                                   Incr       Path
  --------------------------------------------------------------------------
  clock RX_CLK (rise edge)                                0.00       0.00
  clock network delay (ideal)                             0.00       0.00
  UART_UNIT/UART_RX_UNIT/u_edge_bit_counter/edge_cnt_reg[5]/CK (DFFRQX2M)
                                                          0.00       0.00 r
  UART_UNIT/UART_RX_UNIT/u_edge_bit_counter/edge_cnt_reg[5]/Q (DFFRQX2M)
                                                          0.53       0.53 f
  UART_UNIT/UART_RX_UNIT/u_edge_bit_counter/edge_cnt[5] (edge_bit_counter_DATA_WIDTH8)
                                                          0.00       0.53 f
  UART_UNIT/UART_RX_UNIT/u_deserializer/edge_cnt[5] (deserializer_DATA_WIDTH8)
                                                          0.00       0.53 f
  UART_UNIT/UART_RX_UNIT/u_deserializer/U15/Y (XOR3XLM)
                                                          0.51       1.03 f
  UART_UNIT/UART_RX_UNIT/u_deserializer/U22/Y (AND4X2M)
                                                          0.19       1.22 f
  UART_UNIT/UART_RX_UNIT/u_deserializer/U12/Y (NAND4BX1M)
                                                          0.09       1.31 r
  UART_UNIT/UART_RX_UNIT/u_deserializer/U11/Y (BUFX2M)
                                                          0.20       1.51 r
  UART_UNIT/UART_RX_UNIT/u_deserializer/U1/Y (INVX2M)     0.12       1.63 f
  UART_UNIT/UART_RX_UNIT/u_deserializer/U6/Y (OAI22X1M)
                                                          0.12       1.75 r
  UART_UNIT/UART_RX_UNIT/u_deserializer/P_DATA_reg[3]/D (DFFRX1M)
                                                          0.00       1.75 r
  data arrival time                                                  1.75

  clock RX_CLK (rise edge)                              271.30     271.30
  clock network delay (ideal)                             0.00     271.30
  clock uncertainty                                      -0.20     271.10
  UART_UNIT/UART_RX_UNIT/u_deserializer/P_DATA_reg[3]/CK (DFFRX1M)
                                                          0.00     271.10 r
  library setup time                                     -0.27     270.83
  data required time                                               270.83
  --------------------------------------------------------------------------
  data required time                                               270.83
  data arrival time                                                 -1.75
  --------------------------------------------------------------------------
  slack (MET)                                                      269.08


  Startpoint: UART_UNIT/UART_RX_UNIT/u_edge_bit_counter/edge_cnt_reg[5]
              (rising edge-triggered flip-flop clocked by RX_CLK)
  Endpoint: UART_UNIT/UART_RX_UNIT/u_deserializer/P_DATA_reg[6]
            (rising edge-triggered flip-flop clocked by RX_CLK)
  Path Group: RX_CLK
  Path Type: max

  Point                                                   Incr       Path
  --------------------------------------------------------------------------
  clock RX_CLK (rise edge)                                0.00       0.00
  clock network delay (ideal)                             0.00       0.00
  UART_UNIT/UART_RX_UNIT/u_edge_bit_counter/edge_cnt_reg[5]/CK (DFFRQX2M)
                                                          0.00       0.00 r
  UART_UNIT/UART_RX_UNIT/u_edge_bit_counter/edge_cnt_reg[5]/Q (DFFRQX2M)
                                                          0.53       0.53 f
  UART_UNIT/UART_RX_UNIT/u_edge_bit_counter/edge_cnt[5] (edge_bit_counter_DATA_WIDTH8)
                                                          0.00       0.53 f
  UART_UNIT/UART_RX_UNIT/u_deserializer/edge_cnt[5] (deserializer_DATA_WIDTH8)
                                                          0.00       0.53 f
  UART_UNIT/UART_RX_UNIT/u_deserializer/U15/Y (XOR3XLM)
                                                          0.51       1.03 f
  UART_UNIT/UART_RX_UNIT/u_deserializer/U22/Y (AND4X2M)
                                                          0.19       1.22 f
  UART_UNIT/UART_RX_UNIT/u_deserializer/U12/Y (NAND4BX1M)
                                                          0.09       1.31 r
  UART_UNIT/UART_RX_UNIT/u_deserializer/U11/Y (BUFX2M)
                                                          0.20       1.51 r
  UART_UNIT/UART_RX_UNIT/u_deserializer/U1/Y (INVX2M)     0.12       1.63 f
  UART_UNIT/UART_RX_UNIT/u_deserializer/U5/Y (OAI22X1M)
                                                          0.12       1.75 r
  UART_UNIT/UART_RX_UNIT/u_deserializer/P_DATA_reg[6]/D (DFFRX1M)
                                                          0.00       1.75 r
  data arrival time                                                  1.75

  clock RX_CLK (rise edge)                              271.30     271.30
  clock network delay (ideal)                             0.00     271.30
  clock uncertainty                                      -0.20     271.10
  UART_UNIT/UART_RX_UNIT/u_deserializer/P_DATA_reg[6]/CK (DFFRX1M)
                                                          0.00     271.10 r
  library setup time                                     -0.27     270.83
  data required time                                               270.83
  --------------------------------------------------------------------------
  data required time                                               270.83
  data arrival time                                                 -1.75
  --------------------------------------------------------------------------
  slack (MET)                                                      269.08


  Startpoint: UART_UNIT/UART_RX_UNIT/u_edge_bit_counter/edge_cnt_reg[5]
              (rising edge-triggered flip-flop clocked by RX_CLK)
  Endpoint: UART_UNIT/UART_RX_UNIT/u_deserializer/P_DATA_reg[5]
            (rising edge-triggered flip-flop clocked by RX_CLK)
  Path Group: RX_CLK
  Path Type: max

  Point                                                   Incr       Path
  --------------------------------------------------------------------------
  clock RX_CLK (rise edge)                                0.00       0.00
  clock network delay (ideal)                             0.00       0.00
  UART_UNIT/UART_RX_UNIT/u_edge_bit_counter/edge_cnt_reg[5]/CK (DFFRQX2M)
                                                          0.00       0.00 r
  UART_UNIT/UART_RX_UNIT/u_edge_bit_counter/edge_cnt_reg[5]/Q (DFFRQX2M)
                                                          0.53       0.53 f
  UART_UNIT/UART_RX_UNIT/u_edge_bit_counter/edge_cnt[5] (edge_bit_counter_DATA_WIDTH8)
                                                          0.00       0.53 f
  UART_UNIT/UART_RX_UNIT/u_deserializer/edge_cnt[5] (deserializer_DATA_WIDTH8)
                                                          0.00       0.53 f
  UART_UNIT/UART_RX_UNIT/u_deserializer/U15/Y (XOR3XLM)
                                                          0.51       1.03 f
  UART_UNIT/UART_RX_UNIT/u_deserializer/U22/Y (AND4X2M)
                                                          0.19       1.22 f
  UART_UNIT/UART_RX_UNIT/u_deserializer/U12/Y (NAND4BX1M)
                                                          0.09       1.31 r
  UART_UNIT/UART_RX_UNIT/u_deserializer/U11/Y (BUFX2M)
                                                          0.20       1.51 r
  UART_UNIT/UART_RX_UNIT/u_deserializer/U1/Y (INVX2M)     0.12       1.63 f
  UART_UNIT/UART_RX_UNIT/u_deserializer/U9/Y (OAI22X1M)
                                                          0.12       1.75 r
  UART_UNIT/UART_RX_UNIT/u_deserializer/P_DATA_reg[5]/D (DFFRX1M)
                                                          0.00       1.75 r
  data arrival time                                                  1.75

  clock RX_CLK (rise edge)                              271.30     271.30
  clock network delay (ideal)                             0.00     271.30
  clock uncertainty                                      -0.20     271.10
  UART_UNIT/UART_RX_UNIT/u_deserializer/P_DATA_reg[5]/CK (DFFRX1M)
                                                          0.00     271.10 r
  library setup time                                     -0.27     270.83
  data required time                                               270.83
  --------------------------------------------------------------------------
  data required time                                               270.83
  data arrival time                                                 -1.75
  --------------------------------------------------------------------------
  slack (MET)                                                      269.08


  Startpoint: UART_UNIT/UART_RX_UNIT/u_edge_bit_counter/edge_cnt_reg[5]
              (rising edge-triggered flip-flop clocked by RX_CLK)
  Endpoint: UART_UNIT/UART_RX_UNIT/u_deserializer/P_DATA_reg[1]
            (rising edge-triggered flip-flop clocked by RX_CLK)
  Path Group: RX_CLK
  Path Type: max

  Point                                                   Incr       Path
  --------------------------------------------------------------------------
  clock RX_CLK (rise edge)                                0.00       0.00
  clock network delay (ideal)                             0.00       0.00
  UART_UNIT/UART_RX_UNIT/u_edge_bit_counter/edge_cnt_reg[5]/CK (DFFRQX2M)
                                                          0.00       0.00 r
  UART_UNIT/UART_RX_UNIT/u_edge_bit_counter/edge_cnt_reg[5]/Q (DFFRQX2M)
                                                          0.53       0.53 f
  UART_UNIT/UART_RX_UNIT/u_edge_bit_counter/edge_cnt[5] (edge_bit_counter_DATA_WIDTH8)
                                                          0.00       0.53 f
  UART_UNIT/UART_RX_UNIT/u_deserializer/edge_cnt[5] (deserializer_DATA_WIDTH8)
                                                          0.00       0.53 f
  UART_UNIT/UART_RX_UNIT/u_deserializer/U15/Y (XOR3XLM)
                                                          0.51       1.03 f
  UART_UNIT/UART_RX_UNIT/u_deserializer/U22/Y (AND4X2M)
                                                          0.19       1.22 f
  UART_UNIT/UART_RX_UNIT/u_deserializer/U12/Y (NAND4BX1M)
                                                          0.09       1.31 r
  UART_UNIT/UART_RX_UNIT/u_deserializer/U11/Y (BUFX2M)
                                                          0.20       1.51 r
  UART_UNIT/UART_RX_UNIT/u_deserializer/U1/Y (INVX2M)     0.12       1.63 f
  UART_UNIT/UART_RX_UNIT/u_deserializer/U8/Y (OAI22X1M)
                                                          0.12       1.75 r
  UART_UNIT/UART_RX_UNIT/u_deserializer/P_DATA_reg[1]/D (DFFRX1M)
                                                          0.00       1.75 r
  data arrival time                                                  1.75

  clock RX_CLK (rise edge)                              271.30     271.30
  clock network delay (ideal)                             0.00     271.30
  clock uncertainty                                      -0.20     271.10
  UART_UNIT/UART_RX_UNIT/u_deserializer/P_DATA_reg[1]/CK (DFFRX1M)
                                                          0.00     271.10 r
  library setup time                                     -0.27     270.83
  data required time                                               270.83
  --------------------------------------------------------------------------
  data required time                                               270.83
  data arrival time                                                 -1.75
  --------------------------------------------------------------------------
  slack (MET)                                                      269.08


  Startpoint: UART_UNIT/UART_RX_UNIT/u_edge_bit_counter/edge_cnt_reg[5]
              (rising edge-triggered flip-flop clocked by RX_CLK)
  Endpoint: UART_UNIT/UART_RX_UNIT/u_deserializer/P_DATA_reg[2]
            (rising edge-triggered flip-flop clocked by RX_CLK)
  Path Group: RX_CLK
  Path Type: max

  Point                                                   Incr       Path
  --------------------------------------------------------------------------
  clock RX_CLK (rise edge)                                0.00       0.00
  clock network delay (ideal)                             0.00       0.00
  UART_UNIT/UART_RX_UNIT/u_edge_bit_counter/edge_cnt_reg[5]/CK (DFFRQX2M)
                                                          0.00       0.00 r
  UART_UNIT/UART_RX_UNIT/u_edge_bit_counter/edge_cnt_reg[5]/Q (DFFRQX2M)
                                                          0.53       0.53 f
  UART_UNIT/UART_RX_UNIT/u_edge_bit_counter/edge_cnt[5] (edge_bit_counter_DATA_WIDTH8)
                                                          0.00       0.53 f
  UART_UNIT/UART_RX_UNIT/u_deserializer/edge_cnt[5] (deserializer_DATA_WIDTH8)
                                                          0.00       0.53 f
  UART_UNIT/UART_RX_UNIT/u_deserializer/U15/Y (XOR3XLM)
                                                          0.51       1.03 f
  UART_UNIT/UART_RX_UNIT/u_deserializer/U22/Y (AND4X2M)
                                                          0.19       1.22 f
  UART_UNIT/UART_RX_UNIT/u_deserializer/U12/Y (NAND4BX1M)
                                                          0.09       1.31 r
  UART_UNIT/UART_RX_UNIT/u_deserializer/U11/Y (BUFX2M)
                                                          0.20       1.51 r
  UART_UNIT/UART_RX_UNIT/u_deserializer/U1/Y (INVX2M)     0.12       1.63 f
  UART_UNIT/UART_RX_UNIT/u_deserializer/U4/Y (OAI22X1M)
                                                          0.12       1.75 r
  UART_UNIT/UART_RX_UNIT/u_deserializer/P_DATA_reg[2]/D (DFFRX1M)
                                                          0.00       1.75 r
  data arrival time                                                  1.75

  clock RX_CLK (rise edge)                              271.30     271.30
  clock network delay (ideal)                             0.00     271.30
  clock uncertainty                                      -0.20     271.10
  UART_UNIT/UART_RX_UNIT/u_deserializer/P_DATA_reg[2]/CK (DFFRX1M)
                                                          0.00     271.10 r
  library setup time                                     -0.27     270.83
  data required time                                               270.83
  --------------------------------------------------------------------------
  data required time                                               270.83
  data arrival time                                                 -1.75
  --------------------------------------------------------------------------
  slack (MET)                                                      269.08


  Startpoint: UART_UNIT/UART_RX_UNIT/u_edge_bit_counter/edge_cnt_reg[5]
              (rising edge-triggered flip-flop clocked by RX_CLK)
  Endpoint: UART_UNIT/UART_RX_UNIT/u_deserializer/P_DATA_reg[0]
            (rising edge-triggered flip-flop clocked by RX_CLK)
  Path Group: RX_CLK
  Path Type: max

  Point                                                   Incr       Path
  --------------------------------------------------------------------------
  clock RX_CLK (rise edge)                                0.00       0.00
  clock network delay (ideal)                             0.00       0.00
  UART_UNIT/UART_RX_UNIT/u_edge_bit_counter/edge_cnt_reg[5]/CK (DFFRQX2M)
                                                          0.00       0.00 r
  UART_UNIT/UART_RX_UNIT/u_edge_bit_counter/edge_cnt_reg[5]/Q (DFFRQX2M)
                                                          0.53       0.53 f
  UART_UNIT/UART_RX_UNIT/u_edge_bit_counter/edge_cnt[5] (edge_bit_counter_DATA_WIDTH8)
                                                          0.00       0.53 f
  UART_UNIT/UART_RX_UNIT/u_deserializer/edge_cnt[5] (deserializer_DATA_WIDTH8)
                                                          0.00       0.53 f
  UART_UNIT/UART_RX_UNIT/u_deserializer/U15/Y (XOR3XLM)
                                                          0.51       1.03 f
  UART_UNIT/UART_RX_UNIT/u_deserializer/U22/Y (AND4X2M)
                                                          0.19       1.22 f
  UART_UNIT/UART_RX_UNIT/u_deserializer/U12/Y (NAND4BX1M)
                                                          0.09       1.31 r
  UART_UNIT/UART_RX_UNIT/u_deserializer/U11/Y (BUFX2M)
                                                          0.20       1.51 r
  UART_UNIT/UART_RX_UNIT/u_deserializer/U18/Y (OAI2BB2X1M)
                                                          0.17       1.68 r
  UART_UNIT/UART_RX_UNIT/u_deserializer/P_DATA_reg[0]/D (DFFRQX2M)
                                                          0.00       1.68 r
  data arrival time                                                  1.68

  clock RX_CLK (rise edge)                              271.30     271.30
  clock network delay (ideal)                             0.00     271.30
  clock uncertainty                                      -0.20     271.10
  UART_UNIT/UART_RX_UNIT/u_deserializer/P_DATA_reg[0]/CK (DFFRQX2M)
                                                          0.00     271.10 r
  library setup time                                     -0.31     270.78
  data required time                                               270.78
  --------------------------------------------------------------------------
  data required time                                               270.78
  data arrival time                                                 -1.68
  --------------------------------------------------------------------------
  slack (MET)                                                      269.10


  Startpoint: UART_UNIT/UART_RX_UNIT/u_edge_bit_counter/edge_cnt_reg[0]
              (rising edge-triggered flip-flop clocked by RX_CLK)
  Endpoint: UART_UNIT/UART_RX_UNIT/u_FSM_RX/Current_State_reg[1]
            (rising edge-triggered flip-flop clocked by RX_CLK)
  Path Group: RX_CLK
  Path Type: max

  Point                                                   Incr       Path
  --------------------------------------------------------------------------
  clock RX_CLK (rise edge)                                0.00       0.00
  clock network delay (ideal)                             0.00       0.00
  UART_UNIT/UART_RX_UNIT/u_edge_bit_counter/edge_cnt_reg[0]/CK (DFFRQX2M)
                                                          0.00       0.00 r
  UART_UNIT/UART_RX_UNIT/u_edge_bit_counter/edge_cnt_reg[0]/Q (DFFRQX2M)
                                                          0.55       0.55 f
  UART_UNIT/UART_RX_UNIT/u_edge_bit_counter/edge_cnt[0] (edge_bit_counter_DATA_WIDTH8)
                                                          0.00       0.55 f
  UART_UNIT/UART_RX_UNIT/u_FSM_RX/edge_cnt[0] (FSM_RX_DATA_WIDTH8)
                                                          0.00       0.55 f
  UART_UNIT/UART_RX_UNIT/u_FSM_RX/U16/Y (XNOR2X2M)        0.20       0.75 f
  UART_UNIT/UART_RX_UNIT/u_FSM_RX/U18/Y (NOR4X1M)         0.29       1.04 r
  UART_UNIT/UART_RX_UNIT/u_FSM_RX/U19/Y (NAND4X2M)        0.22       1.26 f
  UART_UNIT/UART_RX_UNIT/u_FSM_RX/U5/Y (INVX2M)           0.12       1.38 r
  UART_UNIT/UART_RX_UNIT/u_FSM_RX/U44/Y (AOI31X2M)        0.09       1.47 f
  UART_UNIT/UART_RX_UNIT/u_FSM_RX/U43/Y (OAI21X2M)        0.14       1.61 r
  UART_UNIT/UART_RX_UNIT/u_FSM_RX/Current_State_reg[1]/D (DFFRQX2M)
                                                          0.00       1.61 r
  data arrival time                                                  1.61

  clock RX_CLK (rise edge)                              271.30     271.30
  clock network delay (ideal)                             0.00     271.30
  clock uncertainty                                      -0.20     271.10
  UART_UNIT/UART_RX_UNIT/u_FSM_RX/Current_State_reg[1]/CK (DFFRQX2M)
                                                          0.00     271.10 r
  library setup time                                     -0.31     270.79
  data required time                                               270.79
  --------------------------------------------------------------------------
  data required time                                               270.79
  data arrival time                                                 -1.61
  --------------------------------------------------------------------------
  slack (MET)                                                      269.17


  Startpoint: UART_UNIT/UART_RX_UNIT/u_FSM_RX/Current_State_reg[0]
              (rising edge-triggered flip-flop clocked by RX_CLK)
  Endpoint: UART_UNIT/UART_RX_UNIT/u_Stop_Check/stp_err_reg
            (rising edge-triggered flip-flop clocked by RX_CLK)
  Path Group: RX_CLK
  Path Type: max

  Point                                                   Incr       Path
  --------------------------------------------------------------------------
  clock RX_CLK (rise edge)                                0.00       0.00
  clock network delay (ideal)                             0.00       0.00
  UART_UNIT/UART_RX_UNIT/u_FSM_RX/Current_State_reg[0]/CK (DFFRQX2M)
                                                          0.00       0.00 r
  UART_UNIT/UART_RX_UNIT/u_FSM_RX/Current_State_reg[0]/Q (DFFRQX2M)
                                                          0.51       0.51 f
  UART_UNIT/UART_RX_UNIT/u_FSM_RX/U47/Y (INVX2M)          0.09       0.60 r
  UART_UNIT/UART_RX_UNIT/u_FSM_RX/U31/Y (NAND2X2M)        0.11       0.71 f
  UART_UNIT/UART_RX_UNIT/u_FSM_RX/U4/Y (INVX2M)           0.10       0.81 r
  UART_UNIT/UART_RX_UNIT/u_FSM_RX/U32/Y (NAND2X2M)        0.09       0.90 f
  UART_UNIT/UART_RX_UNIT/u_FSM_RX/U42/Y (INVX2M)          0.07       0.97 r
  UART_UNIT/UART_RX_UNIT/u_FSM_RX/stp_chk_en (FSM_RX_DATA_WIDTH8)
                                                          0.00       0.97 r
  UART_UNIT/UART_RX_UNIT/u_Stop_Check/stp_chk_en (Stop_Check_DATA_WIDTH8)
                                                          0.00       0.97 r
  UART_UNIT/UART_RX_UNIT/u_Stop_Check/U2/Y (INVX2M)       0.04       1.01 f
  UART_UNIT/UART_RX_UNIT/u_Stop_Check/U1/Y (OAI2BB2X1M)
                                                          0.13       1.14 r
  UART_UNIT/UART_RX_UNIT/u_Stop_Check/stp_err_reg/D (DFFRQX2M)
                                                          0.00       1.14 r
  data arrival time                                                  1.14

  clock RX_CLK (rise edge)                              271.30     271.30
  clock network delay (ideal)                             0.00     271.30
  clock uncertainty                                      -0.20     271.10
  UART_UNIT/UART_RX_UNIT/u_Stop_Check/stp_err_reg/CK (DFFRQX2M)
                                                          0.00     271.10 r
  library setup time                                     -0.31     270.78
  data required time                                               270.78
  --------------------------------------------------------------------------
  data required time                                               270.78
  data arrival time                                                 -1.14
  --------------------------------------------------------------------------
  slack (MET)                                                      269.64


  Startpoint: UART_UNIT/UART_RX_UNIT/u_Parity_Check/par_err_reg
              (rising edge-triggered flip-flop clocked by RX_CLK)
  Endpoint: UART_UNIT/UART_RX_UNIT/u_FSM_RX/Data_Valid_reg
            (rising edge-triggered flip-flop clocked by RX_CLK)
  Path Group: RX_CLK
  Path Type: max

  Point                                                   Incr       Path
  --------------------------------------------------------------------------
  clock RX_CLK (rise edge)                                0.00       0.00
  clock network delay (ideal)                             0.00       0.00
  UART_UNIT/UART_RX_UNIT/u_Parity_Check/par_err_reg/CK (DFFRQX2M)
                                                          0.00       0.00 r
  UART_UNIT/UART_RX_UNIT/u_Parity_Check/par_err_reg/Q (DFFRQX2M)
                                                          0.76       0.76 f
  UART_UNIT/UART_RX_UNIT/u_Parity_Check/par_err (Parity_Check_DATA_WIDTH8)
                                                          0.00       0.76 f
  UART_UNIT/UART_RX_UNIT/u_FSM_RX/par_err (FSM_RX_DATA_WIDTH8)
                                                          0.00       0.76 f
  UART_UNIT/UART_RX_UNIT/u_FSM_RX/U54/Y (NOR3X2M)         0.24       1.00 r
  UART_UNIT/UART_RX_UNIT/u_FSM_RX/Data_Valid_reg/D (DFFRQX2M)
                                                          0.00       1.00 r
  data arrival time                                                  1.00

  clock RX_CLK (rise edge)                              271.30     271.30
  clock network delay (ideal)                             0.00     271.30
  clock uncertainty                                      -0.20     271.10
  UART_UNIT/UART_RX_UNIT/u_FSM_RX/Data_Valid_reg/CK (DFFRQX2M)
                                                          0.00     271.10 r
  library setup time                                     -0.32     270.77
  data required time                                               270.77
  --------------------------------------------------------------------------
  data required time                                               270.77
  data arrival time                                                 -1.00
  --------------------------------------------------------------------------
  slack (MET)                                                      269.78


  Startpoint: RD_INC_UNIT/LVL_SIG_reg_reg
              (rising edge-triggered flip-flop clocked by TX_CLK)
  Endpoint: FIFO_UNIT/rptr_empty/rempty_reg
            (rising edge-triggered flip-flop clocked by TX_CLK)
  Path Group: TX_CLK
  Path Type: max

  Point                                                   Incr       Path
  --------------------------------------------------------------------------
  clock TX_CLK (rise edge)                                0.00       0.00
  clock network delay (ideal)                             0.00       0.00
  RD_INC_UNIT/LVL_SIG_reg_reg/CK (DFFRQX2M)               0.00       0.00 r
  RD_INC_UNIT/LVL_SIG_reg_reg/Q (DFFRQX2M)                0.46       0.46 f
  RD_INC_UNIT/U3/Y (NOR2BX2M)                             0.16       0.61 r
  RD_INC_UNIT/PULSE_SIG (PULSE_GEN)                       0.00       0.61 r
  FIFO_UNIT/rinc (FIFO_TOP_DATA_WIDTH8_ADDR_SIZE3)        0.00       0.61 r
  FIFO_UNIT/rptr_empty/rinc (FIFO_rptr_empty_ADDR_SIZE3)
                                                          0.00       0.61 r
  FIFO_UNIT/rptr_empty/U12/Y (NAND3X2M)                   0.14       0.75 f
  FIFO_UNIT/rptr_empty/U7/Y (NOR2BX2M)                    0.18       0.93 r
  FIFO_UNIT/rptr_empty/U15/Y (CLKXOR2X2M)                 0.28       1.20 f
  FIFO_UNIT/rptr_empty/U1/Y (CLKXOR2X2M)                  0.21       1.41 r
  FIFO_UNIT/rptr_empty/U16/Y (CLKXOR2X2M)                 0.29       1.71 f
  FIFO_UNIT/rptr_empty/U8/Y (NOR4X1M)                     0.25       1.95 r
  FIFO_UNIT/rptr_empty/rempty_reg/D (DFFSX1M)             0.00       1.95 r
  data arrival time                                                  1.95

  clock TX_CLK (rise edge)                             8681.50    8681.50
  clock network delay (ideal)                             0.00    8681.50
  clock uncertainty                                      -0.20    8681.30
  FIFO_UNIT/rptr_empty/rempty_reg/CK (DFFSX1M)            0.00    8681.30 r
  library setup time                                     -0.19    8681.11
  data required time                                              8681.11
  --------------------------------------------------------------------------
  data required time                                              8681.11
  data arrival time                                                 -1.95
  --------------------------------------------------------------------------
  slack (MET)                                                     8679.15


  Startpoint: FIFO_UNIT/rptr_empty/rbin_reg[2]
              (rising edge-triggered flip-flop clocked by TX_CLK)
  Endpoint: UART_UNIT/UART_TX_UNIT/u_parity/DATA_V_reg[1]
            (rising edge-triggered flip-flop clocked by TX_CLK)
  Path Group: TX_CLK
  Path Type: max

  Point                                                   Incr       Path
  --------------------------------------------------------------------------
  clock TX_CLK (rise edge)                                0.00       0.00
  clock network delay (ideal)                             0.00       0.00
  FIFO_UNIT/rptr_empty/rbin_reg[2]/CK (DFFRQX2M)          0.00       0.00 r
  FIFO_UNIT/rptr_empty/rbin_reg[2]/Q (DFFRQX2M)           0.52       0.52 f
  FIFO_UNIT/rptr_empty/raddr[2] (FIFO_rptr_empty_ADDR_SIZE3)
                                                          0.00       0.52 f
  FIFO_UNIT/fifomem/raddr[2] (FIFO_MEM_DATA_WIDTH8_ADDR_SIZE3)
                                                          0.00       0.52 f
  FIFO_UNIT/fifomem/U181/Y (NAND2X2M)                     0.09       0.61 r
  FIFO_UNIT/fifomem/U61/Y (BUFX2M)                        0.19       0.80 r
  FIFO_UNIT/fifomem/U170/Y (OAI22X1M)                     0.13       0.93 f
  FIFO_UNIT/fifomem/U168/Y (AOI221XLM)                    0.28       1.21 r
  FIFO_UNIT/fifomem/U167/Y (OAI22X1M)                     0.22       1.43 f
  FIFO_UNIT/fifomem/rdata[1] (FIFO_MEM_DATA_WIDTH8_ADDR_SIZE3)
                                                          0.00       1.43 f
  FIFO_UNIT/rdata[1] (FIFO_TOP_DATA_WIDTH8_ADDR_SIZE3)
                                                          0.00       1.43 f
  UART_UNIT/TX_P_DATA[1] (UART_DATA_WIDTH8)               0.00       1.43 f
  UART_UNIT/UART_TX_UNIT/P_DATA[1] (UART_TX_WIDTH8)       0.00       1.43 f
  UART_UNIT/UART_TX_UNIT/u_parity/P_DATA[1] (Parity_Calc_WIDTH8)
                                                          0.00       1.43 f
  UART_UNIT/UART_TX_UNIT/u_parity/U14/Y (AO2B2X2M)        0.33       1.76 f
  UART_UNIT/UART_TX_UNIT/u_parity/DATA_V_reg[1]/D (DFFRQX2M)
                                                          0.00       1.76 f
  data arrival time                                                  1.76

  clock TX_CLK (rise edge)                             8681.50    8681.50
  clock network delay (ideal)                             0.00    8681.50
  clock uncertainty                                      -0.20    8681.30
  UART_UNIT/UART_TX_UNIT/u_parity/DATA_V_reg[1]/CK (DFFRQX2M)
                                                          0.00    8681.30 r
  library setup time                                     -0.16    8681.14
  data required time                                              8681.14
  --------------------------------------------------------------------------
  data required time                                              8681.14
  data arrival time                                                 -1.76
  --------------------------------------------------------------------------
  slack (MET)                                                     8679.38


  Startpoint: FIFO_UNIT/rptr_empty/rbin_reg[2]
              (rising edge-triggered flip-flop clocked by TX_CLK)
  Endpoint: UART_UNIT/UART_TX_UNIT/u_parity/DATA_V_reg[2]
            (rising edge-triggered flip-flop clocked by TX_CLK)
  Path Group: TX_CLK
  Path Type: max

  Point                                                   Incr       Path
  --------------------------------------------------------------------------
  clock TX_CLK (rise edge)                                0.00       0.00
  clock network delay (ideal)                             0.00       0.00
  FIFO_UNIT/rptr_empty/rbin_reg[2]/CK (DFFRQX2M)          0.00       0.00 r
  FIFO_UNIT/rptr_empty/rbin_reg[2]/Q (DFFRQX2M)           0.52       0.52 f
  FIFO_UNIT/rptr_empty/raddr[2] (FIFO_rptr_empty_ADDR_SIZE3)
                                                          0.00       0.52 f
  FIFO_UNIT/fifomem/raddr[2] (FIFO_MEM_DATA_WIDTH8_ADDR_SIZE3)
                                                          0.00       0.52 f
  FIFO_UNIT/fifomem/U181/Y (NAND2X2M)                     0.09       0.61 r
  FIFO_UNIT/fifomem/U61/Y (BUFX2M)                        0.19       0.80 r
  FIFO_UNIT/fifomem/U166/Y (OAI22X1M)                     0.13       0.93 f
  FIFO_UNIT/fifomem/U164/Y (AOI221XLM)                    0.28       1.21 r
  FIFO_UNIT/fifomem/U163/Y (OAI22X1M)                     0.22       1.43 f
  FIFO_UNIT/fifomem/rdata[2] (FIFO_MEM_DATA_WIDTH8_ADDR_SIZE3)
                                                          0.00       1.43 f
  FIFO_UNIT/rdata[2] (FIFO_TOP_DATA_WIDTH8_ADDR_SIZE3)
                                                          0.00       1.43 f
  UART_UNIT/TX_P_DATA[2] (UART_DATA_WIDTH8)               0.00       1.43 f
  UART_UNIT/UART_TX_UNIT/P_DATA[2] (UART_TX_WIDTH8)       0.00       1.43 f
  UART_UNIT/UART_TX_UNIT/u_parity/P_DATA[2] (Parity_Calc_WIDTH8)
                                                          0.00       1.43 f
  UART_UNIT/UART_TX_UNIT/u_parity/U12/Y (AO2B2X2M)        0.33       1.76 f
  UART_UNIT/UART_TX_UNIT/u_parity/DATA_V_reg[2]/D (DFFRQX2M)
                                                          0.00       1.76 f
  data arrival time                                                  1.76

  clock TX_CLK (rise edge)                             8681.50    8681.50
  clock network delay (ideal)                             0.00    8681.50
  clock uncertainty                                      -0.20    8681.30
  UART_UNIT/UART_TX_UNIT/u_parity/DATA_V_reg[2]/CK (DFFRQX2M)
                                                          0.00    8681.30 r
  library setup time                                     -0.16    8681.14
  data required time                                              8681.14
  --------------------------------------------------------------------------
  data required time                                              8681.14
  data arrival time                                                 -1.76
  --------------------------------------------------------------------------
  slack (MET)                                                     8679.38


  Startpoint: FIFO_UNIT/rptr_empty/rbin_reg[2]
              (rising edge-triggered flip-flop clocked by TX_CLK)
  Endpoint: UART_UNIT/UART_TX_UNIT/u_parity/DATA_V_reg[3]
            (rising edge-triggered flip-flop clocked by TX_CLK)
  Path Group: TX_CLK
  Path Type: max

  Point                                                   Incr       Path
  --------------------------------------------------------------------------
  clock TX_CLK (rise edge)                                0.00       0.00
  clock network delay (ideal)                             0.00       0.00
  FIFO_UNIT/rptr_empty/rbin_reg[2]/CK (DFFRQX2M)          0.00       0.00 r
  FIFO_UNIT/rptr_empty/rbin_reg[2]/Q (DFFRQX2M)           0.52       0.52 f
  FIFO_UNIT/rptr_empty/raddr[2] (FIFO_rptr_empty_ADDR_SIZE3)
                                                          0.00       0.52 f
  FIFO_UNIT/fifomem/raddr[2] (FIFO_MEM_DATA_WIDTH8_ADDR_SIZE3)
                                                          0.00       0.52 f
  FIFO_UNIT/fifomem/U181/Y (NAND2X2M)                     0.09       0.61 r
  FIFO_UNIT/fifomem/U61/Y (BUFX2M)                        0.19       0.80 r
  FIFO_UNIT/fifomem/U162/Y (OAI22X1M)                     0.13       0.93 f
  FIFO_UNIT/fifomem/U160/Y (AOI221XLM)                    0.28       1.21 r
  FIFO_UNIT/fifomem/U159/Y (OAI22X1M)                     0.22       1.43 f
  FIFO_UNIT/fifomem/rdata[3] (FIFO_MEM_DATA_WIDTH8_ADDR_SIZE3)
                                                          0.00       1.43 f
  FIFO_UNIT/rdata[3] (FIFO_TOP_DATA_WIDTH8_ADDR_SIZE3)
                                                          0.00       1.43 f
  UART_UNIT/TX_P_DATA[3] (UART_DATA_WIDTH8)               0.00       1.43 f
  UART_UNIT/UART_TX_UNIT/P_DATA[3] (UART_TX_WIDTH8)       0.00       1.43 f
  UART_UNIT/UART_TX_UNIT/u_parity/P_DATA[3] (Parity_Calc_WIDTH8)
                                                          0.00       1.43 f
  UART_UNIT/UART_TX_UNIT/u_parity/U11/Y (AO2B2X2M)        0.33       1.76 f
  UART_UNIT/UART_TX_UNIT/u_parity/DATA_V_reg[3]/D (DFFRQX2M)
                                                          0.00       1.76 f
  data arrival time                                                  1.76

  clock TX_CLK (rise edge)                             8681.50    8681.50
  clock network delay (ideal)                             0.00    8681.50
  clock uncertainty                                      -0.20    8681.30
  UART_UNIT/UART_TX_UNIT/u_parity/DATA_V_reg[3]/CK (DFFRQX2M)
                                                          0.00    8681.30 r
  library setup time                                     -0.16    8681.14
  data required time                                              8681.14
  --------------------------------------------------------------------------
  data required time                                              8681.14
  data arrival time                                                 -1.76
  --------------------------------------------------------------------------
  slack (MET)                                                     8679.38


  Startpoint: FIFO_UNIT/rptr_empty/rbin_reg[2]
              (rising edge-triggered flip-flop clocked by TX_CLK)
  Endpoint: UART_UNIT/UART_TX_UNIT/u_parity/DATA_V_reg[5]
            (rising edge-triggered flip-flop clocked by TX_CLK)
  Path Group: TX_CLK
  Path Type: max

  Point                                                   Incr       Path
  --------------------------------------------------------------------------
  clock TX_CLK (rise edge)                                0.00       0.00
  clock network delay (ideal)                             0.00       0.00
  FIFO_UNIT/rptr_empty/rbin_reg[2]/CK (DFFRQX2M)          0.00       0.00 r
  FIFO_UNIT/rptr_empty/rbin_reg[2]/Q (DFFRQX2M)           0.52       0.52 f
  FIFO_UNIT/rptr_empty/raddr[2] (FIFO_rptr_empty_ADDR_SIZE3)
                                                          0.00       0.52 f
  FIFO_UNIT/fifomem/raddr[2] (FIFO_MEM_DATA_WIDTH8_ADDR_SIZE3)
                                                          0.00       0.52 f
  FIFO_UNIT/fifomem/U181/Y (NAND2X2M)                     0.09       0.61 r
  FIFO_UNIT/fifomem/U62/Y (BUFX2M)                        0.19       0.80 r
  FIFO_UNIT/fifomem/U158/Y (OAI22X1M)                     0.13       0.93 f
  FIFO_UNIT/fifomem/U156/Y (AOI221XLM)                    0.28       1.21 r
  FIFO_UNIT/fifomem/U155/Y (OAI22X1M)                     0.22       1.43 f
  FIFO_UNIT/fifomem/rdata[5] (FIFO_MEM_DATA_WIDTH8_ADDR_SIZE3)
                                                          0.00       1.43 f
  FIFO_UNIT/rdata[5] (FIFO_TOP_DATA_WIDTH8_ADDR_SIZE3)
                                                          0.00       1.43 f
  UART_UNIT/TX_P_DATA[5] (UART_DATA_WIDTH8)               0.00       1.43 f
  UART_UNIT/UART_TX_UNIT/P_DATA[5] (UART_TX_WIDTH8)       0.00       1.43 f
  UART_UNIT/UART_TX_UNIT/u_parity/P_DATA[5] (Parity_Calc_WIDTH8)
                                                          0.00       1.43 f
  UART_UNIT/UART_TX_UNIT/u_parity/U10/Y (AO2B2X2M)        0.33       1.76 f
  UART_UNIT/UART_TX_UNIT/u_parity/DATA_V_reg[5]/D (DFFRQX2M)
                                                          0.00       1.76 f
  data arrival time                                                  1.76

  clock TX_CLK (rise edge)                             8681.50    8681.50
  clock network delay (ideal)                             0.00    8681.50
  clock uncertainty                                      -0.20    8681.30
  UART_UNIT/UART_TX_UNIT/u_parity/DATA_V_reg[5]/CK (DFFRQX2M)
                                                          0.00    8681.30 r
  library setup time                                     -0.16    8681.14
  data required time                                              8681.14
  --------------------------------------------------------------------------
  data required time                                              8681.14
  data arrival time                                                 -1.76
  --------------------------------------------------------------------------
  slack (MET)                                                     8679.38


  Startpoint: FIFO_UNIT/rptr_empty/rbin_reg[2]
              (rising edge-triggered flip-flop clocked by TX_CLK)
  Endpoint: UART_UNIT/UART_TX_UNIT/u_parity/DATA_V_reg[4]
            (rising edge-triggered flip-flop clocked by TX_CLK)
  Path Group: TX_CLK
  Path Type: max

  Point                                                   Incr       Path
  --------------------------------------------------------------------------
  clock TX_CLK (rise edge)                                0.00       0.00
  clock network delay (ideal)                             0.00       0.00
  FIFO_UNIT/rptr_empty/rbin_reg[2]/CK (DFFRQX2M)          0.00       0.00 r
  FIFO_UNIT/rptr_empty/rbin_reg[2]/Q (DFFRQX2M)           0.52       0.52 f
  FIFO_UNIT/rptr_empty/raddr[2] (FIFO_rptr_empty_ADDR_SIZE3)
                                                          0.00       0.52 f
  FIFO_UNIT/fifomem/raddr[2] (FIFO_MEM_DATA_WIDTH8_ADDR_SIZE3)
                                                          0.00       0.52 f
  FIFO_UNIT/fifomem/U181/Y (NAND2X2M)                     0.09       0.61 r
  FIFO_UNIT/fifomem/U62/Y (BUFX2M)                        0.19       0.80 r
  FIFO_UNIT/fifomem/U154/Y (OAI22X1M)                     0.13       0.93 f
  FIFO_UNIT/fifomem/U152/Y (AOI221XLM)                    0.28       1.21 r
  FIFO_UNIT/fifomem/U151/Y (OAI22X1M)                     0.22       1.43 f
  FIFO_UNIT/fifomem/rdata[4] (FIFO_MEM_DATA_WIDTH8_ADDR_SIZE3)
                                                          0.00       1.43 f
  FIFO_UNIT/rdata[4] (FIFO_TOP_DATA_WIDTH8_ADDR_SIZE3)
                                                          0.00       1.43 f
  UART_UNIT/TX_P_DATA[4] (UART_DATA_WIDTH8)               0.00       1.43 f
  UART_UNIT/UART_TX_UNIT/P_DATA[4] (UART_TX_WIDTH8)       0.00       1.43 f
  UART_UNIT/UART_TX_UNIT/u_parity/P_DATA[4] (Parity_Calc_WIDTH8)
                                                          0.00       1.43 f
  UART_UNIT/UART_TX_UNIT/u_parity/U9/Y (AO2B2X2M)         0.33       1.76 f
  UART_UNIT/UART_TX_UNIT/u_parity/DATA_V_reg[4]/D (DFFRQX2M)
                                                          0.00       1.76 f
  data arrival time                                                  1.76

  clock TX_CLK (rise edge)                             8681.50    8681.50
  clock network delay (ideal)                             0.00    8681.50
  clock uncertainty                                      -0.20    8681.30
  UART_UNIT/UART_TX_UNIT/u_parity/DATA_V_reg[4]/CK (DFFRQX2M)
                                                          0.00    8681.30 r
  library setup time                                     -0.16    8681.14
  data required time                                              8681.14
  --------------------------------------------------------------------------
  data required time                                              8681.14
  data arrival time                                                 -1.76
  --------------------------------------------------------------------------
  slack (MET)                                                     8679.38


  Startpoint: FIFO_UNIT/rptr_empty/rbin_reg[2]
              (rising edge-triggered flip-flop clocked by TX_CLK)
  Endpoint: UART_UNIT/UART_TX_UNIT/u_parity/DATA_V_reg[6]
            (rising edge-triggered flip-flop clocked by TX_CLK)
  Path Group: TX_CLK
  Path Type: max

  Point                                                   Incr       Path
  --------------------------------------------------------------------------
  clock TX_CLK (rise edge)                                0.00       0.00
  clock network delay (ideal)                             0.00       0.00
  FIFO_UNIT/rptr_empty/rbin_reg[2]/CK (DFFRQX2M)          0.00       0.00 r
  FIFO_UNIT/rptr_empty/rbin_reg[2]/Q (DFFRQX2M)           0.52       0.52 f
  FIFO_UNIT/rptr_empty/raddr[2] (FIFO_rptr_empty_ADDR_SIZE3)
                                                          0.00       0.52 f
  FIFO_UNIT/fifomem/raddr[2] (FIFO_MEM_DATA_WIDTH8_ADDR_SIZE3)
                                                          0.00       0.52 f
  FIFO_UNIT/fifomem/U181/Y (NAND2X2M)                     0.09       0.61 r
  FIFO_UNIT/fifomem/U62/Y (BUFX2M)                        0.19       0.80 r
  FIFO_UNIT/fifomem/U150/Y (OAI22X1M)                     0.13       0.93 f
  FIFO_UNIT/fifomem/U148/Y (AOI221XLM)                    0.28       1.21 r
  FIFO_UNIT/fifomem/U147/Y (OAI22X1M)                     0.22       1.43 f
  FIFO_UNIT/fifomem/rdata[6] (FIFO_MEM_DATA_WIDTH8_ADDR_SIZE3)
                                                          0.00       1.43 f
  FIFO_UNIT/rdata[6] (FIFO_TOP_DATA_WIDTH8_ADDR_SIZE3)
                                                          0.00       1.43 f
  UART_UNIT/TX_P_DATA[6] (UART_DATA_WIDTH8)               0.00       1.43 f
  UART_UNIT/UART_TX_UNIT/P_DATA[6] (UART_TX_WIDTH8)       0.00       1.43 f
  UART_UNIT/UART_TX_UNIT/u_parity/P_DATA[6] (Parity_Calc_WIDTH8)
                                                          0.00       1.43 f
  UART_UNIT/UART_TX_UNIT/u_parity/U8/Y (AO2B2X2M)         0.33       1.76 f
  UART_UNIT/UART_TX_UNIT/u_parity/DATA_V_reg[6]/D (DFFRQX2M)
                                                          0.00       1.76 f
  data arrival time                                                  1.76

  clock TX_CLK (rise edge)                             8681.50    8681.50
  clock network delay (ideal)                             0.00    8681.50
  clock uncertainty                                      -0.20    8681.30
  UART_UNIT/UART_TX_UNIT/u_parity/DATA_V_reg[6]/CK (DFFRQX2M)
                                                          0.00    8681.30 r
  library setup time                                     -0.16    8681.14
  data required time                                              8681.14
  --------------------------------------------------------------------------
  data required time                                              8681.14
  data arrival time                                                 -1.76
  --------------------------------------------------------------------------
  slack (MET)                                                     8679.38


  Startpoint: UART_UNIT/UART_TX_UNIT/u_parity/DATA_V_reg[5]
              (rising edge-triggered flip-flop clocked by TX_CLK)
  Endpoint: UART_UNIT/UART_TX_UNIT/u_parity/par_bit_reg
            (rising edge-triggered flip-flop clocked by TX_CLK)
  Path Group: TX_CLK
  Path Type: max

  Point                                                   Incr       Path
  --------------------------------------------------------------------------
  clock TX_CLK (rise edge)                                0.00       0.00
  clock network delay (ideal)                             0.00       0.00
  UART_UNIT/UART_TX_UNIT/u_parity/DATA_V_reg[5]/CK (DFFRQX2M)
                                                          0.00       0.00 r
  UART_UNIT/UART_TX_UNIT/u_parity/DATA_V_reg[5]/Q (DFFRQX2M)
                                                          0.46       0.46 f
  UART_UNIT/UART_TX_UNIT/u_parity/U5/Y (XOR3XLM)          0.49       0.95 f
  UART_UNIT/UART_TX_UNIT/u_parity/U3/Y (XOR3XLM)          0.51       1.46 f
  UART_UNIT/UART_TX_UNIT/u_parity/U1/Y (OAI2BB2X1M)       0.14       1.60 r
  UART_UNIT/UART_TX_UNIT/u_parity/par_bit_reg/D (DFFRQX2M)
                                                          0.00       1.60 r
  data arrival time                                                  1.60

  clock TX_CLK (rise edge)                             8681.50    8681.50
  clock network delay (ideal)                             0.00    8681.50
  clock uncertainty                                      -0.20    8681.30
  UART_UNIT/UART_TX_UNIT/u_parity/par_bit_reg/CK (DFFRQX2M)
                                                          0.00    8681.30 r
  library setup time                                     -0.31    8680.98
  data required time                                              8680.98
  --------------------------------------------------------------------------
  data required time                                              8680.98
  data arrival time                                                 -1.60
  --------------------------------------------------------------------------
  slack (MET)                                                     8679.38


  Startpoint: FIFO_UNIT/rptr_empty/rbin_reg[1]
              (rising edge-triggered flip-flop clocked by TX_CLK)
  Endpoint: UART_UNIT/UART_TX_UNIT/u_serializer/DATA_V_reg[6]
            (rising edge-triggered flip-flop clocked by TX_CLK)
  Path Group: TX_CLK
  Path Type: max

  Point                                                   Incr       Path
  --------------------------------------------------------------------------
  clock TX_CLK (rise edge)                                0.00       0.00
  clock network delay (ideal)                             0.00       0.00
  FIFO_UNIT/rptr_empty/rbin_reg[1]/CK (DFFRQX2M)          0.00       0.00 r
  FIFO_UNIT/rptr_empty/rbin_reg[1]/Q (DFFRQX2M)           0.51       0.51 f
  FIFO_UNIT/rptr_empty/raddr[1] (FIFO_rptr_empty_ADDR_SIZE3)
                                                          0.00       0.51 f
  FIFO_UNIT/fifomem/raddr[1] (FIFO_MEM_DATA_WIDTH8_ADDR_SIZE3)
                                                          0.00       0.51 f
  FIFO_UNIT/fifomem/U182/Y (INVX2M)                       0.09       0.60 r
  FIFO_UNIT/fifomem/U180/Y (NAND2X2M)                     0.07       0.67 f
  FIFO_UNIT/fifomem/U60/Y (BUFX2M)                        0.20       0.86 f
  FIFO_UNIT/fifomem/U150/Y (OAI22X1M)                     0.12       0.98 r
  FIFO_UNIT/fifomem/U148/Y (AOI221XLM)                    0.11       1.09 f
  FIFO_UNIT/fifomem/U147/Y (OAI22X1M)                     0.29       1.39 r
  FIFO_UNIT/fifomem/rdata[6] (FIFO_MEM_DATA_WIDTH8_ADDR_SIZE3)
                                                          0.00       1.39 r
  FIFO_UNIT/rdata[6] (FIFO_TOP_DATA_WIDTH8_ADDR_SIZE3)
                                                          0.00       1.39 r
  UART_UNIT/TX_P_DATA[6] (UART_DATA_WIDTH8)               0.00       1.39 r
  UART_UNIT/UART_TX_UNIT/P_DATA[6] (UART_TX_WIDTH8)       0.00       1.39 r
  UART_UNIT/UART_TX_UNIT/u_serializer/DATA[6] (Serializer_WIDTH8)
                                                          0.00       1.39 r
  UART_UNIT/UART_TX_UNIT/u_serializer/U15/Y (NAND2X2M)
                                                          0.10       1.48 f
  UART_UNIT/UART_TX_UNIT/u_serializer/U14/Y (OAI221X1M)
                                                          0.08       1.56 r
  UART_UNIT/UART_TX_UNIT/u_serializer/DATA_V_reg[6]/D (DFFRQX2M)
                                                          0.00       1.56 r
  data arrival time                                                  1.56

  clock TX_CLK (rise edge)                             8681.50    8681.50
  clock network delay (ideal)                             0.00    8681.50
  clock uncertainty                                      -0.20    8681.30
  UART_UNIT/UART_TX_UNIT/u_serializer/DATA_V_reg[6]/CK (DFFRQX2M)
                                                          0.00    8681.30 r
  library setup time                                     -0.34    8680.96
  data required time                                              8680.96
  --------------------------------------------------------------------------
  data required time                                              8680.96
  data arrival time                                                 -1.56
  --------------------------------------------------------------------------
  slack (MET)                                                     8679.40


  Startpoint: FIFO_UNIT/rptr_empty/rbin_reg[1]
              (rising edge-triggered flip-flop clocked by TX_CLK)
  Endpoint: UART_UNIT/UART_TX_UNIT/u_serializer/DATA_V_reg[5]
            (rising edge-triggered flip-flop clocked by TX_CLK)
  Path Group: TX_CLK
  Path Type: max

  Point                                                   Incr       Path
  --------------------------------------------------------------------------
  clock TX_CLK (rise edge)                                0.00       0.00
  clock network delay (ideal)                             0.00       0.00
  FIFO_UNIT/rptr_empty/rbin_reg[1]/CK (DFFRQX2M)          0.00       0.00 r
  FIFO_UNIT/rptr_empty/rbin_reg[1]/Q (DFFRQX2M)           0.51       0.51 f
  FIFO_UNIT/rptr_empty/raddr[1] (FIFO_rptr_empty_ADDR_SIZE3)
                                                          0.00       0.51 f
  FIFO_UNIT/fifomem/raddr[1] (FIFO_MEM_DATA_WIDTH8_ADDR_SIZE3)
                                                          0.00       0.51 f
  FIFO_UNIT/fifomem/U182/Y (INVX2M)                       0.09       0.60 r
  FIFO_UNIT/fifomem/U180/Y (NAND2X2M)                     0.07       0.67 f
  FIFO_UNIT/fifomem/U60/Y (BUFX2M)                        0.20       0.86 f
  FIFO_UNIT/fifomem/U158/Y (OAI22X1M)                     0.12       0.98 r
  FIFO_UNIT/fifomem/U156/Y (AOI221XLM)                    0.11       1.09 f
  FIFO_UNIT/fifomem/U155/Y (OAI22X1M)                     0.29       1.39 r
  FIFO_UNIT/fifomem/rdata[5] (FIFO_MEM_DATA_WIDTH8_ADDR_SIZE3)
                                                          0.00       1.39 r
  FIFO_UNIT/rdata[5] (FIFO_TOP_DATA_WIDTH8_ADDR_SIZE3)
                                                          0.00       1.39 r
  UART_UNIT/TX_P_DATA[5] (UART_DATA_WIDTH8)               0.00       1.39 r
  UART_UNIT/UART_TX_UNIT/P_DATA[5] (UART_TX_WIDTH8)       0.00       1.39 r
  UART_UNIT/UART_TX_UNIT/u_serializer/DATA[5] (Serializer_WIDTH8)
                                                          0.00       1.39 r
  UART_UNIT/UART_TX_UNIT/u_serializer/U13/Y (NAND2X2M)
                                                          0.10       1.48 f
  UART_UNIT/UART_TX_UNIT/u_serializer/U12/Y (OAI221X1M)
                                                          0.08       1.56 r
  UART_UNIT/UART_TX_UNIT/u_serializer/DATA_V_reg[5]/D (DFFRQX2M)
                                                          0.00       1.56 r
  data arrival time                                                  1.56

  clock TX_CLK (rise edge)                             8681.50    8681.50
  clock network delay (ideal)                             0.00    8681.50
  clock uncertainty                                      -0.20    8681.30
  UART_UNIT/UART_TX_UNIT/u_serializer/DATA_V_reg[5]/CK (DFFRQX2M)
                                                          0.00    8681.30 r
  library setup time                                     -0.34    8680.96
  data required time                                              8680.96
  --------------------------------------------------------------------------
  data required time                                              8680.96
  data arrival time                                                 -1.56
  --------------------------------------------------------------------------
  slack (MET)                                                     8679.40


  Startpoint: FIFO_UNIT/rptr_empty/rbin_reg[1]
              (rising edge-triggered flip-flop clocked by TX_CLK)
  Endpoint: UART_UNIT/UART_TX_UNIT/u_serializer/DATA_V_reg[4]
            (rising edge-triggered flip-flop clocked by TX_CLK)
  Path Group: TX_CLK
  Path Type: max

  Point                                                   Incr       Path
  --------------------------------------------------------------------------
  clock TX_CLK (rise edge)                                0.00       0.00
  clock network delay (ideal)                             0.00       0.00
  FIFO_UNIT/rptr_empty/rbin_reg[1]/CK (DFFRQX2M)          0.00       0.00 r
  FIFO_UNIT/rptr_empty/rbin_reg[1]/Q (DFFRQX2M)           0.51       0.51 f
  FIFO_UNIT/rptr_empty/raddr[1] (FIFO_rptr_empty_ADDR_SIZE3)
                                                          0.00       0.51 f
  FIFO_UNIT/fifomem/raddr[1] (FIFO_MEM_DATA_WIDTH8_ADDR_SIZE3)
                                                          0.00       0.51 f
  FIFO_UNIT/fifomem/U182/Y (INVX2M)                       0.09       0.60 r
  FIFO_UNIT/fifomem/U180/Y (NAND2X2M)                     0.07       0.67 f
  FIFO_UNIT/fifomem/U60/Y (BUFX2M)                        0.20       0.86 f
  FIFO_UNIT/fifomem/U154/Y (OAI22X1M)                     0.12       0.98 r
  FIFO_UNIT/fifomem/U152/Y (AOI221XLM)                    0.11       1.09 f
  FIFO_UNIT/fifomem/U151/Y (OAI22X1M)                     0.29       1.39 r
  FIFO_UNIT/fifomem/rdata[4] (FIFO_MEM_DATA_WIDTH8_ADDR_SIZE3)
                                                          0.00       1.39 r
  FIFO_UNIT/rdata[4] (FIFO_TOP_DATA_WIDTH8_ADDR_SIZE3)
                                                          0.00       1.39 r
  UART_UNIT/TX_P_DATA[4] (UART_DATA_WIDTH8)               0.00       1.39 r
  UART_UNIT/UART_TX_UNIT/P_DATA[4] (UART_TX_WIDTH8)       0.00       1.39 r
  UART_UNIT/UART_TX_UNIT/u_serializer/DATA[4] (Serializer_WIDTH8)
                                                          0.00       1.39 r
  UART_UNIT/UART_TX_UNIT/u_serializer/U11/Y (NAND2X2M)
                                                          0.10       1.48 f
  UART_UNIT/UART_TX_UNIT/u_serializer/U10/Y (OAI221X1M)
                                                          0.08       1.56 r
  UART_UNIT/UART_TX_UNIT/u_serializer/DATA_V_reg[4]/D (DFFRQX2M)
                                                          0.00       1.56 r
  data arrival time                                                  1.56

  clock TX_CLK (rise edge)                             8681.50    8681.50
  clock network delay (ideal)                             0.00    8681.50
  clock uncertainty                                      -0.20    8681.30
  UART_UNIT/UART_TX_UNIT/u_serializer/DATA_V_reg[4]/CK (DFFRQX2M)
                                                          0.00    8681.30 r
  library setup time                                     -0.34    8680.96
  data required time                                              8680.96
  --------------------------------------------------------------------------
  data required time                                              8680.96
  data arrival time                                                 -1.56
  --------------------------------------------------------------------------
  slack (MET)                                                     8679.40


  Startpoint: FIFO_UNIT/rptr_empty/rbin_reg[1]
              (rising edge-triggered flip-flop clocked by TX_CLK)
  Endpoint: UART_UNIT/UART_TX_UNIT/u_serializer/DATA_V_reg[3]
            (rising edge-triggered flip-flop clocked by TX_CLK)
  Path Group: TX_CLK
  Path Type: max

  Point                                                   Incr       Path
  --------------------------------------------------------------------------
  clock TX_CLK (rise edge)                                0.00       0.00
  clock network delay (ideal)                             0.00       0.00
  FIFO_UNIT/rptr_empty/rbin_reg[1]/CK (DFFRQX2M)          0.00       0.00 r
  FIFO_UNIT/rptr_empty/rbin_reg[1]/Q (DFFRQX2M)           0.51       0.51 f
  FIFO_UNIT/rptr_empty/raddr[1] (FIFO_rptr_empty_ADDR_SIZE3)
                                                          0.00       0.51 f
  FIFO_UNIT/fifomem/raddr[1] (FIFO_MEM_DATA_WIDTH8_ADDR_SIZE3)
                                                          0.00       0.51 f
  FIFO_UNIT/fifomem/U182/Y (INVX2M)                       0.09       0.60 r
  FIFO_UNIT/fifomem/U180/Y (NAND2X2M)                     0.07       0.67 f
  FIFO_UNIT/fifomem/U59/Y (BUFX2M)                        0.20       0.86 f
  FIFO_UNIT/fifomem/U162/Y (OAI22X1M)                     0.12       0.98 r
  FIFO_UNIT/fifomem/U160/Y (AOI221XLM)                    0.11       1.09 f
  FIFO_UNIT/fifomem/U159/Y (OAI22X1M)                     0.29       1.39 r
  FIFO_UNIT/fifomem/rdata[3] (FIFO_MEM_DATA_WIDTH8_ADDR_SIZE3)
                                                          0.00       1.39 r
  FIFO_UNIT/rdata[3] (FIFO_TOP_DATA_WIDTH8_ADDR_SIZE3)
                                                          0.00       1.39 r
  UART_UNIT/TX_P_DATA[3] (UART_DATA_WIDTH8)               0.00       1.39 r
  UART_UNIT/UART_TX_UNIT/P_DATA[3] (UART_TX_WIDTH8)       0.00       1.39 r
  UART_UNIT/UART_TX_UNIT/u_serializer/DATA[3] (Serializer_WIDTH8)
                                                          0.00       1.39 r
  UART_UNIT/UART_TX_UNIT/u_serializer/U9/Y (NAND2X2M)     0.10       1.48 f
  UART_UNIT/UART_TX_UNIT/u_serializer/U8/Y (OAI221X1M)
                                                          0.08       1.56 r
  UART_UNIT/UART_TX_UNIT/u_serializer/DATA_V_reg[3]/D (DFFRQX2M)
                                                          0.00       1.56 r
  data arrival time                                                  1.56

  clock TX_CLK (rise edge)                             8681.50    8681.50
  clock network delay (ideal)                             0.00    8681.50
  clock uncertainty                                      -0.20    8681.30
  UART_UNIT/UART_TX_UNIT/u_serializer/DATA_V_reg[3]/CK (DFFRQX2M)
                                                          0.00    8681.30 r
  library setup time                                     -0.34    8680.96
  data required time                                              8680.96
  --------------------------------------------------------------------------
  data required time                                              8680.96
  data arrival time                                                 -1.56
  --------------------------------------------------------------------------
  slack (MET)                                                     8679.40


  Startpoint: FIFO_UNIT/rptr_empty/rbin_reg[1]
              (rising edge-triggered flip-flop clocked by TX_CLK)
  Endpoint: UART_UNIT/UART_TX_UNIT/u_serializer/DATA_V_reg[2]
            (rising edge-triggered flip-flop clocked by TX_CLK)
  Path Group: TX_CLK
  Path Type: max

  Point                                                   Incr       Path
  --------------------------------------------------------------------------
  clock TX_CLK (rise edge)                                0.00       0.00
  clock network delay (ideal)                             0.00       0.00
  FIFO_UNIT/rptr_empty/rbin_reg[1]/CK (DFFRQX2M)          0.00       0.00 r
  FIFO_UNIT/rptr_empty/rbin_reg[1]/Q (DFFRQX2M)           0.51       0.51 f
  FIFO_UNIT/rptr_empty/raddr[1] (FIFO_rptr_empty_ADDR_SIZE3)
                                                          0.00       0.51 f
  FIFO_UNIT/fifomem/raddr[1] (FIFO_MEM_DATA_WIDTH8_ADDR_SIZE3)
                                                          0.00       0.51 f
  FIFO_UNIT/fifomem/U182/Y (INVX2M)                       0.09       0.60 r
  FIFO_UNIT/fifomem/U180/Y (NAND2X2M)                     0.07       0.67 f
  FIFO_UNIT/fifomem/U59/Y (BUFX2M)                        0.20       0.86 f
  FIFO_UNIT/fifomem/U166/Y (OAI22X1M)                     0.12       0.98 r
  FIFO_UNIT/fifomem/U164/Y (AOI221XLM)                    0.11       1.09 f
  FIFO_UNIT/fifomem/U163/Y (OAI22X1M)                     0.29       1.39 r
  FIFO_UNIT/fifomem/rdata[2] (FIFO_MEM_DATA_WIDTH8_ADDR_SIZE3)
                                                          0.00       1.39 r
  FIFO_UNIT/rdata[2] (FIFO_TOP_DATA_WIDTH8_ADDR_SIZE3)
                                                          0.00       1.39 r
  UART_UNIT/TX_P_DATA[2] (UART_DATA_WIDTH8)               0.00       1.39 r
  UART_UNIT/UART_TX_UNIT/P_DATA[2] (UART_TX_WIDTH8)       0.00       1.39 r
  UART_UNIT/UART_TX_UNIT/u_serializer/DATA[2] (Serializer_WIDTH8)
                                                          0.00       1.39 r
  UART_UNIT/UART_TX_UNIT/u_serializer/U7/Y (NAND2X2M)     0.10       1.48 f
  UART_UNIT/UART_TX_UNIT/u_serializer/U6/Y (OAI221X1M)
                                                          0.08       1.56 r
  UART_UNIT/UART_TX_UNIT/u_serializer/DATA_V_reg[2]/D (DFFRQX2M)
                                                          0.00       1.56 r
  data arrival time                                                  1.56

  clock TX_CLK (rise edge)                             8681.50    8681.50
  clock network delay (ideal)                             0.00    8681.50
  clock uncertainty                                      -0.20    8681.30
  UART_UNIT/UART_TX_UNIT/u_serializer/DATA_V_reg[2]/CK (DFFRQX2M)
                                                          0.00    8681.30 r
  library setup time                                     -0.34    8680.96
  data required time                                              8680.96
  --------------------------------------------------------------------------
  data required time                                              8680.96
  data arrival time                                                 -1.56
  --------------------------------------------------------------------------
  slack (MET)                                                     8679.40


  Startpoint: FIFO_UNIT/rptr_empty/rbin_reg[1]
              (rising edge-triggered flip-flop clocked by TX_CLK)
  Endpoint: UART_UNIT/UART_TX_UNIT/u_serializer/DATA_V_reg[1]
            (rising edge-triggered flip-flop clocked by TX_CLK)
  Path Group: TX_CLK
  Path Type: max

  Point                                                   Incr       Path
  --------------------------------------------------------------------------
  clock TX_CLK (rise edge)                                0.00       0.00
  clock network delay (ideal)                             0.00       0.00
  FIFO_UNIT/rptr_empty/rbin_reg[1]/CK (DFFRQX2M)          0.00       0.00 r
  FIFO_UNIT/rptr_empty/rbin_reg[1]/Q (DFFRQX2M)           0.51       0.51 f
  FIFO_UNIT/rptr_empty/raddr[1] (FIFO_rptr_empty_ADDR_SIZE3)
                                                          0.00       0.51 f
  FIFO_UNIT/fifomem/raddr[1] (FIFO_MEM_DATA_WIDTH8_ADDR_SIZE3)
                                                          0.00       0.51 f
  FIFO_UNIT/fifomem/U182/Y (INVX2M)                       0.09       0.60 r
  FIFO_UNIT/fifomem/U180/Y (NAND2X2M)                     0.07       0.67 f
  FIFO_UNIT/fifomem/U59/Y (BUFX2M)                        0.20       0.86 f
  FIFO_UNIT/fifomem/U170/Y (OAI22X1M)                     0.12       0.98 r
  FIFO_UNIT/fifomem/U168/Y (AOI221XLM)                    0.11       1.09 f
  FIFO_UNIT/fifomem/U167/Y (OAI22X1M)                     0.29       1.39 r
  FIFO_UNIT/fifomem/rdata[1] (FIFO_MEM_DATA_WIDTH8_ADDR_SIZE3)
                                                          0.00       1.39 r
  FIFO_UNIT/rdata[1] (FIFO_TOP_DATA_WIDTH8_ADDR_SIZE3)
                                                          0.00       1.39 r
  UART_UNIT/TX_P_DATA[1] (UART_DATA_WIDTH8)               0.00       1.39 r
  UART_UNIT/UART_TX_UNIT/P_DATA[1] (UART_TX_WIDTH8)       0.00       1.39 r
  UART_UNIT/UART_TX_UNIT/u_serializer/DATA[1] (Serializer_WIDTH8)
                                                          0.00       1.39 r
  UART_UNIT/UART_TX_UNIT/u_serializer/U24/Y (NAND2X2M)
                                                          0.10       1.48 f
  UART_UNIT/UART_TX_UNIT/u_serializer/U22/Y (OAI221X1M)
                                                          0.08       1.56 r
  UART_UNIT/UART_TX_UNIT/u_serializer/DATA_V_reg[1]/D (DFFRQX2M)
                                                          0.00       1.56 r
  data arrival time                                                  1.56

  clock TX_CLK (rise edge)                             8681.50    8681.50
  clock network delay (ideal)                             0.00    8681.50
  clock uncertainty                                      -0.20    8681.30
  UART_UNIT/UART_TX_UNIT/u_serializer/DATA_V_reg[1]/CK (DFFRQX2M)
                                                          0.00    8681.30 r
  library setup time                                     -0.34    8680.96
  data required time                                              8680.96
  --------------------------------------------------------------------------
  data required time                                              8680.96
  data arrival time                                                 -1.56
  --------------------------------------------------------------------------
  slack (MET)                                                     8679.40


  Startpoint: FIFO_UNIT/rptr_empty/rbin_reg[2]
              (rising edge-triggered flip-flop clocked by TX_CLK)
  Endpoint: UART_UNIT/UART_TX_UNIT/u_parity/DATA_V_reg[0]
            (rising edge-triggered flip-flop clocked by TX_CLK)
  Path Group: TX_CLK
  Path Type: max

  Point                                                   Incr       Path
  --------------------------------------------------------------------------
  clock TX_CLK (rise edge)                                0.00       0.00
  clock network delay (ideal)                             0.00       0.00
  FIFO_UNIT/rptr_empty/rbin_reg[2]/CK (DFFRQX2M)          0.00       0.00 r
  FIFO_UNIT/rptr_empty/rbin_reg[2]/Q (DFFRQX2M)           0.52       0.52 f
  FIFO_UNIT/rptr_empty/raddr[2] (FIFO_rptr_empty_ADDR_SIZE3)
                                                          0.00       0.52 f
  FIFO_UNIT/fifomem/raddr[2] (FIFO_MEM_DATA_WIDTH8_ADDR_SIZE3)
                                                          0.00       0.52 f
  FIFO_UNIT/fifomem/U181/Y (NAND2X2M)                     0.09       0.61 r
  FIFO_UNIT/fifomem/U61/Y (BUFX2M)                        0.19       0.80 r
  FIFO_UNIT/fifomem/U174/Y (OAI22X1M)                     0.13       0.93 f
  FIFO_UNIT/fifomem/U172/Y (AOI221XLM)                    0.28       1.21 r
  FIFO_UNIT/fifomem/U171/Y (OAI22X1M)                     0.20       1.41 f
  FIFO_UNIT/fifomem/rdata[0] (FIFO_MEM_DATA_WIDTH8_ADDR_SIZE3)
                                                          0.00       1.41 f
  FIFO_UNIT/rdata[0] (FIFO_TOP_DATA_WIDTH8_ADDR_SIZE3)
                                                          0.00       1.41 f
  UART_UNIT/TX_P_DATA[0] (UART_DATA_WIDTH8)               0.00       1.41 f
  UART_UNIT/UART_TX_UNIT/P_DATA[0] (UART_TX_WIDTH8)       0.00       1.41 f
  UART_UNIT/UART_TX_UNIT/u_parity/P_DATA[0] (Parity_Calc_WIDTH8)
                                                          0.00       1.41 f
  UART_UNIT/UART_TX_UNIT/u_parity/U13/Y (AO2B2X2M)        0.33       1.73 f
  UART_UNIT/UART_TX_UNIT/u_parity/DATA_V_reg[0]/D (DFFRQX2M)
                                                          0.00       1.73 f
  data arrival time                                                  1.73

  clock TX_CLK (rise edge)                             8681.50    8681.50
  clock network delay (ideal)                             0.00    8681.50
  clock uncertainty                                      -0.20    8681.30
  UART_UNIT/UART_TX_UNIT/u_parity/DATA_V_reg[0]/CK (DFFRQX2M)
                                                          0.00    8681.30 r
  library setup time                                     -0.16    8681.14
  data required time                                              8681.14
  --------------------------------------------------------------------------
  data required time                                              8681.14
  data arrival time                                                 -1.73
  --------------------------------------------------------------------------
  slack (MET)                                                     8679.40


  Startpoint: FIFO_UNIT/rptr_empty/rbin_reg[2]
              (rising edge-triggered flip-flop clocked by TX_CLK)
  Endpoint: UART_UNIT/UART_TX_UNIT/u_parity/DATA_V_reg[7]
            (rising edge-triggered flip-flop clocked by TX_CLK)
  Path Group: TX_CLK
  Path Type: max

  Point                                                   Incr       Path
  --------------------------------------------------------------------------
  clock TX_CLK (rise edge)                                0.00       0.00
  clock network delay (ideal)                             0.00       0.00
  FIFO_UNIT/rptr_empty/rbin_reg[2]/CK (DFFRQX2M)          0.00       0.00 r
  FIFO_UNIT/rptr_empty/rbin_reg[2]/Q (DFFRQX2M)           0.52       0.52 f
  FIFO_UNIT/rptr_empty/raddr[2] (FIFO_rptr_empty_ADDR_SIZE3)
                                                          0.00       0.52 f
  FIFO_UNIT/fifomem/raddr[2] (FIFO_MEM_DATA_WIDTH8_ADDR_SIZE3)
                                                          0.00       0.52 f
  FIFO_UNIT/fifomem/U181/Y (NAND2X2M)                     0.09       0.61 r
  FIFO_UNIT/fifomem/U62/Y (BUFX2M)                        0.19       0.80 r
  FIFO_UNIT/fifomem/U178/Y (OAI22X1M)                     0.13       0.93 f
  FIFO_UNIT/fifomem/U176/Y (AOI221XLM)                    0.28       1.21 r
  FIFO_UNIT/fifomem/U175/Y (OAI22X1M)                     0.20       1.41 f
  FIFO_UNIT/fifomem/rdata[7] (FIFO_MEM_DATA_WIDTH8_ADDR_SIZE3)
                                                          0.00       1.41 f
  FIFO_UNIT/rdata[7] (FIFO_TOP_DATA_WIDTH8_ADDR_SIZE3)
                                                          0.00       1.41 f
  UART_UNIT/TX_P_DATA[7] (UART_DATA_WIDTH8)               0.00       1.41 f
  UART_UNIT/UART_TX_UNIT/P_DATA[7] (UART_TX_WIDTH8)       0.00       1.41 f
  UART_UNIT/UART_TX_UNIT/u_parity/P_DATA[7] (Parity_Calc_WIDTH8)
                                                          0.00       1.41 f
  UART_UNIT/UART_TX_UNIT/u_parity/U7/Y (AO2B2X2M)         0.33       1.73 f
  UART_UNIT/UART_TX_UNIT/u_parity/DATA_V_reg[7]/D (DFFRQX2M)
                                                          0.00       1.73 f
  data arrival time                                                  1.73

  clock TX_CLK (rise edge)                             8681.50    8681.50
  clock network delay (ideal)                             0.00    8681.50
  clock uncertainty                                      -0.20    8681.30
  UART_UNIT/UART_TX_UNIT/u_parity/DATA_V_reg[7]/CK (DFFRQX2M)
                                                          0.00    8681.30 r
  library setup time                                     -0.16    8681.14
  data required time                                              8681.14
  --------------------------------------------------------------------------
  data required time                                              8681.14
  data arrival time                                                 -1.73
  --------------------------------------------------------------------------
  slack (MET)                                                     8679.40


  Startpoint: FIFO_UNIT/rptr_empty/rbin_reg[1]
              (rising edge-triggered flip-flop clocked by TX_CLK)
  Endpoint: UART_UNIT/UART_TX_UNIT/u_serializer/DATA_V_reg[7]
            (rising edge-triggered flip-flop clocked by TX_CLK)
  Path Group: TX_CLK
  Path Type: max

  Point                                                   Incr       Path
  --------------------------------------------------------------------------
  clock TX_CLK (rise edge)                                0.00       0.00
  clock network delay (ideal)                             0.00       0.00
  FIFO_UNIT/rptr_empty/rbin_reg[1]/CK (DFFRQX2M)          0.00       0.00 r
  FIFO_UNIT/rptr_empty/rbin_reg[1]/Q (DFFRQX2M)           0.51       0.51 f
  FIFO_UNIT/rptr_empty/raddr[1] (FIFO_rptr_empty_ADDR_SIZE3)
                                                          0.00       0.51 f
  FIFO_UNIT/fifomem/raddr[1] (FIFO_MEM_DATA_WIDTH8_ADDR_SIZE3)
                                                          0.00       0.51 f
  FIFO_UNIT/fifomem/U182/Y (INVX2M)                       0.09       0.60 r
  FIFO_UNIT/fifomem/U180/Y (NAND2X2M)                     0.07       0.67 f
  FIFO_UNIT/fifomem/U60/Y (BUFX2M)                        0.20       0.86 f
  FIFO_UNIT/fifomem/U178/Y (OAI22X1M)                     0.12       0.98 r
  FIFO_UNIT/fifomem/U176/Y (AOI221XLM)                    0.11       1.09 f
  FIFO_UNIT/fifomem/U175/Y (OAI22X1M)                     0.26       1.35 r
  FIFO_UNIT/fifomem/rdata[7] (FIFO_MEM_DATA_WIDTH8_ADDR_SIZE3)
                                                          0.00       1.35 r
  FIFO_UNIT/rdata[7] (FIFO_TOP_DATA_WIDTH8_ADDR_SIZE3)
                                                          0.00       1.35 r
  UART_UNIT/TX_P_DATA[7] (UART_DATA_WIDTH8)               0.00       1.35 r
  UART_UNIT/UART_TX_UNIT/P_DATA[7] (UART_TX_WIDTH8)       0.00       1.35 r
  UART_UNIT/UART_TX_UNIT/u_serializer/DATA[7] (Serializer_WIDTH8)
                                                          0.00       1.35 r
  UART_UNIT/UART_TX_UNIT/u_serializer/U16/Y (OAI2BB2X1M)
                                                          0.18       1.53 r
  UART_UNIT/UART_TX_UNIT/u_serializer/DATA_V_reg[7]/D (DFFRQX2M)
                                                          0.00       1.53 r
  data arrival time                                                  1.53

  clock TX_CLK (rise edge)                             8681.50    8681.50
  clock network delay (ideal)                             0.00    8681.50
  clock uncertainty                                      -0.20    8681.30
  UART_UNIT/UART_TX_UNIT/u_serializer/DATA_V_reg[7]/CK (DFFRQX2M)
                                                          0.00    8681.30 r
  library setup time                                     -0.31    8680.98
  data required time                                              8680.98
  --------------------------------------------------------------------------
  data required time                                              8680.98
  data arrival time                                                 -1.53
  --------------------------------------------------------------------------
  slack (MET)                                                     8679.45


  Startpoint: FIFO_UNIT/rptr_empty/rbin_reg[1]
              (rising edge-triggered flip-flop clocked by TX_CLK)
  Endpoint: UART_UNIT/UART_TX_UNIT/u_serializer/DATA_V_reg[0]
            (rising edge-triggered flip-flop clocked by TX_CLK)
  Path Group: TX_CLK
  Path Type: max

  Point                                                   Incr       Path
  --------------------------------------------------------------------------
  clock TX_CLK (rise edge)                                0.00       0.00
  clock network delay (ideal)                             0.00       0.00
  FIFO_UNIT/rptr_empty/rbin_reg[1]/CK (DFFRQX2M)          0.00       0.00 r
  FIFO_UNIT/rptr_empty/rbin_reg[1]/Q (DFFRQX2M)           0.51       0.51 f
  FIFO_UNIT/rptr_empty/raddr[1] (FIFO_rptr_empty_ADDR_SIZE3)
                                                          0.00       0.51 f
  FIFO_UNIT/fifomem/raddr[1] (FIFO_MEM_DATA_WIDTH8_ADDR_SIZE3)
                                                          0.00       0.51 f
  FIFO_UNIT/fifomem/U182/Y (INVX2M)                       0.09       0.60 r
  FIFO_UNIT/fifomem/U180/Y (NAND2X2M)                     0.07       0.67 f
  FIFO_UNIT/fifomem/U59/Y (BUFX2M)                        0.20       0.86 f
  FIFO_UNIT/fifomem/U174/Y (OAI22X1M)                     0.12       0.98 r
  FIFO_UNIT/fifomem/U172/Y (AOI221XLM)                    0.11       1.09 f
  FIFO_UNIT/fifomem/U171/Y (OAI22X1M)                     0.26       1.35 r
  FIFO_UNIT/fifomem/rdata[0] (FIFO_MEM_DATA_WIDTH8_ADDR_SIZE3)
                                                          0.00       1.35 r
  FIFO_UNIT/rdata[0] (FIFO_TOP_DATA_WIDTH8_ADDR_SIZE3)
                                                          0.00       1.35 r
  UART_UNIT/TX_P_DATA[0] (UART_DATA_WIDTH8)               0.00       1.35 r
  UART_UNIT/UART_TX_UNIT/P_DATA[0] (UART_TX_WIDTH8)       0.00       1.35 r
  UART_UNIT/UART_TX_UNIT/u_serializer/DATA[0] (Serializer_WIDTH8)
                                                          0.00       1.35 r
  UART_UNIT/UART_TX_UNIT/u_serializer/U27/Y (OAI2BB1X2M)
                                                          0.16       1.52 r
  UART_UNIT/UART_TX_UNIT/u_serializer/DATA_V_reg[0]/D (DFFRQX2M)
                                                          0.00       1.52 r
  data arrival time                                                  1.52

  clock TX_CLK (rise edge)                             8681.50    8681.50
  clock network delay (ideal)                             0.00    8681.50
  clock uncertainty                                      -0.20    8681.30
  UART_UNIT/UART_TX_UNIT/u_serializer/DATA_V_reg[0]/CK (DFFRQX2M)
                                                          0.00    8681.30 r
  library setup time                                     -0.30    8681.00
  data required time                                              8681.00
  --------------------------------------------------------------------------
  data required time                                              8681.00
  data arrival time                                                 -1.52
  --------------------------------------------------------------------------
  slack (MET)                                                     8679.48


  Startpoint: RD_INC_UNIT/LVL_SIG_reg_reg
              (rising edge-triggered flip-flop clocked by TX_CLK)
  Endpoint: FIFO_UNIT/rptr_empty/rptr_reg[2]
            (rising edge-triggered flip-flop clocked by TX_CLK)
  Path Group: TX_CLK
  Path Type: max

  Point                                                   Incr       Path
  --------------------------------------------------------------------------
  clock TX_CLK (rise edge)                                0.00       0.00
  clock network delay (ideal)                             0.00       0.00
  RD_INC_UNIT/LVL_SIG_reg_reg/CK (DFFRQX2M)               0.00       0.00 r
  RD_INC_UNIT/LVL_SIG_reg_reg/Q (DFFRQX2M)                0.46       0.46 f
  RD_INC_UNIT/U3/Y (NOR2BX2M)                             0.16       0.61 r
  RD_INC_UNIT/PULSE_SIG (PULSE_GEN)                       0.00       0.61 r
  FIFO_UNIT/rinc (FIFO_TOP_DATA_WIDTH8_ADDR_SIZE3)        0.00       0.61 r
  FIFO_UNIT/rptr_empty/rinc (FIFO_rptr_empty_ADDR_SIZE3)
                                                          0.00       0.61 r
  FIFO_UNIT/rptr_empty/U12/Y (NAND3X2M)                   0.14       0.75 f
  FIFO_UNIT/rptr_empty/U7/Y (NOR2BX2M)                    0.18       0.93 r
  FIFO_UNIT/rptr_empty/U15/Y (CLKXOR2X2M)                 0.28       1.20 f
  FIFO_UNIT/rptr_empty/U3/Y (CLKXOR2X2M)                  0.29       1.49 r
  FIFO_UNIT/rptr_empty/rptr_reg[2]/D (DFFRQX2M)           0.00       1.49 r
  data arrival time                                                  1.49

  clock TX_CLK (rise edge)                             8681.50    8681.50
  clock network delay (ideal)                             0.00    8681.50
  clock uncertainty                                      -0.20    8681.30
  FIFO_UNIT/rptr_empty/rptr_reg[2]/CK (DFFRQX2M)          0.00    8681.30 r
  library setup time                                     -0.30    8680.99
  data required time                                              8680.99
  --------------------------------------------------------------------------
  data required time                                              8680.99
  data arrival time                                                 -1.49
  --------------------------------------------------------------------------
  slack (MET)                                                     8679.50


  Startpoint: RD_INC_UNIT/LVL_SIG_reg_reg
              (rising edge-triggered flip-flop clocked by TX_CLK)
  Endpoint: FIFO_UNIT/rptr_empty/rptr_reg[1]
            (rising edge-triggered flip-flop clocked by TX_CLK)
  Path Group: TX_CLK
  Path Type: max

  Point                                                   Incr       Path
  --------------------------------------------------------------------------
  clock TX_CLK (rise edge)                                0.00       0.00
  clock network delay (ideal)                             0.00       0.00
  RD_INC_UNIT/LVL_SIG_reg_reg/CK (DFFRQX2M)               0.00       0.00 r
  RD_INC_UNIT/LVL_SIG_reg_reg/Q (DFFRQX2M)                0.46       0.46 f
  RD_INC_UNIT/U3/Y (NOR2BX2M)                             0.16       0.61 r
  RD_INC_UNIT/PULSE_SIG (PULSE_GEN)                       0.00       0.61 r
  FIFO_UNIT/rinc (FIFO_TOP_DATA_WIDTH8_ADDR_SIZE3)        0.00       0.61 r
  FIFO_UNIT/rptr_empty/rinc (FIFO_rptr_empty_ADDR_SIZE3)
                                                          0.00       0.61 r
  FIFO_UNIT/rptr_empty/U12/Y (NAND3X2M)                   0.14       0.75 f
  FIFO_UNIT/rptr_empty/U7/Y (NOR2BX2M)                    0.18       0.93 r
  FIFO_UNIT/rptr_empty/U15/Y (CLKXOR2X2M)                 0.28       1.20 f
  FIFO_UNIT/rptr_empty/U1/Y (CLKXOR2X2M)                  0.21       1.41 r
  FIFO_UNIT/rptr_empty/rptr_reg[1]/D (DFFRQX2M)           0.00       1.41 r
  data arrival time                                                  1.41

  clock TX_CLK (rise edge)                             8681.50    8681.50
  clock network delay (ideal)                             0.00    8681.50
  clock uncertainty                                      -0.20    8681.30
  FIFO_UNIT/rptr_empty/rptr_reg[1]/CK (DFFRQX2M)          0.00    8681.30 r
  library setup time                                     -0.30    8680.99
  data required time                                              8680.99
  --------------------------------------------------------------------------
  data required time                                              8680.99
  data arrival time                                                 -1.41
  --------------------------------------------------------------------------
  slack (MET)                                                     8679.58


  Startpoint: UART_UNIT/UART_TX_UNIT/u_fsm/Current_State_reg[2]
              (rising edge-triggered flip-flop clocked by TX_CLK)
  Endpoint: UART_UNIT/UART_TX_UNIT/u_serializer/ser_count_reg[2]
            (rising edge-triggered flip-flop clocked by TX_CLK)
  Path Group: TX_CLK
  Path Type: max

  Point                                                   Incr       Path
  --------------------------------------------------------------------------
  clock TX_CLK (rise edge)                                0.00       0.00
  clock network delay (ideal)                             0.00       0.00
  UART_UNIT/UART_TX_UNIT/u_fsm/Current_State_reg[2]/CK (DFFRQX2M)
                                                          0.00       0.00 r
  UART_UNIT/UART_TX_UNIT/u_fsm/Current_State_reg[2]/Q (DFFRQX2M)
                                                          0.50       0.50 f
  UART_UNIT/UART_TX_UNIT/u_fsm/U6/Y (NOR2X2M)             0.20       0.70 r
  UART_UNIT/UART_TX_UNIT/u_fsm/U5/Y (NAND2X2M)            0.11       0.81 f
  UART_UNIT/UART_TX_UNIT/u_fsm/U3/Y (INVX2M)              0.09       0.90 r
  UART_UNIT/UART_TX_UNIT/u_fsm/ser_en (FSM)               0.00       0.90 r
  UART_UNIT/UART_TX_UNIT/u_serializer/Enable (Serializer_WIDTH8)
                                                          0.00       0.90 r
  UART_UNIT/UART_TX_UNIT/u_serializer/U3/Y (INVX2M)       0.07       0.96 f
  UART_UNIT/UART_TX_UNIT/u_serializer/U21/Y (AOI2BB1X2M)
                                                          0.21       1.18 f
  UART_UNIT/UART_TX_UNIT/u_serializer/U20/Y (OAI32X1M)
                                                          0.10       1.28 r
  UART_UNIT/UART_TX_UNIT/u_serializer/ser_count_reg[2]/D (DFFRQX2M)
                                                          0.00       1.28 r
  data arrival time                                                  1.28

  clock TX_CLK (rise edge)                             8681.50    8681.50
  clock network delay (ideal)                             0.00    8681.50
  clock uncertainty                                      -0.20    8681.30
  UART_UNIT/UART_TX_UNIT/u_serializer/ser_count_reg[2]/CK (DFFRQX2M)
                                                          0.00    8681.30 r
  library setup time                                     -0.35    8680.95
  data required time                                              8680.95
  --------------------------------------------------------------------------
  data required time                                              8680.95
  data arrival time                                                 -1.28
  --------------------------------------------------------------------------
  slack (MET)                                                     8679.67


  Startpoint: RD_INC_UNIT/LVL_SIG_reg_reg
              (rising edge-triggered flip-flop clocked by TX_CLK)
  Endpoint: FIFO_UNIT/rptr_empty/rbin_reg[3]
            (rising edge-triggered flip-flop clocked by TX_CLK)
  Path Group: TX_CLK
  Path Type: max

  Point                                                   Incr       Path
  --------------------------------------------------------------------------
  clock TX_CLK (rise edge)                                0.00       0.00
  clock network delay (ideal)                             0.00       0.00
  RD_INC_UNIT/LVL_SIG_reg_reg/CK (DFFRQX2M)               0.00       0.00 r
  RD_INC_UNIT/LVL_SIG_reg_reg/Q (DFFRQX2M)                0.46       0.46 f
  RD_INC_UNIT/U3/Y (NOR2BX2M)                             0.16       0.61 r
  RD_INC_UNIT/PULSE_SIG (PULSE_GEN)                       0.00       0.61 r
  FIFO_UNIT/rinc (FIFO_TOP_DATA_WIDTH8_ADDR_SIZE3)        0.00       0.61 r
  FIFO_UNIT/rptr_empty/rinc (FIFO_rptr_empty_ADDR_SIZE3)
                                                          0.00       0.61 r
  FIFO_UNIT/rptr_empty/U12/Y (NAND3X2M)                   0.14       0.75 f
  FIFO_UNIT/rptr_empty/U7/Y (NOR2BX2M)                    0.18       0.93 r
  FIFO_UNIT/rptr_empty/U14/Y (NAND2X2M)                   0.08       1.01 f
  FIFO_UNIT/rptr_empty/U13/Y (XNOR2X2M)                   0.15       1.16 r
  FIFO_UNIT/rptr_empty/rbin_reg[3]/D (DFFRQX2M)           0.00       1.16 r
  data arrival time                                                  1.16

  clock TX_CLK (rise edge)                             8681.50    8681.50
  clock network delay (ideal)                             0.00    8681.50
  clock uncertainty                                      -0.20    8681.30
  FIFO_UNIT/rptr_empty/rbin_reg[3]/CK (DFFRQX2M)          0.00    8681.30 r
  library setup time                                     -0.34    8680.96
  data required time                                              8680.96
  --------------------------------------------------------------------------
  data required time                                              8680.96
  data arrival time                                                 -1.16
  --------------------------------------------------------------------------
  slack (MET)                                                     8679.80


  Startpoint: RD_INC_UNIT/LVL_SIG_reg_reg
              (rising edge-triggered flip-flop clocked by TX_CLK)
  Endpoint: FIFO_UNIT/rptr_empty/rptr_reg[3]
            (rising edge-triggered flip-flop clocked by TX_CLK)
  Path Group: TX_CLK
  Path Type: max

  Point                                                   Incr       Path
  --------------------------------------------------------------------------
  clock TX_CLK (rise edge)                                0.00       0.00
  clock network delay (ideal)                             0.00       0.00
  RD_INC_UNIT/LVL_SIG_reg_reg/CK (DFFRQX2M)               0.00       0.00 r
  RD_INC_UNIT/LVL_SIG_reg_reg/Q (DFFRQX2M)                0.46       0.46 f
  RD_INC_UNIT/U3/Y (NOR2BX2M)                             0.16       0.61 r
  RD_INC_UNIT/PULSE_SIG (PULSE_GEN)                       0.00       0.61 r
  FIFO_UNIT/rinc (FIFO_TOP_DATA_WIDTH8_ADDR_SIZE3)        0.00       0.61 r
  FIFO_UNIT/rptr_empty/rinc (FIFO_rptr_empty_ADDR_SIZE3)
                                                          0.00       0.61 r
  FIFO_UNIT/rptr_empty/U12/Y (NAND3X2M)                   0.14       0.75 f
  FIFO_UNIT/rptr_empty/U7/Y (NOR2BX2M)                    0.18       0.93 r
  FIFO_UNIT/rptr_empty/U14/Y (NAND2X2M)                   0.08       1.01 f
  FIFO_UNIT/rptr_empty/U13/Y (XNOR2X2M)                   0.15       1.16 r
  FIFO_UNIT/rptr_empty/rptr_reg[3]/D (DFFRQX2M)           0.00       1.16 r
  data arrival time                                                  1.16

  clock TX_CLK (rise edge)                             8681.50    8681.50
  clock network delay (ideal)                             0.00    8681.50
  clock uncertainty                                      -0.20    8681.30
  FIFO_UNIT/rptr_empty/rptr_reg[3]/CK (DFFRQX2M)          0.00    8681.30 r
  library setup time                                     -0.34    8680.96
  data required time                                              8680.96
  --------------------------------------------------------------------------
  data required time                                              8680.96
  data arrival time                                                 -1.16
  --------------------------------------------------------------------------
  slack (MET)                                                     8679.80


  Startpoint: RD_INC_UNIT/LVL_SIG_reg_reg
              (rising edge-triggered flip-flop clocked by TX_CLK)
  Endpoint: FIFO_UNIT/rptr_empty/rbin_reg[2]
            (rising edge-triggered flip-flop clocked by TX_CLK)
  Path Group: TX_CLK
  Path Type: max

  Point                                                   Incr       Path
  --------------------------------------------------------------------------
  clock TX_CLK (rise edge)                                0.00       0.00
  clock network delay (ideal)                             0.00       0.00
  RD_INC_UNIT/LVL_SIG_reg_reg/CK (DFFRQX2M)               0.00       0.00 r
  RD_INC_UNIT/LVL_SIG_reg_reg/Q (DFFRQX2M)                0.46       0.46 f
  RD_INC_UNIT/U3/Y (NOR2BX2M)                             0.16       0.61 r
  RD_INC_UNIT/PULSE_SIG (PULSE_GEN)                       0.00       0.61 r
  FIFO_UNIT/rinc (FIFO_TOP_DATA_WIDTH8_ADDR_SIZE3)        0.00       0.61 r
  FIFO_UNIT/rptr_empty/rinc (FIFO_rptr_empty_ADDR_SIZE3)
                                                          0.00       0.61 r
  FIFO_UNIT/rptr_empty/U12/Y (NAND3X2M)                   0.14       0.75 f
  FIFO_UNIT/rptr_empty/U7/Y (NOR2BX2M)                    0.18       0.93 r
  FIFO_UNIT/rptr_empty/U15/Y (CLKXOR2X2M)                 0.21       1.14 r
  FIFO_UNIT/rptr_empty/rbin_reg[2]/D (DFFRQX2M)           0.00       1.14 r
  data arrival time                                                  1.14

  clock TX_CLK (rise edge)                             8681.50    8681.50
  clock network delay (ideal)                             0.00    8681.50
  clock uncertainty                                      -0.20    8681.30
  FIFO_UNIT/rptr_empty/rbin_reg[2]/CK (DFFRQX2M)          0.00    8681.30 r
  library setup time                                     -0.31    8680.99
  data required time                                              8680.99
  --------------------------------------------------------------------------
  data required time                                              8680.99
  data arrival time                                                 -1.14
  --------------------------------------------------------------------------
  slack (MET)                                                     8679.85


  Startpoint: RD_INC_UNIT/LVL_SIG_reg_reg
              (rising edge-triggered flip-flop clocked by TX_CLK)
  Endpoint: FIFO_UNIT/rptr_empty/rptr_reg[0]
            (rising edge-triggered flip-flop clocked by TX_CLK)
  Path Group: TX_CLK
  Path Type: max

  Point                                                   Incr       Path
  --------------------------------------------------------------------------
  clock TX_CLK (rise edge)                                0.00       0.00
  clock network delay (ideal)                             0.00       0.00
  RD_INC_UNIT/LVL_SIG_reg_reg/CK (DFFRQX2M)               0.00       0.00 r
  RD_INC_UNIT/LVL_SIG_reg_reg/Q (DFFRQX2M)                0.46       0.46 f
  RD_INC_UNIT/U3/Y (NOR2BX2M)                             0.16       0.61 r
  RD_INC_UNIT/PULSE_SIG (PULSE_GEN)                       0.00       0.61 r
  FIFO_UNIT/rinc (FIFO_TOP_DATA_WIDTH8_ADDR_SIZE3)        0.00       0.61 r
  FIFO_UNIT/rptr_empty/rinc (FIFO_rptr_empty_ADDR_SIZE3)
                                                          0.00       0.61 r
  FIFO_UNIT/rptr_empty/U12/Y (NAND3X2M)                   0.14       0.75 f
  FIFO_UNIT/rptr_empty/U4/Y (XNOR2X2M)                    0.16       0.91 f
  FIFO_UNIT/rptr_empty/U2/Y (CLKXOR2X2M)                  0.21       1.12 r
  FIFO_UNIT/rptr_empty/rptr_reg[0]/D (DFFRQX2M)           0.00       1.12 r
  data arrival time                                                  1.12

  clock TX_CLK (rise edge)                             8681.50    8681.50
  clock network delay (ideal)                             0.00    8681.50
  clock uncertainty                                      -0.20    8681.30
  FIFO_UNIT/rptr_empty/rptr_reg[0]/CK (DFFRQX2M)          0.00    8681.30 r
  library setup time                                     -0.30    8680.99
  data required time                                              8680.99
  --------------------------------------------------------------------------
  data required time                                              8680.99
  data arrival time                                                 -1.12
  --------------------------------------------------------------------------
  slack (MET)                                                     8679.87


  Startpoint: UART_UNIT/UART_TX_UNIT/u_fsm/Current_State_reg[2]
              (rising edge-triggered flip-flop clocked by TX_CLK)
  Endpoint: UART_UNIT/UART_TX_UNIT/u_serializer/ser_count_reg[0]
            (rising edge-triggered flip-flop clocked by TX_CLK)
  Path Group: TX_CLK
  Path Type: max

  Point                                                   Incr       Path
  --------------------------------------------------------------------------
  clock TX_CLK (rise edge)                                0.00       0.00
  clock network delay (ideal)                             0.00       0.00
  UART_UNIT/UART_TX_UNIT/u_fsm/Current_State_reg[2]/CK (DFFRQX2M)
                                                          0.00       0.00 r
  UART_UNIT/UART_TX_UNIT/u_fsm/Current_State_reg[2]/Q (DFFRQX2M)
                                                          0.50       0.50 f
  UART_UNIT/UART_TX_UNIT/u_fsm/U6/Y (NOR2X2M)             0.20       0.70 r
  UART_UNIT/UART_TX_UNIT/u_fsm/U5/Y (NAND2X2M)            0.11       0.81 f
  UART_UNIT/UART_TX_UNIT/u_fsm/U3/Y (INVX2M)              0.09       0.90 r
  UART_UNIT/UART_TX_UNIT/u_fsm/ser_en (FSM)               0.00       0.90 r
  UART_UNIT/UART_TX_UNIT/u_serializer/Enable (Serializer_WIDTH8)
                                                          0.00       0.90 r
  UART_UNIT/UART_TX_UNIT/u_serializer/U3/Y (INVX2M)       0.07       0.96 f
  UART_UNIT/UART_TX_UNIT/u_serializer/U26/Y (NOR2X2M)     0.11       1.08 r
  UART_UNIT/UART_TX_UNIT/u_serializer/ser_count_reg[0]/D (DFFRQX2M)
                                                          0.00       1.08 r
  data arrival time                                                  1.08

  clock TX_CLK (rise edge)                             8681.50    8681.50
  clock network delay (ideal)                             0.00    8681.50
  clock uncertainty                                      -0.20    8681.30
  UART_UNIT/UART_TX_UNIT/u_serializer/ser_count_reg[0]/CK (DFFRQX2M)
                                                          0.00    8681.30 r
  library setup time                                     -0.31    8680.98
  data required time                                              8680.98
  --------------------------------------------------------------------------
  data required time                                              8680.98
  data arrival time                                                 -1.08
  --------------------------------------------------------------------------
  slack (MET)                                                     8679.91


  Startpoint: UART_UNIT/UART_TX_UNIT/u_fsm/Current_State_reg[2]
              (rising edge-triggered flip-flop clocked by TX_CLK)
  Endpoint: UART_UNIT/UART_TX_UNIT/u_serializer/ser_count_reg[1]
            (rising edge-triggered flip-flop clocked by TX_CLK)
  Path Group: TX_CLK
  Path Type: max

  Point                                                   Incr       Path
  --------------------------------------------------------------------------
  clock TX_CLK (rise edge)                                0.00       0.00
  clock network delay (ideal)                             0.00       0.00
  UART_UNIT/UART_TX_UNIT/u_fsm/Current_State_reg[2]/CK (DFFRQX2M)
                                                          0.00       0.00 r
  UART_UNIT/UART_TX_UNIT/u_fsm/Current_State_reg[2]/Q (DFFRQX2M)
                                                          0.50       0.50 f
  UART_UNIT/UART_TX_UNIT/u_fsm/U6/Y (NOR2X2M)             0.20       0.70 r
  UART_UNIT/UART_TX_UNIT/u_fsm/U5/Y (NAND2X2M)            0.11       0.81 f
  UART_UNIT/UART_TX_UNIT/u_fsm/U3/Y (INVX2M)              0.09       0.90 r
  UART_UNIT/UART_TX_UNIT/u_fsm/ser_en (FSM)               0.00       0.90 r
  UART_UNIT/UART_TX_UNIT/u_serializer/Enable (Serializer_WIDTH8)
                                                          0.00       0.90 r
  UART_UNIT/UART_TX_UNIT/u_serializer/U30/Y (OAI211X2M)
                                                          0.10       0.99 f
  UART_UNIT/UART_TX_UNIT/u_serializer/U29/Y (INVX2M)      0.06       1.05 r
  UART_UNIT/UART_TX_UNIT/u_serializer/ser_count_reg[1]/D (DFFRQX2M)
                                                          0.00       1.05 r
  data arrival time                                                  1.05

  clock TX_CLK (rise edge)                             8681.50    8681.50
  clock network delay (ideal)                             0.00    8681.50
  clock uncertainty                                      -0.20    8681.30
  UART_UNIT/UART_TX_UNIT/u_serializer/ser_count_reg[1]/CK (DFFRQX2M)
                                                          0.00    8681.30 r
  library setup time                                     -0.30    8681.00
  data required time                                              8681.00
  --------------------------------------------------------------------------
  data required time                                              8681.00
  data arrival time                                                 -1.05
  --------------------------------------------------------------------------
  slack (MET)                                                     8679.95


  Startpoint: RD_INC_UNIT/LVL_SIG_reg_reg
              (rising edge-triggered flip-flop clocked by TX_CLK)
  Endpoint: FIFO_UNIT/rptr_empty/rbin_reg[1]
            (rising edge-triggered flip-flop clocked by TX_CLK)
  Path Group: TX_CLK
  Path Type: max

  Point                                                   Incr       Path
  --------------------------------------------------------------------------
  clock TX_CLK (rise edge)                                0.00       0.00
  clock network delay (ideal)                             0.00       0.00
  RD_INC_UNIT/LVL_SIG_reg_reg/CK (DFFRQX2M)               0.00       0.00 r
  RD_INC_UNIT/LVL_SIG_reg_reg/Q (DFFRQX2M)                0.46       0.46 f
  RD_INC_UNIT/U3/Y (NOR2BX2M)                             0.16       0.61 r
  RD_INC_UNIT/PULSE_SIG (PULSE_GEN)                       0.00       0.61 r
  FIFO_UNIT/rinc (FIFO_TOP_DATA_WIDTH8_ADDR_SIZE3)        0.00       0.61 r
  FIFO_UNIT/rptr_empty/rinc (FIFO_rptr_empty_ADDR_SIZE3)
                                                          0.00       0.61 r
  FIFO_UNIT/rptr_empty/U12/Y (NAND3X2M)                   0.14       0.75 f
  FIFO_UNIT/rptr_empty/U4/Y (XNOR2X2M)                    0.15       0.90 r
  FIFO_UNIT/rptr_empty/rbin_reg[1]/D (DFFRQX2M)           0.00       0.90 r
  data arrival time                                                  0.90

  clock TX_CLK (rise edge)                             8681.50    8681.50
  clock network delay (ideal)                             0.00    8681.50
  clock uncertainty                                      -0.20    8681.30
  FIFO_UNIT/rptr_empty/rbin_reg[1]/CK (DFFRQX2M)          0.00    8681.30 r
  library setup time                                     -0.34    8680.96
  data required time                                              8680.96
  --------------------------------------------------------------------------
  data required time                                              8680.96
  data arrival time                                                 -0.90
  --------------------------------------------------------------------------
  slack (MET)                                                     8680.06


  Startpoint: UART_UNIT/UART_TX_UNIT/u_fsm/Current_State_reg[2]
              (rising edge-triggered flip-flop clocked by TX_CLK)
  Endpoint: UART_UNIT/UART_TX_UNIT/u_fsm/Current_State_reg[0]
            (rising edge-triggered flip-flop clocked by TX_CLK)
  Path Group: TX_CLK
  Path Type: max

  Point                                                   Incr       Path
  --------------------------------------------------------------------------
  clock TX_CLK (rise edge)                                0.00       0.00
  clock network delay (ideal)                             0.00       0.00
  UART_UNIT/UART_TX_UNIT/u_fsm/Current_State_reg[2]/CK (DFFRQX2M)
                                                          0.00       0.00 r
  UART_UNIT/UART_TX_UNIT/u_fsm/Current_State_reg[2]/Q (DFFRQX2M)
                                                          0.50       0.50 f
  UART_UNIT/UART_TX_UNIT/u_fsm/U7/Y (NOR2X2M)             0.15       0.64 r
  UART_UNIT/UART_TX_UNIT/u_fsm/U12/Y (AOI2B1X1M)          0.07       0.71 f
  UART_UNIT/UART_TX_UNIT/u_fsm/U11/Y (OAI22X1M)           0.19       0.90 r
  UART_UNIT/UART_TX_UNIT/u_fsm/Current_State_reg[0]/D (DFFRQX2M)
                                                          0.00       0.90 r
  data arrival time                                                  0.90

  clock TX_CLK (rise edge)                             8681.50    8681.50
  clock network delay (ideal)                             0.00    8681.50
  clock uncertainty                                      -0.20    8681.30
  UART_UNIT/UART_TX_UNIT/u_fsm/Current_State_reg[0]/CK (DFFRQX2M)
                                                          0.00    8681.30 r
  library setup time                                     -0.33    8680.97
  data required time                                              8680.97
  --------------------------------------------------------------------------
  data required time                                              8680.97
  data arrival time                                                 -0.90
  --------------------------------------------------------------------------
  slack (MET)                                                     8680.07


  Startpoint: UART_UNIT/UART_TX_UNIT/u_fsm/Current_State_reg[2]
              (rising edge-triggered flip-flop clocked by TX_CLK)
  Endpoint: UART_UNIT/UART_TX_UNIT/u_fsm/Current_State_reg[1]
            (rising edge-triggered flip-flop clocked by TX_CLK)
  Path Group: TX_CLK
  Path Type: max

  Point                                                   Incr       Path
  --------------------------------------------------------------------------
  clock TX_CLK (rise edge)                                0.00       0.00
  clock network delay (ideal)                             0.00       0.00
  UART_UNIT/UART_TX_UNIT/u_fsm/Current_State_reg[2]/CK (DFFRQX2M)
                                                          0.00       0.00 r
  UART_UNIT/UART_TX_UNIT/u_fsm/Current_State_reg[2]/Q (DFFRQX2M)
                                                          0.50       0.50 f
  UART_UNIT/UART_TX_UNIT/u_fsm/U6/Y (NOR2X2M)             0.20       0.70 r
  UART_UNIT/UART_TX_UNIT/u_fsm/U5/Y (NAND2X2M)            0.11       0.81 f
  UART_UNIT/UART_TX_UNIT/u_fsm/U13/Y (OAI21X2M)           0.07       0.87 r
  UART_UNIT/UART_TX_UNIT/u_fsm/Current_State_reg[1]/D (DFFRQX2M)
                                                          0.00       0.87 r
  data arrival time                                                  0.87

  clock TX_CLK (rise edge)                             8681.50    8681.50
  clock network delay (ideal)                             0.00    8681.50
  clock uncertainty                                      -0.20    8681.30
  UART_UNIT/UART_TX_UNIT/u_fsm/Current_State_reg[1]/CK (DFFRQX2M)
                                                          0.00    8681.30 r
  library setup time                                     -0.31    8680.99
  data required time                                              8680.99
  --------------------------------------------------------------------------
  data required time                                              8680.99
  data arrival time                                                 -0.87
  --------------------------------------------------------------------------
  slack (MET)                                                     8680.11


  Startpoint: UART_UNIT/UART_TX_UNIT/u_fsm/Current_State_reg[2]
              (rising edge-triggered flip-flop clocked by TX_CLK)
  Endpoint: UART_UNIT/UART_TX_UNIT/u_fsm/Current_State_reg[2]
            (rising edge-triggered flip-flop clocked by TX_CLK)
  Path Group: TX_CLK
  Path Type: max

  Point                                                   Incr       Path
  --------------------------------------------------------------------------
  clock TX_CLK (rise edge)                                0.00       0.00
  clock network delay (ideal)                             0.00       0.00
  UART_UNIT/UART_TX_UNIT/u_fsm/Current_State_reg[2]/CK (DFFRQX2M)
                                                          0.00       0.00 r
  UART_UNIT/UART_TX_UNIT/u_fsm/Current_State_reg[2]/Q (DFFRQX2M)
                                                          0.50       0.50 f
  UART_UNIT/UART_TX_UNIT/u_fsm/U6/Y (NOR2X2M)             0.20       0.70 r
  UART_UNIT/UART_TX_UNIT/u_fsm/U15/Y (NOR2BX2M)           0.16       0.86 r
  UART_UNIT/UART_TX_UNIT/u_fsm/Current_State_reg[2]/D (DFFRQX2M)
                                                          0.00       0.86 r
  data arrival time                                                  0.86

  clock TX_CLK (rise edge)                             8681.50    8681.50
  clock network delay (ideal)                             0.00    8681.50
  clock uncertainty                                      -0.20    8681.30
  UART_UNIT/UART_TX_UNIT/u_fsm/Current_State_reg[2]/CK (DFFRQX2M)
                                                          0.00    8681.30 r
  library setup time                                     -0.31    8680.99
  data required time                                              8680.99
  --------------------------------------------------------------------------
  data required time                                              8680.99
  data arrival time                                                 -0.86
  --------------------------------------------------------------------------
  slack (MET)                                                     8680.14


  Startpoint: UART_UNIT/UART_TX_UNIT/u_fsm/busy_reg
              (rising edge-triggered flip-flop clocked by TX_CLK)
  Endpoint: FIFO_UNIT/rptr_empty/rbin_reg[0]
            (rising edge-triggered flip-flop clocked by TX_CLK)
  Path Group: TX_CLK
  Path Type: max

  Point                                                   Incr       Path
  --------------------------------------------------------------------------
  clock TX_CLK (rise edge)                                0.00       0.00
  clock network delay (ideal)                             0.00       0.00
  UART_UNIT/UART_TX_UNIT/u_fsm/busy_reg/CK (DFFRQX2M)     0.00       0.00 r
  UART_UNIT/UART_TX_UNIT/u_fsm/busy_reg/Q (DFFRQX2M)      0.49       0.49 f
  UART_UNIT/UART_TX_UNIT/u_fsm/busy (FSM)                 0.00       0.49 f
  UART_UNIT/UART_TX_UNIT/Busy (UART_TX_WIDTH8)            0.00       0.49 f
  UART_UNIT/TX_Busy (UART_DATA_WIDTH8)                    0.00       0.49 f
  RD_INC_UNIT/LVL_SIG (PULSE_GEN)                         0.00       0.49 f
  RD_INC_UNIT/U3/Y (NOR2BX2M)                             0.16       0.65 f
  RD_INC_UNIT/PULSE_SIG (PULSE_GEN)                       0.00       0.65 f
  FIFO_UNIT/rinc (FIFO_TOP_DATA_WIDTH8_ADDR_SIZE3)        0.00       0.65 f
  FIFO_UNIT/rptr_empty/rinc (FIFO_rptr_empty_ADDR_SIZE3)
                                                          0.00       0.65 f
  FIFO_UNIT/rptr_empty/U6/Y (NAND2X2M)                    0.06       0.71 r
  FIFO_UNIT/rptr_empty/U5/Y (XNOR2X2M)                    0.11       0.82 r
  FIFO_UNIT/rptr_empty/rbin_reg[0]/D (DFFRQX2M)           0.00       0.82 r
  data arrival time                                                  0.82

  clock TX_CLK (rise edge)                             8681.50    8681.50
  clock network delay (ideal)                             0.00    8681.50
  clock uncertainty                                      -0.20    8681.30
  FIFO_UNIT/rptr_empty/rbin_reg[0]/CK (DFFRQX2M)          0.00    8681.30 r
  library setup time                                     -0.33    8680.97
  data required time                                              8680.97
  --------------------------------------------------------------------------
  data required time                                              8680.97
  data arrival time                                                 -0.82
  --------------------------------------------------------------------------
  slack (MET)                                                     8680.15


  Startpoint: UART_UNIT/UART_TX_UNIT/u_fsm/Current_State_reg[2]
              (rising edge-triggered flip-flop clocked by TX_CLK)
  Endpoint: UART_UNIT/UART_TX_UNIT/u_fsm/busy_reg
            (rising edge-triggered flip-flop clocked by TX_CLK)
  Path Group: TX_CLK
  Path Type: max

  Point                                                   Incr       Path
  --------------------------------------------------------------------------
  clock TX_CLK (rise edge)                                0.00       0.00
  clock network delay (ideal)                             0.00       0.00
  UART_UNIT/UART_TX_UNIT/u_fsm/Current_State_reg[2]/CK (DFFRQX2M)
                                                          0.00       0.00 r
  UART_UNIT/UART_TX_UNIT/u_fsm/Current_State_reg[2]/Q (DFFRQX2M)
                                                          0.50       0.50 f
  UART_UNIT/UART_TX_UNIT/u_fsm/U7/Y (NOR2X2M)             0.15       0.64 r
  UART_UNIT/UART_TX_UNIT/u_fsm/U4/Y (INVX2M)              0.08       0.73 f
  UART_UNIT/UART_TX_UNIT/u_fsm/U14/Y (OAI21X2M)           0.05       0.78 r
  UART_UNIT/UART_TX_UNIT/u_fsm/busy_reg/D (DFFRQX2M)      0.00       0.78 r
  data arrival time                                                  0.78

  clock TX_CLK (rise edge)                             8681.50    8681.50
  clock network delay (ideal)                             0.00    8681.50
  clock uncertainty                                      -0.20    8681.30
  UART_UNIT/UART_TX_UNIT/u_fsm/busy_reg/CK (DFFRQX2M)     0.00    8681.30 r
  library setup time                                     -0.31    8680.99
  data required time                                              8680.99
  --------------------------------------------------------------------------
  data required time                                              8680.99
  data arrival time                                                 -0.78
  --------------------------------------------------------------------------
  slack (MET)                                                     8680.21


  Startpoint: UART_UNIT/UART_TX_UNIT/u_fsm/busy_reg
              (rising edge-triggered flip-flop clocked by TX_CLK)
  Endpoint: RD_INC_UNIT/LVL_SIG_reg_reg
            (rising edge-triggered flip-flop clocked by TX_CLK)
  Path Group: TX_CLK
  Path Type: max

  Point                                                   Incr       Path
  --------------------------------------------------------------------------
  clock TX_CLK (rise edge)                                0.00       0.00
  clock network delay (ideal)                             0.00       0.00
  UART_UNIT/UART_TX_UNIT/u_fsm/busy_reg/CK (DFFRQX2M)     0.00       0.00 r
  UART_UNIT/UART_TX_UNIT/u_fsm/busy_reg/Q (DFFRQX2M)      0.40       0.40 r
  UART_UNIT/UART_TX_UNIT/u_fsm/busy (FSM)                 0.00       0.40 r
  UART_UNIT/UART_TX_UNIT/Busy (UART_TX_WIDTH8)            0.00       0.40 r
  UART_UNIT/TX_Busy (UART_DATA_WIDTH8)                    0.00       0.40 r
  RD_INC_UNIT/LVL_SIG (PULSE_GEN)                         0.00       0.40 r
  RD_INC_UNIT/LVL_SIG_reg_reg/D (DFFRQX2M)                0.00       0.40 r
  data arrival time                                                  0.40

  clock TX_CLK (rise edge)                             8681.50    8681.50
  clock network delay (ideal)                             0.00    8681.50
  clock uncertainty                                      -0.20    8681.30
  RD_INC_UNIT/LVL_SIG_reg_reg/CK (DFFRQX2M)               0.00    8681.30 r
  library setup time                                     -0.31    8680.99
  data required time                                              8680.99
  --------------------------------------------------------------------------
  data required time                                              8680.99
  data arrival time                                                 -0.40
  --------------------------------------------------------------------------
  slack (MET)                                                     8680.58


  Startpoint: FIFO_UNIT/sync_w2r/rq1_wptr_reg[3]
              (rising edge-triggered flip-flop clocked by TX_CLK)
  Endpoint: FIFO_UNIT/sync_w2r/rq2_wptr_reg[3]
            (rising edge-triggered flip-flop clocked by TX_CLK)
  Path Group: TX_CLK
  Path Type: max

  Point                                                   Incr       Path
  --------------------------------------------------------------------------
  clock TX_CLK (rise edge)                                0.00       0.00
  clock network delay (ideal)                             0.00       0.00
  FIFO_UNIT/sync_w2r/rq1_wptr_reg[3]/CK (DFFRQX2M)        0.00       0.00 r
  FIFO_UNIT/sync_w2r/rq1_wptr_reg[3]/Q (DFFRQX2M)         0.35       0.35 r
  FIFO_UNIT/sync_w2r/rq2_wptr_reg[3]/D (DFFRQX2M)         0.00       0.35 r
  data arrival time                                                  0.35

  clock TX_CLK (rise edge)                             8681.50    8681.50
  clock network delay (ideal)                             0.00    8681.50
  clock uncertainty                                      -0.20    8681.30
  FIFO_UNIT/sync_w2r/rq2_wptr_reg[3]/CK (DFFRQX2M)        0.00    8681.30 r
  library setup time                                     -0.30    8681.00
  data required time                                              8681.00
  --------------------------------------------------------------------------
  data required time                                              8681.00
  data arrival time                                                 -0.35
  --------------------------------------------------------------------------
  slack (MET)                                                     8680.65


  Startpoint: FIFO_UNIT/sync_w2r/rq1_wptr_reg[2]
              (rising edge-triggered flip-flop clocked by TX_CLK)
  Endpoint: FIFO_UNIT/sync_w2r/rq2_wptr_reg[2]
            (rising edge-triggered flip-flop clocked by TX_CLK)
  Path Group: TX_CLK
  Path Type: max

  Point                                                   Incr       Path
  --------------------------------------------------------------------------
  clock TX_CLK (rise edge)                                0.00       0.00
  clock network delay (ideal)                             0.00       0.00
  FIFO_UNIT/sync_w2r/rq1_wptr_reg[2]/CK (DFFRQX2M)        0.00       0.00 r
  FIFO_UNIT/sync_w2r/rq1_wptr_reg[2]/Q (DFFRQX2M)         0.35       0.35 r
  FIFO_UNIT/sync_w2r/rq2_wptr_reg[2]/D (DFFRQX2M)         0.00       0.35 r
  data arrival time                                                  0.35

  clock TX_CLK (rise edge)                             8681.50    8681.50
  clock network delay (ideal)                             0.00    8681.50
  clock uncertainty                                      -0.20    8681.30
  FIFO_UNIT/sync_w2r/rq2_wptr_reg[2]/CK (DFFRQX2M)        0.00    8681.30 r
  library setup time                                     -0.30    8681.00
  data required time                                              8681.00
  --------------------------------------------------------------------------
  data required time                                              8681.00
  data arrival time                                                 -0.35
  --------------------------------------------------------------------------
  slack (MET)                                                     8680.65


  Startpoint: FIFO_UNIT/sync_w2r/rq1_wptr_reg[1]
              (rising edge-triggered flip-flop clocked by TX_CLK)
  Endpoint: FIFO_UNIT/sync_w2r/rq2_wptr_reg[1]
            (rising edge-triggered flip-flop clocked by TX_CLK)
  Path Group: TX_CLK
  Path Type: max

  Point                                                   Incr       Path
  --------------------------------------------------------------------------
  clock TX_CLK (rise edge)                                0.00       0.00
  clock network delay (ideal)                             0.00       0.00
  FIFO_UNIT/sync_w2r/rq1_wptr_reg[1]/CK (DFFRQX2M)        0.00       0.00 r
  FIFO_UNIT/sync_w2r/rq1_wptr_reg[1]/Q (DFFRQX2M)         0.35       0.35 r
  FIFO_UNIT/sync_w2r/rq2_wptr_reg[1]/D (DFFRQX2M)         0.00       0.35 r
  data arrival time                                                  0.35

  clock TX_CLK (rise edge)                             8681.50    8681.50
  clock network delay (ideal)                             0.00    8681.50
  clock uncertainty                                      -0.20    8681.30
  FIFO_UNIT/sync_w2r/rq2_wptr_reg[1]/CK (DFFRQX2M)        0.00    8681.30 r
  library setup time                                     -0.30    8681.00
  data required time                                              8681.00
  --------------------------------------------------------------------------
  data required time                                              8681.00
  data arrival time                                                 -0.35
  --------------------------------------------------------------------------
  slack (MET)                                                     8680.65


  Startpoint: FIFO_UNIT/sync_w2r/rq1_wptr_reg[0]
              (rising edge-triggered flip-flop clocked by TX_CLK)
  Endpoint: FIFO_UNIT/sync_w2r/rq2_wptr_reg[0]
            (rising edge-triggered flip-flop clocked by TX_CLK)
  Path Group: TX_CLK
  Path Type: max

  Point                                                   Incr       Path
  --------------------------------------------------------------------------
  clock TX_CLK (rise edge)                                0.00       0.00
  clock network delay (ideal)                             0.00       0.00
  FIFO_UNIT/sync_w2r/rq1_wptr_reg[0]/CK (DFFRQX2M)        0.00       0.00 r
  FIFO_UNIT/sync_w2r/rq1_wptr_reg[0]/Q (DFFRQX2M)         0.35       0.35 r
  FIFO_UNIT/sync_w2r/rq2_wptr_reg[0]/D (DFFRQX2M)         0.00       0.35 r
  data arrival time                                                  0.35

  clock TX_CLK (rise edge)                             8681.50    8681.50
  clock network delay (ideal)                             0.00    8681.50
  clock uncertainty                                      -0.20    8681.30
  FIFO_UNIT/sync_w2r/rq2_wptr_reg[0]/CK (DFFRQX2M)        0.00    8681.30 r
  library setup time                                     -0.30    8681.00
  data required time                                              8681.00
  --------------------------------------------------------------------------
  data required time                                              8681.00
  data arrival time                                                 -0.35
  --------------------------------------------------------------------------
  slack (MET)                                                     8680.65


  Startpoint: UART_UNIT/UART_RX_UNIT/u_Stop_Check/stp_err_reg
              (rising edge-triggered flip-flop clocked by RX_CLK)
  Endpoint: framing_error
            (output port clocked by UART_CLK)
  Path Group: UART_CLK
  Path Type: max

  Point                                                   Incr       Path
  --------------------------------------------------------------------------
  clock RX_CLK (rise edge)                                0.00       0.00
  clock network delay (ideal)                             0.00       0.00
  UART_UNIT/UART_RX_UNIT/u_Stop_Check/stp_err_reg/CK (DFFRQX2M)
                                                          0.00       0.00 r
  UART_UNIT/UART_RX_UNIT/u_Stop_Check/stp_err_reg/Q (DFFRQX2M)
                                                          0.89       0.89 r
  UART_UNIT/UART_RX_UNIT/u_Stop_Check/stp_err (Stop_Check_DATA_WIDTH8)
                                                          0.00       0.89 r
  UART_UNIT/UART_RX_UNIT/Stop_Error (UART_RX_DATA_WIDTH8)
                                                          0.00       0.89 r
  UART_UNIT/Stop_Error (UART_DATA_WIDTH8)                 0.00       0.89 r
  framing_error (out)                                     0.00       0.89 r
  data arrival time                                                  0.89

  clock UART_CLK (rise edge)                            271.30     271.30
  clock network delay (ideal)                             0.00     271.30
  clock uncertainty                                      -0.20     271.10
  output external delay                                 -54.26     216.84
  data required time                                               216.84
  --------------------------------------------------------------------------
  data required time                                               216.84
  data arrival time                                                 -0.89
  --------------------------------------------------------------------------
  slack (MET)                                                      215.94


  Startpoint: UART_UNIT/UART_RX_UNIT/u_Parity_Check/par_err_reg
              (rising edge-triggered flip-flop clocked by RX_CLK)
  Endpoint: parity_error
            (output port clocked by UART_CLK)
  Path Group: UART_CLK
  Path Type: max

  Point                                                   Incr       Path
  --------------------------------------------------------------------------
  clock RX_CLK (rise edge)                                0.00       0.00
  clock network delay (ideal)                             0.00       0.00
  UART_UNIT/UART_RX_UNIT/u_Parity_Check/par_err_reg/CK (DFFRQX2M)
                                                          0.00       0.00 r
  UART_UNIT/UART_RX_UNIT/u_Parity_Check/par_err_reg/Q (DFFRQX2M)
                                                          0.89       0.89 r
  UART_UNIT/UART_RX_UNIT/u_Parity_Check/par_err (Parity_Check_DATA_WIDTH8)
                                                          0.00       0.89 r
  UART_UNIT/UART_RX_UNIT/Parity_Error (UART_RX_DATA_WIDTH8)
                                                          0.00       0.89 r
  UART_UNIT/Parity_Error (UART_DATA_WIDTH8)               0.00       0.89 r
  parity_error (out)                                      0.00       0.89 r
  data arrival time                                                  0.89

  clock UART_CLK (rise edge)                            271.30     271.30
  clock network delay (ideal)                             0.00     271.30
  clock uncertainty                                      -0.20     271.10
  output external delay                                 -54.26     216.84
  data required time                                               216.84
  --------------------------------------------------------------------------
  data required time                                               216.84
  data arrival time                                                 -0.89
  --------------------------------------------------------------------------
  slack (MET)                                                      215.94


  Startpoint: UART_UNIT/UART_TX_UNIT/u_fsm/Current_State_reg[1]
              (rising edge-triggered flip-flop clocked by TX_CLK)
  Endpoint: UART_TX_O (output port clocked by UART_CLK)
  Path Group: UART_CLK
  Path Type: max

  Point                                                   Incr       Path
  --------------------------------------------------------------------------
  clock TX_CLK (rise edge)                                0.00       0.00
  clock network delay (ideal)                             0.00       0.00
  UART_UNIT/UART_TX_UNIT/u_fsm/Current_State_reg[1]/CK (DFFRQX2M)
                                                          0.00       0.00 r
  UART_UNIT/UART_TX_UNIT/u_fsm/Current_State_reg[1]/Q (DFFRQX2M)
                                                          0.49       0.49 f
  UART_UNIT/UART_TX_UNIT/u_fsm/U8/Y (INVX2M)              0.08       0.57 r
  UART_UNIT/UART_TX_UNIT/u_fsm/U6/Y (NOR2X2M)             0.07       0.64 f
  UART_UNIT/UART_TX_UNIT/u_fsm/mux_sel[1] (FSM)           0.00       0.64 f
  UART_UNIT/UART_TX_UNIT/u_mux/mux_sel[1] (MUX)           0.00       0.64 f
  UART_UNIT/UART_TX_UNIT/u_mux/U6/Y (NOR2BX2M)            0.15       0.79 f
  UART_UNIT/UART_TX_UNIT/u_mux/U3/Y (OAI21X4M)            0.67       1.46 r
  UART_UNIT/UART_TX_UNIT/u_mux/TX_OUT (MUX)               0.00       1.46 r
  UART_UNIT/UART_TX_UNIT/TX_OUT (UART_TX_WIDTH8)          0.00       1.46 r
  UART_UNIT/TX_OUT (UART_DATA_WIDTH8)                     0.00       1.46 r
  UART_TX_O (out)                                         0.00       1.46 r
  data arrival time                                                  1.46

  clock UART_CLK (rise edge)                            271.30     271.30
  clock network delay (ideal)                             0.00     271.30
  clock uncertainty                                      -0.20     271.10
  output external delay                                  -1.70     269.40
  data required time                                               269.40
  --------------------------------------------------------------------------
  data required time                                               269.40
  data arrival time                                                 -1.46
  --------------------------------------------------------------------------
  slack (MET)                                                      267.94


  Startpoint: TX_CLK_GEN/cnt_odd_pos_reg[1]
              (rising edge-triggered flip-flop clocked by UART_CLK)
  Endpoint: TX_CLK_GEN/outA_r_reg
            (rising edge-triggered flip-flop clocked by UART_CLK)
  Path Group: UART_CLK
  Path Type: max

  Point                                                   Incr       Path
  --------------------------------------------------------------------------
  clock UART_CLK (rise edge)                              0.00       0.00
  clock network delay (ideal)                             0.00       0.00
  TX_CLK_GEN/cnt_odd_pos_reg[1]/CK (DFFRQX2M)             0.00       0.00 r
  TX_CLK_GEN/cnt_odd_pos_reg[1]/Q (DFFRQX2M)              0.52       0.52 f
  TX_CLK_GEN/U73/Y (INVX2M)                               0.12       0.64 r
  TX_CLK_GEN/U9/Y (AOI31X2M)                              0.11       0.75 f
  TX_CLK_GEN/U53/Y (AOI211X2M)                            0.22       0.97 r
  TX_CLK_GEN/U52/Y (AOI221XLM)                            0.10       1.07 f
  TX_CLK_GEN/U51/Y (AOI221XLM)                            0.29       1.36 r
  TX_CLK_GEN/U50/Y (AOI221XLM)                            0.13       1.49 f
  TX_CLK_GEN/U6/Y (OAI2BB2X1M)                            0.18       1.67 r
  TX_CLK_GEN/U5/Y (OAI221X1M)                             0.17       1.84 f
  TX_CLK_GEN/U4/Y (OAI2BB1X2M)                            0.09       1.93 r
  TX_CLK_GEN/outA_r_reg/D (DFFRQX2M)                      0.00       1.93 r
  data arrival time                                                  1.93

  clock UART_CLK (rise edge)                            271.30     271.30
  clock network delay (ideal)                             0.00     271.30
  clock uncertainty                                      -0.20     271.10
  TX_CLK_GEN/outA_r_reg/CK (DFFRQX2M)                     0.00     271.10 r
  library setup time                                     -0.29     270.80
  data required time                                               270.80
  --------------------------------------------------------------------------
  data required time                                               270.80
  data arrival time                                                 -1.93
  --------------------------------------------------------------------------
  slack (MET)                                                      268.87


  Startpoint: TX_CLK_GEN/cnt_odd_neg_reg[0]
              (falling edge-triggered flip-flop clocked by UART_CLK)
  Endpoint: TX_CLK_GEN/outB_r_reg
            (falling edge-triggered flip-flop clocked by UART_CLK)
  Path Group: UART_CLK
  Path Type: max

  Point                                                   Incr       Path
  --------------------------------------------------------------------------
  clock UART_CLK (fall edge)                            135.65     135.65
  clock network delay (ideal)                             0.00     135.65
  TX_CLK_GEN/cnt_odd_neg_reg[0]/CKN (DFFNSRHX2M)          0.00     135.65 f
  TX_CLK_GEN/cnt_odd_neg_reg[0]/QN (DFFNSRHX2M)           0.80     136.45 f
  TX_CLK_GEN/U23/Y (AOI31X2M)                             0.22     136.66 r
  TX_CLK_GEN/U21/Y (AOI211X2M)                            0.06     136.73 f
  TX_CLK_GEN/U20/Y (AOI221XLM)                            0.26     136.99 r
  TX_CLK_GEN/U19/Y (AOI221XLM)                            0.12     137.11 f
  TX_CLK_GEN/U18/Y (AOI221XLM)                            0.31     137.42 r
  TX_CLK_GEN/U43/Y (OAI2BB2X1M)                           0.14     137.55 f
  TX_CLK_GEN/U42/Y (OAI221X1M)                            0.10     137.65 r
  TX_CLK_GEN/U41/Y (OAI2BB1X2M)                           0.08     137.74 f
  TX_CLK_GEN/outB_r_reg/D (DFFNSRHX2M)                    0.00     137.74 f
  data arrival time                                                137.74

  clock UART_CLK (fall edge)                            406.95     406.95
  clock network delay (ideal)                             0.00     406.95
  clock uncertainty                                      -0.20     406.75
  TX_CLK_GEN/outB_r_reg/CKN (DFFNSRHX2M)                  0.00     406.75 f
  library setup time                                     -0.11     406.64
  data required time                                               406.64
  --------------------------------------------------------------------------
  data required time                                               406.64
  data arrival time                                               -137.74
  --------------------------------------------------------------------------
  slack (MET)                                                      268.90


  Startpoint: RX_CLK_GEN/cnt_odd_neg_reg[3]
              (falling edge-triggered flip-flop clocked by UART_CLK)
  Endpoint: RX_CLK_GEN/cnt_odd_neg_reg[2]
            (falling edge-triggered flip-flop clocked by UART_CLK)
  Path Group: UART_CLK
  Path Type: max

  Point                                                   Incr       Path
  --------------------------------------------------------------------------
  clock UART_CLK (fall edge)                            135.65     135.65
  clock network delay (ideal)                             0.00     135.65
  RX_CLK_GEN/cnt_odd_neg_reg[3]/CKN (DFFNSRHX2M)          0.00     135.65 f
  RX_CLK_GEN/cnt_odd_neg_reg[3]/QN (DFFNSRHX2M)           0.81     136.46 f
  RX_CLK_GEN/U33/Y (CLKXOR2X2M)                           0.24     136.70 r
  RX_CLK_GEN/U32/Y (NAND4X2M)                             0.17     136.87 f
  RX_CLK_GEN/U38/Y (AOI21XLM)                             0.30     137.17 r
  RX_CLK_GEN/U12/Y (OAI21X2M)                             0.14     137.30 f
  RX_CLK_GEN/U30/Y (AOI32X1M)                             0.19     137.50 r
  RX_CLK_GEN/U29/Y (INVX2M)                               0.06     137.55 f
  RX_CLK_GEN/cnt_odd_neg_reg[2]/D (DFFNSRHX2M)            0.00     137.55 f
  data arrival time                                                137.55

  clock UART_CLK (fall edge)                            406.95     406.95
  clock network delay (ideal)                             0.00     406.95
  clock uncertainty                                      -0.20     406.75
  RX_CLK_GEN/cnt_odd_neg_reg[2]/CKN (DFFNSRHX2M)          0.00     406.75 f
  library setup time                                     -0.10     406.64
  data required time                                               406.64
  --------------------------------------------------------------------------
  data required time                                               406.64
  data arrival time                                               -137.55
  --------------------------------------------------------------------------
  slack (MET)                                                      269.09


  Startpoint: RX_CLK_GEN/cnt_odd_neg_reg[3]
              (falling edge-triggered flip-flop clocked by UART_CLK)
  Endpoint: RX_CLK_GEN/cnt_odd_neg_reg[3]
            (falling edge-triggered flip-flop clocked by UART_CLK)
  Path Group: UART_CLK
  Path Type: max

  Point                                                   Incr       Path
  --------------------------------------------------------------------------
  clock UART_CLK (fall edge)                            135.65     135.65
  clock network delay (ideal)                             0.00     135.65
  RX_CLK_GEN/cnt_odd_neg_reg[3]/CKN (DFFNSRHX2M)          0.00     135.65 f
  RX_CLK_GEN/cnt_odd_neg_reg[3]/QN (DFFNSRHX2M)           0.81     136.46 f
  RX_CLK_GEN/U33/Y (CLKXOR2X2M)                           0.24     136.70 r
  RX_CLK_GEN/U32/Y (NAND4X2M)                             0.17     136.87 f
  RX_CLK_GEN/U38/Y (AOI21XLM)                             0.30     137.17 r
  RX_CLK_GEN/U12/Y (OAI21X2M)                             0.14     137.30 f
  RX_CLK_GEN/U43/Y (AOI21X2M)                             0.14     137.44 r
  RX_CLK_GEN/U41/Y (OAI21X2M)                             0.08     137.52 f
  RX_CLK_GEN/cnt_odd_neg_reg[3]/D (DFFNSRHX2M)            0.00     137.52 f
  data arrival time                                                137.52

  clock UART_CLK (fall edge)                            406.95     406.95
  clock network delay (ideal)                             0.00     406.95
  clock uncertainty                                      -0.20     406.75
  RX_CLK_GEN/cnt_odd_neg_reg[3]/CKN (DFFNSRHX2M)          0.00     406.75 f
  library setup time                                     -0.11     406.64
  data required time                                               406.64
  --------------------------------------------------------------------------
  data required time                                               406.64
  data arrival time                                               -137.52
  --------------------------------------------------------------------------
  slack (MET)                                                      269.11


  Startpoint: TX_CLK_GEN/cnt_even_reg[0]
              (rising edge-triggered flip-flop clocked by UART_CLK)
  Endpoint: TX_CLK_GEN/cnt_even_reg[7]
            (rising edge-triggered flip-flop clocked by UART_CLK)
  Path Group: UART_CLK
  Path Type: max

  Point                                                   Incr       Path
  --------------------------------------------------------------------------
  clock UART_CLK (rise edge)                              0.00       0.00
  clock network delay (ideal)                             0.00       0.00
  TX_CLK_GEN/cnt_even_reg[0]/CK (DFFRQX2M)                0.00       0.00 r
  TX_CLK_GEN/cnt_even_reg[0]/Q (DFFRQX2M)                 0.45       0.45 r
  TX_CLK_GEN/add_33/A[0] (ClkDiv_WIDTH8_DW01_inc_3)       0.00       0.45 r
  TX_CLK_GEN/add_33/U3/Y (NAND3X2M)                       0.15       0.60 f
  TX_CLK_GEN/add_33/U1/Y (NOR3BX2M)                       0.27       0.87 r
  TX_CLK_GEN/add_33/U2/Y (NAND2X2M)                       0.12       0.99 f
  TX_CLK_GEN/add_33/U5/Y (NOR2BX2M)                       0.12       1.11 r
  TX_CLK_GEN/add_33/U4/Y (CLKXOR2X2M)                     0.29       1.40 f
  TX_CLK_GEN/add_33/SUM[7] (ClkDiv_WIDTH8_DW01_inc_3)     0.00       1.40 f
  TX_CLK_GEN/U45/Y (AO22X1M)                              0.37       1.77 f
  TX_CLK_GEN/cnt_even_reg[7]/D (DFFRQX2M)                 0.00       1.77 f
  data arrival time                                                  1.77

  clock UART_CLK (rise edge)                            271.30     271.30
  clock network delay (ideal)                             0.00     271.30
  clock uncertainty                                      -0.20     271.10
  TX_CLK_GEN/cnt_even_reg[7]/CK (DFFRQX2M)                0.00     271.10 r
  library setup time                                     -0.15     270.94
  data required time                                               270.94
  --------------------------------------------------------------------------
  data required time                                               270.94
  data arrival time                                                 -1.77
  --------------------------------------------------------------------------
  slack (MET)                                                      269.17


  Startpoint: TX_CLK_GEN/cnt_odd_neg_reg[0]
              (falling edge-triggered flip-flop clocked by UART_CLK)
  Endpoint: TX_CLK_GEN/cnt_odd_neg_reg[7]
            (falling edge-triggered flip-flop clocked by UART_CLK)
  Path Group: UART_CLK
  Path Type: max

  Point                                                   Incr       Path
  --------------------------------------------------------------------------
  clock UART_CLK (fall edge)                            135.65     135.65
  clock network delay (ideal)                             0.00     135.65
  TX_CLK_GEN/cnt_odd_neg_reg[0]/CKN (DFFNSRHX2M)          0.00     135.65 f
  TX_CLK_GEN/cnt_odd_neg_reg[0]/Q (DFFNSRHX2M)            0.61     136.26 r
  TX_CLK_GEN/add_56/A[0] (ClkDiv_WIDTH8_DW01_inc_1)       0.00     136.26 r
  TX_CLK_GEN/add_56/U10/Y (NAND3X2M)                      0.15     136.40 f
  TX_CLK_GEN/add_56/U1/Y (NOR3BX2M)                       0.27     136.67 r
  TX_CLK_GEN/add_56/U14/Y (NAND2X2M)                      0.12     136.79 f
  TX_CLK_GEN/add_56/U13/Y (NOR2BX2M)                      0.12     136.91 r
  TX_CLK_GEN/add_56/U12/Y (CLKXOR2X2M)                    0.29     137.20 f
  TX_CLK_GEN/add_56/SUM[7] (ClkDiv_WIDTH8_DW01_inc_1)     0.00     137.20 f
  TX_CLK_GEN/U35/Y (OAI2BB2X1M)                           0.23     137.43 f
  TX_CLK_GEN/cnt_odd_neg_reg[7]/D (DFFNSRHX2M)            0.00     137.43 f
  data arrival time                                                137.43

  clock UART_CLK (fall edge)                            406.95     406.95
  clock network delay (ideal)                             0.00     406.95
  clock uncertainty                                      -0.20     406.75
  TX_CLK_GEN/cnt_odd_neg_reg[7]/CKN (DFFNSRHX2M)          0.00     406.75 f
  library setup time                                     -0.12     406.63
  data required time                                               406.63
  --------------------------------------------------------------------------
  data required time                                               406.63
  data arrival time                                               -137.43
  --------------------------------------------------------------------------
  slack (MET)                                                      269.20


  Startpoint: TX_CLK_GEN/cnt_even_reg[2]
              (rising edge-triggered flip-flop clocked by UART_CLK)
  Endpoint: TX_CLK_GEN/cnt_even_reg[3]
            (rising edge-triggered flip-flop clocked by UART_CLK)
  Path Group: UART_CLK
  Path Type: max

  Point                                                   Incr       Path
  --------------------------------------------------------------------------
  clock UART_CLK (rise edge)                              0.00       0.00
  clock network delay (ideal)                             0.00       0.00
  TX_CLK_GEN/cnt_even_reg[2]/CK (DFFRQX2M)                0.00       0.00 r
  TX_CLK_GEN/cnt_even_reg[2]/Q (DFFRQX2M)                 0.50       0.50 f
  TX_CLK_GEN/U59/Y (CLKXOR2X2M)                           0.23       0.73 f
  TX_CLK_GEN/U56/Y (NOR4X1M)                              0.23       0.96 r
  TX_CLK_GEN/U61/Y (NAND4X2M)                             0.18       1.14 f
  TX_CLK_GEN/U8/Y (NOR2BX2M)                              0.20       1.34 f
  TX_CLK_GEN/U92/Y (AO22X1M)                              0.40       1.74 f
  TX_CLK_GEN/cnt_even_reg[3]/D (DFFRQX2M)                 0.00       1.74 f
  data arrival time                                                  1.74

  clock UART_CLK (rise edge)                            271.30     271.30
  clock network delay (ideal)                             0.00     271.30
  clock uncertainty                                      -0.20     271.10
  TX_CLK_GEN/cnt_even_reg[3]/CK (DFFRQX2M)                0.00     271.10 r
  library setup time                                     -0.15     270.94
  data required time                                               270.94
  --------------------------------------------------------------------------
  data required time                                               270.94
  data arrival time                                                 -1.74
  --------------------------------------------------------------------------
  slack (MET)                                                      269.20


  Startpoint: TX_CLK_GEN/cnt_even_reg[2]
              (rising edge-triggered flip-flop clocked by UART_CLK)
  Endpoint: TX_CLK_GEN/cnt_even_reg[6]
            (rising edge-triggered flip-flop clocked by UART_CLK)
  Path Group: UART_CLK
  Path Type: max

  Point                                                   Incr       Path
  --------------------------------------------------------------------------
  clock UART_CLK (rise edge)                              0.00       0.00
  clock network delay (ideal)                             0.00       0.00
  TX_CLK_GEN/cnt_even_reg[2]/CK (DFFRQX2M)                0.00       0.00 r
  TX_CLK_GEN/cnt_even_reg[2]/Q (DFFRQX2M)                 0.50       0.50 f
  TX_CLK_GEN/U59/Y (CLKXOR2X2M)                           0.23       0.73 f
  TX_CLK_GEN/U56/Y (NOR4X1M)                              0.23       0.96 r
  TX_CLK_GEN/U61/Y (NAND4X2M)                             0.18       1.14 f
  TX_CLK_GEN/U8/Y (NOR2BX2M)                              0.20       1.34 f
  TX_CLK_GEN/U60/Y (AO22X1M)                              0.40       1.74 f
  TX_CLK_GEN/cnt_even_reg[6]/D (DFFRQX2M)                 0.00       1.74 f
  data arrival time                                                  1.74

  clock UART_CLK (rise edge)                            271.30     271.30
  clock network delay (ideal)                             0.00     271.30
  clock uncertainty                                      -0.20     271.10
  TX_CLK_GEN/cnt_even_reg[6]/CK (DFFRQX2M)                0.00     271.10 r
  library setup time                                     -0.15     270.94
  data required time                                               270.94
  --------------------------------------------------------------------------
  data required time                                               270.94
  data arrival time                                                 -1.74
  --------------------------------------------------------------------------
  slack (MET)                                                      269.20


  Startpoint: TX_CLK_GEN/cnt_even_reg[2]
              (rising edge-triggered flip-flop clocked by UART_CLK)
  Endpoint: TX_CLK_GEN/cnt_even_reg[4]
            (rising edge-triggered flip-flop clocked by UART_CLK)
  Path Group: UART_CLK
  Path Type: max

  Point                                                   Incr       Path
  --------------------------------------------------------------------------
  clock UART_CLK (rise edge)                              0.00       0.00
  clock network delay (ideal)                             0.00       0.00
  TX_CLK_GEN/cnt_even_reg[2]/CK (DFFRQX2M)                0.00       0.00 r
  TX_CLK_GEN/cnt_even_reg[2]/Q (DFFRQX2M)                 0.50       0.50 f
  TX_CLK_GEN/U59/Y (CLKXOR2X2M)                           0.23       0.73 f
  TX_CLK_GEN/U56/Y (NOR4X1M)                              0.23       0.96 r
  TX_CLK_GEN/U61/Y (NAND4X2M)                             0.18       1.14 f
  TX_CLK_GEN/U8/Y (NOR2BX2M)                              0.20       1.34 f
  TX_CLK_GEN/U93/Y (AO22X1M)                              0.40       1.74 f
  TX_CLK_GEN/cnt_even_reg[4]/D (DFFRQX2M)                 0.00       1.74 f
  data arrival time                                                  1.74

  clock UART_CLK (rise edge)                            271.30     271.30
  clock network delay (ideal)                             0.00     271.30
  clock uncertainty                                      -0.20     271.10
  TX_CLK_GEN/cnt_even_reg[4]/CK (DFFRQX2M)                0.00     271.10 r
  library setup time                                     -0.15     270.94
  data required time                                               270.94
  --------------------------------------------------------------------------
  data required time                                               270.94
  data arrival time                                                 -1.74
  --------------------------------------------------------------------------
  slack (MET)                                                      269.20


  Startpoint: TX_CLK_GEN/cnt_even_reg[2]
              (rising edge-triggered flip-flop clocked by UART_CLK)
  Endpoint: TX_CLK_GEN/cnt_even_reg[5]
            (rising edge-triggered flip-flop clocked by UART_CLK)
  Path Group: UART_CLK
  Path Type: max

  Point                                                   Incr       Path
  --------------------------------------------------------------------------
  clock UART_CLK (rise edge)                              0.00       0.00
  clock network delay (ideal)                             0.00       0.00
  TX_CLK_GEN/cnt_even_reg[2]/CK (DFFRQX2M)                0.00       0.00 r
  TX_CLK_GEN/cnt_even_reg[2]/Q (DFFRQX2M)                 0.50       0.50 f
  TX_CLK_GEN/U59/Y (CLKXOR2X2M)                           0.23       0.73 f
  TX_CLK_GEN/U56/Y (NOR4X1M)                              0.23       0.96 r
  TX_CLK_GEN/U61/Y (NAND4X2M)                             0.18       1.14 f
  TX_CLK_GEN/U8/Y (NOR2BX2M)                              0.20       1.34 f
  TX_CLK_GEN/U90/Y (AO22X1M)                              0.40       1.74 f
  TX_CLK_GEN/cnt_even_reg[5]/D (DFFRQX2M)                 0.00       1.74 f
  data arrival time                                                  1.74

  clock UART_CLK (rise edge)                            271.30     271.30
  clock network delay (ideal)                             0.00     271.30
  clock uncertainty                                      -0.20     271.10
  TX_CLK_GEN/cnt_even_reg[5]/CK (DFFRQX2M)                0.00     271.10 r
  library setup time                                     -0.15     270.94
  data required time                                               270.94
  --------------------------------------------------------------------------
  data required time                                               270.94
  data arrival time                                                 -1.74
  --------------------------------------------------------------------------
  slack (MET)                                                      269.20


  Startpoint: TX_CLK_GEN/cnt_even_reg[2]
              (rising edge-triggered flip-flop clocked by UART_CLK)
  Endpoint: TX_CLK_GEN/cnt_even_reg[2]
            (rising edge-triggered flip-flop clocked by UART_CLK)
  Path Group: UART_CLK
  Path Type: max

  Point                                                   Incr       Path
  --------------------------------------------------------------------------
  clock UART_CLK (rise edge)                              0.00       0.00
  clock network delay (ideal)                             0.00       0.00
  TX_CLK_GEN/cnt_even_reg[2]/CK (DFFRQX2M)                0.00       0.00 r
  TX_CLK_GEN/cnt_even_reg[2]/Q (DFFRQX2M)                 0.50       0.50 f
  TX_CLK_GEN/U59/Y (CLKXOR2X2M)                           0.23       0.73 f
  TX_CLK_GEN/U56/Y (NOR4X1M)                              0.23       0.96 r
  TX_CLK_GEN/U61/Y (NAND4X2M)                             0.18       1.14 f
  TX_CLK_GEN/U8/Y (NOR2BX2M)                              0.20       1.34 f
  TX_CLK_GEN/U94/Y (AO22X1M)                              0.40       1.74 f
  TX_CLK_GEN/cnt_even_reg[2]/D (DFFRQX2M)                 0.00       1.74 f
  data arrival time                                                  1.74

  clock UART_CLK (rise edge)                            271.30     271.30
  clock network delay (ideal)                             0.00     271.30
  clock uncertainty                                      -0.20     271.10
  TX_CLK_GEN/cnt_even_reg[2]/CK (DFFRQX2M)                0.00     271.10 r
  library setup time                                     -0.15     270.94
  data required time                                               270.94
  --------------------------------------------------------------------------
  data required time                                               270.94
  data arrival time                                                 -1.74
  --------------------------------------------------------------------------
  slack (MET)                                                      269.20


  Startpoint: TX_CLK_GEN/cnt_even_reg[2]
              (rising edge-triggered flip-flop clocked by UART_CLK)
  Endpoint: TX_CLK_GEN/cnt_even_reg[1]
            (rising edge-triggered flip-flop clocked by UART_CLK)
  Path Group: UART_CLK
  Path Type: max

  Point                                                   Incr       Path
  --------------------------------------------------------------------------
  clock UART_CLK (rise edge)                              0.00       0.00
  clock network delay (ideal)                             0.00       0.00
  TX_CLK_GEN/cnt_even_reg[2]/CK (DFFRQX2M)                0.00       0.00 r
  TX_CLK_GEN/cnt_even_reg[2]/Q (DFFRQX2M)                 0.50       0.50 f
  TX_CLK_GEN/U59/Y (CLKXOR2X2M)                           0.23       0.73 f
  TX_CLK_GEN/U56/Y (NOR4X1M)                              0.23       0.96 r
  TX_CLK_GEN/U61/Y (NAND4X2M)                             0.18       1.14 f
  TX_CLK_GEN/U8/Y (NOR2BX2M)                              0.20       1.34 f
  TX_CLK_GEN/U91/Y (AO22X1M)                              0.40       1.74 f
  TX_CLK_GEN/cnt_even_reg[1]/D (DFFRQX2M)                 0.00       1.74 f
  data arrival time                                                  1.74

  clock UART_CLK (rise edge)                            271.30     271.30
  clock network delay (ideal)                             0.00     271.30
  clock uncertainty                                      -0.20     271.10
  TX_CLK_GEN/cnt_even_reg[1]/CK (DFFRQX2M)                0.00     271.10 r
  library setup time                                     -0.15     270.94
  data required time                                               270.94
  --------------------------------------------------------------------------
  data required time                                               270.94
  data arrival time                                                 -1.74
  --------------------------------------------------------------------------
  slack (MET)                                                      269.20


  Startpoint: TX_CLK_GEN/cnt_even_reg[2]
              (rising edge-triggered flip-flop clocked by UART_CLK)
  Endpoint: TX_CLK_GEN/cnt_even_reg[0]
            (rising edge-triggered flip-flop clocked by UART_CLK)
  Path Group: UART_CLK
  Path Type: max

  Point                                                   Incr       Path
  --------------------------------------------------------------------------
  clock UART_CLK (rise edge)                              0.00       0.00
  clock network delay (ideal)                             0.00       0.00
  TX_CLK_GEN/cnt_even_reg[2]/CK (DFFRQX2M)                0.00       0.00 r
  TX_CLK_GEN/cnt_even_reg[2]/Q (DFFRQX2M)                 0.50       0.50 f
  TX_CLK_GEN/U59/Y (CLKXOR2X2M)                           0.23       0.73 f
  TX_CLK_GEN/U56/Y (NOR4X1M)                              0.23       0.96 r
  TX_CLK_GEN/U61/Y (NAND4X2M)                             0.18       1.14 f
  TX_CLK_GEN/U8/Y (NOR2BX2M)                              0.20       1.34 f
  TX_CLK_GEN/U95/Y (AO22X1M)                              0.40       1.74 f
  TX_CLK_GEN/cnt_even_reg[0]/D (DFFRQX2M)                 0.00       1.74 f
  data arrival time                                                  1.74

  clock UART_CLK (rise edge)                            271.30     271.30
  clock network delay (ideal)                             0.00     271.30
  clock uncertainty                                      -0.20     271.10
  TX_CLK_GEN/cnt_even_reg[0]/CK (DFFRQX2M)                0.00     271.10 r
  library setup time                                     -0.15     270.94
  data required time                                               270.94
  --------------------------------------------------------------------------
  data required time                                               270.94
  data arrival time                                                 -1.74
  --------------------------------------------------------------------------
  slack (MET)                                                      269.20


  Startpoint: RX_CLK_GEN/cnt_odd_neg_reg[3]
              (falling edge-triggered flip-flop clocked by UART_CLK)
  Endpoint: RX_CLK_GEN/cnt_odd_neg_reg[1]
            (falling edge-triggered flip-flop clocked by UART_CLK)
  Path Group: UART_CLK
  Path Type: max

  Point                                                   Incr       Path
  --------------------------------------------------------------------------
  clock UART_CLK (fall edge)                            135.65     135.65
  clock network delay (ideal)                             0.00     135.65
  RX_CLK_GEN/cnt_odd_neg_reg[3]/CKN (DFFNSRHX2M)          0.00     135.65 f
  RX_CLK_GEN/cnt_odd_neg_reg[3]/QN (DFFNSRHX2M)           0.81     136.46 f
  RX_CLK_GEN/U33/Y (CLKXOR2X2M)                           0.24     136.70 r
  RX_CLK_GEN/U32/Y (NAND4X2M)                             0.17     136.87 f
  RX_CLK_GEN/U38/Y (AOI21XLM)                             0.30     137.17 r
  RX_CLK_GEN/U40/Y (OAI2BB2X1M)                           0.15     137.31 f
  RX_CLK_GEN/cnt_odd_neg_reg[1]/D (DFFNSRHX2M)            0.00     137.31 f
  data arrival time                                                137.31

  clock UART_CLK (fall edge)                            406.95     406.95
  clock network delay (ideal)                             0.00     406.95
  clock uncertainty                                      -0.20     406.75
  RX_CLK_GEN/cnt_odd_neg_reg[1]/CKN (DFFNSRHX2M)          0.00     406.75 f
  library setup time                                     -0.12     406.63
  data required time                                               406.63
  --------------------------------------------------------------------------
  data required time                                               406.63
  data arrival time                                               -137.31
  --------------------------------------------------------------------------
  slack (MET)                                                      269.32


  Startpoint: TX_CLK_GEN/cnt_odd_pos_reg[0]
              (rising edge-triggered flip-flop clocked by UART_CLK)
  Endpoint: TX_CLK_GEN/cnt_odd_pos_reg[7]
            (rising edge-triggered flip-flop clocked by UART_CLK)
  Path Group: UART_CLK
  Path Type: max

  Point                                                   Incr       Path
  --------------------------------------------------------------------------
  clock UART_CLK (rise edge)                              0.00       0.00
  clock network delay (ideal)                             0.00       0.00
  TX_CLK_GEN/cnt_odd_pos_reg[0]/CK (DFFRQX2M)             0.00       0.00 r
  TX_CLK_GEN/cnt_odd_pos_reg[0]/Q (DFFRQX2M)              0.45       0.45 r
  TX_CLK_GEN/add_45/A[0] (ClkDiv_WIDTH8_DW01_inc_2)       0.00       0.45 r
  TX_CLK_GEN/add_45/U4/Y (NAND3X2M)                       0.15       0.59 f
  TX_CLK_GEN/add_45/U2/Y (NOR3BX2M)                       0.27       0.87 r
  TX_CLK_GEN/add_45/U3/Y (NAND2X2M)                       0.12       0.98 f
  TX_CLK_GEN/add_45/U14/Y (NOR2BX2M)                      0.12       1.10 r
  TX_CLK_GEN/add_45/U13/Y (CLKXOR2X2M)                    0.29       1.39 f
  TX_CLK_GEN/add_45/SUM[7] (ClkDiv_WIDTH8_DW01_inc_2)     0.00       1.39 f
  TX_CLK_GEN/U71/Y (OAI2BB2X1M)                           0.23       1.62 f
  TX_CLK_GEN/cnt_odd_pos_reg[7]/D (DFFRQX2M)              0.00       1.62 f
  data arrival time                                                  1.62

  clock UART_CLK (rise edge)                            271.30     271.30
  clock network delay (ideal)                             0.00     271.30
  clock uncertainty                                      -0.20     271.10
  TX_CLK_GEN/cnt_odd_pos_reg[7]/CK (DFFRQX2M)             0.00     271.10 r
  library setup time                                     -0.15     270.94
  data required time                                               270.94
  --------------------------------------------------------------------------
  data required time                                               270.94
  data arrival time                                                 -1.62
  --------------------------------------------------------------------------
  slack (MET)                                                      269.32


  Startpoint: TX_CLK_GEN/cnt_even_reg[2]
              (rising edge-triggered flip-flop clocked by UART_CLK)
  Endpoint: TX_CLK_GEN/even_clk_reg
            (rising edge-triggered flip-flop clocked by UART_CLK)
  Path Group: UART_CLK
  Path Type: max

  Point                                                   Incr       Path
  --------------------------------------------------------------------------
  clock UART_CLK (rise edge)                              0.00       0.00
  clock network delay (ideal)                             0.00       0.00
  TX_CLK_GEN/cnt_even_reg[2]/CK (DFFRQX2M)                0.00       0.00 r
  TX_CLK_GEN/cnt_even_reg[2]/Q (DFFRQX2M)                 0.50       0.50 f
  TX_CLK_GEN/U59/Y (CLKXOR2X2M)                           0.23       0.73 f
  TX_CLK_GEN/U56/Y (NOR4X1M)                              0.23       0.96 r
  TX_CLK_GEN/U61/Y (NAND4X2M)                             0.18       1.14 f
  TX_CLK_GEN/U97/Y (NOR2X2M)                              0.12       1.27 r
  TX_CLK_GEN/U96/Y (CLKXOR2X2M)                           0.21       1.48 r
  TX_CLK_GEN/even_clk_reg/D (DFFRQX2M)                    0.00       1.48 r
  data arrival time                                                  1.48

  clock UART_CLK (rise edge)                            271.30     271.30
  clock network delay (ideal)                             0.00     271.30
  clock uncertainty                                      -0.20     271.10
  TX_CLK_GEN/even_clk_reg/CK (DFFRQX2M)                   0.00     271.10 r
  library setup time                                     -0.29     270.81
  data required time                                               270.81
  --------------------------------------------------------------------------
  data required time                                               270.81
  data arrival time                                                 -1.48
  --------------------------------------------------------------------------
  slack (MET)                                                      269.33


  Startpoint: RX_CLK_GEN/cnt_odd_pos_reg[2]
              (rising edge-triggered flip-flop clocked by UART_CLK)
  Endpoint: RX_CLK_GEN/cnt_odd_pos_reg[3]
            (rising edge-triggered flip-flop clocked by UART_CLK)
  Path Group: UART_CLK
  Path Type: max

  Point                                                   Incr       Path
  --------------------------------------------------------------------------
  clock UART_CLK (rise edge)                              0.00       0.00
  clock network delay (ideal)                             0.00       0.00
  RX_CLK_GEN/cnt_odd_pos_reg[2]/CK (DFFRQX2M)             0.00       0.00 r
  RX_CLK_GEN/cnt_odd_pos_reg[2]/Q (DFFRQX2M)              0.50       0.50 f
  RX_CLK_GEN/U79/Y (INVX2M)                               0.10       0.59 r
  RX_CLK_GEN/U66/Y (CLKXOR2X2M)                           0.31       0.90 f
  RX_CLK_GEN/U63/Y (NAND4X2M)                             0.12       1.02 r
  RX_CLK_GEN/U19/Y (INVX2M)                               0.07       1.09 f
  RX_CLK_GEN/U61/Y (OAI21X2M)                             0.19       1.27 r
  RX_CLK_GEN/U74/Y (AOI21X2M)                             0.07       1.34 f
  RX_CLK_GEN/U72/Y (OAI21X2M)                             0.12       1.47 r
  RX_CLK_GEN/cnt_odd_pos_reg[3]/D (DFFRQX2M)              0.00       1.47 r
  data arrival time                                                  1.47

  clock UART_CLK (rise edge)                            271.30     271.30
  clock network delay (ideal)                             0.00     271.30
  clock uncertainty                                      -0.20     271.10
  RX_CLK_GEN/cnt_odd_pos_reg[3]/CK (DFFRQX2M)             0.00     271.10 r
  library setup time                                     -0.30     270.79
  data required time                                               270.79
  --------------------------------------------------------------------------
  data required time                                               270.79
  data arrival time                                                 -1.47
  --------------------------------------------------------------------------
  slack (MET)                                                      269.33


  Startpoint: TX_CLK_GEN/cnt_odd_neg_reg[5]
              (falling edge-triggered flip-flop clocked by UART_CLK)
  Endpoint: TX_CLK_GEN/cnt_odd_neg_reg[0]
            (falling edge-triggered flip-flop clocked by UART_CLK)
  Path Group: UART_CLK
  Path Type: max

  Point                                                   Incr       Path
  --------------------------------------------------------------------------
  clock UART_CLK (fall edge)                            135.65     135.65
  clock network delay (ideal)                             0.00     135.65
  TX_CLK_GEN/cnt_odd_neg_reg[5]/CKN (DFFNSRHX2M)          0.00     135.65 f
  TX_CLK_GEN/cnt_odd_neg_reg[5]/QN (DFFNSRHX2M)           0.79     136.44 f
  TX_CLK_GEN/U37/Y (CLKXOR2X2M)                           0.23     136.67 r
  TX_CLK_GEN/U31/Y (NAND4X2M)                             0.12     136.79 f
  TX_CLK_GEN/U30/Y (AOI2BB1X2M)                           0.27     137.05 f
  TX_CLK_GEN/U28/Y (OAI2BB2X1M)                           0.24     137.29 f
  TX_CLK_GEN/cnt_odd_neg_reg[0]/D (DFFNSRHX2M)            0.00     137.29 f
  data arrival time                                                137.29

  clock UART_CLK (fall edge)                            406.95     406.95
  clock network delay (ideal)                             0.00     406.95
  clock uncertainty                                      -0.20     406.75
  TX_CLK_GEN/cnt_odd_neg_reg[0]/CKN (DFFNSRHX2M)          0.00     406.75 f
  library setup time                                     -0.12     406.63
  data required time                                               406.63
  --------------------------------------------------------------------------
  data required time                                               406.63
  data arrival time                                               -137.29
  --------------------------------------------------------------------------
  slack (MET)                                                      269.34


  Startpoint: TX_CLK_GEN/cnt_odd_neg_reg[5]
              (falling edge-triggered flip-flop clocked by UART_CLK)
  Endpoint: TX_CLK_GEN/cnt_odd_neg_reg[6]
            (falling edge-triggered flip-flop clocked by UART_CLK)
  Path Group: UART_CLK
  Path Type: max

  Point                                                   Incr       Path
  --------------------------------------------------------------------------
  clock UART_CLK (fall edge)                            135.65     135.65
  clock network delay (ideal)                             0.00     135.65
  TX_CLK_GEN/cnt_odd_neg_reg[5]/CKN (DFFNSRHX2M)          0.00     135.65 f
  TX_CLK_GEN/cnt_odd_neg_reg[5]/QN (DFFNSRHX2M)           0.79     136.44 f
  TX_CLK_GEN/U37/Y (CLKXOR2X2M)                           0.23     136.67 r
  TX_CLK_GEN/U31/Y (NAND4X2M)                             0.12     136.79 f
  TX_CLK_GEN/U30/Y (AOI2BB1X2M)                           0.27     137.05 f
  TX_CLK_GEN/U34/Y (OAI2BB2X1M)                           0.24     137.29 f
  TX_CLK_GEN/cnt_odd_neg_reg[6]/D (DFFNSRHX2M)            0.00     137.29 f
  data arrival time                                                137.29

  clock UART_CLK (fall edge)                            406.95     406.95
  clock network delay (ideal)                             0.00     406.95
  clock uncertainty                                      -0.20     406.75
  TX_CLK_GEN/cnt_odd_neg_reg[6]/CKN (DFFNSRHX2M)          0.00     406.75 f
  library setup time                                     -0.12     406.63
  data required time                                               406.63
  --------------------------------------------------------------------------
  data required time                                               406.63
  data arrival time                                               -137.29
  --------------------------------------------------------------------------
  slack (MET)                                                      269.34


  Startpoint: TX_CLK_GEN/cnt_odd_neg_reg[5]
              (falling edge-triggered flip-flop clocked by UART_CLK)
  Endpoint: TX_CLK_GEN/cnt_odd_neg_reg[5]
            (falling edge-triggered flip-flop clocked by UART_CLK)
  Path Group: UART_CLK
  Path Type: max

  Point                                                   Incr       Path
  --------------------------------------------------------------------------
  clock UART_CLK (fall edge)                            135.65     135.65
  clock network delay (ideal)                             0.00     135.65
  TX_CLK_GEN/cnt_odd_neg_reg[5]/CKN (DFFNSRHX2M)          0.00     135.65 f
  TX_CLK_GEN/cnt_odd_neg_reg[5]/QN (DFFNSRHX2M)           0.79     136.44 f
  TX_CLK_GEN/U37/Y (CLKXOR2X2M)                           0.23     136.67 r
  TX_CLK_GEN/U31/Y (NAND4X2M)                             0.12     136.79 f
  TX_CLK_GEN/U30/Y (AOI2BB1X2M)                           0.27     137.05 f
  TX_CLK_GEN/U24/Y (OAI2BB2X1M)                           0.24     137.29 f
  TX_CLK_GEN/cnt_odd_neg_reg[5]/D (DFFNSRHX2M)            0.00     137.29 f
  data arrival time                                                137.29

  clock UART_CLK (fall edge)                            406.95     406.95
  clock network delay (ideal)                             0.00     406.95
  clock uncertainty                                      -0.20     406.75
  TX_CLK_GEN/cnt_odd_neg_reg[5]/CKN (DFFNSRHX2M)          0.00     406.75 f
  library setup time                                     -0.12     406.63
  data required time                                               406.63
  --------------------------------------------------------------------------
  data required time                                               406.63
  data arrival time                                               -137.29
  --------------------------------------------------------------------------
  slack (MET)                                                      269.34


  Startpoint: TX_CLK_GEN/cnt_odd_neg_reg[5]
              (falling edge-triggered flip-flop clocked by UART_CLK)
  Endpoint: TX_CLK_GEN/cnt_odd_neg_reg[4]
            (falling edge-triggered flip-flop clocked by UART_CLK)
  Path Group: UART_CLK
  Path Type: max

  Point                                                   Incr       Path
  --------------------------------------------------------------------------
  clock UART_CLK (fall edge)                            135.65     135.65
  clock network delay (ideal)                             0.00     135.65
  TX_CLK_GEN/cnt_odd_neg_reg[5]/CKN (DFFNSRHX2M)          0.00     135.65 f
  TX_CLK_GEN/cnt_odd_neg_reg[5]/QN (DFFNSRHX2M)           0.79     136.44 f
  TX_CLK_GEN/U37/Y (CLKXOR2X2M)                           0.23     136.67 r
  TX_CLK_GEN/U31/Y (NAND4X2M)                             0.12     136.79 f
  TX_CLK_GEN/U30/Y (AOI2BB1X2M)                           0.27     137.05 f
  TX_CLK_GEN/U26/Y (OAI2BB2X1M)                           0.24     137.29 f
  TX_CLK_GEN/cnt_odd_neg_reg[4]/D (DFFNSRHX2M)            0.00     137.29 f
  data arrival time                                                137.29

  clock UART_CLK (fall edge)                            406.95     406.95
  clock network delay (ideal)                             0.00     406.95
  clock uncertainty                                      -0.20     406.75
  TX_CLK_GEN/cnt_odd_neg_reg[4]/CKN (DFFNSRHX2M)          0.00     406.75 f
  library setup time                                     -0.12     406.63
  data required time                                               406.63
  --------------------------------------------------------------------------
  data required time                                               406.63
  data arrival time                                               -137.29
  --------------------------------------------------------------------------
  slack (MET)                                                      269.34


  Startpoint: TX_CLK_GEN/cnt_odd_neg_reg[5]
              (falling edge-triggered flip-flop clocked by UART_CLK)
  Endpoint: TX_CLK_GEN/cnt_odd_neg_reg[3]
            (falling edge-triggered flip-flop clocked by UART_CLK)
  Path Group: UART_CLK
  Path Type: max

  Point                                                   Incr       Path
  --------------------------------------------------------------------------
  clock UART_CLK (fall edge)                            135.65     135.65
  clock network delay (ideal)                             0.00     135.65
  TX_CLK_GEN/cnt_odd_neg_reg[5]/CKN (DFFNSRHX2M)          0.00     135.65 f
  TX_CLK_GEN/cnt_odd_neg_reg[5]/QN (DFFNSRHX2M)           0.79     136.44 f
  TX_CLK_GEN/U37/Y (CLKXOR2X2M)                           0.23     136.67 r
  TX_CLK_GEN/U31/Y (NAND4X2M)                             0.12     136.79 f
  TX_CLK_GEN/U30/Y (AOI2BB1X2M)                           0.27     137.05 f
  TX_CLK_GEN/U27/Y (OAI2BB2X1M)                           0.24     137.29 f
  TX_CLK_GEN/cnt_odd_neg_reg[3]/D (DFFNSRHX2M)            0.00     137.29 f
  data arrival time                                                137.29

  clock UART_CLK (fall edge)                            406.95     406.95
  clock network delay (ideal)                             0.00     406.95
  clock uncertainty                                      -0.20     406.75
  TX_CLK_GEN/cnt_odd_neg_reg[3]/CKN (DFFNSRHX2M)          0.00     406.75 f
  library setup time                                     -0.12     406.63
  data required time                                               406.63
  --------------------------------------------------------------------------
  data required time                                               406.63
  data arrival time                                               -137.29
  --------------------------------------------------------------------------
  slack (MET)                                                      269.34


  Startpoint: TX_CLK_GEN/cnt_odd_neg_reg[5]
              (falling edge-triggered flip-flop clocked by UART_CLK)
  Endpoint: TX_CLK_GEN/cnt_odd_neg_reg[2]
            (falling edge-triggered flip-flop clocked by UART_CLK)
  Path Group: UART_CLK
  Path Type: max

  Point                                                   Incr       Path
  --------------------------------------------------------------------------
  clock UART_CLK (fall edge)                            135.65     135.65
  clock network delay (ideal)                             0.00     135.65
  TX_CLK_GEN/cnt_odd_neg_reg[5]/CKN (DFFNSRHX2M)          0.00     135.65 f
  TX_CLK_GEN/cnt_odd_neg_reg[5]/QN (DFFNSRHX2M)           0.79     136.44 f
  TX_CLK_GEN/U37/Y (CLKXOR2X2M)                           0.23     136.67 r
  TX_CLK_GEN/U31/Y (NAND4X2M)                             0.12     136.79 f
  TX_CLK_GEN/U30/Y (AOI2BB1X2M)                           0.27     137.05 f
  TX_CLK_GEN/U25/Y (OAI2BB2X1M)                           0.24     137.29 f
  TX_CLK_GEN/cnt_odd_neg_reg[2]/D (DFFNSRHX2M)            0.00     137.29 f
  data arrival time                                                137.29

  clock UART_CLK (fall edge)                            406.95     406.95
  clock network delay (ideal)                             0.00     406.95
  clock uncertainty                                      -0.20     406.75
  TX_CLK_GEN/cnt_odd_neg_reg[2]/CKN (DFFNSRHX2M)          0.00     406.75 f
  library setup time                                     -0.12     406.63
  data required time                                               406.63
  --------------------------------------------------------------------------
  data required time                                               406.63
  data arrival time                                               -137.29
  --------------------------------------------------------------------------
  slack (MET)                                                      269.34


  Startpoint: TX_CLK_GEN/cnt_odd_neg_reg[5]
              (falling edge-triggered flip-flop clocked by UART_CLK)
  Endpoint: TX_CLK_GEN/cnt_odd_neg_reg[1]
            (falling edge-triggered flip-flop clocked by UART_CLK)
  Path Group: UART_CLK
  Path Type: max

  Point                                                   Incr       Path
  --------------------------------------------------------------------------
  clock UART_CLK (fall edge)                            135.65     135.65
  clock network delay (ideal)                             0.00     135.65
  TX_CLK_GEN/cnt_odd_neg_reg[5]/CKN (DFFNSRHX2M)          0.00     135.65 f
  TX_CLK_GEN/cnt_odd_neg_reg[5]/QN (DFFNSRHX2M)           0.79     136.44 f
  TX_CLK_GEN/U37/Y (CLKXOR2X2M)                           0.23     136.67 r
  TX_CLK_GEN/U31/Y (NAND4X2M)                             0.12     136.79 f
  TX_CLK_GEN/U30/Y (AOI2BB1X2M)                           0.27     137.05 f
  TX_CLK_GEN/U29/Y (OAI2BB2X1M)                           0.24     137.29 f
  TX_CLK_GEN/cnt_odd_neg_reg[1]/D (DFFNSRHX2M)            0.00     137.29 f
  data arrival time                                                137.29

  clock UART_CLK (fall edge)                            406.95     406.95
  clock network delay (ideal)                             0.00     406.95
  clock uncertainty                                      -0.20     406.75
  TX_CLK_GEN/cnt_odd_neg_reg[1]/CKN (DFFNSRHX2M)          0.00     406.75 f
  library setup time                                     -0.12     406.63
  data required time                                               406.63
  --------------------------------------------------------------------------
  data required time                                               406.63
  data arrival time                                               -137.29
  --------------------------------------------------------------------------
  slack (MET)                                                      269.34


  Startpoint: RX_CLK_GEN/cnt_odd_pos_reg[2]
              (rising edge-triggered flip-flop clocked by UART_CLK)
  Endpoint: RX_CLK_GEN/cnt_odd_pos_reg[2]
            (rising edge-triggered flip-flop clocked by UART_CLK)
  Path Group: UART_CLK
  Path Type: max

  Point                                                   Incr       Path
  --------------------------------------------------------------------------
  clock UART_CLK (rise edge)                              0.00       0.00
  clock network delay (ideal)                             0.00       0.00
  RX_CLK_GEN/cnt_odd_pos_reg[2]/CK (DFFRQX2M)             0.00       0.00 r
  RX_CLK_GEN/cnt_odd_pos_reg[2]/Q (DFFRQX2M)              0.50       0.50 f
  RX_CLK_GEN/U79/Y (INVX2M)                               0.10       0.59 r
  RX_CLK_GEN/U66/Y (CLKXOR2X2M)                           0.31       0.90 f
  RX_CLK_GEN/U63/Y (NAND4X2M)                             0.12       1.02 r
  RX_CLK_GEN/U19/Y (INVX2M)                               0.07       1.09 f
  RX_CLK_GEN/U61/Y (OAI21X2M)                             0.19       1.27 r
  RX_CLK_GEN/U81/Y (AOI32X1M)                             0.11       1.39 f
  RX_CLK_GEN/U80/Y (INVX2M)                               0.08       1.47 r
  RX_CLK_GEN/cnt_odd_pos_reg[2]/D (DFFRQX2M)              0.00       1.47 r
  data arrival time                                                  1.47

  clock UART_CLK (rise edge)                            271.30     271.30
  clock network delay (ideal)                             0.00     271.30
  clock uncertainty                                      -0.20     271.10
  RX_CLK_GEN/cnt_odd_pos_reg[2]/CK (DFFRQX2M)             0.00     271.10 r
  library setup time                                     -0.29     270.80
  data required time                                               270.80
  --------------------------------------------------------------------------
  data required time                                               270.80
  data arrival time                                                 -1.47
  --------------------------------------------------------------------------
  slack (MET)                                                      269.34


  Startpoint: RX_CLK_GEN/cnt_even_reg[1]
              (rising edge-triggered flip-flop clocked by UART_CLK)
  Endpoint: RX_CLK_GEN/cnt_even_reg[2]
            (rising edge-triggered flip-flop clocked by UART_CLK)
  Path Group: UART_CLK
  Path Type: max

  Point                                                   Incr       Path
  --------------------------------------------------------------------------
  clock UART_CLK (rise edge)                              0.00       0.00
  clock network delay (ideal)                             0.00       0.00
  RX_CLK_GEN/cnt_even_reg[1]/CK (DFFRQX2M)                0.00       0.00 r
  RX_CLK_GEN/cnt_even_reg[1]/Q (DFFRQX2M)                 0.51       0.51 f
  RX_CLK_GEN/U78/Y (INVX2M)                               0.10       0.61 r
  RX_CLK_GEN/U56/Y (CLKXOR2X2M)                           0.22       0.82 f
  RX_CLK_GEN/U53/Y (NAND4X2M)                             0.16       0.98 r
  RX_CLK_GEN/U18/Y (INVX2M)                               0.07       1.06 f
  RX_CLK_GEN/U52/Y (OAI21X2M)                             0.20       1.25 r
  RX_CLK_GEN/U50/Y (INVX2M)                               0.06       1.31 f
  RX_CLK_GEN/U49/Y (OAI32X1M)                             0.10       1.42 r
  RX_CLK_GEN/cnt_even_reg[2]/D (DFFRQX2M)                 0.00       1.42 r
  data arrival time                                                  1.42

  clock UART_CLK (rise edge)                            271.30     271.30
  clock network delay (ideal)                             0.00     271.30
  clock uncertainty                                      -0.20     271.10
  RX_CLK_GEN/cnt_even_reg[2]/CK (DFFRQX2M)                0.00     271.10 r
  library setup time                                     -0.34     270.76
  data required time                                               270.76
  --------------------------------------------------------------------------
  data required time                                               270.76
  data arrival time                                                 -1.42
  --------------------------------------------------------------------------
  slack (MET)                                                      269.34


  Startpoint: RX_CLK_GEN/cnt_even_reg[1]
              (rising edge-triggered flip-flop clocked by UART_CLK)
  Endpoint: RX_CLK_GEN/cnt_even_reg[3]
            (rising edge-triggered flip-flop clocked by UART_CLK)
  Path Group: UART_CLK
  Path Type: max

  Point                                                   Incr       Path
  --------------------------------------------------------------------------
  clock UART_CLK (rise edge)                              0.00       0.00
  clock network delay (ideal)                             0.00       0.00
  RX_CLK_GEN/cnt_even_reg[1]/CK (DFFRQX2M)                0.00       0.00 r
  RX_CLK_GEN/cnt_even_reg[1]/Q (DFFRQX2M)                 0.51       0.51 f
  RX_CLK_GEN/U78/Y (INVX2M)                               0.10       0.61 r
  RX_CLK_GEN/U56/Y (CLKXOR2X2M)                           0.22       0.82 f
  RX_CLK_GEN/U53/Y (NAND4X2M)                             0.16       0.98 r
  RX_CLK_GEN/U18/Y (INVX2M)                               0.07       1.06 f
  RX_CLK_GEN/U52/Y (OAI21X2M)                             0.20       1.25 r
  RX_CLK_GEN/U70/Y (NOR2X2M)                              0.08       1.33 f
  RX_CLK_GEN/U68/Y (OAI21X2M)                             0.14       1.47 r
  RX_CLK_GEN/cnt_even_reg[3]/D (DFFRX1M)                  0.00       1.47 r
  data arrival time                                                  1.47

  clock UART_CLK (rise edge)                            271.30     271.30
  clock network delay (ideal)                             0.00     271.30
  clock uncertainty                                      -0.20     271.10
  RX_CLK_GEN/cnt_even_reg[3]/CK (DFFRX1M)                 0.00     271.10 r
  library setup time                                     -0.25     270.85
  data required time                                               270.85
  --------------------------------------------------------------------------
  data required time                                               270.85
  data arrival time                                                 -1.47
  --------------------------------------------------------------------------
  slack (MET)                                                      269.39


  Startpoint: TX_CLK_GEN/cnt_odd_pos_reg[1]
              (rising edge-triggered flip-flop clocked by UART_CLK)
  Endpoint: TX_CLK_GEN/cnt_odd_pos_reg[6]
            (rising edge-triggered flip-flop clocked by UART_CLK)
  Path Group: UART_CLK
  Path Type: max

  Point                                                   Incr       Path
  --------------------------------------------------------------------------
  clock UART_CLK (rise edge)                              0.00       0.00
  clock network delay (ideal)                             0.00       0.00
  TX_CLK_GEN/cnt_odd_pos_reg[1]/CK (DFFRQX2M)             0.00       0.00 r
  TX_CLK_GEN/cnt_odd_pos_reg[1]/Q (DFFRQX2M)              0.52       0.52 f
  TX_CLK_GEN/U73/Y (INVX2M)                               0.12       0.64 r
  TX_CLK_GEN/U84/Y (CLKXOR2X2M)                           0.23       0.87 f
  TX_CLK_GEN/U48/Y (NAND4X2M)                             0.08       0.94 r
  TX_CLK_GEN/U46/Y (AOI2BB1X2M)                           0.27       1.22 r
  TX_CLK_GEN/U69/Y (OAI2BB2X1M)                           0.19       1.40 r
  TX_CLK_GEN/cnt_odd_pos_reg[6]/D (DFFRQX2M)              0.00       1.40 r
  data arrival time                                                  1.40

  clock UART_CLK (rise edge)                            271.30     271.30
  clock network delay (ideal)                             0.00     271.30
  clock uncertainty                                      -0.20     271.10
  TX_CLK_GEN/cnt_odd_pos_reg[6]/CK (DFFRQX2M)             0.00     271.10 r
  library setup time                                     -0.31     270.79
  data required time                                               270.79
  --------------------------------------------------------------------------
  data required time                                               270.79
  data arrival time                                                 -1.40
  --------------------------------------------------------------------------
  slack (MET)                                                      269.39


  Startpoint: TX_CLK_GEN/cnt_odd_pos_reg[1]
              (rising edge-triggered flip-flop clocked by UART_CLK)
  Endpoint: TX_CLK_GEN/cnt_odd_pos_reg[3]
            (rising edge-triggered flip-flop clocked by UART_CLK)
  Path Group: UART_CLK
  Path Type: max

  Point                                                   Incr       Path
  --------------------------------------------------------------------------
  clock UART_CLK (rise edge)                              0.00       0.00
  clock network delay (ideal)                             0.00       0.00
  TX_CLK_GEN/cnt_odd_pos_reg[1]/CK (DFFRQX2M)             0.00       0.00 r
  TX_CLK_GEN/cnt_odd_pos_reg[1]/Q (DFFRQX2M)              0.52       0.52 f
  TX_CLK_GEN/U73/Y (INVX2M)                               0.12       0.64 r
  TX_CLK_GEN/U84/Y (CLKXOR2X2M)                           0.23       0.87 f
  TX_CLK_GEN/U48/Y (NAND4X2M)                             0.08       0.94 r
  TX_CLK_GEN/U46/Y (AOI2BB1X2M)                           0.27       1.22 r
  TX_CLK_GEN/U10/Y (OAI2BB2X1M)                           0.19       1.40 r
  TX_CLK_GEN/cnt_odd_pos_reg[3]/D (DFFRQX2M)              0.00       1.40 r
  data arrival time                                                  1.40

  clock UART_CLK (rise edge)                            271.30     271.30
  clock network delay (ideal)                             0.00     271.30
  clock uncertainty                                      -0.20     271.10
  TX_CLK_GEN/cnt_odd_pos_reg[3]/CK (DFFRQX2M)             0.00     271.10 r
  library setup time                                     -0.31     270.79
  data required time                                               270.79
  --------------------------------------------------------------------------
  data required time                                               270.79
  data arrival time                                                 -1.40
  --------------------------------------------------------------------------
  slack (MET)                                                      269.39


  Startpoint: TX_CLK_GEN/cnt_odd_pos_reg[1]
              (rising edge-triggered flip-flop clocked by UART_CLK)
  Endpoint: TX_CLK_GEN/cnt_odd_pos_reg[4]
            (rising edge-triggered flip-flop clocked by UART_CLK)
  Path Group: UART_CLK
  Path Type: max

  Point                                                   Incr       Path
  --------------------------------------------------------------------------
  clock UART_CLK (rise edge)                              0.00       0.00
  clock network delay (ideal)                             0.00       0.00
  TX_CLK_GEN/cnt_odd_pos_reg[1]/CK (DFFRQX2M)             0.00       0.00 r
  TX_CLK_GEN/cnt_odd_pos_reg[1]/Q (DFFRQX2M)              0.52       0.52 f
  TX_CLK_GEN/U73/Y (INVX2M)                               0.12       0.64 r
  TX_CLK_GEN/U84/Y (CLKXOR2X2M)                           0.23       0.87 f
  TX_CLK_GEN/U48/Y (NAND4X2M)                             0.08       0.94 r
  TX_CLK_GEN/U46/Y (AOI2BB1X2M)                           0.27       1.22 r
  TX_CLK_GEN/U67/Y (OAI2BB2X1M)                           0.19       1.40 r
  TX_CLK_GEN/cnt_odd_pos_reg[4]/D (DFFRQX2M)              0.00       1.40 r
  data arrival time                                                  1.40

  clock UART_CLK (rise edge)                            271.30     271.30
  clock network delay (ideal)                             0.00     271.30
  clock uncertainty                                      -0.20     271.10
  TX_CLK_GEN/cnt_odd_pos_reg[4]/CK (DFFRQX2M)             0.00     271.10 r
  library setup time                                     -0.31     270.79
  data required time                                               270.79
  --------------------------------------------------------------------------
  data required time                                               270.79
  data arrival time                                                 -1.40
  --------------------------------------------------------------------------
  slack (MET)                                                      269.39


  Startpoint: TX_CLK_GEN/cnt_odd_pos_reg[1]
              (rising edge-triggered flip-flop clocked by UART_CLK)
  Endpoint: TX_CLK_GEN/cnt_odd_pos_reg[2]
            (rising edge-triggered flip-flop clocked by UART_CLK)
  Path Group: UART_CLK
  Path Type: max

  Point                                                   Incr       Path
  --------------------------------------------------------------------------
  clock UART_CLK (rise edge)                              0.00       0.00
  clock network delay (ideal)                             0.00       0.00
  TX_CLK_GEN/cnt_odd_pos_reg[1]/CK (DFFRQX2M)             0.00       0.00 r
  TX_CLK_GEN/cnt_odd_pos_reg[1]/Q (DFFRQX2M)              0.52       0.52 f
  TX_CLK_GEN/U73/Y (INVX2M)                               0.12       0.64 r
  TX_CLK_GEN/U84/Y (CLKXOR2X2M)                           0.23       0.87 f
  TX_CLK_GEN/U48/Y (NAND4X2M)                             0.08       0.94 r
  TX_CLK_GEN/U46/Y (AOI2BB1X2M)                           0.27       1.22 r
  TX_CLK_GEN/U66/Y (OAI2BB2X1M)                           0.19       1.40 r
  TX_CLK_GEN/cnt_odd_pos_reg[2]/D (DFFRQX2M)              0.00       1.40 r
  data arrival time                                                  1.40

  clock UART_CLK (rise edge)                            271.30     271.30
  clock network delay (ideal)                             0.00     271.30
  clock uncertainty                                      -0.20     271.10
  TX_CLK_GEN/cnt_odd_pos_reg[2]/CK (DFFRQX2M)             0.00     271.10 r
  library setup time                                     -0.31     270.79
  data required time                                               270.79
  --------------------------------------------------------------------------
  data required time                                               270.79
  data arrival time                                                 -1.40
  --------------------------------------------------------------------------
  slack (MET)                                                      269.39


  Startpoint: TX_CLK_GEN/cnt_odd_pos_reg[1]
              (rising edge-triggered flip-flop clocked by UART_CLK)
  Endpoint: TX_CLK_GEN/cnt_odd_pos_reg[5]
            (rising edge-triggered flip-flop clocked by UART_CLK)
  Path Group: UART_CLK
  Path Type: max

  Point                                                   Incr       Path
  --------------------------------------------------------------------------
  clock UART_CLK (rise edge)                              0.00       0.00
  clock network delay (ideal)                             0.00       0.00
  TX_CLK_GEN/cnt_odd_pos_reg[1]/CK (DFFRQX2M)             0.00       0.00 r
  TX_CLK_GEN/cnt_odd_pos_reg[1]/Q (DFFRQX2M)              0.52       0.52 f
  TX_CLK_GEN/U73/Y (INVX2M)                               0.12       0.64 r
  TX_CLK_GEN/U84/Y (CLKXOR2X2M)                           0.23       0.87 f
  TX_CLK_GEN/U48/Y (NAND4X2M)                             0.08       0.94 r
  TX_CLK_GEN/U46/Y (AOI2BB1X2M)                           0.27       1.22 r
  TX_CLK_GEN/U68/Y (OAI2BB2X1M)                           0.19       1.40 r
  TX_CLK_GEN/cnt_odd_pos_reg[5]/D (DFFRQX2M)              0.00       1.40 r
  data arrival time                                                  1.40

  clock UART_CLK (rise edge)                            271.30     271.30
  clock network delay (ideal)                             0.00     271.30
  clock uncertainty                                      -0.20     271.10
  TX_CLK_GEN/cnt_odd_pos_reg[5]/CK (DFFRQX2M)             0.00     271.10 r
  library setup time                                     -0.31     270.79
  data required time                                               270.79
  --------------------------------------------------------------------------
  data required time                                               270.79
  data arrival time                                                 -1.40
  --------------------------------------------------------------------------
  slack (MET)                                                      269.39


  Startpoint: TX_CLK_GEN/cnt_odd_pos_reg[1]
              (rising edge-triggered flip-flop clocked by UART_CLK)
  Endpoint: TX_CLK_GEN/cnt_odd_pos_reg[1]
            (rising edge-triggered flip-flop clocked by UART_CLK)
  Path Group: UART_CLK
  Path Type: max

  Point                                                   Incr       Path
  --------------------------------------------------------------------------
  clock UART_CLK (rise edge)                              0.00       0.00
  clock network delay (ideal)                             0.00       0.00
  TX_CLK_GEN/cnt_odd_pos_reg[1]/CK (DFFRQX2M)             0.00       0.00 r
  TX_CLK_GEN/cnt_odd_pos_reg[1]/Q (DFFRQX2M)              0.52       0.52 f
  TX_CLK_GEN/U73/Y (INVX2M)                               0.12       0.64 r
  TX_CLK_GEN/U84/Y (CLKXOR2X2M)                           0.23       0.87 f
  TX_CLK_GEN/U48/Y (NAND4X2M)                             0.08       0.94 r
  TX_CLK_GEN/U46/Y (AOI2BB1X2M)                           0.27       1.22 r
  TX_CLK_GEN/U65/Y (OAI2BB2X1M)                           0.19       1.40 r
  TX_CLK_GEN/cnt_odd_pos_reg[1]/D (DFFRQX2M)              0.00       1.40 r
  data arrival time                                                  1.40

  clock UART_CLK (rise edge)                            271.30     271.30
  clock network delay (ideal)                             0.00     271.30
  clock uncertainty                                      -0.20     271.10
  TX_CLK_GEN/cnt_odd_pos_reg[1]/CK (DFFRQX2M)             0.00     271.10 r
  library setup time                                     -0.31     270.79
  data required time                                               270.79
  --------------------------------------------------------------------------
  data required time                                               270.79
  data arrival time                                                 -1.40
  --------------------------------------------------------------------------
  slack (MET)                                                      269.39


  Startpoint: TX_CLK_GEN/cnt_odd_pos_reg[1]
              (rising edge-triggered flip-flop clocked by UART_CLK)
  Endpoint: TX_CLK_GEN/cnt_odd_pos_reg[0]
            (rising edge-triggered flip-flop clocked by UART_CLK)
  Path Group: UART_CLK
  Path Type: max

  Point                                                   Incr       Path
  --------------------------------------------------------------------------
  clock UART_CLK (rise edge)                              0.00       0.00
  clock network delay (ideal)                             0.00       0.00
  TX_CLK_GEN/cnt_odd_pos_reg[1]/CK (DFFRQX2M)             0.00       0.00 r
  TX_CLK_GEN/cnt_odd_pos_reg[1]/Q (DFFRQX2M)              0.52       0.52 f
  TX_CLK_GEN/U73/Y (INVX2M)                               0.12       0.64 r
  TX_CLK_GEN/U84/Y (CLKXOR2X2M)                           0.23       0.87 f
  TX_CLK_GEN/U48/Y (NAND4X2M)                             0.08       0.94 r
  TX_CLK_GEN/U46/Y (AOI2BB1X2M)                           0.27       1.22 r
  TX_CLK_GEN/U70/Y (OAI2BB2X1M)                           0.19       1.40 r
  TX_CLK_GEN/cnt_odd_pos_reg[0]/D (DFFRQX2M)              0.00       1.40 r
  data arrival time                                                  1.40

  clock UART_CLK (rise edge)                            271.30     271.30
  clock network delay (ideal)                             0.00     271.30
  clock uncertainty                                      -0.20     271.10
  TX_CLK_GEN/cnt_odd_pos_reg[0]/CK (DFFRQX2M)             0.00     271.10 r
  library setup time                                     -0.31     270.79
  data required time                                               270.79
  --------------------------------------------------------------------------
  data required time                                               270.79
  data arrival time                                                 -1.40
  --------------------------------------------------------------------------
  slack (MET)                                                      269.39


  Startpoint: RX_CLK_GEN/cnt_odd_pos_reg[2]
              (rising edge-triggered flip-flop clocked by UART_CLK)
  Endpoint: RX_CLK_GEN/cnt_odd_pos_reg[0]
            (rising edge-triggered flip-flop clocked by UART_CLK)
  Path Group: UART_CLK
  Path Type: max

  Point                                                   Incr       Path
  --------------------------------------------------------------------------
  clock UART_CLK (rise edge)                              0.00       0.00
  clock network delay (ideal)                             0.00       0.00
  RX_CLK_GEN/cnt_odd_pos_reg[2]/CK (DFFRQX2M)             0.00       0.00 r
  RX_CLK_GEN/cnt_odd_pos_reg[2]/Q (DFFRQX2M)              0.50       0.50 f
  RX_CLK_GEN/U79/Y (INVX2M)                               0.10       0.59 r
  RX_CLK_GEN/U66/Y (CLKXOR2X2M)                           0.31       0.90 f
  RX_CLK_GEN/U63/Y (NAND4X2M)                             0.12       1.02 r
  RX_CLK_GEN/U19/Y (INVX2M)                               0.07       1.09 f
  RX_CLK_GEN/U51/Y (OAI32X1M)                             0.28       1.37 r
  RX_CLK_GEN/cnt_odd_pos_reg[0]/D (DFFRQX2M)              0.00       1.37 r
  data arrival time                                                  1.37

  clock UART_CLK (rise edge)                            271.30     271.30
  clock network delay (ideal)                             0.00     271.30
  clock uncertainty                                      -0.20     271.10
  RX_CLK_GEN/cnt_odd_pos_reg[0]/CK (DFFRQX2M)             0.00     271.10 r
  library setup time                                     -0.34     270.76
  data required time                                               270.76
  --------------------------------------------------------------------------
  data required time                                               270.76
  data arrival time                                                 -1.37
  --------------------------------------------------------------------------
  slack (MET)                                                      269.39


  Startpoint: RX_CLK_GEN/cnt_even_reg[1]
              (rising edge-triggered flip-flop clocked by UART_CLK)
  Endpoint: RX_CLK_GEN/cnt_even_reg[0]
            (rising edge-triggered flip-flop clocked by UART_CLK)
  Path Group: UART_CLK
  Path Type: max

  Point                                                   Incr       Path
  --------------------------------------------------------------------------
  clock UART_CLK (rise edge)                              0.00       0.00
  clock network delay (ideal)                             0.00       0.00
  RX_CLK_GEN/cnt_even_reg[1]/CK (DFFRQX2M)                0.00       0.00 r
  RX_CLK_GEN/cnt_even_reg[1]/Q (DFFRQX2M)                 0.51       0.51 f
  RX_CLK_GEN/U78/Y (INVX2M)                               0.10       0.61 r
  RX_CLK_GEN/U56/Y (CLKXOR2X2M)                           0.22       0.82 f
  RX_CLK_GEN/U53/Y (NAND4X2M)                             0.16       0.98 r
  RX_CLK_GEN/U18/Y (INVX2M)                               0.07       1.06 f
  RX_CLK_GEN/U48/Y (OAI32X1M)                             0.28       1.34 r
  RX_CLK_GEN/cnt_even_reg[0]/D (DFFRQX2M)                 0.00       1.34 r
  data arrival time                                                  1.34

  clock UART_CLK (rise edge)                            271.30     271.30
  clock network delay (ideal)                             0.00     271.30
  clock uncertainty                                      -0.20     271.10
  RX_CLK_GEN/cnt_even_reg[0]/CK (DFFRQX2M)                0.00     271.10 r
  library setup time                                     -0.34     270.76
  data required time                                               270.76
  --------------------------------------------------------------------------
  data required time                                               270.76
  data arrival time                                                 -1.34
  --------------------------------------------------------------------------
  slack (MET)                                                      269.42


  Startpoint: RX_CLK_GEN/cnt_odd_neg_reg[1]
              (falling edge-triggered flip-flop clocked by UART_CLK)
  Endpoint: RX_CLK_GEN/outB_r_reg
            (falling edge-triggered flip-flop clocked by UART_CLK)
  Path Group: UART_CLK
  Path Type: max

  Point                                                   Incr       Path
  --------------------------------------------------------------------------
  clock UART_CLK (fall edge)                            135.65     135.65
  clock network delay (ideal)                             0.00     135.65
  RX_CLK_GEN/cnt_odd_neg_reg[1]/CKN (DFFNSRHX2M)          0.00     135.65 f
  RX_CLK_GEN/cnt_odd_neg_reg[1]/QN (DFFNSRHX2M)           0.75     136.40 f
  RX_CLK_GEN/U37/Y (OAI211X2M)                            0.20     136.61 r
  RX_CLK_GEN/U47/Y (OAI21X2M)                             0.11     136.71 f
  RX_CLK_GEN/U46/Y (AO21XLM)                              0.31     137.03 f
  RX_CLK_GEN/U45/Y (OAI211X2M)                            0.09     137.12 r
  RX_CLK_GEN/U44/Y (OAI21X2M)                             0.09     137.21 f
  RX_CLK_GEN/outB_r_reg/D (DFFNSRHX2M)                    0.00     137.21 f
  data arrival time                                                137.21

  clock UART_CLK (fall edge)                            406.95     406.95
  clock network delay (ideal)                             0.00     406.95
  clock uncertainty                                      -0.20     406.75
  RX_CLK_GEN/outB_r_reg/CKN (DFFNSRHX2M)                  0.00     406.75 f
  library setup time                                     -0.11     406.64
  data required time                                               406.64
  --------------------------------------------------------------------------
  data required time                                               406.64
  data arrival time                                               -137.21
  --------------------------------------------------------------------------
  slack (MET)                                                      269.43


  Startpoint: RX_CLK_GEN/cnt_even_reg[1]
              (rising edge-triggered flip-flop clocked by UART_CLK)
  Endpoint: RX_CLK_GEN/cnt_even_reg[1]
            (rising edge-triggered flip-flop clocked by UART_CLK)
  Path Group: UART_CLK
  Path Type: max

  Point                                                   Incr       Path
  --------------------------------------------------------------------------
  clock UART_CLK (rise edge)                              0.00       0.00
  clock network delay (ideal)                             0.00       0.00
  RX_CLK_GEN/cnt_even_reg[1]/CK (DFFRQX2M)                0.00       0.00 r
  RX_CLK_GEN/cnt_even_reg[1]/Q (DFFRQX2M)                 0.51       0.51 f
  RX_CLK_GEN/U78/Y (INVX2M)                               0.10       0.61 r
  RX_CLK_GEN/U56/Y (CLKXOR2X2M)                           0.22       0.82 f
  RX_CLK_GEN/U53/Y (NAND4X2M)                             0.16       0.98 r
  RX_CLK_GEN/U67/Y (NAND3X2M)                             0.14       1.13 f
  RX_CLK_GEN/U62/Y (OAI22X1M)                             0.20       1.33 r
  RX_CLK_GEN/cnt_even_reg[1]/D (DFFRQX2M)                 0.00       1.33 r
  data arrival time                                                  1.33

  clock UART_CLK (rise edge)                            271.30     271.30
  clock network delay (ideal)                             0.00     271.30
  clock uncertainty                                      -0.20     271.10
  RX_CLK_GEN/cnt_even_reg[1]/CK (DFFRQX2M)                0.00     271.10 r
  library setup time                                     -0.32     270.78
  data required time                                               270.78
  --------------------------------------------------------------------------
  data required time                                               270.78
  data arrival time                                                 -1.33
  --------------------------------------------------------------------------
  slack (MET)                                                      269.45


  Startpoint: RX_CLK_GEN/cnt_even_reg[2]
              (rising edge-triggered flip-flop clocked by UART_CLK)
  Endpoint: RX_CLK_GEN/even_clk_reg
            (rising edge-triggered flip-flop clocked by UART_CLK)
  Path Group: UART_CLK
  Path Type: max

  Point                                                   Incr       Path
  --------------------------------------------------------------------------
  clock UART_CLK (rise edge)                              0.00       0.00
  clock network delay (ideal)                             0.00       0.00
  RX_CLK_GEN/cnt_even_reg[2]/CK (DFFRQX2M)                0.00       0.00 r
  RX_CLK_GEN/cnt_even_reg[2]/Q (DFFRQX2M)                 0.51       0.51 f
  RX_CLK_GEN/U55/Y (CLKXOR2X2M)                           0.28       0.78 r
  RX_CLK_GEN/U53/Y (NAND4X2M)                             0.21       0.99 f
  RX_CLK_GEN/U84/Y (NOR2X2M)                              0.14       1.13 r
  RX_CLK_GEN/U83/Y (CLKXOR2X2M)                           0.22       1.35 r
  RX_CLK_GEN/even_clk_reg/D (DFFRQX2M)                    0.00       1.35 r
  data arrival time                                                  1.35

  clock UART_CLK (rise edge)                            271.30     271.30
  clock network delay (ideal)                             0.00     271.30
  clock uncertainty                                      -0.20     271.10
  RX_CLK_GEN/even_clk_reg/CK (DFFRQX2M)                   0.00     271.10 r
  library setup time                                     -0.29     270.81
  data required time                                               270.81
  --------------------------------------------------------------------------
  data required time                                               270.81
  data arrival time                                                 -1.35
  --------------------------------------------------------------------------
  slack (MET)                                                      269.46


  Startpoint: RX_CLK_GEN/cnt_odd_neg_reg[3]
              (falling edge-triggered flip-flop clocked by UART_CLK)
  Endpoint: RX_CLK_GEN/cnt_odd_neg_reg[0]
            (falling edge-triggered flip-flop clocked by UART_CLK)
  Path Group: UART_CLK
  Path Type: max

  Point                                                   Incr       Path
  --------------------------------------------------------------------------
  clock UART_CLK (fall edge)                            135.65     135.65
  clock network delay (ideal)                             0.00     135.65
  RX_CLK_GEN/cnt_odd_neg_reg[3]/CKN (DFFNSRHX2M)          0.00     135.65 f
  RX_CLK_GEN/cnt_odd_neg_reg[3]/QN (DFFNSRHX2M)           0.81     136.46 f
  RX_CLK_GEN/U33/Y (CLKXOR2X2M)                           0.22     136.68 f
  RX_CLK_GEN/U32/Y (NAND4X2M)                             0.13     136.81 r
  RX_CLK_GEN/U13/Y (INVX2M)                               0.07     136.88 f
  RX_CLK_GEN/U31/Y (OAI32X1M)                             0.28     137.15 r
  RX_CLK_GEN/cnt_odd_neg_reg[0]/D (DFFNSRHX2M)            0.00     137.15 r
  data arrival time                                                137.15

  clock UART_CLK (fall edge)                            406.95     406.95
  clock network delay (ideal)                             0.00     406.95
  clock uncertainty                                      -0.20     406.75
  RX_CLK_GEN/cnt_odd_neg_reg[0]/CKN (DFFNSRHX2M)          0.00     406.75 f
  library setup time                                     -0.06     406.68
  data required time                                               406.68
  --------------------------------------------------------------------------
  data required time                                               406.68
  data arrival time                                               -137.15
  --------------------------------------------------------------------------
  slack (MET)                                                      269.53


  Startpoint: RX_CLK_GEN/cnt_odd_pos_reg[2]
              (rising edge-triggered flip-flop clocked by UART_CLK)
  Endpoint: RX_CLK_GEN/cnt_odd_pos_reg[1]
            (rising edge-triggered flip-flop clocked by UART_CLK)
  Path Group: UART_CLK
  Path Type: max

  Point                                                   Incr       Path
  --------------------------------------------------------------------------
  clock UART_CLK (rise edge)                              0.00       0.00
  clock network delay (ideal)                             0.00       0.00
  RX_CLK_GEN/cnt_odd_pos_reg[2]/CK (DFFRQX2M)             0.00       0.00 r
  RX_CLK_GEN/cnt_odd_pos_reg[2]/Q (DFFRQX2M)              0.50       0.50 f
  RX_CLK_GEN/U79/Y (INVX2M)                               0.10       0.59 r
  RX_CLK_GEN/U66/Y (CLKXOR2X2M)                           0.31       0.90 f
  RX_CLK_GEN/U63/Y (NAND4X2M)                             0.12       1.02 r
  RX_CLK_GEN/U15/Y (AOI21X2M)                             0.11       1.13 f
  RX_CLK_GEN/U17/Y (OAI2BB2X1M)                           0.13       1.26 r
  RX_CLK_GEN/cnt_odd_pos_reg[1]/D (DFFRQX2M)              0.00       1.26 r
  data arrival time                                                  1.26

  clock UART_CLK (rise edge)                            271.30     271.30
  clock network delay (ideal)                             0.00     271.30
  clock uncertainty                                      -0.20     271.10
  RX_CLK_GEN/cnt_odd_pos_reg[1]/CK (DFFRQX2M)             0.00     271.10 r
  library setup time                                     -0.31     270.79
  data required time                                               270.79
  --------------------------------------------------------------------------
  data required time                                               270.79
  data arrival time                                                 -1.26
  --------------------------------------------------------------------------
  slack (MET)                                                      269.54


  Startpoint: RX_CLK_GEN/cnt_odd_pos_reg[1]
              (rising edge-triggered flip-flop clocked by UART_CLK)
  Endpoint: RX_CLK_GEN/outA_r_reg
            (rising edge-triggered flip-flop clocked by UART_CLK)
  Path Group: UART_CLK
  Path Type: max

  Point                                                   Incr       Path
  --------------------------------------------------------------------------
  clock UART_CLK (rise edge)                              0.00       0.00
  clock network delay (ideal)                             0.00       0.00
  RX_CLK_GEN/cnt_odd_pos_reg[1]/CK (DFFRQX2M)             0.00       0.00 r
  RX_CLK_GEN/cnt_odd_pos_reg[1]/Q (DFFRQX2M)              0.54       0.54 f
  RX_CLK_GEN/U77/Y (INVX2M)                               0.10       0.63 r
  RX_CLK_GEN/U16/Y (OAI211X2M)                            0.12       0.76 f
  RX_CLK_GEN/U60/Y (OAI21X2M)                             0.08       0.84 r
  RX_CLK_GEN/U59/Y (AO21XLM)                              0.22       1.06 r
  RX_CLK_GEN/U58/Y (OAI211X2M)                            0.11       1.17 f
  RX_CLK_GEN/U57/Y (OAI21X2M)                             0.07       1.24 r
  RX_CLK_GEN/outA_r_reg/D (DFFRQX2M)                      0.00       1.24 r
  data arrival time                                                  1.24

  clock UART_CLK (rise edge)                            271.30     271.30
  clock network delay (ideal)                             0.00     271.30
  clock uncertainty                                      -0.20     271.10
  RX_CLK_GEN/outA_r_reg/CK (DFFRQX2M)                     0.00     271.10 r
  library setup time                                     -0.30     270.79
  data required time                                               270.79
  --------------------------------------------------------------------------
  data required time                                               270.79
  data arrival time                                                 -1.24
  --------------------------------------------------------------------------
  slack (MET)                                                      269.56


  Startpoint: RX_CLK_GEN/even_clk_reg
              (rising edge-triggered flip-flop clocked by UART_CLK)
  Endpoint: RX_CLK_GEN/even_r_reg
            (rising edge-triggered flip-flop clocked by UART_CLK)
  Path Group: UART_CLK
  Path Type: max

  Point                                                   Incr       Path
  --------------------------------------------------------------------------
  clock UART_CLK (rise edge)                              0.00       0.00
  clock network delay (ideal)                             0.00       0.00
  RX_CLK_GEN/even_clk_reg/CK (DFFRQX2M)                   0.00       0.00 r
  RX_CLK_GEN/even_clk_reg/Q (DFFRQX2M)                    0.39       0.39 r
  RX_CLK_GEN/even_r_reg/D (DFFRQX2M)                      0.00       0.39 r
  data arrival time                                                  0.39

  clock UART_CLK (rise edge)                            271.30     271.30
  clock network delay (ideal)                             0.00     271.30
  clock uncertainty                                      -0.20     271.10
  RX_CLK_GEN/even_r_reg/CK (DFFRQX2M)                     0.00     271.10 r
  library setup time                                     -0.30     270.80
  data required time                                               270.80
  --------------------------------------------------------------------------
  data required time                                               270.80
  data arrival time                                                 -0.39
  --------------------------------------------------------------------------
  slack (MET)                                                      270.41


  Startpoint: TX_CLK_GEN/even_clk_reg
              (rising edge-triggered flip-flop clocked by UART_CLK)
  Endpoint: TX_CLK_GEN/even_r_reg
            (rising edge-triggered flip-flop clocked by UART_CLK)
  Path Group: UART_CLK
  Path Type: max

  Point                                                   Incr       Path
  --------------------------------------------------------------------------
  clock UART_CLK (rise edge)                              0.00       0.00
  clock network delay (ideal)                             0.00       0.00
  TX_CLK_GEN/even_clk_reg/CK (DFFRQX2M)                   0.00       0.00 r
  TX_CLK_GEN/even_clk_reg/Q (DFFRQX2M)                    0.39       0.39 r
  TX_CLK_GEN/even_r_reg/D (DFFRQX2M)                      0.00       0.39 r
  data arrival time                                                  0.39

  clock UART_CLK (rise edge)                            271.30     271.30
  clock network delay (ideal)                             0.00     271.30
  clock uncertainty                                      -0.20     271.10
  TX_CLK_GEN/even_r_reg/CK (DFFRQX2M)                     0.00     271.10 r
  library setup time                                     -0.30     270.80
  data required time                                               270.80
  --------------------------------------------------------------------------
  data required time                                               270.80
  data arrival time                                                 -0.39
  --------------------------------------------------------------------------
  slack (MET)                                                      270.41


  Startpoint: RST_SYNC_2/STAGES_REG_reg[0]/CK
              (internal path startpoint clocked by UART_CLK)
  Endpoint: RST_SYNC_2/STAGES_REG_reg[1]
            (rising edge-triggered flip-flop clocked by UART_CLK)
  Path Group: UART_CLK
  Path Type: max

  Point                                                   Incr       Path
  --------------------------------------------------------------------------
  clock UART_CLK (rise edge)                              0.00       0.00
  clock network delay (ideal)                             0.00       0.00
  input external delay                                    0.00       0.00 r
  RST_SYNC_2/STAGES_REG_reg[0]/CK (DFFRQX2M)              0.00       0.00 r
  RST_SYNC_2/STAGES_REG_reg[0]/Q (DFFRQX2M)               0.36       0.36 r
  RST_SYNC_2/STAGES_REG_reg[1]/D (DFFRQX2M)               0.00       0.36 r
  data arrival time                                                  0.36

  clock UART_CLK (rise edge)                            271.30     271.30
  clock network delay (ideal)                             0.00     271.30
  clock uncertainty                                      -0.20     271.10
  RST_SYNC_2/STAGES_REG_reg[1]/CK (DFFRQX2M)              0.00     271.10 r
  library setup time                                     -0.29     270.81
  data required time                                               270.81
  --------------------------------------------------------------------------
  data required time                                               270.81
  data arrival time                                                 -0.36
  --------------------------------------------------------------------------
  slack (MET)                                                      270.45


1
